run_id,seed,batch_size,lr,config_id,check,cumulative_optimizer_steps,effective_epochs,steps_per_epoch,train_loss,val_auprc,val_auroc,val_brier,val_ece,val_n,val_prevalence,check_runtime_s
9ee98d8aaba66d44,0,512,0.001,33fd8970f103554e,1,366,1.0,366,0.5902807432445673,0.7546908802331608,0.769914130615375,0.19842293261465263,0.046681656071695575,93610,0.5,5.8
9ee98d8aaba66d44,0,512,0.001,33fd8970f103554e,2,732,2.0,366,0.453624015541676,0.779872710457042,0.7966387031425605,0.18908667752209746,0.0691758695267857,93610,0.5,5.23
9ee98d8aaba66d44,0,512,0.001,33fd8970f103554e,3,1098,3.0,366,0.3732095703564055,0.7881669520184992,0.8069312974740209,0.1946839344333861,0.12197294814811502,93610,0.5,5.04
9ee98d8aaba66d44,0,512,0.001,33fd8970f103554e,4,1464,4.0,366,0.3263730024868022,0.7950242867937392,0.8122242545306786,0.18958346827766037,0.11142406550467814,93610,0.5,5.1
9ee98d8aaba66d44,0,512,0.001,33fd8970f103554e,5,1830,5.0,366,0.2913983095376218,0.7784346152191429,0.7934120885415573,0.20305172009570432,0.12930271093483647,93610,0.5,5.28
9ee98d8aaba66d44,0,512,0.001,33fd8970f103554e,6,2196,6.0,366,0.2670058509121176,0.7915817428330132,0.803157134552424,0.20208028722064264,0.13799837029169046,93610,0.5,5.29
9ee98d8aaba66d44,0,512,0.001,33fd8970f103554e,7,2562,7.0,366,0.24624437285088452,0.7981381417777658,0.805545055462149,0.19926549410618444,0.13266506810844286,93610,0.5,4.98
9ee98d8aaba66d44,0,512,0.001,33fd8970f103554e,8,2928,8.0,366,0.22750236285351666,0.7975179583769924,0.8049096213996842,0.20588331692023729,0.15060560655599708,93610,0.5,5.04
9ee98d8aaba66d44,0,512,0.001,33fd8970f103554e,9,3294,9.0,366,0.21123626429200823,0.8067604112834781,0.8106163216341894,0.20121098068261356,0.14507367762944107,93610,0.5,4.98
9ee98d8aaba66d44,0,512,0.001,33fd8970f103554e,10,3660,10.0,366,0.19540741599974085,0.8095034884446337,0.8132171180137071,0.20049597078919712,0.14631087357216027,93610,0.5,5.3
9ee98d8aaba66d44,0,512,0.001,33fd8970f103554e,11,4026,11.0,366,0.18261347039312611,0.81173919361721,0.8187752637643257,0.20574215611308128,0.1672217720942249,93610,0.5,5.09
9ee98d8aaba66d44,0,512,0.001,33fd8970f103554e,12,4392,12.0,366,0.1723526379938334,0.8097616296445463,0.8134528365549764,0.20421855360492172,0.15956187528879012,93610,0.5,5.13
9ee98d8aaba66d44,0,512,0.001,33fd8970f103554e,13,4758,13.0,366,0.1617369871240496,0.7994720159259036,0.804578370045456,0.21513272720364524,0.174303985864346,93610,0.5,5.12
9ee98d8aaba66d44,0,512,0.001,33fd8970f103554e,14,5124,14.0,366,0.15185362593235213,0.8056110210690999,0.8131197170832476,0.2080280785858444,0.16789862352185433,93610,0.5,5.01
9ee98d8aaba66d44,0,512,0.001,33fd8970f103554e,15,5490,15.0,366,0.14439004887648618,0.8080597669444125,0.8126673879783683,0.21347555491809203,0.18030916486572227,93610,0.5,5.15
9ee98d8aaba66d44,0,512,0.001,33fd8970f103554e,16,5856,16.0,366,0.13457179672079658,0.8024372220784518,0.8046350718051531,0.22137313473530607,0.18628588724399966,93610,0.5,5.29
9ee98d8aaba66d44,0,512,0.001,33fd8970f103554e,17,6222,17.0,366,0.1266851196767854,0.811452525419529,0.8148438215539928,0.21094615954253396,0.17423504120284986,93610,0.5,5.27
9ee98d8aaba66d44,0,512,0.001,33fd8970f103554e,18,6588,18.0,366,0.11916948488501251,0.8084864020958152,0.8110191566947857,0.21761059036639055,0.1880129330292525,93610,0.5,5.32
9ee98d8aaba66d44,0,512,0.001,33fd8970f103554e,19,6954,19.0,366,0.11398892139232224,0.8101218471149555,0.8130184744724254,0.2187899128111721,0.19222851683221778,93610,0.5,5.28
9ee98d8aaba66d44,0,512,0.001,33fd8970f103554e,20,7320,20.0,366,0.1081032879813447,0.8152999210180487,0.8152443689980091,0.21823717793142763,0.19139238116164123,93610,0.5,5.28
9ee98d8aaba66d44,0,512,0.001,33fd8970f103554e,21,7686,21.0,366,0.10173033600255765,0.8119513837370445,0.8146645822416247,0.22019714773351143,0.19298510996346183,93610,0.5,5.29
9ee98d8aaba66d44,0,512,0.001,33fd8970f103554e,22,8052,22.0,366,0.09698854324718316,0.8160500417640537,0.8154353978778163,0.21877740261897805,0.19103044503401365,93610,0.5,5.33
9ee98d8aaba66d44,0,512,0.001,33fd8970f103554e,23,8418,23.0,366,0.0915673653712201,0.8107446347857039,0.8108140109177717,0.2312120334469912,0.21072867711526844,93610,0.5,5.19
9ee98d8aaba66d44,0,512,0.001,33fd8970f103554e,24,8784,24.0,366,0.08651114714235231,0.8086049431270315,0.8081745163187595,0.22939959980554284,0.20593958394588785,93610,0.5,5.28
9ee98d8aaba66d44,0,512,0.001,33fd8970f103554e,25,9150,25.0,366,0.08329188656774375,0.8159111552267881,0.8155018430628153,0.22064696039546547,0.19801118781556357,93610,0.5,5.28
9ee98d8aaba66d44,0,512,0.001,33fd8970f103554e,26,9516,26.0,366,0.0784195658593067,0.8131919714275779,0.8138996094653006,0.22743281095515736,0.20436711385854603,93610,0.5,5.36
9ee98d8aaba66d44,0,512,0.001,33fd8970f103554e,27,9882,27.0,366,0.0739456488460791,0.8148801563164478,0.8153075357908546,0.22762418992628058,0.20546413938878366,93610,0.5,5.13
9ee98d8aaba66d44,0,512,0.001,33fd8970f103554e,28,10248,28.0,366,0.07105501238358476,0.8124096679689303,0.8130817318752461,0.22663435394587925,0.20564185342183122,93610,0.5,5.12
9ee98d8aaba66d44,0,512,0.001,33fd8970f103554e,29,10614,29.0,366,0.06836746090544703,0.8172160970840187,0.8196235324422112,0.2228745271182864,0.201982087562644,93610,0.5,4.96
9ee98d8aaba66d44,0,512,0.001,33fd8970f103554e,30,10980,30.0,366,0.06380001862680977,0.813852196104761,0.8164841647485177,0.2275444941040451,0.20961360437871726,93610,0.5,5.33
9ee98d8aaba66d44,0,512,0.001,33fd8970f103554e,31,11346,31.0,366,0.06265406331424016,0.8091263886902061,0.8129417606894465,0.22989765209903926,0.21190614708619787,93610,0.5,5.24
9ee98d8aaba66d44,0,512,0.001,33fd8970f103554e,32,11712,32.0,366,0.058613478282435995,0.8141219130031389,0.8173634578711144,0.22602919581398756,0.2057045033290898,93610,0.5,5.28
9ee98d8aaba66d44,0,512,0.001,33fd8970f103554e,33,12078,33.0,366,0.05564636848052668,0.8098157738819085,0.8158321691454069,0.23249679435956733,0.21538460911845453,93610,0.5,5.27
9ee98d8aaba66d44,0,512,0.001,33fd8970f103554e,34,12444,34.0,366,0.05322000988927044,0.8063855820514042,0.8117346655540735,0.23328740516398241,0.21706837191896078,93610,0.5,5.34
9ee98d8aaba66d44,0,512,0.001,33fd8970f103554e,35,12810,35.0,366,0.050242986306140984,0.8136345402813434,0.8162776641583718,0.22929254036919197,0.2132053201899383,93610,0.5,5.27
9ee98d8aaba66d44,0,512,0.001,33fd8970f103554e,36,13176,36.0,366,0.048402013374197354,0.812933622598013,0.8150442588076063,0.23379661936669505,0.21757954498774937,93610,0.5,5.29
9ee98d8aaba66d44,0,512,0.001,33fd8970f103554e,37,13542,37.0,366,0.04597487201904013,0.8167952254244034,0.8158497438288244,0.2315291224386586,0.2152159863525642,93610,0.5,5.17
9ee98d8aaba66d44,0,512,0.001,33fd8970f103554e,38,13908,38.0,366,0.043523679278750234,0.8150415306494465,0.8168539431447055,0.23142723166457635,0.2159960336061898,93610,0.5,5.34
9ee98d8aaba66d44,0,512,0.001,33fd8970f103554e,39,14274,39.0,366,0.04137120551628168,0.8152636117720522,0.8166919678855881,0.23162812255687154,0.2165934237846492,93610,0.5,5.27
9ee98d8aaba66d44,0,512,0.001,33fd8970f103554e,40,14640,40.0,366,0.03963314709024596,0.8129440851766658,0.8145811393556199,0.23149140743474764,0.21811537006750314,93610,0.5,5.17
9ee98d8aaba66d44,0,512,0.001,33fd8970f103554e,41,15006,41.0,366,0.03678213113593192,0.8164294183247622,0.8180664408713252,0.23010135366305637,0.2178902308612106,93610,0.5,5.34
9ee98d8aaba66d44,0,512,0.001,33fd8970f103554e,42,15372,42.0,366,0.036056769131352015,0.8147027530812057,0.8146091022330555,0.2388327351259678,0.21967066640415223,93610,0.5,5.26
9ee98d8aaba66d44,0,512,0.001,33fd8970f103554e,43,15738,43.0,366,0.03437772238006195,0.8113063736333717,0.8152362777782767,0.23705006863266273,0.22274917033347227,93610,0.5,5.27
9ee98d8aaba66d44,0,512,0.001,33fd8970f103554e,44,16104,44.0,366,0.031960951090571496,0.8152936385776889,0.8175202758934523,0.2334374506211604,0.220851252356461,93610,0.5,5.21
9ee98d8aaba66d44,0,512,0.001,33fd8970f103554e,45,16470,45.0,366,0.030577799944013682,0.8121356305245182,0.8157434722502557,0.23555026315319488,0.22348089420572262,93610,0.5,5.12
9ee98d8aaba66d44,0,512,0.001,33fd8970f103554e,46,16836,46.0,366,0.030148438480809902,0.8121597384296548,0.8142796046497343,0.23658156501088123,0.22416587657959525,93610,0.5,4.96
9ee98d8aaba66d44,0,512,0.001,33fd8970f103554e,47,17202,47.0,366,0.029477901090078994,0.8138989576640164,0.8152756082134678,0.2353558598012098,0.22172157775797596,93610,0.5,5.16
9ee98d8aaba66d44,0,512,0.001,33fd8970f103554e,48,17568,48.0,366,0.027804737374990608,0.8129710768550552,0.8151413481949519,0.23800340151872068,0.2244996033731006,93610,0.5,5.26
9ee98d8aaba66d44,0,512,0.001,33fd8970f103554e,49,17934,49.0,366,0.02631312896767275,0.812038472164748,0.8139652845796281,0.23785526412972124,0.22605985383484226,93610,0.5,5.33
9ee98d8aaba66d44,0,512,0.001,33fd8970f103554e,50,18300,50.0,366,0.026366409031379094,0.8122337073267553,0.8142799002162783,0.23741506091214157,0.22476177765688787,93610,0.5,5.27
9ee98d8aaba66d44,0,512,0.001,33fd8970f103554e,51,18666,51.0,366,0.0247711983097137,0.8104287509194597,0.8134981257942852,0.23922436690865984,0.22738169382807777,93610,0.5,5.29
9ee98d8aaba66d44,0,512,0.001,33fd8970f103554e,52,19032,52.0,366,0.024445925714560057,0.8118486603802355,0.8144379014177392,0.23709979447816132,0.22565724193348524,93610,0.5,5.28
9ee98d8aaba66d44,0,512,0.001,33fd8970f103554e,53,19398,53.0,366,0.02422886669172656,0.8122871999891614,0.8149883727659235,0.23734342405015393,0.22567666841232817,93610,0.5,5.12
9ee98d8aaba66d44,0,512,0.001,33fd8970f103554e,54,19764,54.0,366,0.022912937132488997,0.8121355902357787,0.8149577351824417,0.23727101049935503,0.22664756040892192,93610,0.5,5.22
9ee98d8aaba66d44,0,512,0.001,33fd8970f103554e,55,20130,55.0,366,0.02238214393960607,0.8121521616241522,0.8146028693166448,0.23757652062484536,0.2267399013822993,93610,0.5,4.96
9ee98d8aaba66d44,0,512,0.001,33fd8970f103554e,56,20496,56.0,366,0.02241349297504404,0.8120830457464916,0.8148020380306042,0.2376842442088772,0.22660456021453879,93610,0.5,5.27
9ee98d8aaba66d44,0,512,0.001,33fd8970f103554e,57,20862,57.0,366,0.022188657963434694,0.8121180651261128,0.8148067132314449,0.23737695053807398,0.22663203044966745,93610,0.5,5.35
9ee98d8aaba66d44,0,512,0.001,33fd8970f103554e,58,21228,58.0,366,0.02134793904187575,0.8120129618429939,0.8144713928730871,0.23775850270636012,0.2268768352218419,93610,0.5,5.29
9ee98d8aaba66d44,0,512,0.001,33fd8970f103554e,59,21594,59.0,366,0.021322087906402807,0.8119545224249582,0.8144848675121825,0.2377358962440607,0.22691835900397886,93610,0.5,5.26
2b7904859b41fc43,1,512,0.001,33fd8970f103554e,1,366,1.0,366,0.6092481789856009,0.7438216512885775,0.7508203972092538,0.20687571782629496,0.05503022337525179,93610,0.5,5.8
2b7904859b41fc43,1,512,0.001,33fd8970f103554e,2,732,2.0,366,0.4608695931284805,0.7750922528603676,0.7880379611518518,0.19181112036230863,0.06035035692996099,93610,0.5,5.29
2b7904859b41fc43,1,512,0.001,33fd8970f103554e,3,1098,3.0,366,0.39090539295165266,0.7829363420910384,0.7959774929386129,0.19251546965015953,0.08874029073836767,93610,0.5,5.32
2b7904859b41fc43,1,512,0.001,33fd8970f103554e,4,1464,4.0,366,0.34711596744308054,0.7874830237143204,0.7929641986407568,0.20068516466795752,0.11458499285537757,93610,0.5,5.38
2b7904859b41fc43,1,512,0.001,33fd8970f103554e,5,1830,5.0,366,0.31476286615504595,0.7863257849410665,0.7901756147992383,0.19881812764246545,0.10029433996215369,93610,0.5,5.23
2b7904859b41fc43,1,512,0.001,33fd8970f103554e,6,2196,6.0,366,0.28861642270628873,0.7970131104734065,0.8078515358065573,0.19133718613698156,0.10511337681764787,93610,0.5,5.3
2b7904859b41fc43,1,512,0.001,33fd8970f103554e,7,2562,7.0,366,0.26781357645662757,0.796019281816962,0.803425247643396,0.19770034299125455,0.12345144193551878,93610,0.5,5.31
2b7904859b41fc43,1,512,0.001,33fd8970f103554e,8,2928,8.0,366,0.24940300761350517,0.8016316512059714,0.8077109433604234,0.19456511692183928,0.12127387173605725,93610,0.5,5.35
2b7904859b41fc43,1,512,0.001,33fd8970f103554e,9,3294,9.0,366,0.233351279029755,0.7971995717361845,0.8019554194128631,0.201910865033547,0.13524021440827774,93610,0.5,5.31
2b7904859b41fc43,1,512,0.001,33fd8970f103554e,10,3660,10.0,366,0.21827112748974659,0.8057323297400969,0.8079238208843462,0.20295261082247398,0.147161631788002,93610,0.5,5.1
2b7904859b41fc43,1,512,0.001,33fd8970f103554e,11,4026,11.0,366,0.20690689980983734,0.8094228754473631,0.8154524948617925,0.19519655533362196,0.13874599173820806,93610,0.5,4.97
2b7904859b41fc43,1,512,0.001,33fd8970f103554e,12,4392,12.0,366,0.19384813589639352,0.8081837093885369,0.802863651809556,0.20433062982306008,0.14386076050646446,93610,0.5,5.19
2b7904859b41fc43,1,512,0.001,33fd8970f103554e,13,4758,13.0,366,0.18329266381394016,0.8096251575144503,0.8077807673617301,0.2097519853000226,0.1657079952729825,93610,0.5,5.29
2b7904859b41fc43,1,512,0.001,33fd8970f103554e,14,5124,14.0,366,0.1732768226679557,0.8207288459363153,0.8199492084300007,0.19845464763158113,0.15437698558018123,93610,0.5,5.3
2b7904859b41fc43,1,512,0.001,33fd8970f103554e,15,5490,15.0,366,0.16336619473301647,0.8126025269081907,0.8102976566217673,0.20677252468865692,0.16422573062904475,93610,0.5,5.26
2b7904859b41fc43,1,512,0.001,33fd8970f103554e,16,5856,16.0,366,0.15416577818696617,0.8175810182663585,0.8148072274487606,0.20836483177172996,0.1734791677952957,93610,0.5,5.38
2b7904859b41fc43,1,512,0.001,33fd8970f103554e,17,6222,17.0,366,0.14647724839751838,0.8153693950149251,0.8101983209286869,0.20938202644940426,0.17042327689584444,93610,0.5,5.29
2b7904859b41fc43,1,512,0.001,33fd8970f103554e,18,6588,18.0,366,0.13819195492997197,0.8182532598931043,0.8158511429198786,0.2066666332595953,0.16950098139750042,93610,0.5,5.3
2b7904859b41fc43,1,512,0.001,33fd8970f103554e,19,6954,19.0,366,0.13129718457170522,0.8171643795910619,0.8153627325576625,0.21596690399392943,0.18523858930186982,93610,0.5,5.3
2b7904859b41fc43,1,512,0.001,33fd8970f103554e,20,7320,20.0,366,0.1268246288670868,0.8212341645527845,0.8149005408879167,0.2090110275833504,0.17379791537589195,93610,0.5,5.36
2b7904859b41fc43,1,512,0.001,33fd8970f103554e,21,7686,21.0,366,0.11881734948869938,0.8209885976173248,0.8164179220094837,0.2124868371710934,0.1829795155282943,93610,0.5,5.31
2b7904859b41fc43,1,512,0.001,33fd8970f103554e,22,8052,22.0,366,0.11298368913961239,0.8177600587399328,0.8166688869914557,0.21238552796664847,0.18254058005961948,93610,0.5,5.29
2b7904859b41fc43,1,512,0.001,33fd8970f103554e,23,8418,23.0,366,0.10969667621160466,0.8173388868409508,0.8134776340174315,0.2132280138759462,0.18357545129734323,93610,0.5,5.32
2b7904859b41fc43,1,512,0.001,33fd8970f103554e,24,8784,24.0,366,0.1033712098670136,0.8156074216005731,0.81654712133535,0.21424840328959177,0.18719639164912838,93610,0.5,5.14
2b7904859b41fc43,1,512,0.001,33fd8970f103554e,25,9150,25.0,366,0.09878401716794473,0.8186121997662735,0.8143234715178441,0.21707158179225894,0.1914554057090191,93610,0.5,5.3
2b7904859b41fc43,1,512,0.001,33fd8970f103554e,26,9516,26.0,366,0.09401717850215774,0.818120903163673,0.8163022929538957,0.21459038859987534,0.18945240470459623,93610,0.5,5.28
2b7904859b41fc43,1,512,0.001,33fd8970f103554e,27,9882,27.0,366,0.0898216343357589,0.816837513929737,0.8140194663777708,0.21934060061354954,0.19548634096559456,93610,0.5,5.27
2b7904859b41fc43,1,512,0.001,33fd8970f103554e,28,10248,28.0,366,0.08488860979798388,0.8183301439335382,0.8150103601779612,0.2190918378292208,0.19652977621625312,93610,0.5,5.29
2b7904859b41fc43,1,512,0.001,33fd8970f103554e,29,10614,29.0,366,0.0814770625629386,0.8185809416973172,0.8159034974548924,0.21788027686990327,0.1952933062470644,93610,0.5,5.28
2b7904859b41fc43,1,512,0.001,33fd8970f103554e,30,10980,30.0,366,0.07783554587004289,0.8224084806885074,0.8190280877343296,0.21635529219928257,0.19570851982181425,93610,0.5,5.36
2b7904859b41fc43,1,512,0.001,33fd8970f103554e,31,11346,31.0,366,0.0755999598224632,0.8190350008600736,0.817384940195305,0.21786167964461298,0.19660236959220018,93610,0.5,5.32
2b7904859b41fc43,1,512,0.001,33fd8970f103554e,32,11712,32.0,366,0.07091013216947922,0.8151380440513634,0.8161621531011646,0.21927084472985658,0.19776544056531237,93610,0.5,5.28
2b7904859b41fc43,1,512,0.001,33fd8970f103554e,33,12078,33.0,366,0.06894563529844004,0.8191095924585761,0.8154645026235297,0.2216546857505931,0.20156446566184294,93610,0.5,5.29
2b7904859b41fc43,1,512,0.001,33fd8970f103554e,34,12444,34.0,366,0.06640666136976148,0.8177516908180346,0.8161644233717545,0.22110714521472336,0.20383730094821093,93610,0.5,5.36
2b7904859b41fc43,1,512,0.001,33fd8970f103554e,35,12810,35.0,366,0.0624004649609083,0.8191919370847528,0.816249356643499,0.22132251104204728,0.20206434085623748,93610,0.5,4.97
2b7904859b41fc43,1,512,0.001,33fd8970f103554e,36,13176,36.0,366,0.060366367697308625,0.8194382231229306,0.8164568087525037,0.22129552372390238,0.20339465296282733,93610,0.5,5.23
2b7904859b41fc43,1,512,0.001,33fd8970f103554e,37,13542,37.0,366,0.055619430443261814,0.8176413040825384,0.8144670556908193,0.2265394476283741,0.20891696240117028,93610,0.5,5.29
2b7904859b41fc43,1,512,0.001,33fd8970f103554e,38,13908,38.0,366,0.05527335750397112,0.8165383512707548,0.814648702444042,0.22439740775163286,0.207481664316573,93610,0.5,5.2
2b7904859b41fc43,1,512,0.001,33fd8970f103554e,39,14274,39.0,366,0.0524426500155219,0.8142448626105702,0.8107640270775016,0.22815414850590623,0.2092046504469796,93610,0.5,5.32
2b7904859b41fc43,1,512,0.001,33fd8970f103554e,40,14640,40.0,366,0.050436393698789383,0.8187346781142529,0.8168168660905873,0.22513248697621235,0.2104209881865756,93610,0.5,4.97
2b7904859b41fc43,1,512,0.001,33fd8970f103554e,41,15006,41.0,366,0.04803718787317719,0.8154271346583872,0.8144789434000452,0.2292358402716576,0.21264930985116515,93610,0.5,5.07
2b7904859b41fc43,1,512,0.001,33fd8970f103554e,42,15372,42.0,366,0.04692618478639204,0.8167748465736302,0.8152828090817807,0.22755826640659638,0.2123853875628398,93610,0.5,4.97
2b7904859b41fc43,1,512,0.001,33fd8970f103554e,43,15738,43.0,366,0.04410784131760806,0.8148437811810683,0.8132271900998764,0.23040188167662212,0.21540124817084091,93610,0.5,5.02
2b7904859b41fc43,1,512,0.001,33fd8970f103554e,44,16104,44.0,366,0.04267190080237845,0.8169300202186578,0.8159803408763247,0.2271830661950611,0.21251796422272848,93610,0.5,5.36
2b7904859b41fc43,1,512,0.001,33fd8970f103554e,45,16470,45.0,366,0.041289097303779075,0.8154677297778102,0.8148616242458873,0.22905134748392264,0.21419556792190111,93610,0.5,5.16
2b7904859b41fc43,1,512,0.001,33fd8970f103554e,46,16836,46.0,366,0.04050955220629446,0.8159163563593335,0.816669656377417,0.22671197039412214,0.21330930751599805,93610,0.5,5.31
2b7904859b41fc43,1,512,0.001,33fd8970f103554e,47,17202,47.0,366,0.039128353452829064,0.8150246003380476,0.8139868038781664,0.22966819747374034,0.21396135099121685,93610,0.5,5.29
2b7904859b41fc43,1,512,0.001,33fd8970f103554e,48,17568,48.0,366,0.037184681565261606,0.8143172410561639,0.8138220014508781,0.22878493543874187,0.21534713945513084,93610,0.5,5.36
2b7904859b41fc43,1,512,0.001,33fd8970f103554e,49,17934,49.0,366,0.03652402023464197,0.8160615358946127,0.814753870269864,0.2302042186120105,0.21618330751327403,93610,0.5,5.3
2b7904859b41fc43,1,512,0.001,33fd8970f103554e,50,18300,50.0,366,0.036060852952851136,0.8149146906773692,0.8133713512552637,0.2304513124106468,0.2161733318817804,93610,0.5,5.28
2b7904859b41fc43,1,512,0.001,33fd8970f103554e,51,18666,51.0,366,0.03482203595747387,0.8162802457376637,0.8147311979194488,0.22903817793467984,0.21619124002692897,93610,0.5,5.31
2b7904859b41fc43,1,512,0.001,33fd8970f103554e,52,19032,52.0,366,0.033800446866029274,0.8155094101399265,0.8137318093770164,0.23088410269783785,0.21719877068664292,93610,0.5,5.36
2b7904859b41fc43,1,512,0.001,33fd8970f103554e,53,19398,53.0,366,0.03263518102772412,0.8156170301462562,0.8148438932203209,0.23019667308835218,0.21692217096567554,93610,0.5,5.29
2b7904859b41fc43,1,512,0.001,33fd8970f103554e,54,19764,54.0,366,0.03219977688156272,0.8152898385309134,0.8139549616613102,0.23126296933525517,0.21761967440707264,93610,0.5,5.28
2b7904859b41fc43,1,512,0.001,33fd8970f103554e,55,20130,55.0,366,0.03181154142983787,0.8158816230452435,0.8141754570420219,0.23124111250773483,0.2172977049713634,93610,0.5,5.28
2b7904859b41fc43,1,512,0.001,33fd8970f103554e,56,20496,56.0,366,0.03128141810343972,0.8156064337548014,0.8142264104318511,0.2307286941755934,0.21781437969099005,93610,0.5,5.37
2b7904859b41fc43,1,512,0.001,33fd8970f103554e,57,20862,57.0,366,0.031051424484638893,0.8155324779879322,0.8142834609372466,0.23079899532736997,0.2179998499926271,93610,0.5,5.29
2b7904859b41fc43,1,512,0.001,33fd8970f103554e,58,21228,58.0,366,0.030040070783509745,0.8155417497645755,0.8143868925663884,0.2307850190132177,0.21817688978859642,93610,0.5,5.28
2b7904859b41fc43,1,512,0.001,33fd8970f103554e,59,21594,59.0,366,0.03030786692811166,0.8156880435334655,0.8144544179957527,0.23074928610472487,0.2182358404817844,93610,0.5,5.28
2b7904859b41fc43,1,512,0.001,33fd8970f103554e,60,21960,60.0,366,0.0306719958100244,0.81577229506259,0.8144410006440727,0.23086903629463565,0.2183247496643815,93610,0.5,5.25
bc2a3dee0f805dc1,2,512,0.001,33fd8970f103554e,1,366,1.0,366,0.5851189958267524,0.7502881107830187,0.7690080351990312,0.1986636093176603,0.051001580955760926,93610,0.5,5.57
bc2a3dee0f805dc1,2,512,0.001,33fd8970f103554e,2,732,2.0,366,0.44907114715849766,0.7802982373638792,0.7960086645960043,0.19206521283534553,0.08365916260664633,93610,0.5,5.06
bc2a3dee0f805dc1,2,512,0.001,33fd8970f103554e,3,1098,3.0,366,0.3815803470018783,0.792859383930726,0.8066513539612381,0.18955840191717183,0.09570866059083552,93610,0.5,5.18
bc2a3dee0f805dc1,2,512,0.001,33fd8970f103554e,4,1464,4.0,366,0.3360215474347599,0.793433715249811,0.8053532896059941,0.19120697573558126,0.10027166607442348,93610,0.5,5.11
bc2a3dee0f805dc1,2,512,0.001,33fd8970f103554e,5,1830,5.0,366,0.30457433610340284,0.7994454016585828,0.8087570232002961,0.19119360128658955,0.10592062687975749,93610,0.5,5.3
bc2a3dee0f805dc1,2,512,0.001,33fd8970f103554e,6,2196,6.0,366,0.27895663983997754,0.798814610871435,0.8065872493437367,0.2041913567075724,0.1459983422759414,93610,0.5,5.29
bc2a3dee0f805dc1,2,512,0.001,33fd8970f103554e,7,2562,7.0,366,0.2595091586718794,0.7982780113949774,0.804428791919909,0.20195859517501863,0.1378252120805858,93610,0.5,5.27
bc2a3dee0f805dc1,2,512,0.001,33fd8970f103554e,8,2928,8.0,366,0.2413626935312657,0.804156090956832,0.8137035139586892,0.19590328178408678,0.1327661383529887,93610,0.5,5.31
bc2a3dee0f805dc1,2,512,0.001,33fd8970f103554e,9,3294,9.0,366,0.22514779259109757,0.800180390521437,0.8071414829459075,0.202776464972417,0.14608365347673793,93610,0.5,5.05
bc2a3dee0f805dc1,2,512,0.001,33fd8970f103554e,10,3660,10.0,366,0.21179796608745075,0.7960104568164232,0.797654045431271,0.21646406399985738,0.16903303167555803,93610,0.5,5.26
bc2a3dee0f805dc1,2,512,0.001,33fd8970f103554e,11,4026,11.0,366,0.20014811966751442,0.8071141026003645,0.8059297370310221,0.20976164704283903,0.162932378267879,93610,0.5,5.12
bc2a3dee0f805dc1,2,512,0.001,33fd8970f103554e,12,4392,12.0,366,0.1870574569685863,0.8079643888170083,0.8089785333214362,0.21078801031582223,0.1658877675308341,93610,0.5,5.13
bc2a3dee0f805dc1,2,512,0.001,33fd8970f103554e,13,4758,13.0,366,0.17717008266211207,0.810425327405583,0.8094409477502141,0.2111112685375778,0.16940809058739742,93610,0.5,5.3
bc2a3dee0f805dc1,2,512,0.001,33fd8970f103554e,14,5124,14.0,366,0.16729295306681283,0.8079406140914207,0.8088493586451349,0.21164698075820348,0.17113113872479274,93610,0.5,5.32
bc2a3dee0f805dc1,2,512,0.001,33fd8970f103554e,15,5490,15.0,366,0.15836047088025046,0.8075964456193203,0.8094801697729666,0.2098327240580109,0.16927262051279174,93610,0.5,5.28
bc2a3dee0f805dc1,2,512,0.001,33fd8970f103554e,16,5856,16.0,366,0.14951293355698794,0.8092339111439515,0.8063770289516331,0.21506927078194527,0.1760847288334669,93610,0.5,5.23
bc2a3dee0f805dc1,2,512,0.001,33fd8970f103554e,17,6222,17.0,366,0.14292533060566323,0.8166530760495442,0.8200062395352753,0.20591830253041707,0.17108838934271894,93610,0.5,5.27
bc2a3dee0f805dc1,2,512,0.001,33fd8970f103554e,18,6588,18.0,366,0.13490710594777852,0.8141834053330415,0.8148778954694339,0.2087590681213398,0.17320615518873803,93610,0.5,5.29
bc2a3dee0f805dc1,2,512,0.001,33fd8970f103554e,19,6954,19.0,366,0.12632680389154805,0.8030637864571566,0.7997737717695172,0.22595567209969028,0.19640946533314294,93610,0.5,5.26
bc2a3dee0f805dc1,2,512,0.001,33fd8970f103554e,20,7320,20.0,366,0.12205661014943826,0.8065061884879104,0.8067681182662395,0.2235057195674126,0.19681330225676483,93610,0.5,5.34
bc2a3dee0f805dc1,2,512,0.001,33fd8970f103554e,21,7686,21.0,366,0.11659938795237593,0.8107591628280468,0.8073581056060631,0.2206396606092969,0.19106111591911826,93610,0.5,5.16
bc2a3dee0f805dc1,2,512,0.001,33fd8970f103554e,22,8052,22.0,366,0.1095472431431214,0.8104791437398791,0.807289820604916,0.22708429302959635,0.2009216452694453,93610,0.5,5.29
bc2a3dee0f805dc1,2,512,0.001,33fd8970f103554e,23,8418,23.0,366,0.1050031567043294,0.8187332383189292,0.8124554240860098,0.22067037358181515,0.19455150042168212,93610,0.5,5.1
bc2a3dee0f805dc1,2,512,0.001,33fd8970f103554e,24,8784,24.0,366,0.09926679799628388,0.8084827597935282,0.8055072336716345,0.22320543685859795,0.1961895313156659,93610,0.5,5.05
bc2a3dee0f805dc1,2,512,0.001,33fd8970f103554e,25,9150,25.0,366,0.0962071208985614,0.8091116514153213,0.80842891352443,0.22280892825779408,0.19735408748533312,93610,0.5,4.98
bc2a3dee0f805dc1,2,512,0.001,33fd8970f103554e,26,9516,26.0,366,0.09193002402049597,0.8127350886970655,0.811648220898812,0.22111958306789564,0.19478980455181494,93610,0.5,5.16
bc2a3dee0f805dc1,2,512,0.001,33fd8970f103554e,27,9882,27.0,366,0.08712896889920443,0.8044391122675674,0.804063355727197,0.23137576795578718,0.20933255737920076,93610,0.5,5.29
bc2a3dee0f805dc1,2,512,0.001,33fd8970f103554e,28,10248,28.0,366,0.0827715891449015,0.8028634069769286,0.8045843263389698,0.23492387808122928,0.2116878336277819,93610,0.5,5.36
bc2a3dee0f805dc1,2,512,0.001,33fd8970f103554e,29,10614,29.0,366,0.07954411009133187,0.8067938559125578,0.8034728381934878,0.2356071377555122,0.21705019188681118,93610,0.5,5.25
bc2a3dee0f805dc1,2,512,0.001,33fd8970f103554e,30,10980,30.0,366,0.07547000332486109,0.8123137983515041,0.8104088352896777,0.22664218450787538,0.2070164525632759,93610,0.5,5.27
bc2a3dee0f805dc1,2,512,0.001,33fd8970f103554e,31,11346,31.0,366,0.07282910332124416,0.8130788658891801,0.8090404037297486,0.23216760901123867,0.21215003660454773,93610,0.5,5.36
bc2a3dee0f805dc1,2,512,0.001,33fd8970f103554e,32,11712,32.0,366,0.0693554968415388,0.8121258713361171,0.8107135333564134,0.2308303200306127,0.2112977856848918,93610,0.5,5.28
bc2a3dee0f805dc1,2,512,0.001,33fd8970f103554e,33,12078,33.0,366,0.06537186236329418,0.8092695824550432,0.8057404699104072,0.2371118258156279,0.2153418747554709,93610,0.5,5.28
bc2a3dee0f805dc1,2,512,0.001,33fd8970f103554e,34,12444,34.0,366,0.06357768938311788,0.8104621290331393,0.8099183543639961,0.23561929955283417,0.21415812949237004,93610,0.5,5.2
bc2a3dee0f805dc1,2,512,0.001,33fd8970f103554e,35,12810,35.0,366,0.06116856611715477,0.8091383498861521,0.8070216200992827,0.23760572579505992,0.2173893270286301,93610,0.5,5.35
bc2a3dee0f805dc1,2,512,0.001,33fd8970f103554e,36,13176,36.0,366,0.05761884174772788,0.80715612944351,0.8073250706241423,0.23594582737292769,0.2169040959508428,93610,0.5,5.24
bc2a3dee0f805dc1,2,512,0.001,33fd8970f103554e,37,13542,37.0,366,0.055422719506943816,0.8078493746208669,0.8097784386397178,0.23315204829430075,0.21833479511306908,93610,0.5,5.2
bc2a3dee0f805dc1,2,512,0.001,33fd8970f103554e,38,13908,38.0,366,0.05165681547785554,0.8109014061973743,0.8096378662784147,0.23747019725368423,0.22090295954177794,93610,0.5,5.23
bc2a3dee0f805dc1,2,512,0.001,33fd8970f103554e,39,14274,39.0,366,0.05054374073779648,0.80783367349145,0.805960751433318,0.24004104590137013,0.22032641299072647,93610,0.5,5.35
bc2a3dee0f805dc1,2,512,0.001,33fd8970f103554e,40,14640,40.0,366,0.04776117260583111,0.8078583815696655,0.8096611030582225,0.23838738324407924,0.22051898307602152,93610,0.5,5.27
bc2a3dee0f805dc1,2,512,0.001,33fd8970f103554e,41,15006,41.0,366,0.04529542438278759,0.8105679929730353,0.811383873485377,0.23791580998221296,0.22007471465498965,93610,0.5,5.31
bc2a3dee0f805dc1,2,512,0.001,33fd8970f103554e,42,15372,42.0,366,0.04295436790101027,0.809488991175034,0.8118785119710327,0.2360270111545753,0.2218021274931043,93610,0.5,5.28
bc2a3dee0f805dc1,2,512,0.001,33fd8970f103554e,43,15738,43.0,366,0.041533750395387245,0.8060163857825485,0.8092844444663044,0.23922523958928263,0.2247139429193738,93610,0.5,5.35
bc2a3dee0f805dc1,2,512,0.001,33fd8970f103554e,44,16104,44.0,366,0.039779545052251855,0.8083897214144773,0.8119356031025632,0.23517916833515168,0.22263808630756154,93610,0.5,5.28
bc2a3dee0f805dc1,2,512,0.001,33fd8970f103554e,45,16470,45.0,366,0.03814136339962238,0.8113485109809547,0.8134849672630382,0.23563385331491737,0.22167600395971945,93610,0.5,5.28
bc2a3dee0f805dc1,2,512,0.001,33fd8970f103554e,46,16836,46.0,366,0.037194688244636266,0.8091116180831437,0.8116194009925171,0.2372974232824898,0.22337987189297612,93610,0.5,5.29
bc2a3dee0f805dc1,2,512,0.001,33fd8970f103554e,47,17202,47.0,366,0.03608534388915926,0.8087961097631275,0.8112022650759223,0.23832127635967598,0.22475391710564677,93610,0.5,5.26
bc2a3dee0f805dc1,2,512,0.001,33fd8970f103554e,48,17568,48.0,366,0.03450719006817605,0.8094298753076571,0.8134638777342317,0.23685903951387707,0.2233880391176586,93610,0.5,5.11
bc2a3dee0f805dc1,2,512,0.001,33fd8970f103554e,49,17934,49.0,366,0.033297950569845615,0.807874420874642,0.811090287807751,0.23934610423476566,0.22602611999269906,93610,0.5,5.23
bc2a3dee0f805dc1,2,512,0.001,33fd8970f103554e,50,18300,50.0,366,0.032047927585720525,0.8087726599485965,0.8123132399170354,0.23985207169928635,0.224727682595447,93610,0.5,5.27
bc2a3dee0f805dc1,2,512,0.001,33fd8970f103554e,51,18666,51.0,366,0.031097359263180385,0.8086050677014084,0.8117589430932951,0.2396260652329953,0.22584426541030125,93610,0.5,5.34
bc2a3dee0f805dc1,2,512,0.001,33fd8970f103554e,52,19032,52.0,366,0.029818304379272166,0.8072477802821332,0.811251209297962,0.2398056008609981,0.22645310456024478,93610,0.5,5.27
bc2a3dee0f805dc1,2,512,0.001,33fd8970f103554e,53,19398,53.0,366,0.030074426148575348,0.8077289431004948,0.8114900211314102,0.2407140328520421,0.22663293060996254,93610,0.5,5.27
749de69bc25a0c2a,3,512,0.001,33fd8970f103554e,1,366,1.0,366,0.596352009255378,0.7522117757939637,0.7642017112253012,0.20025525675765876,0.04402764414393541,93610,0.5,5.83
749de69bc25a0c2a,3,512,0.001,33fd8970f103554e,2,732,2.0,366,0.46273476585664386,0.782920936268065,0.7966976769987411,0.1884895292850138,0.06629873097136513,93610,0.5,5.27
749de69bc25a0c2a,3,512,0.001,33fd8970f103554e,3,1098,3.0,366,0.3882257664789919,0.7887654735002758,0.8012870628891772,0.18673622121315583,0.06586485490213087,93610,0.5,5.32
749de69bc25a0c2a,3,512,0.001,33fd8970f103554e,4,1464,4.0,366,0.3429734312771448,0.7965927274607425,0.8023591277071256,0.19092259692654165,0.09091888499120554,93610,0.5,5.11
749de69bc25a0c2a,3,512,0.001,33fd8970f103554e,5,1830,5.0,366,0.30915145755139856,0.7988715124511528,0.8050316068477451,0.19148725722203153,0.10093521008392273,93610,0.5,5.07
749de69bc25a0c2a,3,512,0.001,33fd8970f103554e,6,2196,6.0,366,0.2801782192835391,0.7879858021654038,0.7910591070208912,0.21371096721468805,0.15677395942550143,93610,0.5,5.06
749de69bc25a0c2a,3,512,0.001,33fd8970f103554e,7,2562,7.0,366,0.26017799228429794,0.7934925034011315,0.7948143351964944,0.2022785537864306,0.1253039618710718,93610,0.5,4.97
749de69bc25a0c2a,3,512,0.001,33fd8970f103554e,8,2928,8.0,366,0.24170413177684358,0.7870749487746863,0.7868546030911627,0.21936201800808655,0.1653567630751562,93610,0.5,5.05
749de69bc25a0c2a,3,512,0.001,33fd8970f103554e,9,3294,9.0,366,0.22417603705912992,0.7892926090293095,0.7936921931894598,0.2202300545967648,0.1750817208715007,93610,0.5,4.98
749de69bc25a0c2a,3,512,0.001,33fd8970f103554e,10,3660,10.0,366,0.21032740232723007,0.7993563113698559,0.8007157510184406,0.20930474361273188,0.156364319021473,93610,0.5,4.98
749de69bc25a0c2a,3,512,0.001,33fd8970f103554e,11,4026,11.0,366,0.19633829357519827,0.8044473789449006,0.8010450479816908,0.22213537759570354,0.18614815834288778,93610,0.5,5.09
749de69bc25a0c2a,3,512,0.001,33fd8970f103554e,12,4392,12.0,366,0.18399356965158806,0.792966089118099,0.7929767596482877,0.21495285639632253,0.1617767177510373,93610,0.5,5.17
749de69bc25a0c2a,3,512,0.001,33fd8970f103554e,13,4758,13.0,366,0.1738620947211818,0.7932506463394304,0.7954451296630458,0.2181153966293168,0.17587697355335233,93610,0.5,5.0
749de69bc25a0c2a,3,512,0.001,33fd8970f103554e,14,5124,14.0,366,0.16277632516264265,0.8008083491579148,0.7991018383200563,0.22007048025816475,0.1837387601194287,93610,0.5,4.98
749de69bc25a0c2a,3,512,0.001,33fd8970f103554e,15,5490,15.0,366,0.15346089353571174,0.8001010533711559,0.799670889506145,0.2163136258779647,0.17373482755962655,93610,0.5,5.04
749de69bc25a0c2a,3,512,0.001,33fd8970f103554e,16,5856,16.0,366,0.14603973053843597,0.8018676895327203,0.7996016694191823,0.2245600942584846,0.19165477178468912,93610,0.5,5.0
749de69bc25a0c2a,3,512,0.001,33fd8970f103554e,17,6222,17.0,366,0.13606252112105244,0.7960418129363185,0.791789406075691,0.23131418283401883,0.19795975390396872,93610,0.5,5.05
749de69bc25a0c2a,3,512,0.001,33fd8970f103554e,18,6588,18.0,366,0.13039493015229375,0.8028438347516204,0.7974336367805107,0.2265264112853081,0.19327676266177593,93610,0.5,5.23
749de69bc25a0c2a,3,512,0.001,33fd8970f103554e,19,6954,19.0,366,0.12430714247900931,0.8047660110026388,0.7987873144345651,0.2237855270133206,0.1895157315872396,93610,0.5,5.03
749de69bc25a0c2a,3,512,0.001,33fd8970f103554e,20,7320,20.0,366,0.11760121793613408,0.8107601887544355,0.8050805074765726,0.22321766696692097,0.19542626027173246,93610,0.5,5.32
749de69bc25a0c2a,3,512,0.001,33fd8970f103554e,21,7686,21.0,366,0.11093626716912118,0.8044613001554888,0.7967819718923976,0.22532382356108918,0.19287223166565012,93610,0.5,5.3
749de69bc25a0c2a,3,512,0.001,33fd8970f103554e,22,8052,22.0,366,0.1060455538169608,0.8081944889151083,0.8030805615914973,0.22664475401025722,0.20055339992482402,93610,0.5,5.38
749de69bc25a0c2a,3,512,0.001,33fd8970f103554e,23,8418,23.0,366,0.10185862552435672,0.8069357971175517,0.8007303855565143,0.23045984289178473,0.20491212461240024,93610,0.5,5.27
749de69bc25a0c2a,3,512,0.001,33fd8970f103554e,24,8784,24.0,366,0.09597985302937813,0.8056985843681834,0.8005424894538377,0.2284508092894921,0.2030113641224634,93610,0.5,5.31
749de69bc25a0c2a,3,512,0.001,33fd8970f103554e,25,9150,25.0,366,0.09197047323273505,0.8092434938121089,0.8037809566156129,0.23073239790888683,0.20758947776283357,93610,0.5,5.3
749de69bc25a0c2a,3,512,0.001,33fd8970f103554e,26,9516,26.0,366,0.08703730207526944,0.8100843641426344,0.8062383587151007,0.2269202620539933,0.2046622062800325,93610,0.5,5.23
749de69bc25a0c2a,3,512,0.001,33fd8970f103554e,27,9882,27.0,366,0.08313406553994762,0.8038821075851048,0.7961079256556793,0.24047886269622326,0.21716543769528457,93610,0.5,5.3
749de69bc25a0c2a,3,512,0.001,33fd8970f103554e,28,10248,28.0,366,0.07927643812052865,0.8005119943755732,0.7963898979646089,0.2367067924802844,0.21450849121406723,93610,0.5,4.97
749de69bc25a0c2a,3,512,0.001,33fd8970f103554e,29,10614,29.0,366,0.0750055027606546,0.7995682677000364,0.7955668877873399,0.23663003452876225,0.21493645846327136,93610,0.5,4.96
749de69bc25a0c2a,3,512,0.001,33fd8970f103554e,30,10980,30.0,366,0.07211169086478121,0.8106854230368934,0.8063501545350846,0.23059992603608342,0.21154083019057435,93610,0.5,5.02
749de69bc25a0c2a,3,512,0.001,33fd8970f103554e,31,11346,31.0,366,0.06949952284454322,0.8040909204472562,0.8000521431878171,0.2337952769663277,0.2146172122544346,93610,0.5,5.16
749de69bc25a0c2a,3,512,0.001,33fd8970f103554e,32,11712,32.0,366,0.06512720630468567,0.8034905247370463,0.7956732780489997,0.2424247641328906,0.22307985510474299,93610,0.5,5.29
749de69bc25a0c2a,3,512,0.001,33fd8970f103554e,33,12078,33.0,366,0.0613238262877764,0.8055133556756183,0.8020462083257307,0.23604465424637913,0.21923902440664628,93610,0.5,5.29
749de69bc25a0c2a,3,512,0.001,33fd8970f103554e,34,12444,34.0,366,0.05931428901321901,0.8042356773594472,0.8009634218599259,0.24014343281311384,0.21967587674653835,93610,0.5,5.36
749de69bc25a0c2a,3,512,0.001,33fd8970f103554e,35,12810,35.0,366,0.05586817394433126,0.803759295615188,0.7980397825949443,0.2400162117015514,0.21928826032837226,93610,0.5,5.3
749de69bc25a0c2a,3,512,0.001,33fd8970f103554e,36,13176,36.0,366,0.05343417107265015,0.8072949721419489,0.8066267267633713,0.23342060138579598,0.21661269661591384,93610,0.5,5.31
749de69bc25a0c2a,3,512,0.001,33fd8970f103554e,37,13542,37.0,366,0.05300349903501611,0.806327514067275,0.8038406341255814,0.23478356327102726,0.21963755012031036,93610,0.5,5.3
749de69bc25a0c2a,3,512,0.001,33fd8970f103554e,38,13908,38.0,366,0.048841755598009934,0.8064545572649533,0.802414673904342,0.23941962099982333,0.22283273759157762,93610,0.5,5.37
749de69bc25a0c2a,3,512,0.001,33fd8970f103554e,39,14274,39.0,366,0.04675794514455919,0.8061162901698298,0.8034982703822432,0.23794044504212908,0.22296026511814068,93610,0.5,5.03
749de69bc25a0c2a,3,512,0.001,33fd8970f103554e,40,14640,40.0,366,0.04415954141037875,0.8103629675709912,0.8052063323226288,0.23753693699012954,0.22191573016376126,93610,0.5,4.97
749de69bc25a0c2a,3,512,0.001,33fd8970f103554e,41,15006,41.0,366,0.04344606204111068,0.8062443141463445,0.8021989979700742,0.24042082909268078,0.22432763892232355,93610,0.5,5.2
749de69bc25a0c2a,3,512,0.001,33fd8970f103554e,42,15372,42.0,366,0.04105340428345027,0.8073928768888013,0.8041906778060942,0.23999869249721253,0.22301227319742295,93610,0.5,5.22
749de69bc25a0c2a,3,512,0.001,33fd8970f103554e,43,15738,43.0,366,0.03910404440687328,0.8040067448217213,0.8003517308062995,0.24197057274967532,0.22866670307930603,93610,0.5,4.96
749de69bc25a0c2a,3,512,0.001,33fd8970f103554e,44,16104,44.0,366,0.03717502168394991,0.8042834620133725,0.7997398090053557,0.24302525981806705,0.22652659495323887,93610,0.5,4.97
749de69bc25a0c2a,3,512,0.001,33fd8970f103554e,45,16470,45.0,366,0.036820700664398937,0.8069342691148933,0.8047521471967949,0.241184998081702,0.22740136165047584,93610,0.5,5.03
749de69bc25a0c2a,3,512,0.001,33fd8970f103554e,46,16836,46.0,366,0.03532341441719747,0.8051373977270748,0.8011859734251898,0.24316713293924633,0.22909014779542736,93610,0.5,4.99
749de69bc25a0c2a,3,512,0.001,33fd8970f103554e,47,17202,47.0,366,0.03398119856710317,0.8050787445598173,0.8023126452462783,0.24322914411235227,0.2283418073214241,93610,0.5,5.15
749de69bc25a0c2a,3,512,0.001,33fd8970f103554e,48,17568,48.0,366,0.032373592430532304,0.8048302901887981,0.8023512578770053,0.24439403379528038,0.22875297704365455,93610,0.5,4.98
749de69bc25a0c2a,3,512,0.001,33fd8970f103554e,49,17934,49.0,366,0.031510299483894326,0.802944513143353,0.8006389822304139,0.24517757642270463,0.23030347516666175,93610,0.5,5.13
749de69bc25a0c2a,3,512,0.001,33fd8970f103554e,50,18300,50.0,366,0.029764105097640083,0.8024548868861857,0.8003749910944887,0.24609386742586856,0.2301773330257369,93610,0.5,5.37
2222903841fbeae7,4,512,0.001,33fd8970f103554e,1,366,1.0,366,0.5958048425248412,0.7361636870311175,0.7507110106560183,0.2036493904678831,0.026722953199013865,93610,0.5,5.82
2222903841fbeae7,4,512,0.001,33fd8970f103554e,2,732,2.0,366,0.4649269458700399,0.7772654701072952,0.7845395848677736,0.19352868654876518,0.058701360527558456,93610,0.5,5.32
2222903841fbeae7,4,512,0.001,33fd8970f103554e,3,1098,3.0,366,0.39509157372302695,0.7971530354065175,0.8105029808798916,0.18170738054230048,0.06703977918754737,93610,0.5,5.32
2222903841fbeae7,4,512,0.001,33fd8970f103554e,4,1464,4.0,366,0.3471755678536462,0.7989641059747427,0.8029257445204273,0.18767085540113546,0.07690452728052824,93610,0.5,5.06
2222903841fbeae7,4,512,0.001,33fd8970f103554e,5,1830,5.0,366,0.31067235108281743,0.7984704783975176,0.8116117984275882,0.19132953485433266,0.11646666329968369,93610,0.5,5.09
2222903841fbeae7,4,512,0.001,33fd8970f103554e,6,2196,6.0,366,0.282591881688501,0.8021512319586701,0.8114667414431003,0.19145304601057972,0.11635758144241985,93610,0.5,5.17
2222903841fbeae7,4,512,0.001,33fd8970f103554e,7,2562,7.0,366,0.2590985923924081,0.8113292521543225,0.8141539678707299,0.1853488892468805,0.09890755158955195,93610,0.5,5.31
2222903841fbeae7,4,512,0.001,33fd8970f103554e,8,2928,8.0,366,0.23960584056019132,0.8180492848829989,0.8225793877757854,0.1895496803638526,0.1292693632020221,93610,0.5,5.4
2222903841fbeae7,4,512,0.001,33fd8970f103554e,9,3294,9.0,366,0.22018859201604551,0.8208381866311882,0.8206530838357613,0.1947397647850506,0.14171590878642495,93610,0.5,5.08
2222903841fbeae7,4,512,0.001,33fd8970f103554e,10,3660,10.0,366,0.20414975562382265,0.8144286969869152,0.815225662488729,0.20088216808167103,0.15064892501695412,93610,0.5,4.99
2222903841fbeae7,4,512,0.001,33fd8970f103554e,11,4026,11.0,366,0.19149409096097686,0.8187553468010741,0.8185057785142318,0.19499017507910163,0.14132992282124723,93610,0.5,5.0
2222903841fbeae7,4,512,0.001,33fd8970f103554e,12,4392,12.0,366,0.17880261485856738,0.8194126751933504,0.817601902243454,0.20256229019443098,0.1583167082557432,93610,0.5,5.15
2222903841fbeae7,4,512,0.001,33fd8970f103554e,13,4758,13.0,366,0.16965805649594531,0.8221074668422128,0.8170774259157607,0.20430594160914592,0.16310116555419021,93610,0.5,4.98
2222903841fbeae7,4,512,0.001,33fd8970f103554e,14,5124,14.0,366,0.1574291284984904,0.8107535389098,0.8067074180275575,0.21281452690285219,0.1703042584624162,93610,0.5,5.33
2222903841fbeae7,4,512,0.001,33fd8970f103554e,15,5490,15.0,366,0.14831181971834656,0.8201909512123358,0.816183238065237,0.20606331386767665,0.16845756565374706,93610,0.5,5.0
2222903841fbeae7,4,512,0.001,33fd8970f103554e,16,5856,16.0,366,0.1410395415509985,0.8219775572151043,0.8177743451229653,0.20872961558025233,0.17396959136811946,93610,0.5,5.16
2222903841fbeae7,4,512,0.001,33fd8970f103554e,17,6222,17.0,366,0.13261793596578425,0.8178407915099968,0.8160395808565133,0.21090135354466627,0.17655386087554129,93610,0.5,5.0
2222903841fbeae7,4,512,0.001,33fd8970f103554e,18,6588,18.0,366,0.12544856481050534,0.8127978749327665,0.814780839861122,0.20802684139412794,0.17377587252282192,93610,0.5,4.98
2222903841fbeae7,4,512,0.001,33fd8970f103554e,19,6954,19.0,366,0.11826809998499892,0.8160305948889419,0.8159374474377981,0.21078117423257847,0.1804727892859934,93610,0.5,4.98
2222903841fbeae7,4,512,0.001,33fd8970f103554e,20,7320,20.0,366,0.11217555753845986,0.8183130507086643,0.8139153833610483,0.21452815311495005,0.18332252051701176,93610,0.5,5.22
2222903841fbeae7,4,512,0.001,33fd8970f103554e,21,7686,21.0,366,0.10673318385996454,0.8135834791844159,0.8136910819049015,0.21982944561283185,0.19240557683161913,93610,0.5,5.32
2222903841fbeae7,4,512,0.001,33fd8970f103554e,22,8052,22.0,366,0.1015747532431708,0.8205235664634969,0.8196898053084916,0.216188809092102,0.1907240101677132,93610,0.5,5.31
2222903841fbeae7,4,512,0.001,33fd8970f103554e,23,8418,23.0,366,0.09719611636154313,0.8212710417474203,0.8227900753684416,0.2122709170742278,0.1886607580658855,93610,0.5,5.31
2222903841fbeae7,4,512,0.001,33fd8970f103554e,24,8784,24.0,366,0.09181485715948168,0.8192132790890188,0.8190479381660184,0.21761047352821855,0.1927795312337112,93610,0.5,5.15
2222903841fbeae7,4,512,0.001,33fd8970f103554e,25,9150,25.0,366,0.08648230099816466,0.8173520715728729,0.8170658937993346,0.2223517965359756,0.1986215199235512,93610,0.5,5.02
2222903841fbeae7,4,512,0.001,33fd8970f103554e,26,9516,26.0,366,0.08364905882117853,0.8208454504102716,0.8217692013065045,0.21714589705508683,0.19574695956633442,93610,0.5,5.0
2222903841fbeae7,4,512,0.001,33fd8970f103554e,27,9882,27.0,366,0.0786133699037664,0.8181901990194147,0.8158151591196185,0.22078670561806701,0.19860144413325387,93610,0.5,5.05
2222903841fbeae7,4,512,0.001,33fd8970f103554e,28,10248,28.0,366,0.07466300486337618,0.817894671547633,0.8198836894295852,0.22188575257603876,0.20067964395077292,93610,0.5,5.05
2222903841fbeae7,4,512,0.001,33fd8970f103554e,29,10614,29.0,366,0.07122336087819657,0.8122688095811739,0.8142811678429854,0.2278194934819015,0.20516710203337904,93610,0.5,4.98
2222903841fbeae7,4,512,0.001,33fd8970f103554e,30,10980,30.0,366,0.06782417302656044,0.8169553955974503,0.8181352206896673,0.2232243170289291,0.20331135273181575,93610,0.5,5.05
2222903841fbeae7,4,512,0.001,33fd8970f103554e,31,11346,31.0,366,0.06391551998021498,0.8181061547824289,0.8204854284495535,0.21975201507654757,0.20130526141505709,93610,0.5,5.33
2222903841fbeae7,4,512,0.001,33fd8970f103554e,32,11712,32.0,366,0.06106730810076487,0.8199743177243497,0.8198147311301331,0.22144854272375133,0.20500497671709073,93610,0.5,4.98
2222903841fbeae7,4,512,0.001,33fd8970f103554e,33,12078,33.0,366,0.05829626121278343,0.8161211309500601,0.8180240417935201,0.22708817941988585,0.20936728843413394,93610,0.5,5.31
2222903841fbeae7,4,512,0.001,33fd8970f103554e,34,12444,34.0,366,0.05461617955133889,0.8139371530382122,0.8168520029044035,0.22729357709157427,0.2125711011041128,93610,0.5,5.37
2222903841fbeae7,4,512,0.001,33fd8970f103554e,35,12810,35.0,366,0.05341663056363662,0.8196027587358323,0.822455216276482,0.22099628138228092,0.206874987214937,93610,0.5,5.31
2222903841fbeae7,4,512,0.001,33fd8970f103554e,36,13176,36.0,366,0.04979360813549796,0.8173521169894311,0.8186741135893727,0.22431163355690542,0.2081206133873849,93610,0.5,5.27
2222903841fbeae7,4,512,0.001,33fd8970f103554e,37,13542,37.0,366,0.04840230409442727,0.8184823441334549,0.8220884973934397,0.22312029103681402,0.2085309734366975,93610,0.5,5.38
2222903841fbeae7,4,512,0.001,33fd8970f103554e,38,13908,38.0,366,0.04627007949853041,0.8131612770630886,0.8196632155031248,0.22566330891229971,0.21108344284919742,93610,0.5,5.31
2222903841fbeae7,4,512,0.001,33fd8970f103554e,39,14274,39.0,366,0.043425875573413944,0.8122868353602077,0.8149545695392246,0.2329204889785381,0.21378849792778845,93610,0.5,5.32
2222903841fbeae7,4,512,0.001,33fd8970f103554e,40,14640,40.0,366,0.04151660899117671,0.813178560982571,0.816134200722618,0.23013794931060821,0.21669816973357192,93610,0.5,5.12
2222903841fbeae7,4,512,0.001,33fd8970f103554e,41,15006,41.0,366,0.039372269758863036,0.8132311084032253,0.8165578505150178,0.23510765847950524,0.21837405327032322,93610,0.5,5.35
2222903841fbeae7,4,512,0.001,33fd8970f103554e,42,15372,42.0,366,0.038495314638308485,0.8142119720729197,0.8185670242386591,0.2317883642637519,0.21791725278202204,93610,0.5,5.3
2222903841fbeae7,4,512,0.001,33fd8970f103554e,43,15738,43.0,366,0.036135978783007526,0.8100264932120793,0.8129735483577278,0.2354123178562862,0.2231208885276299,93610,0.5,5.31
fa1b4939ccf98ec8,0,512,0.001,843a7eebd096fcd8,1,366,1.0,366,0.591336366257381,0.764809784151259,0.7760896566761789,0.19609216684166034,0.05250399688379845,93610,0.5,5.73
fa1b4939ccf98ec8,0,512,0.001,843a7eebd096fcd8,2,732,2.0,366,0.4555207305267209,0.7884504314084079,0.8002109183399737,0.1907349268724883,0.08275392124561097,93610,0.5,5.28
fa1b4939ccf98ec8,0,512,0.001,843a7eebd096fcd8,3,1098,3.0,366,0.38068632708221184,0.800289519163851,0.8118809153036266,0.18776717357407446,0.09980177268239246,93610,0.5,5.35
fa1b4939ccf98ec8,0,512,0.001,843a7eebd096fcd8,4,1464,4.0,366,0.33611830466431997,0.7976707185942729,0.8132615531912336,0.19030889154066138,0.11553979555004545,93610,0.5,5.43
fa1b4939ccf98ec8,0,512,0.001,843a7eebd096fcd8,5,1830,5.0,366,0.3011096054738988,0.794079992472088,0.8091449772271683,0.19149352942389003,0.11390601375606678,93610,0.5,5.14
fa1b4939ccf98ec8,0,512,0.001,843a7eebd096fcd8,6,2196,6.0,366,0.2749173052079691,0.795432609051348,0.8072077747558349,0.2013956348385214,0.14031872761212408,93610,0.5,5.04
fa1b4939ccf98ec8,0,512,0.001,843a7eebd096fcd8,7,2562,7.0,366,0.2547299195834196,0.7949674791162549,0.8016328951458512,0.20361042376701488,0.13866012983003795,93610,0.5,5.04
fa1b4939ccf98ec8,0,512,0.001,843a7eebd096fcd8,8,2928,8.0,366,0.23500418333245104,0.798855536110095,0.805247388683848,0.2003860628980411,0.13456230514798012,93610,0.5,5.11
fa1b4939ccf98ec8,0,512,0.001,843a7eebd096fcd8,9,3294,9.0,366,0.21653203381215289,0.8078409397439432,0.8187733579877674,0.1952415209434575,0.14013057536829562,93610,0.5,5.27
fa1b4939ccf98ec8,0,512,0.001,843a7eebd096fcd8,10,3660,10.0,366,0.20134313396417378,0.8005769801317253,0.8124309742280695,0.19719456330286603,0.13863268543496035,93610,0.5,5.36
fa1b4939ccf98ec8,0,512,0.001,843a7eebd096fcd8,11,4026,11.0,366,0.18844117619137946,0.803065569482049,0.8120288512660193,0.2077296009272815,0.16813545312644348,93610,0.5,5.36
fa1b4939ccf98ec8,0,512,0.001,843a7eebd096fcd8,12,4392,12.0,366,0.1759046886136623,0.8065754194004628,0.8083621871517999,0.21436061518939875,0.17953454138281816,93610,0.5,5.41
fa1b4939ccf98ec8,0,512,0.001,843a7eebd096fcd8,13,4758,13.0,366,0.16627384889158395,0.8080880571934943,0.8100781321600353,0.2076902212512411,0.16758236756390155,93610,0.5,5.35
fa1b4939ccf98ec8,0,512,0.001,843a7eebd096fcd8,14,5124,14.0,366,0.1551762317088458,0.8035398231511409,0.8102335775667777,0.2093698016634547,0.17351788733373996,93610,0.5,5.37
fa1b4939ccf98ec8,0,512,0.001,843a7eebd096fcd8,15,5490,15.0,366,0.14585983734883246,0.8034651051529863,0.804464136885608,0.21773802141792492,0.18502211902327717,93610,0.5,5.41
fa1b4939ccf98ec8,0,512,0.001,843a7eebd096fcd8,16,5856,16.0,366,0.13785610582089164,0.8051736310705575,0.8058472582168955,0.21692159953788717,0.18367331926496305,93610,0.5,5.05
fa1b4939ccf98ec8,0,512,0.001,843a7eebd096fcd8,17,6222,17.0,366,0.13104678028838232,0.8121464260346561,0.8099101933038292,0.21618496132707696,0.18852744195693927,93610,0.5,5.24
fa1b4939ccf98ec8,0,512,0.001,843a7eebd096fcd8,18,6588,18.0,366,0.12247156736547829,0.8034163072408658,0.8043507735358755,0.22182153472601704,0.195882821310366,93610,0.5,5.35
fa1b4939ccf98ec8,0,512,0.001,843a7eebd096fcd8,19,6954,19.0,366,0.11781788554266502,0.8096978864852846,0.8095468091874087,0.21599880603760926,0.18771386474959503,93610,0.5,5.42
fa1b4939ccf98ec8,0,512,0.001,843a7eebd096fcd8,20,7320,20.0,366,0.11154831318907399,0.8025183812954785,0.799954164361999,0.22545801802757773,0.19797553386361175,93610,0.5,5.35
fa1b4939ccf98ec8,0,512,0.001,843a7eebd096fcd8,21,7686,21.0,366,0.10543529548850215,0.8044947676551533,0.8080236456887038,0.21925622793400362,0.19334686751235677,93610,0.5,5.36
fa1b4939ccf98ec8,0,512,0.001,843a7eebd096fcd8,22,8052,22.0,366,0.10098308111067678,0.8024913962539016,0.8044224309627022,0.2217639159432869,0.19821294216845814,93610,0.5,5.35
fa1b4939ccf98ec8,0,512,0.001,843a7eebd096fcd8,23,8418,23.0,366,0.0967801113719823,0.8046380194802932,0.8063322329318624,0.2225994215958023,0.20002905291123077,93610,0.5,5.41
fa1b4939ccf98ec8,0,512,0.001,843a7eebd096fcd8,24,8784,24.0,366,0.09185282905367229,0.8085427097480689,0.8087322474203289,0.2268124366727813,0.20468504836657533,93610,0.5,5.34
fa1b4939ccf98ec8,0,512,0.001,843a7eebd096fcd8,25,9150,25.0,366,0.08753507450996527,0.8100491307079707,0.8111277823068184,0.22070438852144902,0.1997207935129813,93610,0.5,5.36
fa1b4939ccf98ec8,0,512,0.001,843a7eebd096fcd8,26,9516,26.0,366,0.08329780616599028,0.807670638836111,0.8085726866774041,0.2249875427856409,0.20421243844928486,93610,0.5,5.2
fa1b4939ccf98ec8,0,512,0.001,843a7eebd096fcd8,27,9882,27.0,366,0.07890836154543311,0.8022174558783727,0.8058174680763313,0.22537109947072237,0.20543316377370519,93610,0.5,5.35
fa1b4939ccf98ec8,0,512,0.001,843a7eebd096fcd8,28,10248,28.0,366,0.07449275428235856,0.801549004619891,0.7999753228182929,0.23200010770840498,0.2116727943912179,93610,0.5,5.35
fa1b4939ccf98ec8,0,512,0.001,843a7eebd096fcd8,29,10614,29.0,366,0.07202660151925243,0.8025820143202573,0.8037238018060393,0.22854804613791999,0.2113515740659379,93610,0.5,5.33
fa1b4939ccf98ec8,0,512,0.001,843a7eebd096fcd8,30,10980,30.0,366,0.0690206981320036,0.7988685063353298,0.8059054871084429,0.22640760777597618,0.21063710793778279,93610,0.5,5.36
fa1b4939ccf98ec8,0,512,0.001,843a7eebd096fcd8,31,11346,31.0,366,0.06517924036057106,0.8024175135215345,0.8065103077805176,0.2295330834768783,0.21201328603706612,93610,0.5,5.36
fa1b4939ccf98ec8,0,512,0.001,843a7eebd096fcd8,32,11712,32.0,366,0.06326933157798208,0.806111069864267,0.8105666148732896,0.22443307335186904,0.2079228281860217,93610,0.5,5.36
fa1b4939ccf98ec8,0,512,0.001,843a7eebd096fcd8,33,12078,33.0,366,0.061010655142936875,0.8026128737734777,0.8084369739322063,0.22787859221748322,0.21281894537643517,93610,0.5,5.42
fa1b4939ccf98ec8,0,512,0.001,843a7eebd096fcd8,34,12444,34.0,366,0.05755655633417961,0.8020889498283365,0.80512969910721,0.2311818025919868,0.2155097252271191,93610,0.5,5.18
fa1b4939ccf98ec8,0,512,0.001,843a7eebd096fcd8,35,12810,35.0,366,0.05463943972450788,0.8023002759557969,0.8086059012816187,0.22927348204546605,0.21279896565439435,93610,0.5,5.35
fa1b4939ccf98ec8,0,512,0.001,843a7eebd096fcd8,36,13176,36.0,366,0.0524343323786972,0.8077997757553527,0.8102393428261623,0.22987005480194855,0.21441661656552807,93610,0.5,5.36
fa1b4939ccf98ec8,0,512,0.001,843a7eebd096fcd8,37,13542,37.0,366,0.050881417228998055,0.8024230676138122,0.8070833836928133,0.2330253171032691,0.2177165763468945,93610,0.5,5.42
fa1b4939ccf98ec8,0,512,0.001,843a7eebd096fcd8,38,13908,38.0,366,0.04800601759569241,0.8051015676557493,0.8069442761547377,0.23411153909385596,0.2171222079036806,93610,0.5,5.19
fa1b4939ccf98ec8,0,512,0.001,843a7eebd096fcd8,39,14274,39.0,366,0.04504575217498945,0.8045020887909982,0.8092605092821532,0.23157679070801707,0.21751010988530514,93610,0.5,5.25
fa1b4939ccf98ec8,0,512,0.001,843a7eebd096fcd8,40,14640,40.0,366,0.04374616754195485,0.8008473573689299,0.8068362120050205,0.23292721690157075,0.2203385685055149,93610,0.5,5.35
fa1b4939ccf98ec8,0,512,0.001,843a7eebd096fcd8,41,15006,41.0,366,0.04130580744965643,0.8041977510115346,0.8064421499072201,0.23397307486983504,0.22085207941461846,93610,0.5,5.44
fa1b4939ccf98ec8,0,512,0.001,843a7eebd096fcd8,42,15372,42.0,366,0.04001666101642319,0.8009808011023306,0.8044227219645119,0.23541407142955603,0.22273386433186237,93610,0.5,5.35
fa1b4939ccf98ec8,0,512,0.001,843a7eebd096fcd8,43,15738,43.0,366,0.03730824247735445,0.7987563469076918,0.8024680016407024,0.23898649170170017,0.22602985286431423,93610,0.5,5.08
fa1b4939ccf98ec8,0,512,0.001,843a7eebd096fcd8,44,16104,44.0,366,0.03693680473364116,0.8025275208823147,0.8059226386409937,0.23807217310484077,0.2239768336903008,93610,0.5,5.3
fa1b4939ccf98ec8,0,512,0.001,843a7eebd096fcd8,45,16470,45.0,366,0.035475528771006834,0.8021667819234147,0.8078306432460347,0.23452571639346184,0.22352144776165841,93610,0.5,5.41
fa1b4939ccf98ec8,0,512,0.001,843a7eebd096fcd8,46,16836,46.0,366,0.034368518210662516,0.8009168976844041,0.8066605966351905,0.23809612233240748,0.22442178165024587,93610,0.5,5.38
fa1b4939ccf98ec8,0,512,0.001,843a7eebd096fcd8,47,17202,47.0,366,0.03225154164018201,0.8006516684829076,0.8047108516435001,0.23777580074794086,0.22647510700165258,93610,0.5,5.34
ecb89832f7b343a9,1,512,0.001,843a7eebd096fcd8,1,366,1.0,366,0.6111725642870033,0.7448874876337561,0.7452138308116163,0.20784770754796328,0.056297594593114966,93610,0.5,5.83
ecb89832f7b343a9,1,512,0.001,843a7eebd096fcd8,2,732,2.0,366,0.4765371734001597,0.7770651469578687,0.7856247144116797,0.19356285647417618,0.06366644562740614,93610,0.5,5.33
ecb89832f7b343a9,1,512,0.001,843a7eebd096fcd8,3,1098,3.0,366,0.3992271676578157,0.7937657664166877,0.7990129458260419,0.19280932162656597,0.08994741364191881,93610,0.5,5.21
ecb89832f7b343a9,1,512,0.001,843a7eebd096fcd8,4,1464,4.0,366,0.349493985700477,0.7892227274660236,0.7871615314870635,0.2044353281922796,0.11725921210490448,93610,0.5,5.39
ecb89832f7b343a9,1,512,0.001,843a7eebd096fcd8,5,1830,5.0,366,0.3157796380949802,0.7904375601341247,0.7916935907056808,0.20167785804132388,0.11699242853975525,93610,0.5,5.15
ecb89832f7b343a9,1,512,0.001,843a7eebd096fcd8,6,2196,6.0,366,0.28871052573775985,0.7989593427625217,0.7999904409899625,0.20089151176453401,0.12451555973468455,93610,0.5,5.32
ecb89832f7b343a9,1,512,0.001,843a7eebd096fcd8,7,2562,7.0,366,0.2669351672947081,0.8037411093861611,0.8029361393333098,0.19933673307937014,0.12528480955998814,93610,0.5,5.31
ecb89832f7b343a9,1,512,0.001,843a7eebd096fcd8,8,2928,8.0,366,0.24782187125233354,0.8057133790158414,0.8051834976959105,0.19568417223831963,0.11707433089838988,93610,0.5,5.32
ecb89832f7b343a9,1,512,0.001,843a7eebd096fcd8,9,3294,9.0,366,0.2303809563074607,0.8076315026190561,0.8084917963908039,0.19745561025922503,0.1310774330851245,93610,0.5,5.31
ecb89832f7b343a9,1,512,0.001,843a7eebd096fcd8,10,3660,10.0,366,0.2154413251603236,0.8125584399411356,0.8098537526469325,0.20405596141314988,0.15147501940684974,93610,0.5,5.32
ecb89832f7b343a9,1,512,0.001,843a7eebd096fcd8,11,4026,11.0,366,0.20218146840731302,0.8104027792878739,0.8113956573468981,0.19997596734359846,0.1482101631648182,93610,0.5,5.34
ecb89832f7b343a9,1,512,0.001,843a7eebd096fcd8,12,4392,12.0,366,0.1894932769320376,0.8102930099444499,0.8062941292690066,0.20301532063441624,0.14767960596409727,93610,0.5,5.37
ecb89832f7b343a9,1,512,0.001,843a7eebd096fcd8,13,4758,13.0,366,0.17780838815159486,0.8104969890977605,0.811445539393594,0.20688669683946212,0.16504617177168493,93610,0.5,5.31
ecb89832f7b343a9,1,512,0.001,843a7eebd096fcd8,14,5124,14.0,366,0.16741610945411067,0.8158063337559109,0.8186923255096946,0.19969583702247665,0.15265542069837318,93610,0.5,5.29
ecb89832f7b343a9,1,512,0.001,843a7eebd096fcd8,15,5490,15.0,366,0.15851830827489577,0.8150708951428955,0.8137848938130402,0.2067276117857007,0.16783114147672507,93610,0.5,5.36
ecb89832f7b343a9,1,512,0.001,843a7eebd096fcd8,16,5856,16.0,366,0.15046727647139727,0.815769532490198,0.8151760851380457,0.2075150016215236,0.17163016119677482,93610,0.5,5.33
ecb89832f7b343a9,1,512,0.001,843a7eebd096fcd8,17,6222,17.0,366,0.14217603359310355,0.820235009854841,0.8170508189926406,0.20615410094057285,0.1696973864218626,93610,0.5,5.3
ecb89832f7b343a9,1,512,0.001,843a7eebd096fcd8,18,6588,18.0,366,0.13437864795082904,0.8209020334926542,0.8180210601090941,0.2027570657658906,0.15962844122363076,93610,0.5,5.33
ecb89832f7b343a9,1,512,0.001,843a7eebd096fcd8,19,6954,19.0,366,0.1287626511330813,0.8243356975415546,0.8201655124717041,0.2076882384079616,0.1730654095154612,93610,0.5,5.39
ecb89832f7b343a9,1,512,0.001,843a7eebd096fcd8,20,7320,20.0,366,0.12173155827519021,0.8185514095007708,0.8181878456851867,0.20994018345938392,0.1798929955432816,93610,0.5,5.06
ecb89832f7b343a9,1,512,0.001,843a7eebd096fcd8,21,7686,21.0,366,0.1162321597866999,0.8238951572047779,0.8187917312714459,0.20983042015654724,0.17951281149361797,93610,0.5,5.21
ecb89832f7b343a9,1,512,0.001,843a7eebd096fcd8,22,8052,22.0,366,0.1116038056426361,0.8260363765795452,0.823157314631191,0.20673999555713773,0.17480190410753896,93610,0.5,5.3
ecb89832f7b343a9,1,512,0.001,843a7eebd096fcd8,23,8418,23.0,366,0.1057728413044592,0.8228355150978515,0.8198902156301727,0.2081954420868998,0.17942753431894198,93610,0.5,5.08
ecb89832f7b343a9,1,512,0.001,843a7eebd096fcd8,24,8784,24.0,366,0.10116086063570663,0.8251878387809214,0.8194989763640456,0.21595701894550107,0.1899150281051647,93610,0.5,5.29
ecb89832f7b343a9,1,512,0.001,843a7eebd096fcd8,25,9150,25.0,366,0.09717920560980103,0.8182783221061786,0.8120790334439936,0.21928486578446613,0.1908154582496934,93610,0.5,5.3
ecb89832f7b343a9,1,512,0.001,843a7eebd096fcd8,26,9516,26.0,366,0.09223874062910432,0.8257151933693626,0.8259198087339823,0.21214243664670776,0.18945015855832803,93610,0.5,5.3
ecb89832f7b343a9,1,512,0.001,843a7eebd096fcd8,27,9882,27.0,366,0.08814724998884514,0.8238542369688661,0.8188191459242955,0.21852368393546867,0.19477163880800294,93610,0.5,5.03
ecb89832f7b343a9,1,512,0.001,843a7eebd096fcd8,28,10248,28.0,366,0.08384809506639757,0.8253652914809452,0.827736659019177,0.20797871637125276,0.185500202155561,93610,0.5,4.97
ecb89832f7b343a9,1,512,0.001,843a7eebd096fcd8,29,10614,29.0,366,0.07999917778283194,0.8240936985538934,0.8250576758169313,0.21363205594101123,0.19190951275386745,93610,0.5,4.97
ecb89832f7b343a9,1,512,0.001,843a7eebd096fcd8,30,10980,30.0,366,0.07753267975859955,0.824484274969423,0.8222919462304886,0.214392099493498,0.19139446404672217,93610,0.5,5.17
ecb89832f7b343a9,1,512,0.001,843a7eebd096fcd8,31,11346,31.0,366,0.07294874569105972,0.8265497942696768,0.8253540135728493,0.21665338736301362,0.19388676480957315,93610,0.5,5.2
ecb89832f7b343a9,1,512,0.001,843a7eebd096fcd8,32,11712,32.0,366,0.07049468051784677,0.8204733418936833,0.8204141900653329,0.21955191606801452,0.1983818170180135,93610,0.5,5.0
ecb89832f7b343a9,1,512,0.001,843a7eebd096fcd8,33,12078,33.0,366,0.06783763527910892,0.8171672627660355,0.8157574330335509,0.2240567607028926,0.20125125280525394,93610,0.5,5.01
ecb89832f7b343a9,1,512,0.001,843a7eebd096fcd8,34,12444,34.0,366,0.06390754870378254,0.8228658033981855,0.8216446927015754,0.218174028326323,0.19802658568002074,93610,0.5,5.07
ecb89832f7b343a9,1,512,0.001,843a7eebd096fcd8,35,12810,35.0,366,0.06224136329332336,0.827273610544183,0.8257815175986312,0.21593144057018399,0.19895637448746953,93610,0.5,5.04
ecb89832f7b343a9,1,512,0.001,843a7eebd096fcd8,36,13176,36.0,366,0.05923899682493158,0.8207488163996126,0.818769165507576,0.22120682566877892,0.20304863751285637,93610,0.5,5.21
ecb89832f7b343a9,1,512,0.001,843a7eebd096fcd8,37,13542,37.0,366,0.056513322949857336,0.8267081745951443,0.8249441527014993,0.21919169829449472,0.20043500268843703,93610,0.5,5.06
ecb89832f7b343a9,1,512,0.001,843a7eebd096fcd8,38,13908,38.0,366,0.05390352840774535,0.8243904599261809,0.8225917830834621,0.21819320213953278,0.20174631205892496,93610,0.5,5.0
ecb89832f7b343a9,1,512,0.001,843a7eebd096fcd8,39,14274,39.0,366,0.05216815076320549,0.8186799101932697,0.8174533167193744,0.22469480859111704,0.20550539728259393,93610,0.5,5.34
ecb89832f7b343a9,1,512,0.001,843a7eebd096fcd8,40,14640,40.0,366,0.04984721014673104,0.8233346178725628,0.8225114677251434,0.22038433834852963,0.20507785686477242,93610,0.5,5.31
ecb89832f7b343a9,1,512,0.001,843a7eebd096fcd8,41,15006,41.0,366,0.04640045084181379,0.8203316894836371,0.8178615436440919,0.2265370546164667,0.20739725077711407,93610,0.5,5.32
ecb89832f7b343a9,1,512,0.001,843a7eebd096fcd8,42,15372,42.0,366,0.0455091782016018,0.8250852443182382,0.824829534962789,0.21840766186200591,0.203939755208925,93610,0.5,5.3
ecb89832f7b343a9,1,512,0.001,843a7eebd096fcd8,43,15738,43.0,366,0.04342531850001688,0.8244456713916161,0.8260064320985906,0.220659799679268,0.2056840507763332,93610,0.5,5.37
ecb89832f7b343a9,1,512,0.001,843a7eebd096fcd8,44,16104,44.0,366,0.04156183527243105,0.8230276595322025,0.8228164912574325,0.22365419136747874,0.20686197639791842,93610,0.5,5.25
ecb89832f7b343a9,1,512,0.001,843a7eebd096fcd8,45,16470,45.0,366,0.040876603420681314,0.8230485126440944,0.8226958615354505,0.22310583982199125,0.2095634064496185,93610,0.5,5.3
ecb89832f7b343a9,1,512,0.001,843a7eebd096fcd8,46,16836,46.0,366,0.03865170080845799,0.8266595404670691,0.8262040131979705,0.22193223271571866,0.20671547950107785,93610,0.5,5.22
ecb89832f7b343a9,1,512,0.001,843a7eebd096fcd8,47,17202,47.0,366,0.03717362116055329,0.8258443154686816,0.8268418282258312,0.22116623987010658,0.20687850560707402,93610,0.5,5.17
ecb89832f7b343a9,1,512,0.001,843a7eebd096fcd8,48,17568,48.0,366,0.03579127988040121,0.8255621867492516,0.8252368053474401,0.22314143318694185,0.20905254007899757,93610,0.5,4.97
ecb89832f7b343a9,1,512,0.001,843a7eebd096fcd8,49,17934,49.0,366,0.035030153190686565,0.8230851954617965,0.8239588007169509,0.22406969996594248,0.21049988023132865,93610,0.5,4.96
ecb89832f7b343a9,1,512,0.001,843a7eebd096fcd8,50,18300,50.0,366,0.034139782243759416,0.8226459123735621,0.8234466368470075,0.22459833540840748,0.21055808160428305,93610,0.5,5.03
ecb89832f7b343a9,1,512,0.001,843a7eebd096fcd8,51,18666,51.0,366,0.032258220762523306,0.8225865530430381,0.8225731089837953,0.22734995458628157,0.21244201074915875,93610,0.5,4.98
ecb89832f7b343a9,1,512,0.001,843a7eebd096fcd8,52,19032,52.0,366,0.0331395308034179,0.822244166044386,0.8225417670618155,0.2259495227245597,0.21210777878986714,93610,0.5,4.96
ecb89832f7b343a9,1,512,0.001,843a7eebd096fcd8,53,19398,53.0,366,0.032589775973249004,0.8216179360527919,0.8225260465734587,0.22668230173032802,0.21222700210032452,93610,0.5,4.96
ecb89832f7b343a9,1,512,0.001,843a7eebd096fcd8,54,19764,54.0,366,0.03067170110495527,0.8220339454890829,0.8228257001523515,0.22670610510269862,0.2115240994790964,93610,0.5,5.05
ecb89832f7b343a9,1,512,0.001,843a7eebd096fcd8,55,20130,55.0,366,0.03078033994944369,0.8227247500192971,0.8235148342052565,0.22551237529865634,0.2116399093589539,93610,0.5,4.96
ecb89832f7b343a9,1,512,0.001,843a7eebd096fcd8,56,20496,56.0,366,0.029819830066315788,0.8223526945744746,0.8231639645360773,0.2257473719821035,0.211873040520277,93610,0.5,4.99
ecb89832f7b343a9,1,512,0.001,843a7eebd096fcd8,57,20862,57.0,366,0.030359329810986917,0.8224021220478438,0.8233322845475952,0.22542075000715334,0.2120196352729563,93610,0.5,4.97
ecb89832f7b343a9,1,512,0.001,843a7eebd096fcd8,58,21228,58.0,366,0.02970388773930529,0.8223733209007608,0.8233277608959322,0.22590355592890835,0.21210578541753106,93610,0.5,5.03
ecb89832f7b343a9,1,512,0.001,843a7eebd096fcd8,59,21594,59.0,366,0.02879309091879859,0.8225249119122942,0.8235058658718338,0.22540702978575747,0.21195529829896642,93610,0.5,4.95
ecb89832f7b343a9,1,512,0.001,843a7eebd096fcd8,60,21960,60.0,366,0.029182520743378036,0.8225669042503232,0.8234963447490908,0.22543772317973304,0.2118829911075059,93610,0.5,4.97
67c41131941e8d12,2,512,0.001,843a7eebd096fcd8,1,366,1.0,366,0.5867780943711599,0.7705073470090282,0.7833231345377484,0.19292190246800062,0.05233813534583191,93610,0.5,5.54
67c41131941e8d12,2,512,0.001,843a7eebd096fcd8,2,732,2.0,366,0.4455327320782865,0.7945571695193863,0.8054972905392082,0.18533462165453432,0.0708854670667347,93610,0.5,5.33
67c41131941e8d12,2,512,0.001,843a7eebd096fcd8,3,1098,3.0,366,0.3751715554402826,0.7994860017521527,0.8011767038193052,0.19670245149764157,0.1144521557806308,93610,0.5,5.35
67c41131941e8d12,2,512,0.001,843a7eebd096fcd8,4,1464,4.0,366,0.33384209399014875,0.8015789892146814,0.8060229870203721,0.19363913977176814,0.11273623624144877,93610,0.5,5.35
67c41131941e8d12,2,512,0.001,843a7eebd096fcd8,5,1830,5.0,366,0.30327667654212054,0.8062127686281222,0.8138893212389633,0.18818259833343393,0.10095757540334296,93610,0.5,5.34
67c41131941e8d12,2,512,0.001,843a7eebd096fcd8,6,2196,6.0,366,0.27687125791454575,0.8066349387652128,0.8069372939371965,0.2049431394056932,0.14504950188984156,93610,0.5,5.34
67c41131941e8d12,2,512,0.001,843a7eebd096fcd8,7,2562,7.0,366,0.2583530018401276,0.8056526751093229,0.8063752968632139,0.20227888923533258,0.14048949676126155,93610,0.5,5.33
67c41131941e8d12,2,512,0.001,843a7eebd096fcd8,8,2928,8.0,366,0.23995099212628246,0.8079004290918091,0.8079073339771055,0.19946170182463518,0.1373222918015311,93610,0.5,5.21
67c41131941e8d12,2,512,0.001,843a7eebd096fcd8,9,3294,9.0,366,0.223280230302954,0.8106286624498343,0.810503457894623,0.20157126814827864,0.14329668155101247,93610,0.5,5.35
67c41131941e8d12,2,512,0.001,843a7eebd096fcd8,10,3660,10.0,366,0.2081374901809979,0.8060568196445985,0.8051624522167895,0.21497553514758963,0.1711904144838504,93610,0.5,5.35
67c41131941e8d12,2,512,0.001,843a7eebd096fcd8,11,4026,11.0,366,0.1937416438115099,0.8184196380364762,0.820728027186553,0.19527829640684585,0.14147831702142394,93610,0.5,5.34
67c41131941e8d12,2,512,0.001,843a7eebd096fcd8,12,4392,12.0,366,0.18236991331551244,0.8134163991680068,0.8111059350321228,0.20998002991666356,0.16620707571776971,93610,0.5,5.18
67c41131941e8d12,2,512,0.001,843a7eebd096fcd8,13,4758,13.0,366,0.17037414413332289,0.8236891035654469,0.8212163088232627,0.2032360943424106,0.16185849724365703,93610,0.5,5.14
67c41131941e8d12,2,512,0.001,843a7eebd096fcd8,14,5124,14.0,366,0.16129495867125976,0.8191728624978454,0.8196993369301233,0.20172541771861616,0.1610072126188573,93610,0.5,5.09
67c41131941e8d12,2,512,0.001,843a7eebd096fcd8,15,5490,15.0,366,0.1522909791661742,0.8193895464256366,0.8172717865951123,0.2086259549912709,0.16987682777435345,93610,0.5,5.32
67c41131941e8d12,2,512,0.001,843a7eebd096fcd8,16,5856,16.0,366,0.14218804462115622,0.8217387497810476,0.818361973179881,0.20800217881190847,0.16986180759320946,93610,0.5,5.37
67c41131941e8d12,2,512,0.001,843a7eebd096fcd8,17,6222,17.0,366,0.13538920270696364,0.8242199871426417,0.8264480014400823,0.2018677854586206,0.16602828952298862,93610,0.5,5.32
67c41131941e8d12,2,512,0.001,843a7eebd096fcd8,18,6588,18.0,366,0.12908127541587652,0.8213168435091396,0.8214265178035307,0.20474552832028267,0.16814799559746635,93610,0.5,5.28
67c41131941e8d12,2,512,0.001,843a7eebd096fcd8,19,6954,19.0,366,0.12055040596694243,0.825526857629551,0.8228068012395217,0.21457241376053965,0.18682887814215635,93610,0.5,5.28
67c41131941e8d12,2,512,0.001,843a7eebd096fcd8,20,7320,20.0,366,0.11396554806600503,0.8286412060856299,0.8253590845361513,0.20491406777810192,0.17390575185443896,93610,0.5,5.11
67c41131941e8d12,2,512,0.001,843a7eebd096fcd8,21,7686,21.0,366,0.10867076012931887,0.8223188851719321,0.8197846260229043,0.21477793811454785,0.1890297625599245,93610,0.5,5.14
67c41131941e8d12,2,512,0.001,843a7eebd096fcd8,22,8052,22.0,366,0.1032847714981909,0.8232307036750894,0.8220666081231888,0.21500203321509834,0.1912110863521031,93610,0.5,5.34
67c41131941e8d12,2,512,0.001,843a7eebd096fcd8,23,8418,23.0,366,0.0979276511594246,0.8244477129336311,0.8212669342369346,0.21018048871761316,0.1833891336362919,93610,0.5,5.14
67c41131941e8d12,2,512,0.001,843a7eebd096fcd8,24,8784,24.0,366,0.09246861272048755,0.8238183233284182,0.8210690562015903,0.21525940680099398,0.19063217985345127,93610,0.5,5.0
67c41131941e8d12,2,512,0.001,843a7eebd096fcd8,25,9150,25.0,366,0.08842820282313016,0.8193230933597806,0.8164995919526975,0.2223753955449753,0.20030922091159375,93610,0.5,5.0
67c41131941e8d12,2,512,0.001,843a7eebd096fcd8,26,9516,26.0,366,0.08291982599824178,0.8246528677600523,0.8226718932569757,0.21435054894296318,0.19041378673586132,93610,0.5,5.33
67c41131941e8d12,2,512,0.001,843a7eebd096fcd8,27,9882,27.0,366,0.0787680995716749,0.8208273547595922,0.81875176154522,0.2207866497949127,0.19877282203999547,93610,0.5,5.4
67c41131941e8d12,2,512,0.001,843a7eebd096fcd8,28,10248,28.0,366,0.07616544868084577,0.8201279610415569,0.8159773101210053,0.22226857800415384,0.20257923932366817,93610,0.5,5.26
67c41131941e8d12,2,512,0.001,843a7eebd096fcd8,29,10614,29.0,366,0.07136654542362103,0.8242407657061188,0.8221790329635552,0.21723150445411588,0.1975994236513353,93610,0.5,5.33
67c41131941e8d12,2,512,0.001,843a7eebd096fcd8,30,10980,30.0,366,0.06885038406837507,0.8236605597329562,0.8229460779010018,0.21543461785647072,0.19648795315256,93610,0.5,5.39
67c41131941e8d12,2,512,0.001,843a7eebd096fcd8,31,11346,31.0,366,0.06581610406601364,0.8208653496001728,0.8198382182856156,0.22108483396254963,0.20170853550351178,93610,0.5,5.24
67c41131941e8d12,2,512,0.001,843a7eebd096fcd8,32,11712,32.0,366,0.06266992153406468,0.821550259920057,0.8174329123571819,0.2233352279850973,0.2055427181272282,93610,0.5,5.33
67c41131941e8d12,2,512,0.001,843a7eebd096fcd8,33,12078,33.0,366,0.05911087584707255,0.8217171744427806,0.820427178788465,0.2207571978565345,0.20323433951774578,93610,0.5,5.33
67c41131941e8d12,2,512,0.001,843a7eebd096fcd8,34,12444,34.0,366,0.05725069489594691,0.8237176370987815,0.8234525214741932,0.21736434876229355,0.19945317970678683,93610,0.5,5.4
67c41131941e8d12,2,512,0.001,843a7eebd096fcd8,35,12810,35.0,366,0.05411933544168218,0.8223216246980785,0.8187439111152205,0.22743058594957227,0.20656154246668834,93610,0.5,5.35
67c41131941e8d12,2,512,0.001,843a7eebd096fcd8,36,13176,36.0,366,0.05100699200147325,0.8240136428852324,0.8224292744351452,0.22217546984294423,0.2071589342964728,93610,0.5,5.36
67c41131941e8d12,2,512,0.001,843a7eebd096fcd8,37,13542,37.0,366,0.04831455554304227,0.8226855863347754,0.8214527924139959,0.22557108303588208,0.21233449589310066,93610,0.5,5.24
67c41131941e8d12,2,512,0.001,843a7eebd096fcd8,38,13908,38.0,366,0.04736506974049767,0.8216896864192478,0.8201655074504965,0.22587529568869585,0.20989559875650388,93610,0.5,5.17
67c41131941e8d12,2,512,0.001,843a7eebd096fcd8,39,14274,39.0,366,0.04477574954654187,0.8248300622557136,0.8224020380351689,0.22547441362235743,0.2112842060185875,93610,0.5,5.19
67c41131941e8d12,2,512,0.001,843a7eebd096fcd8,40,14640,40.0,366,0.04269014303496138,0.8206135725701283,0.8177796968174251,0.23065013805706866,0.21142901133449224,93610,0.5,5.0
67c41131941e8d12,2,512,0.001,843a7eebd096fcd8,41,15006,41.0,366,0.04103242217110154,0.8237466867642527,0.8227040515816799,0.2261984848715524,0.21238782359339456,93610,0.5,5.35
67c41131941e8d12,2,512,0.001,843a7eebd096fcd8,42,15372,42.0,366,0.03814791402998355,0.8227802932789379,0.8220312537997847,0.22821357682911597,0.21299691986004754,93610,0.5,5.4
67c41131941e8d12,2,512,0.001,843a7eebd096fcd8,43,15738,43.0,366,0.03669281151970146,0.8220422607574296,0.8216737848942695,0.2260372452156974,0.2131813140717909,93610,0.5,5.34
67c41131941e8d12,2,512,0.001,843a7eebd096fcd8,44,16104,44.0,366,0.03483652164956015,0.8219043855915528,0.8208119495978932,0.22895312966183648,0.21542356044872224,93610,0.5,5.32
67c41131941e8d12,2,512,0.001,843a7eebd096fcd8,45,16470,45.0,366,0.032795212030553265,0.8216142955310074,0.8217416038360474,0.22851350337208243,0.2151531252464236,93610,0.5,5.34
67c41131941e8d12,2,512,0.001,843a7eebd096fcd8,46,16836,46.0,366,0.032419989697248394,0.8236995301140291,0.8223805454403262,0.22852547682263222,0.21550433308262715,93610,0.5,5.42
67c41131941e8d12,2,512,0.001,843a7eebd096fcd8,47,17202,47.0,366,0.031239855869118472,0.8205871053886789,0.8201355894973726,0.22943707208622974,0.21626256016159562,93610,0.5,5.34
67c41131941e8d12,2,512,0.001,843a7eebd096fcd8,48,17568,48.0,366,0.02990677986864021,0.8199825953327374,0.8196109629899219,0.2320532413740146,0.21628493293350204,93610,0.5,5.23
67c41131941e8d12,2,512,0.001,843a7eebd096fcd8,49,17934,49.0,366,0.029563545503862244,0.8200963613992337,0.8197661543692021,0.23109764958683437,0.21856201011626786,93610,0.5,5.0
67c41131941e8d12,2,512,0.001,843a7eebd096fcd8,50,18300,50.0,366,0.028080010420230568,0.8219172881018041,0.8214516902589062,0.23087450178025692,0.21744124173615362,93610,0.5,5.17
2522106688954f23,3,512,0.001,843a7eebd096fcd8,1,366,1.0,366,0.5985411276094249,0.7509447197738119,0.7659891007155095,0.19999702250853457,0.05150609865983676,93610,0.5,5.87
2522106688954f23,3,512,0.001,843a7eebd096fcd8,2,732,2.0,366,0.4662136683861415,0.7922356059450775,0.801751781824052,0.18512431679875704,0.05505521988532501,93610,0.5,5.07
2522106688954f23,3,512,0.001,843a7eebd096fcd8,3,1098,3.0,366,0.3906560848808028,0.7998908242873739,0.8106461407608163,0.18583090242962624,0.08796819229997917,93610,0.5,5.07
2522106688954f23,3,512,0.001,843a7eebd096fcd8,4,1464,4.0,366,0.34356196688824014,0.7985058897758202,0.8106400546006125,0.1878029863315683,0.09644257259653513,93610,0.5,5.27
2522106688954f23,3,512,0.001,843a7eebd096fcd8,5,1830,5.0,366,0.30986948604466485,0.8105742365298622,0.81041319438267,0.19179458362241233,0.11330222166738718,93610,0.5,5.31
2522106688954f23,3,512,0.001,843a7eebd096fcd8,6,2196,6.0,366,0.28098066863629334,0.7956764281284313,0.80234271543329,0.20141896032420645,0.13508013983072825,93610,0.5,5.33
2522106688954f23,3,512,0.001,843a7eebd096fcd8,7,2562,7.0,366,0.25958972648193274,0.8097578913176797,0.8154928035195379,0.1918120245375072,0.12332223700230113,93610,0.5,5.31
2522106688954f23,3,512,0.001,843a7eebd096fcd8,8,2928,8.0,366,0.23841823792197014,0.8047868223495809,0.8101154406461811,0.20034194072308495,0.1426921246013633,93610,0.5,5.26
2522106688954f23,3,512,0.001,843a7eebd096fcd8,9,3294,9.0,366,0.2206129958965088,0.8031565789063719,0.8045897220831151,0.20866169947081678,0.16125343843372839,93610,0.5,5.15
2522106688954f23,3,512,0.001,843a7eebd096fcd8,10,3660,10.0,366,0.2049970455834123,0.818022318790923,0.8182398430297437,0.19650054908996034,0.14510595765924952,93610,0.5,5.32
2522106688954f23,3,512,0.001,843a7eebd096fcd8,11,4026,11.0,366,0.19179124201907485,0.8135557170914278,0.8149347024462559,0.20614305338675212,0.16592281613253665,93610,0.5,5.34
2522106688954f23,3,512,0.001,843a7eebd096fcd8,12,4392,12.0,366,0.18023922129488382,0.8118102715807577,0.818525687374519,0.19844446870660626,0.15240356093821666,93610,0.5,5.28
2522106688954f23,3,512,0.001,843a7eebd096fcd8,13,4758,13.0,366,0.16831114920762066,0.8069183706445872,0.8083803552506729,0.21027369983799626,0.17226582956624598,93610,0.5,5.32
2522106688954f23,3,512,0.001,843a7eebd096fcd8,14,5124,14.0,366,0.15924142622719697,0.8085144134611386,0.8064990153126408,0.20766209805016655,0.16185884232604544,93610,0.5,5.31
2522106688954f23,3,512,0.001,843a7eebd096fcd8,15,5490,15.0,366,0.14921038601893544,0.8171551553144629,0.81544920597075,0.21041149299339024,0.17389884723403662,93610,0.5,5.05
2522106688954f23,3,512,0.001,843a7eebd096fcd8,16,5856,16.0,366,0.14065960289839188,0.8174621911545852,0.8148159278322815,0.21398069216873636,0.18225392739786742,93610,0.5,5.07
2522106688954f23,3,512,0.001,843a7eebd096fcd8,17,6222,17.0,366,0.1350290031665987,0.8171385985585964,0.8106724427596872,0.21729906688671716,0.18942186398279162,93610,0.5,5.1
2522106688954f23,3,512,0.001,843a7eebd096fcd8,18,6588,18.0,366,0.12851223614209337,0.8101247495419452,0.8081821643027943,0.21514571051281006,0.17918999522151333,93610,0.5,5.33
2522106688954f23,3,512,0.001,843a7eebd096fcd8,19,6954,19.0,366,0.12177193791814189,0.8090719497577578,0.8056099762541382,0.21991557382876464,0.18740059464036368,93610,0.5,5.31
2522106688954f23,3,512,0.001,843a7eebd096fcd8,20,7320,20.0,366,0.11710463594543478,0.8104622762446134,0.8102047024271982,0.21697353774451528,0.1869001197872814,93610,0.5,5.4
2522106688954f23,3,512,0.001,843a7eebd096fcd8,21,7686,21.0,366,0.11005499954920649,0.8162645317468407,0.8155294327732241,0.21348091355208604,0.18293401992939717,93610,0.5,5.34
2522106688954f23,3,512,0.001,843a7eebd096fcd8,22,8052,22.0,366,0.10442858254486094,0.8188127560751496,0.8179150706311034,0.21163151917155382,0.18641285934444135,93610,0.5,5.23
2522106688954f23,3,512,0.001,843a7eebd096fcd8,23,8418,23.0,366,0.10044795205521453,0.8151678851403651,0.8119820978881929,0.2186149665563936,0.1914511052368036,93610,0.5,5.24
2522106688954f23,3,512,0.001,843a7eebd096fcd8,24,8784,24.0,366,0.09616394103835516,0.8128138076215625,0.8155438895148978,0.21203852799373854,0.18467202010540987,93610,0.5,5.38
2522106688954f23,3,512,0.001,843a7eebd096fcd8,25,9150,25.0,366,0.09309977738827956,0.8126173122669487,0.8100159910629807,0.2253984675742957,0.20227860992486904,93610,0.5,5.31
2522106688954f23,3,512,0.001,843a7eebd096fcd8,26,9516,26.0,366,0.08733583352645564,0.8085651322008451,0.8108058473470009,0.22369556605298047,0.20235832750500654,93610,0.5,5.15
2522106688954f23,3,512,0.001,843a7eebd096fcd8,27,9882,27.0,366,0.08440925645046547,0.8065538734409653,0.8104795437082493,0.22276018247695065,0.20115874446200194,93610,0.5,4.98
2522106688954f23,3,512,0.001,843a7eebd096fcd8,28,10248,28.0,366,0.07969549201591744,0.8143190155495147,0.8181918309264422,0.21801171965990032,0.19813290994756477,93610,0.5,5.21
2522106688954f23,3,512,0.001,843a7eebd096fcd8,29,10614,29.0,366,0.07539399314284977,0.8109359411787608,0.8114626375187537,0.22435668895505198,0.20479412600917235,93610,0.5,5.32
2522106688954f23,3,512,0.001,843a7eebd096fcd8,30,10980,30.0,366,0.07189946849652327,0.8125069048054283,0.8114986642275162,0.22473721892066495,0.2042062868036287,93610,0.5,5.32
2522106688954f23,3,512,0.001,843a7eebd096fcd8,31,11346,31.0,366,0.0705245734482515,0.8114885961528797,0.8122674323521502,0.22774015493928237,0.20836793912769647,93610,0.5,5.19
2522106688954f23,3,512,0.001,843a7eebd096fcd8,32,11712,32.0,366,0.06552804483334874,0.8118318251494626,0.8130244179846833,0.22825864224044312,0.2126134033052875,93610,0.5,5.19
2522106688954f23,3,512,0.001,843a7eebd096fcd8,33,12078,33.0,366,0.06401891551932187,0.8087331314558424,0.810048935663163,0.2291238696789756,0.20999534225979297,93610,0.5,5.17
2522106688954f23,3,512,0.001,843a7eebd096fcd8,34,12444,34.0,366,0.06024424496101714,0.8132013446027061,0.8126273452163941,0.22880259568028385,0.21076846978822233,93610,0.5,5.21
2522106688954f23,3,512,0.001,843a7eebd096fcd8,35,12810,35.0,366,0.05782248981582011,0.8122294884442329,0.8107683975823297,0.22831376584501348,0.2122089851220917,93610,0.5,5.31
2522106688954f23,3,512,0.001,843a7eebd096fcd8,36,13176,36.0,366,0.05582519743306552,0.8098800823701482,0.8110152075149312,0.2321110703108791,0.21598868979814223,93610,0.5,5.4
2522106688954f23,3,512,0.001,843a7eebd096fcd8,37,13542,37.0,366,0.05250674517713284,0.8130653820013065,0.8140736438394158,0.22655266984644148,0.2117308642684322,93610,0.5,5.14
2522106688954f23,3,512,0.001,843a7eebd096fcd8,38,13908,38.0,366,0.05116258186792008,0.8107655648747004,0.8106505112656444,0.23116419792633486,0.21655235517401533,93610,0.5,5.32
2522106688954f23,3,512,0.001,843a7eebd096fcd8,39,14274,39.0,366,0.048259246956984525,0.812374162883926,0.8128368624111832,0.23056632463555912,0.21542486180815915,93610,0.5,5.38
2522106688954f23,3,512,0.001,843a7eebd096fcd8,40,14640,40.0,366,0.04638827023162542,0.8131934526790083,0.8154946323803237,0.22779674092840174,0.21375478741557163,93610,0.5,5.31
2522106688954f23,3,512,0.001,843a7eebd096fcd8,41,15006,41.0,366,0.043812638576157754,0.8109624428667304,0.8136391890927592,0.23307602543043035,0.21789333517152923,93610,0.5,5.33
2522106688954f23,3,512,0.001,843a7eebd096fcd8,42,15372,42.0,366,0.04248900163430171,0.8100670618487719,0.8140698284062753,0.23018241250432692,0.21792576818525486,93610,0.5,5.11
2522106688954f23,3,512,0.001,843a7eebd096fcd8,43,15738,43.0,366,0.04109630227608026,0.8093018855885378,0.8124941766258422,0.23141388356169013,0.21842753675784998,93610,0.5,5.12
2522106688954f23,3,512,0.001,843a7eebd096fcd8,44,16104,44.0,366,0.03899614841173418,0.8104485529540626,0.8131062638984033,0.23039794185003237,0.21780187920698912,93610,0.5,5.18
2522106688954f23,3,512,0.001,843a7eebd096fcd8,45,16470,45.0,366,0.037500138369088616,0.8133047775872292,0.8146883343799318,0.23144890001983717,0.21916120587133586,93610,0.5,5.32
2522106688954f23,3,512,0.001,843a7eebd096fcd8,46,16836,46.0,366,0.0348424242549866,0.8103936280542906,0.8135014868081292,0.23223058713468536,0.22012605732748264,93610,0.5,5.39
2522106688954f23,3,512,0.001,843a7eebd096fcd8,47,17202,47.0,366,0.034802019560475496,0.809581089494955,0.8133207797054561,0.2320299071659542,0.22065420210033934,93610,0.5,5.32
2522106688954f23,3,512,0.001,843a7eebd096fcd8,48,17568,48.0,366,0.034148987118012265,0.8096317431216825,0.8126665154294124,0.2345350657245529,0.22237586051415714,93610,0.5,5.32
2522106688954f23,3,512,0.001,843a7eebd096fcd8,49,17934,49.0,366,0.032763208056509986,0.8101963000115713,0.8137264485530882,0.23478611837635457,0.221698817560346,93610,0.5,5.31
2522106688954f23,3,512,0.001,843a7eebd096fcd8,50,18300,50.0,366,0.032157507526581405,0.8094276249842286,0.8118499054660651,0.2355998286050898,0.22251442822328027,93610,0.5,5.38
2522106688954f23,3,512,0.001,843a7eebd096fcd8,51,18666,51.0,366,0.03106131444079547,0.8110949558513518,0.8141182342179077,0.23281141080942186,0.22152262369630493,93610,0.5,5.33
2522106688954f23,3,512,0.001,843a7eebd096fcd8,52,19032,52.0,366,0.030261102669409227,0.8096196072777819,0.8133127402954576,0.23366623915966833,0.22226585270671306,93610,0.5,5.32
ad636db6a6d0341e,4,512,0.001,843a7eebd096fcd8,1,366,1.0,366,0.5954642587346457,0.7527034428824373,0.7655673516784602,0.19799330849733457,0.023673551450504385,93610,0.5,5.83
ad636db6a6d0341e,4,512,0.001,843a7eebd096fcd8,2,732,2.0,366,0.4628131392060733,0.7957837242867901,0.8005134426802494,0.18413013650118074,0.03973663778359577,93610,0.5,5.3
ad636db6a6d0341e,4,512,0.001,843a7eebd096fcd8,3,1098,3.0,366,0.38647447974304033,0.8034309118476395,0.8160721591367703,0.17953580549596196,0.06462745391043831,93610,0.5,5.09
ad636db6a6d0341e,4,512,0.001,843a7eebd096fcd8,4,1464,4.0,366,0.33589842207119114,0.8061465527800341,0.8105458492123796,0.1868049497899081,0.09118866456577546,93610,0.5,5.17
ad636db6a6d0341e,4,512,0.001,843a7eebd096fcd8,5,1830,5.0,366,0.3003380075911355,0.8046647383154324,0.8089943980553957,0.19368641174334045,0.11936771323620378,93610,0.5,5.0
ad636db6a6d0341e,4,512,0.001,843a7eebd096fcd8,6,2196,6.0,366,0.2740720229966393,0.8083719535266116,0.8179331387622959,0.18952279244796524,0.11744034118774385,93610,0.5,5.0
ad636db6a6d0341e,4,512,0.001,843a7eebd096fcd8,7,2562,7.0,366,0.2527525597989885,0.8060502914709315,0.8100617219403302,0.1934433289033031,0.11850029656466977,93610,0.5,5.0
ad636db6a6d0341e,4,512,0.001,843a7eebd096fcd8,8,2928,8.0,366,0.23503348149888503,0.8130986407428578,0.8167163650208475,0.19253137364443923,0.12944874040379353,93610,0.5,5.06
ad636db6a6d0341e,4,512,0.001,843a7eebd096fcd8,9,3294,9.0,366,0.2154197782440915,0.8171381426566999,0.8195760660528917,0.19735123123649334,0.1496708857366931,93610,0.5,5.23
ad636db6a6d0341e,4,512,0.001,843a7eebd096fcd8,10,3660,10.0,366,0.19951190860545048,0.8180889905175962,0.8168658324515884,0.20147292889688875,0.15718295221348624,93610,0.5,5.14
ad636db6a6d0341e,4,512,0.001,843a7eebd096fcd8,11,4026,11.0,366,0.1862641371827308,0.8222161316736286,0.818346919142728,0.19692012936785674,0.14581754209807013,93610,0.5,5.17
ad636db6a6d0341e,4,512,0.001,843a7eebd096fcd8,12,4392,12.0,366,0.17496706901596543,0.8208060558964196,0.8237898019294471,0.19615143558320447,0.15185286727689298,93610,0.5,5.07
ad636db6a6d0341e,4,512,0.001,843a7eebd096fcd8,13,4758,13.0,366,0.164314307659213,0.8207745809046769,0.8154902570825248,0.20975421278067197,0.17386859408339528,93610,0.5,4.97
ad636db6a6d0341e,4,512,0.001,843a7eebd096fcd8,14,5124,14.0,366,0.1546959877217728,0.816058565576612,0.8152792661632762,0.2080810371398941,0.16759790433005267,93610,0.5,4.97
ad636db6a6d0341e,4,512,0.001,843a7eebd096fcd8,15,5490,15.0,366,0.14477730440637454,0.8239408527159249,0.8243412113305242,0.19825975886711594,0.15752820540189139,93610,0.5,4.96
ad636db6a6d0341e,4,512,0.001,843a7eebd096fcd8,16,5856,16.0,366,0.13578950831554626,0.8233750695952672,0.8226420430901558,0.20196046024606978,0.1688224667956689,93610,0.5,5.14
ad636db6a6d0341e,4,512,0.001,843a7eebd096fcd8,17,6222,17.0,366,0.12982912919397563,0.8154018686974048,0.8196459685676277,0.2096966388815765,0.17866081743882828,93610,0.5,4.99
ad636db6a6d0341e,4,512,0.001,843a7eebd096fcd8,18,6588,18.0,366,0.12248219368480594,0.8190375115119461,0.8192442110125562,0.20561743102367078,0.17206043949300476,93610,0.5,5.07
ad636db6a6d0341e,4,512,0.001,843a7eebd096fcd8,19,6954,19.0,366,0.11513937191396463,0.8169772439247309,0.8170171155053855,0.21059845232851745,0.18124367543147135,93610,0.5,5.29
ad636db6a6d0341e,4,512,0.001,843a7eebd096fcd8,20,7320,20.0,366,0.10996391237433491,0.8135931691196584,0.8147337694625005,0.21374969458281548,0.1811457007175564,93610,0.5,5.16
ad636db6a6d0341e,4,512,0.001,843a7eebd096fcd8,21,7686,21.0,366,0.10439331021383812,0.8155909948285183,0.8160245519253986,0.21746554656815748,0.19129251250240498,93610,0.5,5.07
ad636db6a6d0341e,4,512,0.001,843a7eebd096fcd8,22,8052,22.0,366,0.10073605357908486,0.8243514850412559,0.8242260823415754,0.20613557781381125,0.17852206351181893,93610,0.5,5.15
ad636db6a6d0341e,4,512,0.001,843a7eebd096fcd8,23,8418,23.0,366,0.09365545497199551,0.8197079002888246,0.8180714862721151,0.2154945923728365,0.1877468889338575,93610,0.5,5.38
ad636db6a6d0341e,4,512,0.001,843a7eebd096fcd8,24,8784,24.0,366,0.08903896953157388,0.8161394178429748,0.8187123236105368,0.21922422584898546,0.1959386280008896,93610,0.5,5.29
ad636db6a6d0341e,4,512,0.001,843a7eebd096fcd8,25,9150,25.0,366,0.0849854371769995,0.8197461606012011,0.8218592479935796,0.21215397324676016,0.1896919409817188,93610,0.5,5.31
ad636db6a6d0341e,4,512,0.001,843a7eebd096fcd8,26,9516,26.0,366,0.0809558142241233,0.8180491998767561,0.8191292274103938,0.21789847827910885,0.19409812671658222,93610,0.5,5.33
ad636db6a6d0341e,4,512,0.001,843a7eebd096fcd8,27,9882,27.0,366,0.07764012428621452,0.8194914513661105,0.8206426960982169,0.21226132354194394,0.19014731418377046,93610,0.5,5.38
ad636db6a6d0341e,4,512,0.001,843a7eebd096fcd8,28,10248,28.0,366,0.07263721671220058,0.8188372184660387,0.819032897823068,0.21917601336676837,0.19696549849811046,93610,0.5,5.3
ad636db6a6d0341e,4,512,0.001,843a7eebd096fcd8,29,10614,29.0,366,0.06967070064624477,0.8165317694617261,0.819148826553461,0.2226751494592574,0.2026716853668603,93610,0.5,5.28
ad636db6a6d0341e,4,512,0.001,843a7eebd096fcd8,30,10980,30.0,366,0.06738772330795481,0.8155617247883626,0.8132756634695762,0.22438579666051503,0.20189367274835412,93610,0.5,5.36
ad636db6a6d0341e,4,512,0.001,843a7eebd096fcd8,31,11346,31.0,366,0.06214947917605521,0.8174921115224199,0.8189699241184822,0.22334333665711742,0.20368649669692093,93610,0.5,5.1
ad636db6a6d0341e,4,512,0.001,843a7eebd096fcd8,32,11712,32.0,366,0.060989462999535386,0.8175735357735446,0.8187533630822392,0.2188103983540194,0.19746258088485824,93610,0.5,4.98
ad636db6a6d0341e,4,512,0.001,843a7eebd096fcd8,33,12078,33.0,366,0.058976527730949586,0.8178298404614809,0.8199559578460941,0.22414131245076394,0.20535804586677736,93610,0.5,5.19
ad636db6a6d0341e,4,512,0.001,843a7eebd096fcd8,34,12444,34.0,366,0.05528128951217959,0.8122670704257173,0.8151262211220502,0.2258954351191625,0.20585134848464032,93610,0.5,5.38
ad636db6a6d0341e,4,512,0.001,843a7eebd096fcd8,35,12810,35.0,366,0.05208426468135392,0.819150399208346,0.8223204105439839,0.21901143257733036,0.20336305566796112,93610,0.5,5.3
ad636db6a6d0341e,4,512,0.001,843a7eebd096fcd8,36,13176,36.0,366,0.05060698464003906,0.8168380302138475,0.8208413106534358,0.22275008549233719,0.20507243897789995,93610,0.5,5.32
ad636db6a6d0341e,4,512,0.001,843a7eebd096fcd8,37,13542,37.0,366,0.049518503172353644,0.8176205215610168,0.8204969521212212,0.22155544359945573,0.20627752748757355,93610,0.5,5.35
ad636db6a6d0341e,4,512,0.001,843a7eebd096fcd8,38,13908,38.0,366,0.046204983007386735,0.8162335797244148,0.8173514902790389,0.22736704504960048,0.20869178963690016,93610,0.5,5.3
ad636db6a6d0341e,4,512,0.001,843a7eebd096fcd8,39,14274,39.0,366,0.044165414371247824,0.8144678388319183,0.8173026015185205,0.22844542696668768,0.21165019394269272,93610,0.5,5.11
ad636db6a6d0341e,4,512,0.001,843a7eebd096fcd8,40,14640,40.0,366,0.040370639556092644,0.8161572156973215,0.8191810720645898,0.22649239133736826,0.21389816795263372,93610,0.5,5.02
ad636db6a6d0341e,4,512,0.001,843a7eebd096fcd8,41,15006,41.0,366,0.040594523034664126,0.8137828857753644,0.8165468291923567,0.23048759862668664,0.21284481503231506,93610,0.5,5.36
ad636db6a6d0341e,4,512,0.001,843a7eebd096fcd8,42,15372,42.0,366,0.03788480122415909,0.8161018026589293,0.8188656977691037,0.2269295713456128,0.21262435321750947,93610,0.5,5.31
ad636db6a6d0341e,4,512,0.001,843a7eebd096fcd8,43,15738,43.0,366,0.03700427420416979,0.8155696694744784,0.8188803446319597,0.22607149497158724,0.21251468027156614,93610,0.5,5.29
ad636db6a6d0341e,4,512,0.001,843a7eebd096fcd8,44,16104,44.0,366,0.03399649334949304,0.8164489368205217,0.8183987772628897,0.22794036626886044,0.2129640857402383,93610,0.5,5.3
ad636db6a6d0341e,4,512,0.001,843a7eebd096fcd8,45,16470,45.0,366,0.033199500432492444,0.8177503263931598,0.8203066672931004,0.22665003546917425,0.2131373295783997,93610,0.5,5.37
ad636db6a6d0341e,4,512,0.001,843a7eebd096fcd8,46,16836,46.0,366,0.031732953988178506,0.8154977288587096,0.8183022735309513,0.22997155369679528,0.2131803515916693,93610,0.5,5.5
ad636db6a6d0341e,4,512,0.001,843a7eebd096fcd8,47,17202,47.0,366,0.03099910996325029,0.8174858384963538,0.8211150406499287,0.2271508889300768,0.21414955310207745,93610,0.5,5.02
ad636db6a6d0341e,4,512,0.001,843a7eebd096fcd8,48,17568,48.0,366,0.02973861805585727,0.8185887508519996,0.8212358954133104,0.22705146187138414,0.21385153666066514,93610,0.5,4.98
ad636db6a6d0341e,4,512,0.001,843a7eebd096fcd8,49,17934,49.0,366,0.027671367138664905,0.8174476145730928,0.8205089137791423,0.2286644798575806,0.21405925279614998,93610,0.5,5.22
ad636db6a6d0341e,4,512,0.001,843a7eebd096fcd8,50,18300,50.0,366,0.028079449416703133,0.8182057798456025,0.8210310856007387,0.22820409959139143,0.21481501790907018,93610,0.5,5.14
ad636db6a6d0341e,4,512,0.001,843a7eebd096fcd8,51,18666,51.0,366,0.027143162212085202,0.8178262646024335,0.8203272111079247,0.22994432479795146,0.21501979697016294,93610,0.5,5.22
ad636db6a6d0341e,4,512,0.001,843a7eebd096fcd8,52,19032,52.0,366,0.02584335388860009,0.8164938901760059,0.819933577182199,0.2296558167098754,0.21606641283058622,93610,0.5,5.28
8bb074550cf58191,0,512,0.001,820420d91a91a1ca,1,366,1.0,366,0.6212187938677157,0.7383343018259798,0.7517023600166891,0.2034721553237171,0.03322649489674944,93610,0.5,5.84
8bb074550cf58191,0,512,0.001,820420d91a91a1ca,2,732,2.0,366,0.5033422330689561,0.7624496644090397,0.7810344306380126,0.19351301085801903,0.04788816809772155,93610,0.5,5.38
8bb074550cf58191,0,512,0.001,820420d91a91a1ca,3,1098,3.0,366,0.4264295412217333,0.7736809167004158,0.7857181248514393,0.1992452523055039,0.09470135820499226,93610,0.5,5.38
8bb074550cf58191,0,512,0.001,820420d91a91a1ca,4,1464,4.0,366,0.3748193380774045,0.7825031381092433,0.800124337427394,0.19141926158389125,0.09165258200625087,93610,0.5,5.36
8bb074550cf58191,0,512,0.001,820420d91a91a1ca,5,1830,5.0,366,0.3347263100857292,0.7856991867137051,0.802843460620454,0.19396628904666438,0.11033682646887863,93610,0.5,5.38
8bb074550cf58191,0,512,0.001,820420d91a91a1ca,6,2196,6.0,366,0.30803953217026964,0.7949050107848263,0.8096830592018305,0.19204976470122456,0.11324436998899781,93610,0.5,5.36
8bb074550cf58191,0,512,0.001,820420d91a91a1ca,7,2562,7.0,366,0.28368230611900164,0.7931440085859143,0.8049889437000625,0.2011328027048187,0.13763386953854592,93610,0.5,5.22
8bb074550cf58191,0,512,0.001,820420d91a91a1ca,8,2928,8.0,366,0.26370812895519485,0.7917393637036183,0.7995432150297619,0.1987700078779746,0.125423378470352,93610,0.5,5.12
8bb074550cf58191,0,512,0.001,820420d91a91a1ca,9,3294,9.0,366,0.2472664117405975,0.7977902937498609,0.8043605361330614,0.19797676775669223,0.1258195590501656,93610,0.5,5.36
8bb074550cf58191,0,512,0.001,820420d91a91a1ca,10,3660,10.0,366,0.23101510779290904,0.7960319097256425,0.8027152128134465,0.20298600018762028,0.14289068590633208,93610,0.5,5.38
8bb074550cf58191,0,512,0.001,820420d91a91a1ca,11,4026,11.0,366,0.21787872564434355,0.8014394803296208,0.8065672370922181,0.20805124695167906,0.1614886180730705,93610,0.5,5.34
8bb074550cf58191,0,512,0.001,820420d91a91a1ca,12,4392,12.0,366,0.2042856428955422,0.8073768111843047,0.8090048405697514,0.20671799966855497,0.1632726516224796,93610,0.5,5.43
8bb074550cf58191,0,512,0.001,820420d91a91a1ca,13,4758,13.0,366,0.1921903877798977,0.8036889216416946,0.8062277388608188,0.20623179406424386,0.15757013199722275,93610,0.5,5.36
8bb074550cf58191,0,512,0.001,820420d91a91a1ca,14,5124,14.0,366,0.18129070632444705,0.7964945028578574,0.8061347059245835,0.20532455874718655,0.157475200636325,93610,0.5,5.28
8bb074550cf58191,0,512,0.001,820420d91a91a1ca,15,5490,15.0,366,0.172965832787459,0.8101492892621862,0.8123450969692777,0.2075747633839786,0.16835904082762174,93610,0.5,5.22
8bb074550cf58191,0,512,0.001,820420d91a91a1ca,16,5856,16.0,366,0.16314645209273354,0.8112505559953985,0.8134626641996255,0.20762050112373576,0.16945453003940644,93610,0.5,5.37
8bb074550cf58191,0,512,0.001,820420d91a91a1ca,17,6222,17.0,366,0.15601796923520786,0.8093512020493558,0.8123831141304191,0.20880087741548964,0.1744608607152306,93610,0.5,5.36
8bb074550cf58191,0,512,0.001,820420d91a91a1ca,18,6588,18.0,366,0.14885757433993568,0.8123568260130289,0.8143935123440286,0.20573651811754548,0.16892554118969583,93610,0.5,5.35
8bb074550cf58191,0,512,0.001,820420d91a91a1ca,19,6954,19.0,366,0.14077780544350707,0.7977882659584975,0.8021938334297196,0.2175326587305805,0.1815370995158853,93610,0.5,5.43
8bb074550cf58191,0,512,0.001,820420d91a91a1ca,20,7320,20.0,366,0.13608228673781853,0.8013954098094501,0.8042120686073626,0.2184665586885727,0.18424009399221916,93610,0.5,5.35
8bb074550cf58191,0,512,0.001,820420d91a91a1ca,21,7686,21.0,366,0.12872196227067806,0.8108613575234879,0.8146109628187445,0.21068384963356615,0.17977020206379496,93610,0.5,5.17
8bb074550cf58191,0,512,0.001,820420d91a91a1ca,22,8052,22.0,366,0.12315936081233572,0.8087228301865252,0.8097377412948492,0.21551564133114448,0.18382951685659848,93610,0.5,5.03
8bb074550cf58191,0,512,0.001,820420d91a91a1ca,23,8418,23.0,366,0.11855503876026863,0.8120118050118392,0.8125637915623192,0.21085308280103468,0.17885457754466214,93610,0.5,5.28
8bb074550cf58191,0,512,0.001,820420d91a91a1ca,24,8784,24.0,366,0.11319091032600143,0.8090587290666662,0.8117957857483085,0.21595753273144466,0.18949167803335898,93610,0.5,5.35
8bb074550cf58191,0,512,0.001,820420d91a91a1ca,25,9150,25.0,366,0.10909652624462472,0.8109407573920113,0.817806607523611,0.20858993091983077,0.1813771361776666,93610,0.5,5.03
8bb074550cf58191,0,512,0.001,820420d91a91a1ca,26,9516,26.0,366,0.10477964056889867,0.8039833551363351,0.8086478877074457,0.2192668834055334,0.19320661655378835,93610,0.5,5.35
8bb074550cf58191,0,512,0.001,820420d91a91a1ca,27,9882,27.0,366,0.09891804979472864,0.8041158477568976,0.8098967481072701,0.2207061356314583,0.19716533409419718,93610,0.5,5.24
8bb074550cf58191,0,512,0.001,820420d91a91a1ca,28,10248,28.0,366,0.09557685308931956,0.81043302440996,0.8136960597476244,0.21777077612786713,0.19429425991630192,93610,0.5,5.35
8bb074550cf58191,0,512,0.001,820420d91a91a1ca,29,10614,29.0,366,0.09152622862917478,0.8117815566151442,0.8165447175462828,0.21395388262259823,0.1907420206662783,93610,0.5,5.29
8bb074550cf58191,0,512,0.001,820420d91a91a1ca,30,10980,30.0,366,0.08803479644200189,0.8141376798930183,0.8204843349674589,0.21645638829052258,0.19561421848054944,93610,0.5,5.35
8bb074550cf58191,0,512,0.001,820420d91a91a1ca,31,11346,31.0,366,0.08428170023068704,0.8030314290737495,0.8095785669566806,0.22285511224940582,0.19748329316221488,93610,0.5,5.29
8bb074550cf58191,0,512,0.001,820420d91a91a1ca,32,11712,32.0,366,0.08072548321972453,0.8023062113090822,0.8100590842086316,0.22612182482668572,0.2029142361873735,93610,0.5,5.03
8bb074550cf58191,0,512,0.001,820420d91a91a1ca,33,12078,33.0,366,0.07825871128487132,0.8052189085989852,0.813176627223064,0.2218362881047407,0.20275730826210125,93610,0.5,5.27
8bb074550cf58191,0,512,0.001,820420d91a91a1ca,34,12444,34.0,366,0.0737443101882446,0.807187945673149,0.8110937805141787,0.22325526015560065,0.2030824010161974,93610,0.5,5.42
8bb074550cf58191,0,512,0.001,820420d91a91a1ca,35,12810,35.0,366,0.07100590431421507,0.8098348353761131,0.8136238524985546,0.2212268109199721,0.2020284181010221,93610,0.5,5.27
8bb074550cf58191,0,512,0.001,820420d91a91a1ca,36,13176,36.0,366,0.0679388240061171,0.8095053585355774,0.8141325131631816,0.22151827419028536,0.204616691292751,93610,0.5,5.37
8bb074550cf58191,0,512,0.001,820420d91a91a1ca,37,13542,37.0,366,0.06406989906369988,0.8088436084647938,0.8154825435945532,0.22127607768589705,0.20456864699581764,93610,0.5,5.33
8bb074550cf58191,0,512,0.001,820420d91a91a1ca,38,13908,38.0,366,0.06265923717756415,0.8109778943885187,0.8169559823016579,0.22184444771059186,0.20571873367556473,93610,0.5,5.1
8bb074550cf58191,0,512,0.001,820420d91a91a1ca,39,14274,39.0,366,0.06032603705312059,0.8082095707813736,0.8140959300133116,0.22368412584921732,0.20718676729691962,93610,0.5,5.23
8bb074550cf58191,0,512,0.001,820420d91a91a1ca,40,14640,40.0,366,0.05738847920559143,0.8111888086808289,0.8157084589125014,0.22272668038193252,0.2056515512791803,93610,0.5,5.03
8bb074550cf58191,0,512,0.001,820420d91a91a1ca,41,15006,41.0,366,0.055642789362069685,0.8089703713701244,0.8153243965498324,0.22167470566039163,0.2058180022260879,93610,0.5,5.22
8bb074550cf58191,0,512,0.001,820420d91a91a1ca,42,15372,42.0,366,0.053136650793498656,0.8076781121654782,0.8135438169584467,0.22511855999958744,0.2098021232408868,93610,0.5,5.22
8bb074550cf58191,0,512,0.001,820420d91a91a1ca,43,15738,43.0,366,0.05170400345524966,0.8078843682955487,0.8126052283941398,0.2274083150704022,0.21335688048337983,93610,0.5,5.03
8bb074550cf58191,0,512,0.001,820420d91a91a1ca,44,16104,44.0,366,0.049259683743241384,0.8075409930985745,0.8130629037157976,0.2286777948741958,0.21245079936063008,93610,0.5,5.1
8bb074550cf58191,0,512,0.001,820420d91a91a1ca,45,16470,45.0,366,0.04812875626700335,0.8087903749068961,0.8137932742086887,0.22657225152554616,0.2129610125817867,93610,0.5,5.1
8bb074550cf58191,0,512,0.001,820420d91a91a1ca,46,16836,46.0,366,0.046367500659302285,0.8087832510745578,0.8152568738593086,0.22635497117445355,0.21283628824188153,93610,0.5,5.29
8bb074550cf58191,0,512,0.001,820420d91a91a1ca,47,17202,47.0,366,0.04357704350246432,0.8063766462751261,0.8124804271897439,0.22936450045773538,0.21593328157080888,93610,0.5,5.34
8bb074550cf58191,0,512,0.001,820420d91a91a1ca,48,17568,48.0,366,0.04295399405387907,0.8086119639127326,0.8153474664886025,0.22523670464212656,0.21273350225568538,93610,0.5,5.4
8bb074550cf58191,0,512,0.001,820420d91a91a1ca,49,17934,49.0,366,0.0420347278062356,0.8087549240257073,0.8136395314478295,0.22949727355877006,0.21639229549051905,93610,0.5,5.34
8bb074550cf58191,0,512,0.001,820420d91a91a1ca,50,18300,50.0,366,0.04073219958061729,0.8086498863214141,0.8142827483822268,0.2285306080108019,0.2159331837257977,93610,0.5,5.34
8bb074550cf58191,0,512,0.001,820420d91a91a1ca,51,18666,51.0,366,0.03991050130682565,0.8082033826821196,0.8145929533443873,0.2284485078502943,0.2164468505342686,93610,0.5,5.37
8bb074550cf58191,0,512,0.001,820420d91a91a1ca,52,19032,52.0,366,0.03872548215742645,0.8077633977057577,0.8141603619222602,0.22914583701994204,0.21714486140612776,93610,0.5,5.36
8bb074550cf58191,0,512,0.001,820420d91a91a1ca,53,19398,53.0,366,0.038424119251510486,0.8080080562519849,0.814278568911528,0.22851621679925782,0.2166737493032805,93610,0.5,5.33
8bb074550cf58191,0,512,0.001,820420d91a91a1ca,54,19764,54.0,366,0.037800506116120056,0.8078577035904738,0.8143299956643013,0.22843605768937172,0.2165013658570831,93610,0.5,5.36
8bb074550cf58191,0,512,0.001,820420d91a91a1ca,55,20130,55.0,366,0.03677474377585239,0.8071867221083722,0.8132121406274576,0.23004700384879245,0.21795869346902885,93610,0.5,5.34
8bb074550cf58191,0,512,0.001,820420d91a91a1ca,56,20496,56.0,366,0.03649794141115631,0.807152684350688,0.8138150568923944,0.22932865868577892,0.21793620614516362,93610,0.5,5.44
8bb074550cf58191,0,512,0.001,820420d91a91a1ca,57,20862,57.0,366,0.03674757165091285,0.8079722592592389,0.814457687943148,0.22878834422327612,0.2172823448727015,93610,0.5,5.26
8bb074550cf58191,0,512,0.001,820420d91a91a1ca,58,21228,58.0,366,0.0354059095255257,0.8078816240931218,0.8143865305829607,0.228976437647905,0.21771420014279372,93610,0.5,5.29
8bb074550cf58191,0,512,0.001,820420d91a91a1ca,59,21594,59.0,366,0.03576401430004037,0.8076833620749767,0.8143318224709566,0.22902531945335722,0.21771573692418925,93610,0.5,5.35
8bb074550cf58191,0,512,0.001,820420d91a91a1ca,60,21960,60.0,366,0.03534296463126612,0.8077046888690516,0.8142877335285243,0.22912295573757424,0.21788912960932066,93610,0.5,5.42
66b8ec1b648e900d,1,512,0.001,820420d91a91a1ca,1,366,1.0,366,0.6348704970925232,0.7313288701016929,0.7400895913548315,0.2109659051844458,0.05867209471829833,93610,0.5,5.63
66b8ec1b648e900d,1,512,0.001,820420d91a91a1ca,2,732,2.0,366,0.4988580961696437,0.7596642524312787,0.7743909556363632,0.19732535361217143,0.054823588670975885,93610,0.5,5.31
66b8ec1b648e900d,1,512,0.001,820420d91a91a1ca,3,1098,3.0,366,0.43322020345698287,0.7759746513822704,0.7946069958364259,0.19334720970506625,0.08496199975736439,93610,0.5,5.11
66b8ec1b648e900d,1,512,0.001,820420d91a91a1ca,4,1464,4.0,366,0.39102196628278724,0.7812474101522935,0.7874302434711717,0.20100007984041024,0.10210832444162031,93610,0.5,5.23
66b8ec1b648e900d,1,512,0.001,820420d91a91a1ca,5,1830,5.0,366,0.35561710465801216,0.7757388301562878,0.7805825602889276,0.20510355987016693,0.10832741770410616,93610,0.5,5.35
66b8ec1b648e900d,1,512,0.001,820420d91a91a1ca,6,2196,6.0,366,0.32686331338895475,0.7891767420681104,0.7985352479822133,0.19541397517124295,0.10129897931787565,93610,0.5,5.24
66b8ec1b648e900d,1,512,0.001,820420d91a91a1ca,7,2562,7.0,366,0.3011995326788699,0.7929163949789119,0.7999502768060569,0.19824177697405915,0.11603915101425545,93610,0.5,5.33
66b8ec1b648e900d,1,512,0.001,820420d91a91a1ca,8,2928,8.0,366,0.2812907653835302,0.8006572009532004,0.8072314680090698,0.1939331836109643,0.11210481946422919,93610,0.5,5.37
66b8ec1b648e900d,1,512,0.001,820420d91a91a1ca,9,3294,9.0,366,0.2619989876701532,0.8046546132435535,0.8100566254145164,0.19559652595985552,0.12490166618814075,93610,0.5,5.26
66b8ec1b648e900d,1,512,0.001,820420d91a91a1ca,10,3660,10.0,366,0.2443173160074187,0.8047658110685552,0.8109586757915856,0.2029401519112003,0.1497894111051643,93610,0.5,5.02
66b8ec1b648e900d,1,512,0.001,820420d91a91a1ca,11,4026,11.0,366,0.23114333888057803,0.8112929894060636,0.8158518116534493,0.19732448379811898,0.1424481752729274,93610,0.5,5.01
66b8ec1b648e900d,1,512,0.001,820420d91a91a1ca,12,4392,12.0,366,0.21767757409583025,0.806280157778803,0.8099124368707236,0.19713806349359245,0.13152856912560348,93610,0.5,5.09
66b8ec1b648e900d,1,512,0.001,820420d91a91a1ca,13,4758,13.0,366,0.20656186655733755,0.8065051817592708,0.8067107753896141,0.2081155688263066,0.15785171573291287,93610,0.5,5.0
66b8ec1b648e900d,1,512,0.001,820420d91a91a1ca,14,5124,14.0,366,0.19518652334402167,0.806511909973019,0.8098866725975498,0.2082576151228444,0.16327732092860564,93610,0.5,5.06
66b8ec1b648e900d,1,512,0.001,820420d91a91a1ca,15,5490,15.0,366,0.184101938468511,0.8151987387279758,0.8166392200987167,0.20074144301831995,0.15371677802125946,93610,0.5,5.26
66b8ec1b648e900d,1,512,0.001,820420d91a91a1ca,16,5856,16.0,366,0.17602268496497733,0.8161122905257692,0.8154066049034536,0.20727677040894396,0.16706027959750663,93610,0.5,5.42
66b8ec1b648e900d,1,512,0.001,820420d91a91a1ca,17,6222,17.0,366,0.1681932880456656,0.8115508831813636,0.8111221421211529,0.20577217241453452,0.16031029458101148,93610,0.5,5.33
66b8ec1b648e900d,1,512,0.001,820420d91a91a1ca,18,6588,18.0,366,0.16024232515301862,0.8123508154050442,0.8178413650080092,0.19777645719489192,0.15031829487844353,93610,0.5,5.23
66b8ec1b648e900d,1,512,0.001,820420d91a91a1ca,19,6954,19.0,366,0.15335331547781417,0.8165918738200114,0.8169490450467493,0.20631833108315528,0.16767095199958926,93610,0.5,5.06
66b8ec1b648e900d,1,512,0.001,820420d91a91a1ca,20,7320,20.0,366,0.14764131249381546,0.8057412104894657,0.8077250865048528,0.2143535665615881,0.17535961494128396,93610,0.5,5.39
66b8ec1b648e900d,1,512,0.001,820420d91a91a1ca,21,7686,21.0,366,0.14058690599567902,0.81513103916134,0.81761226555967,0.20700193740283854,0.17311975797039736,93610,0.5,5.34
66b8ec1b648e900d,1,512,0.001,820420d91a91a1ca,22,8052,22.0,366,0.1350396547894009,0.8117617790431684,0.8170993752122673,0.20812530231535875,0.1714780872523442,93610,0.5,5.32
66b8ec1b648e900d,1,512,0.001,820420d91a91a1ca,23,8418,23.0,366,0.12864549702308217,0.8069236362849963,0.8091195019016739,0.2141865258497382,0.18052474580193903,93610,0.5,5.33
66b8ec1b648e900d,1,512,0.001,820420d91a91a1ca,24,8784,24.0,366,0.12342731565074191,0.8096027353630849,0.8124572556856362,0.2161225848547345,0.18291965487578105,93610,0.5,5.33
66b8ec1b648e900d,1,512,0.001,820420d91a91a1ca,25,9150,25.0,366,0.11901954866823602,0.8140536899889512,0.8156901696199337,0.21315804666267807,0.1839173976676173,93610,0.5,5.33
66b8ec1b648e900d,1,512,0.001,820420d91a91a1ca,26,9516,26.0,366,0.11376085469265128,0.811550305977828,0.81735774122615,0.21558606623369483,0.18650097076108887,93610,0.5,5.34
66b8ec1b648e900d,1,512,0.001,820420d91a91a1ca,27,9882,27.0,366,0.10877892211120312,0.8123013424513821,0.8169283414662252,0.21359957013657732,0.18550674056675945,93610,0.5,5.32
66b8ec1b648e900d,1,512,0.001,820420d91a91a1ca,28,10248,28.0,366,0.10292042483438234,0.8089528403357092,0.8164927891292131,0.2121244690658144,0.18324675173236135,93610,0.5,5.12
66b8ec1b648e900d,1,512,0.001,820420d91a91a1ca,29,10614,29.0,366,0.09900139262034593,0.8093435276496681,0.8113195810290602,0.22333908452255122,0.19752352817041519,93610,0.5,5.33
66b8ec1b648e900d,1,512,0.001,820420d91a91a1ca,30,10980,30.0,366,0.09559558180308407,0.813640103827231,0.8187385769949876,0.21581577611639377,0.19026797396628578,93610,0.5,5.17
66b8ec1b648e900d,1,512,0.001,820420d91a91a1ca,31,11346,31.0,366,0.0910108086189937,0.809720214702108,0.8150211032800685,0.22250833272575718,0.1968014475427509,93610,0.5,5.42
66b8ec1b648e900d,1,512,0.001,820420d91a91a1ca,32,11712,32.0,366,0.08743207474223903,0.8106179904597607,0.8169555552707668,0.2187513584944003,0.19327242373764375,93610,0.5,5.33
66b8ec1b648e900d,1,512,0.001,820420d91a91a1ca,33,12078,33.0,366,0.08502470438312637,0.8128567556501913,0.8166024671407317,0.2210489053006733,0.19855437660085865,93610,0.5,5.35
66b8ec1b648e900d,1,512,0.001,820420d91a91a1ca,34,12444,34.0,366,0.08092692943259341,0.8112763239682497,0.8179896976458102,0.21909664045876465,0.1985538472986996,93610,0.5,5.33
66b8ec1b648e900d,1,512,0.001,820420d91a91a1ca,35,12810,35.0,366,0.07758306736340288,0.8119638627989321,0.8199589963614617,0.2189547884237151,0.19938799411324185,93610,0.5,5.31
66b8ec1b648e900d,1,512,0.001,820420d91a91a1ca,36,13176,36.0,366,0.07395122037396405,0.809013737405674,0.8121090620919234,0.22823572422887875,0.205906684757489,93610,0.5,5.35
66b8ec1b648e900d,1,512,0.001,820420d91a91a1ca,37,13542,37.0,366,0.07243590214661236,0.8150819982750469,0.8181775175174246,0.22543592861438363,0.20336369798496834,93610,0.5,5.28
66b8ec1b648e900d,1,512,0.001,820420d91a91a1ca,38,13908,38.0,366,0.06853667850214276,0.8118549194094932,0.8159940090601531,0.2236793489763469,0.20425289900730725,93610,0.5,5.33
66b8ec1b648e900d,1,512,0.001,820420d91a91a1ca,39,14274,39.0,366,0.06605322824923393,0.814187921533853,0.8198093401789588,0.22208573935163578,0.20478833038345493,93610,0.5,5.39
66b8ec1b648e900d,1,512,0.001,820420d91a91a1ca,40,14640,40.0,366,0.06315864749822786,0.8117339119067265,0.8170965163191932,0.2244362503222002,0.2068123220325467,93610,0.5,5.34
66b8ec1b648e900d,1,512,0.001,820420d91a91a1ca,41,15006,41.0,366,0.061418426340150704,0.8119219744914041,0.8180130798124043,0.22537230475668674,0.2079112183654234,93610,0.5,5.27
66b8ec1b648e900d,1,512,0.001,820420d91a91a1ca,42,15372,42.0,366,0.0595763873492108,0.8119022374280719,0.8190597555783363,0.22394412291673302,0.20694305376746006,93610,0.5,5.39
66b8ec1b648e900d,1,512,0.001,820420d91a91a1ca,43,15738,43.0,366,0.0565596282319293,0.8144333836829403,0.8178193780524449,0.228867723630681,0.20846809801197327,93610,0.5,5.32
66b8ec1b648e900d,1,512,0.001,820420d91a91a1ca,44,16104,44.0,366,0.05471886824205762,0.81451089706728,0.8198762902235682,0.22374531283772547,0.20709372250712865,93610,0.5,5.32
66b8ec1b648e900d,1,512,0.001,820420d91a91a1ca,45,16470,45.0,366,0.05328888867477902,0.8143381147764999,0.8200241905810337,0.22435664548690545,0.20922929258803613,93610,0.5,5.15
66b8ec1b648e900d,1,512,0.001,820420d91a91a1ca,46,16836,46.0,366,0.050087518944237075,0.8133426519289345,0.8202222069278264,0.22338804281789607,0.20813380372861492,93610,0.5,5.15
66b8ec1b648e900d,1,512,0.001,820420d91a91a1ca,47,17202,47.0,366,0.049176643963882834,0.8113114890997363,0.8171824344323566,0.22884695522150655,0.21318056273072059,93610,0.5,5.0
66b8ec1b648e900d,1,512,0.001,820420d91a91a1ca,48,17568,48.0,366,0.048210870484755336,0.8114933954674594,0.8170028176164645,0.22865787819361483,0.21287504588543044,93610,0.5,5.08
66b8ec1b648e900d,1,512,0.001,820420d91a91a1ca,49,17934,49.0,366,0.046354624330793896,0.8118034875704216,0.8176746259922063,0.22914816494112145,0.2137843189319678,93610,0.5,5.39
532c70c352eda506,2,512,0.001,820420d91a91a1ca,1,366,1.0,366,0.6176508560858137,0.7431899065575108,0.7581767449361492,0.20288735011437148,0.04597191596385312,93610,0.5,5.84
532c70c352eda506,2,512,0.001,820420d91a91a1ca,2,732,2.0,366,0.49199001328215575,0.753781621925097,0.7704307441882858,0.20454777511413202,0.08678012841573944,93610,0.5,5.33
532c70c352eda506,2,512,0.001,820420d91a91a1ca,3,1098,3.0,366,0.4193934092267615,0.778683763114354,0.7956541915255915,0.19466735879438002,0.09728463822731183,93610,0.5,5.33
532c70c352eda506,2,512,0.001,820420d91a91a1ca,4,1464,4.0,366,0.3637379315055785,0.7777622073351749,0.7961039397297136,0.1946441694221841,0.09647580628572926,93610,0.5,5.35
532c70c352eda506,2,512,0.001,820420d91a91a1ca,5,1830,5.0,366,0.3266069101668446,0.7862662024819203,0.8038765556172187,0.19073307969242487,0.09432299575640887,93610,0.5,5.29
532c70c352eda506,2,512,0.001,820420d91a91a1ca,6,2196,6.0,366,0.3001666300283755,0.795784556549324,0.8091039959558279,0.1964919185305455,0.12889440150104883,93610,0.5,5.33
532c70c352eda506,2,512,0.001,820420d91a91a1ca,7,2562,7.0,366,0.27825265223048423,0.795189969422036,0.8054503687226873,0.19715889269552814,0.12700921169476106,93610,0.5,5.33
532c70c352eda506,2,512,0.001,820420d91a91a1ca,8,2928,8.0,366,0.2576381603632468,0.8065784336794883,0.8146821541862019,0.19282342220262674,0.128295264514176,93610,0.5,5.37
532c70c352eda506,2,512,0.001,820420d91a91a1ca,9,3294,9.0,366,0.24228439410853256,0.8020249616083834,0.8078053838324712,0.19600251492496507,0.12823287039818998,93610,0.5,5.12
532c70c352eda506,2,512,0.001,820420d91a91a1ca,10,3660,10.0,366,0.2276389444949197,0.7995870455771412,0.8037578316717948,0.2050401997293047,0.14975510409693107,93610,0.5,5.18
532c70c352eda506,2,512,0.001,820420d91a91a1ca,11,4026,11.0,366,0.21535165176365545,0.8014611114456286,0.8106812876170479,0.19844416968613704,0.1429357784931387,93610,0.5,5.34
532c70c352eda506,2,512,0.001,820420d91a91a1ca,12,4392,12.0,366,0.20159346765019204,0.7991972265390777,0.7989646545892395,0.20836395181386905,0.15457622294020568,93610,0.5,5.38
532c70c352eda506,2,512,0.001,820420d91a91a1ca,13,4758,13.0,366,0.19253319632160207,0.8089764908482309,0.8147477927826553,0.19941179421968377,0.1486151496328551,93610,0.5,5.13
532c70c352eda506,2,512,0.001,820420d91a91a1ca,14,5124,14.0,366,0.1818363998757034,0.8021008098963032,0.8083370566919797,0.20420185606277522,0.1538508740920528,93610,0.5,5.25
532c70c352eda506,2,512,0.001,820420d91a91a1ca,15,5490,15.0,366,0.1733960324867827,0.8130098523158238,0.8153099909331825,0.19914936459144916,0.15138584588849988,93610,0.5,5.05
532c70c352eda506,2,512,0.001,820420d91a91a1ca,16,5856,16.0,366,0.16459817219464506,0.81251592847992,0.8194270128717861,0.19981543208429658,0.15652611549497647,93610,0.5,5.09
532c70c352eda506,2,512,0.001,820420d91a91a1ca,17,6222,17.0,366,0.15742749411388823,0.8149321321093808,0.8184670978689641,0.20148478533407696,0.15901602789242825,93610,0.5,4.98
532c70c352eda506,2,512,0.001,820420d91a91a1ca,18,6588,18.0,366,0.15045408021068313,0.8103328882254873,0.8145336197871462,0.20363319163122254,0.16148090402943754,93610,0.5,5.29
532c70c352eda506,2,512,0.001,820420d91a91a1ca,19,6954,19.0,366,0.14236734603923526,0.8129002983811608,0.8182921001076808,0.20241229330721394,0.16231270234080591,93610,0.5,5.38
532c70c352eda506,2,512,0.001,820420d91a91a1ca,20,7320,20.0,366,0.13649615167024357,0.8135993629180708,0.8199413897249042,0.2012453859442521,0.16325992070120196,93610,0.5,5.31
532c70c352eda506,2,512,0.001,820420d91a91a1ca,21,7686,21.0,366,0.13023773918712073,0.8108063161763478,0.8158659319742072,0.20343538838997502,0.1656099731642756,93610,0.5,5.34
532c70c352eda506,2,512,0.001,820420d91a91a1ca,22,8052,22.0,366,0.1242243227411489,0.814245003429316,0.8190073595042406,0.20487838595105803,0.17053178835000246,93610,0.5,5.3
532c70c352eda506,2,512,0.001,820420d91a91a1ca,23,8418,23.0,366,0.11937040526195954,0.8159911588801875,0.8181456636604962,0.2041454160431361,0.16968660900402036,93610,0.5,5.39
532c70c352eda506,2,512,0.001,820420d91a91a1ca,24,8784,24.0,366,0.11433233719705883,0.8183524363469648,0.823008821771217,0.20188777447220996,0.1706186445547181,93610,0.5,5.33
532c70c352eda506,2,512,0.001,820420d91a91a1ca,25,9150,25.0,366,0.10896447903471566,0.8118163829061175,0.8158784053388402,0.20970029641476987,0.1806960308122595,93610,0.5,5.03
532c70c352eda506,2,512,0.001,820420d91a91a1ca,26,9516,26.0,366,0.10458628525906573,0.813993190442196,0.8166933126563043,0.21069037036791632,0.1840897916839391,93610,0.5,5.41
532c70c352eda506,2,512,0.001,820420d91a91a1ca,27,9882,27.0,366,0.10026011939664356,0.8107497952032678,0.8124275000088156,0.21307161911090317,0.18330275685425304,93610,0.5,5.31
532c70c352eda506,2,512,0.001,820420d91a91a1ca,28,10248,28.0,366,0.09521170281118056,0.8168055643290444,0.8192717938758634,0.20864866599408435,0.18162823160706318,93610,0.5,5.33
532c70c352eda506,2,512,0.001,820420d91a91a1ca,29,10614,29.0,366,0.09200523659342626,0.816206143014268,0.8189013538214431,0.2092554664414613,0.1822609711432837,93610,0.5,5.32
532c70c352eda506,2,512,0.001,820420d91a91a1ca,30,10980,30.0,366,0.0890075867293311,0.8162482675445898,0.8181038198826155,0.21137284644735774,0.1872750583161287,93610,0.5,5.39
532c70c352eda506,2,512,0.001,820420d91a91a1ca,31,11346,31.0,366,0.08350434262163,0.8133091260507671,0.8161701708286754,0.21327756159444775,0.18751353712880614,93610,0.5,5.35
532c70c352eda506,2,512,0.001,820420d91a91a1ca,32,11712,32.0,366,0.081220238545879,0.8114331399669042,0.8168730846731618,0.21793419890684554,0.1974144353151447,93610,0.5,5.32
532c70c352eda506,2,512,0.001,820420d91a91a1ca,33,12078,33.0,366,0.07760588524486524,0.8175115605255758,0.8190316728766263,0.21720251922323316,0.19468629063232468,93610,0.5,5.39
532c70c352eda506,2,512,0.001,820420d91a91a1ca,34,12444,34.0,366,0.07398692954107712,0.817294154075348,0.8210663810390708,0.20958209788687876,0.18486459789212645,93610,0.5,5.33
532c70c352eda506,2,512,0.001,820420d91a91a1ca,35,12810,35.0,366,0.07027773348400827,0.8158539617114016,0.8202524067532917,0.21118550881344397,0.189092747573315,93610,0.5,5.16
532c70c352eda506,2,512,0.001,820420d91a91a1ca,36,13176,36.0,366,0.06765301489968444,0.8156354123130252,0.8202733467870507,0.21617072795960962,0.19696632588544336,93610,0.5,5.0
532c70c352eda506,2,512,0.001,820420d91a91a1ca,37,13542,37.0,366,0.06644071417204181,0.8177659335844093,0.8198648443806198,0.21458437604483013,0.1941565231857056,93610,0.5,5.26
532c70c352eda506,2,512,0.001,820420d91a91a1ca,38,13908,38.0,366,0.06263296538200534,0.8166688077821513,0.819196127471163,0.21728236165666334,0.19946186325205306,93610,0.5,5.32
532c70c352eda506,2,512,0.001,820420d91a91a1ca,39,14274,39.0,366,0.059828169313081304,0.8153748924674085,0.8194728635734103,0.21429148816110008,0.19406421024919804,93610,0.5,5.2
532c70c352eda506,2,512,0.001,820420d91a91a1ca,40,14640,40.0,366,0.058542528322037775,0.8176267199564341,0.8189572565244061,0.21914360634440605,0.20202028473050726,93610,0.5,5.28
532c70c352eda506,2,512,0.001,820420d91a91a1ca,41,15006,41.0,366,0.055816458614512544,0.816408105894108,0.8181266880601308,0.21897240303532098,0.2011375523312119,93610,0.5,5.4
532c70c352eda506,2,512,0.001,820420d91a91a1ca,42,15372,42.0,366,0.053352658387497476,0.8185127270358835,0.8208232527928956,0.21766700185920893,0.2008734147796164,93610,0.5,5.32
532c70c352eda506,2,512,0.001,820420d91a91a1ca,43,15738,43.0,366,0.05099415005556221,0.8186749299442906,0.8202586554180354,0.21773374918437777,0.20083997058553907,93610,0.5,5.22
532c70c352eda506,2,512,0.001,820420d91a91a1ca,44,16104,44.0,366,0.049662879184702705,0.8166494631589777,0.8176173821703147,0.2212251913701041,0.20464905229880112,93610,0.5,5.33
532c70c352eda506,2,512,0.001,820420d91a91a1ca,45,16470,45.0,366,0.04739112322488444,0.8180776851610313,0.8202308242331837,0.21940308022439794,0.20393870029018146,93610,0.5,5.38
532c70c352eda506,2,512,0.001,820420d91a91a1ca,46,16836,46.0,366,0.04624993177995981,0.8185239728191319,0.8204746180176155,0.2196566736962667,0.20530705888501655,93610,0.5,5.31
532c70c352eda506,2,512,0.001,820420d91a91a1ca,47,17202,47.0,366,0.04469804942628237,0.8184087542957773,0.8199000795644595,0.21853381018920262,0.20262743641290332,93610,0.5,5.29
532c70c352eda506,2,512,0.001,820420d91a91a1ca,48,17568,48.0,366,0.04275801350856251,0.8163706418237282,0.8188452865598099,0.2218624078311389,0.20873078284060947,93610,0.5,5.39
532c70c352eda506,2,512,0.001,820420d91a91a1ca,49,17934,49.0,366,0.042262200876826146,0.8188864320122748,0.8203923535177629,0.21937905207060537,0.2047158844814101,93610,0.5,5.13
532c70c352eda506,2,512,0.001,820420d91a91a1ca,50,18300,50.0,366,0.04043087271128684,0.8178579108034663,0.8195776895006353,0.2209547724591931,0.2068124148900536,93610,0.5,5.2
532c70c352eda506,2,512,0.001,820420d91a91a1ca,51,18666,51.0,366,0.040440004481806784,0.8169339711219108,0.8182455048978972,0.22285557439896234,0.20960746250498796,93610,0.5,5.2
532c70c352eda506,2,512,0.001,820420d91a91a1ca,52,19032,52.0,366,0.03897911586539179,0.8170547044150095,0.8197136142777403,0.22041406129413993,0.20617097557875322,93610,0.5,5.11
532c70c352eda506,2,512,0.001,820420d91a91a1ca,53,19398,53.0,366,0.03722665786661737,0.817332458006465,0.819800418862299,0.22063378490592309,0.20667893959454814,93610,0.5,5.28
532c70c352eda506,2,512,0.001,820420d91a91a1ca,54,19764,54.0,366,0.037652904071076645,0.8170193940301064,0.8192919056385892,0.22097681227833613,0.20693839056629965,93610,0.5,4.99
532c70c352eda506,2,512,0.001,820420d91a91a1ca,55,20130,55.0,366,0.03716963304898859,0.8173615083381603,0.8196629815604934,0.22186851348200698,0.208614373592758,93610,0.5,5.19
532c70c352eda506,2,512,0.001,820420d91a91a1ca,56,20496,56.0,366,0.03567243696704425,0.8173064593569505,0.8194980109227472,0.22190479030993276,0.20879758926713476,93610,0.5,5.27
532c70c352eda506,2,512,0.001,820420d91a91a1ca,57,20862,57.0,366,0.034976860363280675,0.8171826571549368,0.8192631950576801,0.22194790705117837,0.20845751625071018,93610,0.5,5.31
532c70c352eda506,2,512,0.001,820420d91a91a1ca,58,21228,58.0,366,0.03553102798556369,0.8176638097363613,0.819768481242497,0.2215528570725336,0.20818464089811617,93610,0.5,5.32
532c70c352eda506,2,512,0.001,820420d91a91a1ca,59,21594,59.0,366,0.0359210158912007,0.8175463590639154,0.819688479024949,0.22153189667757783,0.2082068251777714,93610,0.5,5.39
532c70c352eda506,2,512,0.001,820420d91a91a1ca,60,21960,60.0,366,0.03546603004921411,0.8174515566993329,0.819616231377981,0.2216260904119137,0.20831051338395204,93610,0.5,5.32
4e9f3e4c86726685,3,512,0.001,820420d91a91a1ca,1,366,1.0,366,0.6308938989548084,0.7218352140537214,0.742995278432871,0.20743061638609528,0.030078104573183856,93610,0.5,6.4
4e9f3e4c86726685,3,512,0.001,820420d91a91a1ca,2,732,2.0,366,0.5205042308471242,0.7439356940597484,0.7628043700620488,0.20260843614680427,0.06283943955129831,93610,0.5,5.9
4e9f3e4c86726685,3,512,0.001,820420d91a91a1ca,3,1098,3.0,366,0.4522942297282766,0.7479128825854988,0.7744089804025801,0.20223052363356997,0.08719478021219061,93610,0.5,5.76
4e9f3e4c86726685,3,512,0.001,820420d91a91a1ca,4,1464,4.0,366,0.40054516917695115,0.7739404725538291,0.791337186752671,0.19552479152618618,0.08837313257056567,93610,0.5,5.88
4e9f3e4c86726685,3,512,0.001,820420d91a91a1ca,5,1830,5.0,366,0.3581656136962234,0.7689890603433496,0.7898125442800621,0.19880008513762887,0.10195967554303417,93610,0.5,5.58
4e9f3e4c86726685,3,512,0.001,820420d91a91a1ca,6,2196,6.0,366,0.32114218753543705,0.7753932463895336,0.7914873553265959,0.20294604579503536,0.12242062126161461,93610,0.5,5.9
4e9f3e4c86726685,3,512,0.001,820420d91a91a1ca,7,2562,7.0,366,0.29524263466805056,0.7734852687231422,0.7890470686982579,0.2050725318219988,0.12517741994096782,93610,0.5,5.89
4e9f3e4c86726685,3,512,0.001,820420d91a91a1ca,8,2928,8.0,366,0.272320697338529,0.7736639241973864,0.7972033402306088,0.20542315924357077,0.14204704206363125,93610,0.5,5.93
4e9f3e4c86726685,3,512,0.001,820420d91a91a1ca,9,3294,9.0,366,0.2543354626806056,0.7762873857771865,0.7958216570188535,0.21005413991575408,0.1544745044531114,93610,0.5,5.87
4e9f3e4c86726685,3,512,0.001,820420d91a91a1ca,10,3660,10.0,366,0.23869288268962194,0.7847574094120003,0.7967520774476553,0.20586366039835613,0.14210915768092355,93610,0.5,5.68
4e9f3e4c86726685,3,512,0.001,820420d91a91a1ca,11,4026,11.0,366,0.22549379796115426,0.7794193450539982,0.7963089175245067,0.21412286054122162,0.16465964626946064,93610,0.5,5.89
4e9f3e4c86726685,3,512,0.001,820420d91a91a1ca,12,4392,12.0,366,0.21393128993406973,0.7851064147848419,0.8035870797980941,0.20668895395473807,0.15763587088991884,93610,0.5,5.93
4e9f3e4c86726685,3,512,0.001,820420d91a91a1ca,13,4758,13.0,366,0.2005084272616548,0.7794951693311309,0.7959265929561745,0.21324092167919315,0.1633083238569303,93610,0.5,5.89
4e9f3e4c86726685,3,512,0.001,820420d91a91a1ca,14,5124,14.0,366,0.1896195143786936,0.7785497130244563,0.7959817564004221,0.21066121002937807,0.1565774808131656,93610,0.5,5.75
4e9f3e4c86726685,3,512,0.001,820420d91a91a1ca,15,5490,15.0,366,0.18238819478069498,0.7852819148306571,0.8003408014630339,0.21317935344056688,0.16956973407573894,93610,0.5,5.68
4e9f3e4c86726685,3,512,0.001,820420d91a91a1ca,16,5856,16.0,366,0.1731650251182702,0.7851520140680823,0.8005559841777637,0.21373780090523095,0.17025556995887994,93610,0.5,5.68
4e9f3e4c86726685,3,512,0.001,820420d91a91a1ca,17,6222,17.0,366,0.16522215056370515,0.7796725798828387,0.7985890869688123,0.21729910509839873,0.1761510088925763,93610,0.5,5.75
4e9f3e4c86726685,3,512,0.001,820420d91a91a1ca,18,6588,18.0,366,0.15805098544704457,0.7833458578554489,0.8002929922621707,0.2180670324771607,0.18061749988619244,93610,0.5,5.86
4e9f3e4c86726685,3,512,0.001,820420d91a91a1ca,19,6954,19.0,366,0.15160818330821443,0.7866460222270177,0.8011724946778336,0.2158940222834462,0.17645086385572692,93610,0.5,5.9
4e9f3e4c86726685,3,512,0.001,820420d91a91a1ca,20,7320,20.0,366,0.14582681879808343,0.788007295688184,0.801714950809111,0.2117440594978431,0.16814597284917462,93610,0.5,5.89
4e9f3e4c86726685,3,512,0.001,820420d91a91a1ca,21,7686,21.0,366,0.13870188162300756,0.7843026615053678,0.7985123736423068,0.21726175303713802,0.176404531664095,93610,0.5,5.82
4e9f3e4c86726685,3,512,0.001,820420d91a91a1ca,22,8052,22.0,366,0.13443487674975005,0.7883225944992515,0.8047874907930737,0.21618835229186942,0.18370178081734398,93610,0.5,5.86
4e9f3e4c86726685,3,512,0.001,820420d91a91a1ca,23,8418,23.0,366,0.12984813084123564,0.7832861307345966,0.8006690713610729,0.21692447346389537,0.18072634693202871,93610,0.5,5.95
4e9f3e4c86726685,3,512,0.001,820420d91a91a1ca,24,8784,24.0,366,0.12293790518993238,0.7840521727555021,0.8038934711530077,0.21516501606293836,0.17972844611646202,93610,0.5,5.67
4e9f3e4c86726685,3,512,0.001,820420d91a91a1ca,25,9150,25.0,366,0.1183447438022478,0.7860726711421127,0.8020661416073464,0.22191419664802448,0.19243626846433212,93610,0.5,5.58
4e9f3e4c86726685,3,512,0.001,820420d91a91a1ca,26,9516,26.0,366,0.11318872757052463,0.7837132373409657,0.8018222893943159,0.22430032752305676,0.1949364588946252,93610,0.5,5.86
4e9f3e4c86726685,3,512,0.001,820420d91a91a1ca,27,9882,27.0,366,0.10940118663297976,0.7851627747704196,0.8010958628318349,0.2255277791088838,0.19807590210548168,93610,0.5,5.84
4e9f3e4c86726685,3,512,0.001,820420d91a91a1ca,28,10248,28.0,366,0.1053425106499853,0.7935994140185317,0.805789300927037,0.22183930937741084,0.19732723629021495,93610,0.5,5.85
4e9f3e4c86726685,3,512,0.001,820420d91a91a1ca,29,10614,29.0,366,0.10038257424867218,0.7853839442752425,0.8018892481119202,0.225863622497317,0.20167509767124317,93610,0.5,5.82
4e9f3e4c86726685,3,512,0.001,820420d91a91a1ca,30,10980,30.0,366,0.09606928258238594,0.7863940845192676,0.8007904077039202,0.2255206536984585,0.20103957221155483,93610,0.5,5.9
4e9f3e4c86726685,3,512,0.001,820420d91a91a1ca,31,11346,31.0,366,0.09326967511509286,0.7889582076258019,0.8031566552553255,0.2265484381651515,0.2014529613959106,93610,0.5,5.81
4e9f3e4c86726685,3,512,0.001,820420d91a91a1ca,32,11712,32.0,366,0.08980510123277623,0.780795066996874,0.7997970160811367,0.22796489927449642,0.20617006714430053,93610,0.5,5.75
4e9f3e4c86726685,3,512,0.001,820420d91a91a1ca,33,12078,33.0,366,0.08643752924812947,0.7852678404258124,0.8024178516441048,0.2261183287906297,0.20230620481152295,93610,0.5,5.69
4e9f3e4c86726685,3,512,0.001,820420d91a91a1ca,34,12444,34.0,366,0.08185057867257321,0.7870944355577072,0.802144254024906,0.22920353633357116,0.20849052017637656,93610,0.5,5.91
4e9f3e4c86726685,3,512,0.001,820420d91a91a1ca,35,12810,35.0,366,0.08029882597630142,0.786000803701261,0.7996177943429954,0.23225460851346907,0.2089943474115954,93610,0.5,5.85
4e9f3e4c86726685,3,512,0.001,820420d91a91a1ca,36,13176,36.0,366,0.07596752823131983,0.7888698270318092,0.802628313054178,0.22929211766973284,0.20959783006305913,93610,0.5,5.77
4e9f3e4c86726685,3,512,0.001,820420d91a91a1ca,37,13542,37.0,366,0.07280548864497187,0.7928772348474454,0.8063477181081673,0.22473845190221453,0.20347717563030565,93610,0.5,5.88
4e9f3e4c86726685,3,512,0.001,820420d91a91a1ca,38,13908,38.0,366,0.07080221181236655,0.7871899197922791,0.8012956238200661,0.2331751908447668,0.2149877169577102,93610,0.5,5.78
4e9f3e4c86726685,3,512,0.001,820420d91a91a1ca,39,14274,39.0,366,0.0681251675358724,0.7833515109248073,0.7988371264125897,0.23634974444215168,0.2163610586916569,93610,0.5,5.87
4e9f3e4c86726685,3,512,0.001,820420d91a91a1ca,40,14640,40.0,366,0.06536362082010409,0.7903955853863842,0.8043738644724232,0.23034044973328444,0.21283587723263145,93610,0.5,5.79
4e9f3e4c86726685,3,512,0.001,820420d91a91a1ca,41,15006,41.0,366,0.06232490330486675,0.7900852595493661,0.8056017916855899,0.23067451941512682,0.212048942792567,93610,0.5,5.94
4e9f3e4c86726685,3,512,0.001,820420d91a91a1ca,42,15372,42.0,366,0.06048168784994734,0.7882537985815734,0.8018857969445745,0.23678343219626094,0.2196866030067882,93610,0.5,5.53
4e9f3e4c86726685,3,512,0.001,820420d91a91a1ca,43,15738,43.0,366,0.05776689822984035,0.7904152244967045,0.8049568889948263,0.23096947632768824,0.21484995163266923,93610,0.5,5.59
4e9f3e4c86726685,3,512,0.001,820420d91a91a1ca,44,16104,44.0,366,0.05678008022448404,0.7891160662633404,0.8031289359064635,0.23336243318696015,0.2175414057878513,93610,0.5,5.94
4e9f3e4c86726685,3,512,0.001,820420d91a91a1ca,45,16470,45.0,366,0.054218683722607096,0.7890063002824905,0.8023841782840961,0.23417819836034243,0.2189708974358183,93610,0.5,5.89
4e9f3e4c86726685,3,512,0.001,820420d91a91a1ca,46,16836,46.0,366,0.05279746934099764,0.7889462232830994,0.8031429955162555,0.23375458267186852,0.21820259452056412,93610,0.5,5.85
4e9f3e4c86726685,3,512,0.001,820420d91a91a1ca,47,17202,47.0,366,0.05103624494023662,0.7886507324012214,0.8028697336332623,0.2346296957423361,0.2192173814592564,93610,0.5,5.84
4e9f3e4c86726685,3,512,0.001,820420d91a91a1ca,48,17568,48.0,366,0.04999052368796588,0.7867316652567324,0.8008360036933722,0.23804933693851657,0.22329186708560164,93610,0.5,5.94
4e9f3e4c86726685,3,512,0.001,820420d91a91a1ca,49,17934,49.0,366,0.048515156323670365,0.788136531011561,0.8026217578675278,0.23584927897105762,0.22216588304602533,93610,0.5,5.87
4e9f3e4c86726685,3,512,0.001,820420d91a91a1ca,50,18300,50.0,366,0.04767443385239833,0.7874550429590113,0.8009783371291572,0.23738017349545823,0.22348356608027653,93610,0.5,5.86
4e9f3e4c86726685,3,512,0.001,820420d91a91a1ca,51,18666,51.0,366,0.04649543888419052,0.7890397327015115,0.8028327175183466,0.23583214161200763,0.22197323889856774,93610,0.5,5.89
4e9f3e4c86726685,3,512,0.001,820420d91a91a1ca,52,19032,52.0,366,0.04485067653932858,0.788349694238818,0.803070671866462,0.23672712553885586,0.22338650359699966,93610,0.5,5.71
4e9f3e4c86726685,3,512,0.001,820420d91a91a1ca,53,19398,53.0,366,0.0434867435598064,0.7885612641941624,0.8022325197809052,0.2375355836115832,0.2240873462851862,93610,0.5,5.52
4e9f3e4c86726685,3,512,0.001,820420d91a91a1ca,54,19764,54.0,366,0.04298491400406986,0.788502052814265,0.8027877749706056,0.23688985522499303,0.2234956633604448,93610,0.5,5.84
4e9f3e4c86726685,3,512,0.001,820420d91a91a1ca,55,20130,55.0,366,0.042859396021914936,0.7890723334184108,0.8027069636539083,0.23746367771988094,0.2242668241266682,93610,0.5,5.83
4e9f3e4c86726685,3,512,0.001,820420d91a91a1ca,56,20496,56.0,366,0.042925028293266325,0.7888157309168186,0.8026946491420279,0.2370555354801834,0.22374004503401404,93610,0.5,5.98
4e9f3e4c86726685,3,512,0.001,820420d91a91a1ca,57,20862,57.0,366,0.04199656683320556,0.7890000260609826,0.8029329983396578,0.23704495187475746,0.22403528718042057,93610,0.5,5.88
4e9f3e4c86726685,3,512,0.001,820420d91a91a1ca,58,21228,58.0,366,0.041001220411860224,0.7890656626330922,0.8030348991851619,0.23744937281720002,0.22433768362345408,93610,0.5,5.76
eb4e89a1409d37e2,4,512,0.001,820420d91a91a1ca,1,366,1.0,366,0.6241830844696754,0.7211123770830777,0.721594140095415,0.21430170202335774,0.037500579310379145,93610,0.5,5.56
eb4e89a1409d37e2,4,512,0.001,820420d91a91a1ca,2,732,2.0,366,0.5069194752010492,0.754436113352279,0.7597734075037226,0.2061044136071765,0.07043577665261995,93610,0.5,5.18
eb4e89a1409d37e2,4,512,0.001,820420d91a91a1ca,3,1098,3.0,366,0.43618157139567076,0.7650163012447208,0.7826989705759624,0.19830975575005447,0.08138571820844764,93610,0.5,5.33
eb4e89a1409d37e2,4,512,0.001,820420d91a91a1ca,4,1464,4.0,366,0.3835263402898455,0.7768644637094435,0.7782799088436261,0.19865493039035995,0.0738527559616837,93610,0.5,5.41
eb4e89a1409d37e2,4,512,0.001,820420d91a91a1ca,5,1830,5.0,366,0.3452560106913249,0.7804970661598445,0.789335569718379,0.20009434779135532,0.1056618991873976,93610,0.5,5.11
eb4e89a1409d37e2,4,512,0.001,820420d91a91a1ca,6,2196,6.0,366,0.31672074535831074,0.790441609798755,0.7990168671610176,0.19039383692112433,0.08061107609067229,93610,0.5,5.05
eb4e89a1409d37e2,4,512,0.001,820420d91a91a1ca,7,2562,7.0,366,0.28993996782381026,0.7857592406105032,0.797157491583115,0.19321016318306597,0.09471213214557012,93610,0.5,5.35
eb4e89a1409d37e2,4,512,0.001,820420d91a91a1ca,8,2928,8.0,366,0.27027415256194076,0.7932098379607131,0.7990655810922134,0.2041829204375728,0.13977694134168256,93610,0.5,5.24
eb4e89a1409d37e2,4,512,0.001,820420d91a91a1ca,9,3294,9.0,366,0.2515958338731625,0.7958749481479094,0.7958010483848025,0.207000832472494,0.1412350361075401,93610,0.5,5.35
eb4e89a1409d37e2,4,512,0.001,820420d91a91a1ca,10,3660,10.0,366,0.2364379950071293,0.794210838011797,0.7995955348727953,0.20552691224143235,0.14434752446462443,93610,0.5,5.51
eb4e89a1409d37e2,4,512,0.001,820420d91a91a1ca,11,4026,11.0,366,0.2234896690549095,0.7975569544433649,0.8036584898163233,0.19894688812428246,0.13385922282414034,93610,0.5,5.24
eb4e89a1409d37e2,4,512,0.001,820420d91a91a1ca,12,4392,12.0,366,0.2084765975348285,0.7890138321344178,0.7959430376396234,0.2067319662308272,0.14593518049042173,93610,0.5,5.41
eb4e89a1409d37e2,4,512,0.001,820420d91a91a1ca,13,4758,13.0,366,0.19804948059424676,0.7980241260861171,0.8040437960690813,0.20250570775649696,0.14680276004421577,93610,0.5,5.25
eb4e89a1409d37e2,4,512,0.001,820420d91a91a1ca,14,5124,14.0,366,0.18881525306916627,0.788932590944055,0.7933597623078958,0.21268696877196297,0.16103806739218887,93610,0.5,5.34
eb4e89a1409d37e2,4,512,0.001,820420d91a91a1ca,15,5490,15.0,366,0.17967764109047385,0.7973307275781538,0.8006896806798341,0.20904249857556156,0.16105045324777018,93610,0.5,5.12
eb4e89a1409d37e2,4,512,0.001,820420d91a91a1ca,16,5856,16.0,366,0.1728000420812375,0.7984481938099539,0.7999739579627458,0.21306630988638794,0.17054875626589094,93610,0.5,5.23
eb4e89a1409d37e2,4,512,0.001,820420d91a91a1ca,17,6222,17.0,366,0.16269576010075423,0.7934985514701817,0.7953004739187002,0.21713735726326303,0.17384157025619368,93610,0.5,5.05
eb4e89a1409d37e2,4,512,0.001,820420d91a91a1ca,18,6588,18.0,366,0.15618419993282015,0.8004311555546559,0.7991753348783208,0.21510670966573447,0.17354443835993233,93610,0.5,5.02
eb4e89a1409d37e2,4,512,0.001,820420d91a91a1ca,19,6954,19.0,366,0.14996339368527054,0.8001366421944097,0.7997354725077981,0.21651106058849107,0.17782665082463484,93610,0.5,5.32
eb4e89a1409d37e2,4,512,0.001,820420d91a91a1ca,20,7320,20.0,366,0.14351577798281212,0.7988085744682856,0.7968442679621809,0.21860278953329323,0.17785592581786702,93610,0.5,5.36
eb4e89a1409d37e2,4,512,0.001,820420d91a91a1ca,21,7686,21.0,366,0.1372316687118486,0.7980572330631219,0.7997657912445909,0.21700795231739126,0.17728493799444853,93610,0.5,5.34
eb4e89a1409d37e2,4,512,0.001,820420d91a91a1ca,22,8052,22.0,366,0.1314437955699332,0.7931709411694201,0.7948852618093641,0.22023948642465815,0.18436054576891583,93610,0.5,5.21
eb4e89a1409d37e2,4,512,0.001,820420d91a91a1ca,23,8418,23.0,366,0.12746923940022134,0.8003062386024049,0.7982253641491088,0.2203484247301984,0.18600279826411242,93610,0.5,5.05
eb4e89a1409d37e2,4,512,0.001,820420d91a91a1ca,24,8784,24.0,366,0.12094839285713076,0.8012240689764527,0.8028154399991299,0.2173179653409413,0.18583946479204583,93610,0.5,5.18
eb4e89a1409d37e2,4,512,0.001,820420d91a91a1ca,25,9150,25.0,366,0.1170012521979913,0.7985954263294989,0.7978476609177528,0.2241191926281328,0.19320181482804158,93610,0.5,5.14
eb4e89a1409d37e2,4,512,0.001,820420d91a91a1ca,26,9516,26.0,366,0.11245757298635654,0.7955307799447559,0.7951743834051093,0.22526998909214174,0.1961688981349154,93610,0.5,5.33
eb4e89a1409d37e2,4,512,0.001,820420d91a91a1ca,27,9882,27.0,366,0.10724611021578312,0.8049626252111735,0.8011769907128542,0.22213889302624773,0.19362730257155286,93610,0.5,5.02
eb4e89a1409d37e2,4,512,0.001,820420d91a91a1ca,28,10248,28.0,366,0.10325995726826412,0.7980699093829291,0.7929035410823404,0.22682220810673548,0.19689618757805455,93610,0.5,5.27
eb4e89a1409d37e2,4,512,0.001,820420d91a91a1ca,29,10614,29.0,366,0.09950894061374209,0.7968768933765425,0.7999923495053614,0.22337791155363626,0.1951894278767868,93610,0.5,5.33
eb4e89a1409d37e2,4,512,0.001,820420d91a91a1ca,30,10980,30.0,366,0.09617422762342163,0.8069681841936953,0.8026420663703006,0.22469779929732595,0.1992705558590419,93610,0.5,5.33
eb4e89a1409d37e2,4,512,0.001,820420d91a91a1ca,31,11346,31.0,366,0.0917011492280035,0.8069131627428618,0.8049420097869957,0.2200945386788659,0.19176701038280894,93610,0.5,5.35
eb4e89a1409d37e2,4,512,0.001,820420d91a91a1ca,32,11712,32.0,366,0.0885471221405626,0.7988994004985857,0.8001943866983369,0.22445476400236727,0.19776510727618102,93610,0.5,5.09
eb4e89a1409d37e2,4,512,0.001,820420d91a91a1ca,33,12078,33.0,366,0.08297511638025117,0.8016345662194787,0.801378082549362,0.2265801328089827,0.20392312284376213,93610,0.5,5.16
eb4e89a1409d37e2,4,512,0.001,820420d91a91a1ca,34,12444,34.0,366,0.08175402606934146,0.801751093253448,0.7987659587817504,0.22510695820039373,0.19992160657465882,93610,0.5,5.12
eb4e89a1409d37e2,4,512,0.001,820420d91a91a1ca,35,12810,35.0,366,0.07599789345932137,0.8076630483741875,0.8062754786777212,0.21935886393349827,0.19204859284875103,93610,0.5,5.38
eb4e89a1409d37e2,4,512,0.001,820420d91a91a1ca,36,13176,36.0,366,0.07487648259339437,0.8061430945008582,0.8027258742068104,0.22554538964540843,0.20344374804409218,93610,0.5,5.34
eb4e89a1409d37e2,4,512,0.001,820420d91a91a1ca,37,13542,37.0,366,0.07202629179088145,0.802077302148255,0.8020475645082826,0.22744323863815694,0.20752393225688973,93610,0.5,5.32
eb4e89a1409d37e2,4,512,0.001,820420d91a91a1ca,38,13908,38.0,366,0.06840733688100765,0.8057852654254771,0.8038399612837498,0.22783579962374287,0.20802527557338216,93610,0.5,5.32
eb4e89a1409d37e2,4,512,0.001,820420d91a91a1ca,39,14274,39.0,366,0.06676879159780473,0.8049237979015793,0.8025538309697843,0.22959672245984528,0.2106833526630212,93610,0.5,5.4
eb4e89a1409d37e2,4,512,0.001,820420d91a91a1ca,40,14640,40.0,366,0.06318761006282653,0.8033852718117419,0.8002034449570248,0.23161218185356355,0.21372795673135178,93610,0.5,5.29
eb4e89a1409d37e2,4,512,0.001,820420d91a91a1ca,41,15006,41.0,366,0.060843138848660425,0.8037518587787053,0.804201635678949,0.2289882897229199,0.21091093291988436,93610,0.5,5.07
eb4e89a1409d37e2,4,512,0.001,820420d91a91a1ca,42,15372,42.0,366,0.058431036164729645,0.8041082642115045,0.8033048774265571,0.22897974732355944,0.21163577247918106,93610,0.5,5.33
eb4e89a1409d37e2,4,512,0.001,820420d91a91a1ca,43,15738,43.0,366,0.0581967711621702,0.8028458078191122,0.8023704950366446,0.23005475606503561,0.21276226945078144,93610,0.5,5.37
eb4e89a1409d37e2,4,512,0.001,820420d91a91a1ca,44,16104,44.0,366,0.05592072557128681,0.8006476050555388,0.800201644854065,0.23183690739721644,0.21439290726926535,93610,0.5,5.31
eb4e89a1409d37e2,4,512,0.001,820420d91a91a1ca,45,16470,45.0,366,0.05253862550410905,0.804135395720395,0.8020446186570207,0.23231739332258947,0.21701372110598682,93610,0.5,5.32
eb4e89a1409d37e2,4,512,0.001,820420d91a91a1ca,46,16836,46.0,366,0.05164755653854602,0.8032257379770938,0.7998410662233275,0.23481173722170146,0.2183594417481362,93610,0.5,5.3
eb4e89a1409d37e2,4,512,0.001,820420d91a91a1ca,47,17202,47.0,366,0.04899311622940614,0.8025107298549665,0.8007774075689524,0.23348849884385578,0.21850928147480228,93610,0.5,5.23
eb4e89a1409d37e2,4,512,0.001,820420d91a91a1ca,48,17568,48.0,366,0.047643282043600015,0.8041504999642274,0.8017964285770123,0.2322175829809732,0.2169144286590708,93610,0.5,5.23
eb4e89a1409d37e2,4,512,0.001,820420d91a91a1ca,49,17934,49.0,366,0.046613166805947084,0.8040173611027486,0.8032335459217573,0.23088236952993196,0.21564797214024456,93610,0.5,5.32
eb4e89a1409d37e2,4,512,0.001,820420d91a91a1ca,50,18300,50.0,366,0.04494475289833187,0.8054934849229434,0.8046858444315053,0.23107803985381625,0.21621675971778068,93610,0.5,5.32
eb4e89a1409d37e2,4,512,0.001,820420d91a91a1ca,51,18666,51.0,366,0.044561571721496475,0.803535059586555,0.8030077317126731,0.23212923449560866,0.21760211385852687,93610,0.5,5.41
eb4e89a1409d37e2,4,512,0.001,820420d91a91a1ca,52,19032,52.0,366,0.0433214177718498,0.8031534124946254,0.8028028931422753,0.2325228090499653,0.21839142283350982,93610,0.5,5.33
eb4e89a1409d37e2,4,512,0.001,820420d91a91a1ca,53,19398,53.0,366,0.04240070153638476,0.8022560420548714,0.8010900902688756,0.2346073121653449,0.2208955301120097,93610,0.5,5.34
eb4e89a1409d37e2,4,512,0.001,820420d91a91a1ca,54,19764,54.0,366,0.04151391850713172,0.8029967318926855,0.8013696110872648,0.23444307878402346,0.22027591304893226,93610,0.5,5.29
eb4e89a1409d37e2,4,512,0.001,820420d91a91a1ca,55,20130,55.0,366,0.04132373395370818,0.8032520478517441,0.8019933402581113,0.2339530137393809,0.2200917123049426,93610,0.5,5.13
eb4e89a1409d37e2,4,512,0.001,820420d91a91a1ca,56,20496,56.0,366,0.04133866546940201,0.8030489244507293,0.8019033828115913,0.23390871123680623,0.22013898504107704,93610,0.5,5.35
eb4e89a1409d37e2,4,512,0.001,820420d91a91a1ca,57,20862,57.0,366,0.04043247188884215,0.8032566361314601,0.8018381723872126,0.233939183531871,0.2201575449166147,93610,0.5,5.32
eb4e89a1409d37e2,4,512,0.001,820420d91a91a1ca,58,21228,58.0,366,0.039961970212762474,0.8026095231619029,0.8016395459636845,0.23395322418460734,0.22025276657415788,93610,0.5,5.3
eb4e89a1409d37e2,4,512,0.001,820420d91a91a1ca,59,21594,59.0,366,0.040373501673218654,0.8027160772156253,0.8020787137984762,0.2335598223520267,0.2197035774337769,93610,0.5,4.99
eb4e89a1409d37e2,4,512,0.001,820420d91a91a1ca,60,21960,60.0,366,0.04052009979069559,0.8026716349517317,0.8020227191161178,0.23361020410394814,0.21980755301783092,93610,0.5,5.03
0ee247cfc4078dbf,0,512,0.001,14c510aa300bcc14,1,366,1.0,366,0.6130557844384772,0.7734501480393582,0.7750765339895077,0.1958949971509055,0.05015832759067257,93610,0.5,6.43
0ee247cfc4078dbf,0,512,0.001,14c510aa300bcc14,2,732,2.0,366,0.4701980340187667,0.8003665277389659,0.8050676924415795,0.1835779247037113,0.05287294623449467,93610,0.5,5.85
0ee247cfc4078dbf,0,512,0.001,14c510aa300bcc14,3,1098,3.0,366,0.38135796915637993,0.7940867495817027,0.7960523397452748,0.1951251267532929,0.09903494014415354,93610,0.5,5.66
0ee247cfc4078dbf,0,512,0.001,14c510aa300bcc14,4,1464,4.0,366,0.32505655345695267,0.8149264387448859,0.8191866469745552,0.18404199837701696,0.09554001048580603,93610,0.5,5.96
0ee247cfc4078dbf,0,512,0.001,14c510aa300bcc14,5,1830,5.0,366,0.2823627241403679,0.8191719814149514,0.8237891151651758,0.18437302196924715,0.1122874322718397,93610,0.5,5.92
0ee247cfc4078dbf,0,512,0.001,14c510aa300bcc14,6,2196,6.0,366,0.24939577546113176,0.8119095312985786,0.8130803364359794,0.1991500795637024,0.1381831398633766,93610,0.5,5.9
0ee247cfc4078dbf,0,512,0.001,14c510aa300bcc14,7,2562,7.0,366,0.22375279457354155,0.814163991415813,0.8140811023869783,0.19386216554677851,0.12871368392436874,93610,0.5,5.9
0ee247cfc4078dbf,0,512,0.001,14c510aa300bcc14,8,2928,8.0,366,0.20043995577455218,0.820750980374904,0.820373486558073,0.1910706395002919,0.13247275295633984,93610,0.5,5.83
0ee247cfc4078dbf,0,512,0.001,14c510aa300bcc14,9,3294,9.0,366,0.1819851089452134,0.8235759479335748,0.819805261132414,0.1929690129773577,0.1380379149906462,93610,0.5,5.91
0ee247cfc4078dbf,0,512,0.001,14c510aa300bcc14,10,3660,10.0,366,0.16672800118968786,0.8226689374860282,0.8226002061593762,0.19543714993919856,0.1509320828464573,93610,0.5,5.92
0ee247cfc4078dbf,0,512,0.001,14c510aa300bcc14,11,4026,11.0,366,0.15338310043587058,0.8291615191172401,0.8309971505673377,0.19456708082486363,0.15874185574640767,93610,0.5,5.92
0ee247cfc4078dbf,0,512,0.001,14c510aa300bcc14,12,4392,12.0,366,0.14008140545643744,0.8340549879450525,0.8290649843673257,0.19545155400052236,0.1579777341741275,93610,0.5,5.98
0ee247cfc4078dbf,0,512,0.001,14c510aa300bcc14,13,4758,13.0,366,0.12986805892544365,0.8348226005090281,0.8315263623503638,0.19361097976990313,0.15778760834359792,93610,0.5,5.92
0ee247cfc4078dbf,0,512,0.001,14c510aa300bcc14,14,5124,14.0,366,0.12205855238958786,0.8296604763405931,0.829039395379948,0.202973525385642,0.17342299006994438,93610,0.5,5.83
0ee247cfc4078dbf,0,512,0.001,14c510aa300bcc14,15,5490,15.0,366,0.11210542376779142,0.8303698914749298,0.82653395607112,0.20124494159206047,0.16898283128815905,93610,0.5,5.95
0ee247cfc4078dbf,0,512,0.001,14c510aa300bcc14,16,5856,16.0,366,0.10309920858978573,0.8214924982659421,0.8179822025803736,0.2144039341123663,0.18739632931729788,93610,0.5,5.92
0ee247cfc4078dbf,0,512,0.001,14c510aa300bcc14,17,6222,17.0,366,0.09683488925175915,0.8373818540204965,0.8376334701197801,0.19710430290952727,0.17246375329736383,93610,0.5,5.89
0ee247cfc4078dbf,0,512,0.001,14c510aa300bcc14,18,6588,18.0,366,0.09012886622279394,0.8349733075712829,0.8332744410337384,0.20345449906491445,0.18130874786723195,93610,0.5,5.92
0ee247cfc4078dbf,0,512,0.001,14c510aa300bcc14,19,6954,19.0,366,0.08507526652694074,0.8331738931226541,0.8359939052124484,0.20079284725628047,0.17765197807333685,93610,0.5,5.74
0ee247cfc4078dbf,0,512,0.001,14c510aa300bcc14,20,7320,20.0,366,0.07870315733910259,0.8236701118760275,0.8260644416546563,0.21141471430474104,0.18735643117079362,93610,0.5,5.83
0ee247cfc4078dbf,0,512,0.001,14c510aa300bcc14,21,7686,21.0,366,0.07460479516169576,0.8270810861965675,0.8314774836322608,0.21314078752281748,0.19257196188646747,93610,0.5,5.6
0ee247cfc4078dbf,0,512,0.001,14c510aa300bcc14,22,8052,22.0,366,0.07077973493746395,0.828014787133569,0.8282023568613165,0.20954414037289146,0.1871735210656484,93610,0.5,5.57
0ee247cfc4078dbf,0,512,0.001,14c510aa300bcc14,23,8418,23.0,366,0.06589851926381145,0.827956877213313,0.830642225588232,0.21705763620765037,0.20024246468519144,93610,0.5,5.75
0ee247cfc4078dbf,0,512,0.001,14c510aa300bcc14,24,8784,24.0,366,0.0624863004281384,0.8271224635805173,0.8266569108405033,0.21676219198260738,0.19636217140105858,93610,0.5,5.89
0ee247cfc4078dbf,0,512,0.001,14c510aa300bcc14,25,9150,25.0,366,0.05902707588456856,0.8224330474454555,0.8172127253242705,0.22855575027940817,0.2124018440885477,93610,0.5,5.9
0ee247cfc4078dbf,0,512,0.001,14c510aa300bcc14,26,9516,26.0,366,0.05535851843410828,0.8270856730259646,0.830123160981254,0.21664978199291454,0.19775127952951108,93610,0.5,5.91
0ee247cfc4078dbf,0,512,0.001,14c510aa300bcc14,27,9882,27.0,366,0.05086284224961787,0.831168981381923,0.8347092643712757,0.2134995768000849,0.1951656799218402,93610,0.5,5.9
0ee247cfc4078dbf,0,512,0.001,14c510aa300bcc14,28,10248,28.0,366,0.04969993531398597,0.8237927545725021,0.8258564506787709,0.21963927884722326,0.20120960280577643,93610,0.5,5.89
0ee247cfc4078dbf,0,512,0.001,14c510aa300bcc14,29,10614,29.0,366,0.04699734373455816,0.8302849113768344,0.8319968050055415,0.21765569920559302,0.20024613200842023,93610,0.5,5.86
0ee247cfc4078dbf,0,512,0.001,14c510aa300bcc14,30,10980,30.0,366,0.04454436162333997,0.8195689664003459,0.8185192709557907,0.22785322699814917,0.21248301930380364,93610,0.5,5.96
0ee247cfc4078dbf,0,512,0.001,14c510aa300bcc14,31,11346,31.0,366,0.04169238566884089,0.8284085692024973,0.8316715770464209,0.2179921942682475,0.20337022559197387,93610,0.5,5.92
0ee247cfc4078dbf,0,512,0.001,14c510aa300bcc14,32,11712,32.0,366,0.0401880615568959,0.8252096512402386,0.8254008762760615,0.22537870765410825,0.20876465253783513,93610,0.5,5.89
0ee247cfc4078dbf,0,512,0.001,14c510aa300bcc14,33,12078,33.0,366,0.03623043004006066,0.8206547316579682,0.825996742537153,0.2248491997695462,0.2093060550903558,93610,0.5,5.87
0ee247cfc4078dbf,0,512,0.001,14c510aa300bcc14,34,12444,34.0,366,0.034626293848548595,0.8242806998761885,0.825123655170798,0.2306233829336844,0.2182312723226415,93610,0.5,5.97
0ee247cfc4078dbf,0,512,0.001,14c510aa300bcc14,35,12810,35.0,366,0.03367214843559542,0.8210861578801517,0.8229383470670402,0.2287929561857662,0.21238594670161026,93610,0.5,5.89
0ee247cfc4078dbf,0,512,0.001,14c510aa300bcc14,36,13176,36.0,366,0.03147387341214496,0.8233789468079944,0.8208670676230349,0.2324582423836423,0.21980826582829355,93610,0.5,5.78
0ee247cfc4078dbf,0,512,0.001,14c510aa300bcc14,37,13542,37.0,366,0.02938008553328125,0.8268584637897604,0.8286125740101765,0.22579563497311583,0.2072688085766986,93610,0.5,5.85
0ee247cfc4078dbf,0,512,0.001,14c510aa300bcc14,38,13908,38.0,366,0.028068002575468983,0.8217535895405248,0.8242090200495797,0.226882313465067,0.20978331659140828,93610,0.5,5.97
0ee247cfc4078dbf,0,512,0.001,14c510aa300bcc14,39,14274,39.0,366,0.02689338852956769,0.8246692812742161,0.8245288294408837,0.226442016885085,0.20760856765320948,93610,0.5,5.89
0ee247cfc4078dbf,0,512,0.001,14c510aa300bcc14,40,14640,40.0,366,0.02449667445623158,0.8258631217212916,0.8287061971665529,0.2283920331776611,0.21330202589411876,93610,0.5,5.88
0ee247cfc4078dbf,0,512,0.001,14c510aa300bcc14,41,15006,41.0,366,0.023714485085859407,0.8211061583955486,0.8266533727149696,0.22994794132331653,0.21330008661833022,93610,0.5,5.99
0ee247cfc4078dbf,0,512,0.001,14c510aa300bcc14,42,15372,42.0,366,0.022865837647279348,0.824136579130605,0.8269840785834525,0.23014681816328986,0.21560073785724512,93610,0.5,5.7
0ee247cfc4078dbf,0,512,0.001,14c510aa300bcc14,43,15738,43.0,366,0.02144338290939932,0.8218907846327446,0.8279000541388897,0.2289584223117339,0.21114878527759254,93610,0.5,5.89
0ee247cfc4078dbf,0,512,0.001,14c510aa300bcc14,44,16104,44.0,366,0.019841238535696366,0.82461576392545,0.8298340688280448,0.22595395572851715,0.21024616444643737,93610,0.5,5.81
0ee247cfc4078dbf,0,512,0.001,14c510aa300bcc14,45,16470,45.0,366,0.01941860210954573,0.8246205288601862,0.8283189917561014,0.22846667957270186,0.21190790790071518,93610,0.5,5.64
0ee247cfc4078dbf,0,512,0.001,14c510aa300bcc14,46,16836,46.0,366,0.018074382254294034,0.8238273115965075,0.8265433984521968,0.23082498107530275,0.21611003891942926,93610,0.5,5.63
0ee247cfc4078dbf,0,512,0.001,14c510aa300bcc14,47,17202,47.0,366,0.017286854221032617,0.8223212427915929,0.8257955219751387,0.232036163116322,0.21730379250253942,93610,0.5,5.57
739e366d308e3873,1,512,0.001,14c510aa300bcc14,1,366,1.0,366,0.619615003385179,0.763849829474698,0.762808059964997,0.19865014320344107,0.02971202106263909,93610,0.5,6.04
739e366d308e3873,1,512,0.001,14c510aa300bcc14,2,732,2.0,366,0.47388327423014925,0.7955542835695787,0.7950171846839335,0.18833093949930937,0.05455565298247407,93610,0.5,5.59
739e366d308e3873,1,512,0.001,14c510aa300bcc14,3,1098,3.0,366,0.38194740738699345,0.807403302333783,0.8107024969701291,0.18269500077611223,0.06741551953637803,93610,0.5,5.81
739e366d308e3873,1,512,0.001,14c510aa300bcc14,4,1464,4.0,366,0.32258910095431115,0.8098725861030225,0.8103219912201672,0.1895468949376714,0.10654555420015561,93610,0.5,5.94
739e366d308e3873,1,512,0.001,14c510aa300bcc14,5,1830,5.0,366,0.28304908098907416,0.8098725098615964,0.8069915572158457,0.19431590099279586,0.11873340623269857,93610,0.5,5.74
739e366d308e3873,1,512,0.001,14c510aa300bcc14,6,2196,6.0,366,0.24851650976743855,0.8181730873498473,0.813717527692902,0.19237195999315662,0.12364071611497791,93610,0.5,5.87
739e366d308e3873,1,512,0.001,14c510aa300bcc14,7,2562,7.0,366,0.22199269465572846,0.8262824813529971,0.8206036094198359,0.19262625959683796,0.13422002995105825,93610,0.5,5.88
739e366d308e3873,1,512,0.001,14c510aa300bcc14,8,2928,8.0,366,0.20128520586288692,0.8197883946263315,0.8157926164076567,0.1979427542754977,0.1424275390826167,93610,0.5,5.94
739e366d308e3873,1,512,0.001,14c510aa300bcc14,9,3294,9.0,366,0.18372876498379995,0.829022475549329,0.8218890130281054,0.19318548245287875,0.14119147569616275,93610,0.5,5.83
739e366d308e3873,1,512,0.001,14c510aa300bcc14,10,3660,10.0,366,0.16895961101915016,0.8171836277420182,0.8168887923802626,0.20448335032491996,0.1634790357348125,93610,0.5,5.87
739e366d308e3873,1,512,0.001,14c510aa300bcc14,11,4026,11.0,366,0.15490294911496627,0.8250204745862646,0.8157243423618719,0.20503022390754602,0.1651728008455777,93610,0.5,5.87
739e366d308e3873,1,512,0.001,14c510aa300bcc14,12,4392,12.0,366,0.14437176075463737,0.8283985732502211,0.8179192784031546,0.20285305402274337,0.16116960641433775,93610,0.5,5.94
739e366d308e3873,1,512,0.001,14c510aa300bcc14,13,4758,13.0,366,0.13421290943938527,0.8250329419706799,0.8200757695676949,0.20611074644847674,0.1763076607607949,93610,0.5,5.86
739e366d308e3873,1,512,0.001,14c510aa300bcc14,14,5124,14.0,366,0.12459683108850907,0.8236882900643174,0.8131847134215889,0.20844125877503902,0.17373499480251864,93610,0.5,5.83
739e366d308e3873,1,512,0.001,14c510aa300bcc14,15,5490,15.0,366,0.11645405939042243,0.8314442986571069,0.8216892817106469,0.2103050687949784,0.18143851950637585,93610,0.5,5.85
739e366d308e3873,1,512,0.001,14c510aa300bcc14,16,5856,16.0,366,0.10949286810361622,0.8263551221515637,0.820292189553649,0.21306597965509325,0.18559364751798346,93610,0.5,5.92
739e366d308e3873,1,512,0.001,14c510aa300bcc14,17,6222,17.0,366,0.10247563879143019,0.8330577708489852,0.8249673675705826,0.20536241079336262,0.1770538804330315,93610,0.5,5.85
739e366d308e3873,1,512,0.001,14c510aa300bcc14,18,6588,18.0,366,0.09461721742291594,0.8379722684073767,0.8320899623307857,0.20315536498126918,0.17697288311552406,93610,0.5,5.89
739e366d308e3873,1,512,0.001,14c510aa300bcc14,19,6954,19.0,366,0.08936006976851349,0.8306220930505743,0.8211785648614675,0.21642506919233334,0.19353631198076213,93610,0.5,5.88
739e366d308e3873,1,512,0.001,14c510aa300bcc14,20,7320,20.0,366,0.08419726215954361,0.8265069418576718,0.8204987383017416,0.21323258035244508,0.19009302971245196,93610,0.5,5.91
739e366d308e3873,1,512,0.001,14c510aa300bcc14,21,7686,21.0,366,0.07937009976616974,0.8306804744214783,0.8207971988873324,0.21120605444802698,0.18897825312654795,93610,0.5,5.88
739e366d308e3873,1,512,0.001,14c510aa300bcc14,22,8052,22.0,366,0.07456868920536315,0.8305913888042868,0.8267118061066125,0.21041207951684052,0.18978249417873927,93610,0.5,5.83
739e366d308e3873,1,512,0.001,14c510aa300bcc14,23,8418,23.0,366,0.06953144603271465,0.8353322960879948,0.8268878923287826,0.21300716523231913,0.1941962341947275,93610,0.5,5.61
739e366d308e3873,1,512,0.001,14c510aa300bcc14,24,8784,24.0,366,0.06675017074442627,0.8369930327856598,0.8250467556031342,0.21813325697735453,0.19653825424284985,93610,0.5,5.54
739e366d308e3873,1,512,0.001,14c510aa300bcc14,25,9150,25.0,366,0.06223087805664279,0.8335619550937998,0.827515701230884,0.2102193190999043,0.19417434792978017,93610,0.5,5.66
739e366d308e3873,1,512,0.001,14c510aa300bcc14,26,9516,26.0,366,0.05875734985892564,0.8350056622964557,0.8268239976890577,0.2143058286719654,0.19666251418431363,93610,0.5,5.76
739e366d308e3873,1,512,0.001,14c510aa300bcc14,27,9882,27.0,366,0.055815663753596485,0.8349123536082337,0.8246800216564687,0.21705988997990835,0.19693967556120448,93610,0.5,5.91
739e366d308e3873,1,512,0.001,14c510aa300bcc14,28,10248,28.0,366,0.05215492868500818,0.8353119879035393,0.8287072372412568,0.21539368498729505,0.19941907795117705,93610,0.5,5.66
739e366d308e3873,1,512,0.001,14c510aa300bcc14,29,10614,29.0,366,0.050840994083612666,0.8335249739657097,0.8236161503083005,0.2236422476432858,0.20595726238220324,93610,0.5,5.67
739e366d308e3873,1,512,0.001,14c510aa300bcc14,30,10980,30.0,366,0.04689068126344616,0.8372110348446872,0.8287352642532089,0.21700015684916632,0.19867447692876994,93610,0.5,5.74
739e366d308e3873,1,512,0.001,14c510aa300bcc14,31,11346,31.0,366,0.044603783968082865,0.835751141450387,0.8276925892486289,0.2175433298549713,0.20143230161049724,93610,0.5,5.66
739e366d308e3873,1,512,0.001,14c510aa300bcc14,32,11712,32.0,366,0.042535281892804824,0.8367328883462052,0.8285273725602936,0.21755772611566834,0.2017000431558317,93610,0.5,5.84
739e366d308e3873,1,512,0.001,14c510aa300bcc14,33,12078,33.0,366,0.03930452734466052,0.8358321071090913,0.828577697157977,0.2161889434229808,0.2027067121688052,93610,0.5,5.71
739e366d308e3873,1,512,0.001,14c510aa300bcc14,34,12444,34.0,366,0.036869569091238286,0.8327550942046986,0.8262230759847606,0.2220303882371784,0.20800818876667307,93610,0.5,5.73
739e366d308e3873,1,512,0.001,14c510aa300bcc14,35,12810,35.0,366,0.03442438839441114,0.8368328365636274,0.8304305104738913,0.2180617003272056,0.2060681949708636,93610,0.5,5.86
739e366d308e3873,1,512,0.001,14c510aa300bcc14,36,13176,36.0,366,0.033302719180619784,0.8342947359483751,0.8258578981560082,0.22024756882265586,0.20385709306756986,93610,0.5,5.77
739e366d308e3873,1,512,0.001,14c510aa300bcc14,37,13542,37.0,366,0.03218869013263961,0.8361884697126053,0.8278136763569851,0.2165964647021464,0.20531818207888541,93610,0.5,5.82
739e366d308e3873,1,512,0.001,14c510aa300bcc14,38,13908,38.0,366,0.02999578854781601,0.833984873063595,0.8250750706498189,0.22128503797512916,0.20802258315776706,93610,0.5,5.93
739e366d308e3873,1,512,0.001,14c510aa300bcc14,39,14274,39.0,366,0.02779821032286708,0.8317541393690465,0.82402899468997,0.22303854291850228,0.20899081194626956,93610,0.5,5.75
739e366d308e3873,1,512,0.001,14c510aa300bcc14,40,14640,40.0,366,0.02707248560885792,0.8343733126222229,0.8296695827368414,0.21792973508987296,0.20646969451623381,93610,0.5,5.55
739e366d308e3873,1,512,0.001,14c510aa300bcc14,41,15006,41.0,366,0.02464848237437873,0.8359758557958855,0.831904451073529,0.21614825520079473,0.20667464618939405,93610,0.5,5.55
739e366d308e3873,1,512,0.001,14c510aa300bcc14,42,15372,42.0,366,0.022757895051659455,0.8349068823647088,0.8294865079065021,0.2205423747505905,0.20935479324430023,93610,0.5,5.64
739e366d308e3873,1,512,0.001,14c510aa300bcc14,43,15738,43.0,366,0.02250895770444774,0.8325983839218296,0.8274074323528349,0.22261113724501375,0.21027653196748122,93610,0.5,5.74
739e366d308e3873,1,512,0.001,14c510aa300bcc14,44,16104,44.0,366,0.02166757953373583,0.8338577880978277,0.826926808970812,0.22098180409067367,0.21040658508088356,93610,0.5,5.72
739e366d308e3873,1,512,0.001,14c510aa300bcc14,45,16470,45.0,366,0.020028223240330732,0.8330966573789022,0.8253719924634867,0.22545067721092427,0.20909631076432078,93610,0.5,5.87
739e366d308e3873,1,512,0.001,14c510aa300bcc14,46,16836,46.0,366,0.01868496008746611,0.8314269276582695,0.8262031182818167,0.2238474356931146,0.21338284200532093,93610,0.5,5.55
739e366d308e3873,1,512,0.001,14c510aa300bcc14,47,17202,47.0,366,0.018308279935341797,0.8313727234609584,0.8269137561131634,0.22500357738693888,0.21361854601953276,93610,0.5,5.72
739e366d308e3873,1,512,0.001,14c510aa300bcc14,48,17568,48.0,366,0.016935125843219743,0.8318812644085248,0.8285024539041437,0.2228054765596616,0.21418693223530041,93610,0.5,5.87
8761a495a8818077,2,512,0.001,14c510aa300bcc14,1,366,1.0,366,0.6182054365104664,0.7630715710661132,0.7787876316835969,0.1920195564655634,0.018064262940341528,93610,0.5,6.06
8761a495a8818077,2,512,0.001,14c510aa300bcc14,2,732,2.0,366,0.4738536989265452,0.8071737713459431,0.810722386202059,0.18153344133430782,0.06138639820226412,93610,0.5,5.56
8761a495a8818077,2,512,0.001,14c510aa300bcc14,3,1098,3.0,366,0.3946636241804707,0.8256870323866119,0.8301027034399071,0.17289625249561344,0.07068073392358283,93610,0.5,5.56
8761a495a8818077,2,512,0.001,14c510aa300bcc14,4,1464,4.0,366,0.34199295726304496,0.8222371358772326,0.8198830626915699,0.18089407149536646,0.08701186400554531,93610,0.5,5.65
8761a495a8818077,2,512,0.001,14c510aa300bcc14,5,1830,5.0,366,0.2993561989866971,0.819124126556062,0.8218215024341275,0.18310862828327315,0.09912262728936451,93610,0.5,5.7
8761a495a8818077,2,512,0.001,14c510aa300bcc14,6,2196,6.0,366,0.2650192471149841,0.8241908991135332,0.8216727982269567,0.18966853142296383,0.12071413513823154,93610,0.5,5.87
8761a495a8818077,2,512,0.001,14c510aa300bcc14,7,2562,7.0,366,0.23610695410784477,0.8171199598684018,0.8187432122544034,0.18921092937979567,0.12369646487092999,93610,0.5,5.63
8761a495a8818077,2,512,0.001,14c510aa300bcc14,8,2928,8.0,366,0.21160536202413788,0.8183765878058276,0.8199364947321084,0.19212811866037338,0.13728611263964174,93610,0.5,5.92
8761a495a8818077,2,512,0.001,14c510aa300bcc14,9,3294,9.0,366,0.19123337022919473,0.8202028998047075,0.8144270389478305,0.20133178730096485,0.1528826490141169,93610,0.5,5.69
8761a495a8818077,2,512,0.001,14c510aa300bcc14,10,3660,10.0,366,0.17392242927857435,0.822715503790604,0.8155222022341384,0.20003124819016818,0.15149773327285898,93610,0.5,5.85
8761a495a8818077,2,512,0.001,14c510aa300bcc14,11,4026,11.0,366,0.16066010324844246,0.8246846051345204,0.819692980994124,0.1975027403874807,0.152100047773168,93610,0.5,5.88
8761a495a8818077,2,512,0.001,14c510aa300bcc14,12,4392,12.0,366,0.14690690723761834,0.8275823543714009,0.8251348743746899,0.1948423775075442,0.1560508703727068,93610,0.5,5.76
8761a495a8818077,2,512,0.001,14c510aa300bcc14,13,4758,13.0,366,0.13483193286699677,0.8195746542173198,0.8195045460245667,0.20308684478424333,0.16658886805868275,93610,0.5,5.9
8761a495a8818077,2,512,0.001,14c510aa300bcc14,14,5124,14.0,366,0.12489339163720282,0.8280095668895353,0.8246982506945444,0.19579005101251667,0.15921008483784416,93610,0.5,5.87
8761a495a8818077,2,512,0.001,14c510aa300bcc14,15,5490,15.0,366,0.11678808438973348,0.8260223916386605,0.8204205247753178,0.20624323780797355,0.17616920332048955,93610,0.5,5.71
8761a495a8818077,2,512,0.001,14c510aa300bcc14,16,5856,16.0,366,0.10748614749458969,0.82038235036177,0.8176912863593495,0.20483525617808063,0.17159527521321152,93610,0.5,5.63
8761a495a8818077,2,512,0.001,14c510aa300bcc14,17,6222,17.0,366,0.10174720266151949,0.8245220586198282,0.8249104663319979,0.2031011416988704,0.17442745290884076,93610,0.5,5.61
8761a495a8818077,2,512,0.001,14c510aa300bcc14,18,6588,18.0,366,0.09307892321318877,0.8229876608276719,0.8209061862545558,0.20476304672162124,0.1804024203063337,93610,0.5,5.54
8761a495a8818077,2,512,0.001,14c510aa300bcc14,19,6954,19.0,366,0.0886613498416429,0.8230160701071831,0.8195179072300153,0.20654718968110197,0.18172881977828823,93610,0.5,5.66
8761a495a8818077,2,512,0.001,14c510aa300bcc14,20,7320,20.0,366,0.08324485651823015,0.8226417721135907,0.8215050745979716,0.2101759575025046,0.1843124348114441,93610,0.5,5.93
8761a495a8818077,2,512,0.001,14c510aa300bcc14,21,7686,21.0,366,0.07677984380168341,0.8199873045165468,0.8175803372975731,0.20991230339857575,0.18523161358352747,93610,0.5,5.6
8761a495a8818077,2,512,0.001,14c510aa300bcc14,22,8052,22.0,366,0.07332051280743437,0.8215261476877407,0.822360143360501,0.21319614684231253,0.19122631006613736,93610,0.5,5.77
8761a495a8818077,2,512,0.001,14c510aa300bcc14,23,8418,23.0,366,0.06773932350422841,0.8215294548345575,0.8181790145220288,0.2115436311803606,0.19109518772813053,93610,0.5,5.7
8761a495a8818077,2,512,0.001,14c510aa300bcc14,24,8784,24.0,366,0.06401755624130125,0.8239151984057891,0.8230126965459033,0.2136858308488453,0.19524743483030718,93610,0.5,5.54
8761a495a8818077,2,512,0.001,14c510aa300bcc14,25,9150,25.0,366,0.06105367402683516,0.8202904693319222,0.8180050506730581,0.21747201185084858,0.19708318548771256,93610,0.5,5.67
8761a495a8818077,2,512,0.001,14c510aa300bcc14,26,9516,26.0,366,0.05593938569288925,0.8191347996352493,0.8208189849945887,0.21613255049512775,0.19777789424494668,93610,0.5,5.7
8761a495a8818077,2,512,0.001,14c510aa300bcc14,27,9882,27.0,366,0.055000370129169335,0.8159778898279135,0.8167590302226605,0.21631389822537578,0.19854645839652096,93610,0.5,5.54
8761a495a8818077,2,512,0.001,14c510aa300bcc14,28,10248,28.0,366,0.05090595073387271,0.8192675330139791,0.8211039620398524,0.21381289461526615,0.1970040062297233,93610,0.5,5.54
8761a495a8818077,2,512,0.001,14c510aa300bcc14,29,10614,29.0,366,0.04837993629113898,0.8276374569474054,0.8305417934459796,0.20276879212447388,0.18504496450085783,93610,0.5,5.53
8761a495a8818077,2,512,0.001,14c510aa300bcc14,30,10980,30.0,366,0.046181463208965594,0.8217796713079345,0.8238617576616584,0.20818837625800818,0.19236696120325406,93610,0.5,5.9
8761a495a8818077,2,512,0.001,14c510aa300bcc14,31,11346,31.0,366,0.04301279715053696,0.8224011612398379,0.8237889442158775,0.21161065886248262,0.19737766104822654,93610,0.5,5.76
8761a495a8818077,2,512,0.001,14c510aa300bcc14,32,11712,32.0,366,0.04131263153770012,0.8226789169553274,0.8207157498772572,0.2182114729826855,0.20146285255754168,93610,0.5,5.54
8761a495a8818077,2,512,0.001,14c510aa300bcc14,33,12078,33.0,366,0.03835909321008484,0.8213006543185892,0.8233891166304556,0.21076258132249678,0.1954246681916645,93610,0.5,5.74
8761a495a8818077,2,512,0.001,14c510aa300bcc14,34,12444,34.0,366,0.03653746127542821,0.8257870516835386,0.8288266299202516,0.2075551085785935,0.1938956640006963,93610,0.5,5.72
8761a495a8818077,2,512,0.001,14c510aa300bcc14,35,12810,35.0,366,0.03350010278375178,0.8202000092468671,0.8206100968201822,0.21889301918392023,0.20358000617517702,93610,0.5,5.87
8761a495a8818077,2,512,0.001,14c510aa300bcc14,36,13176,36.0,366,0.03250337644515793,0.82231202066158,0.8249881658693425,0.213032754187481,0.2010584466974783,93610,0.5,5.88
8761a495a8818077,2,512,0.001,14c510aa300bcc14,37,13542,37.0,366,0.03058637451899589,0.8290067950904503,0.8305969096452277,0.20554128073362352,0.19199883275556354,93610,0.5,5.83
8761a495a8818077,2,512,0.001,14c510aa300bcc14,38,13908,38.0,366,0.02825869447195424,0.8222143323865667,0.8200981497751167,0.220874660101819,0.2075112243809213,93610,0.5,5.89
8761a495a8818077,2,512,0.001,14c510aa300bcc14,39,14274,39.0,366,0.027303919147781498,0.824230102636686,0.8266372945796828,0.21325915163435766,0.2026845998702448,93610,0.5,5.78
8761a495a8818077,2,512,0.001,14c510aa300bcc14,40,14640,40.0,366,0.026379006017823933,0.8210669750219762,0.8216676832139691,0.2209759285410455,0.20780022302421336,93610,0.5,5.84
8761a495a8818077,2,512,0.001,14c510aa300bcc14,41,15006,41.0,366,0.023977715795595055,0.8238483817120118,0.8260672215778275,0.21353837937582917,0.203310792475373,93610,0.5,5.86
8761a495a8818077,2,512,0.001,14c510aa300bcc14,42,15372,42.0,366,0.023376872353357534,0.8202325661581444,0.8213619414207423,0.22084843992327324,0.20576283747590135,93610,0.5,5.85
8761a495a8818077,2,512,0.001,14c510aa300bcc14,43,15738,43.0,366,0.022350388157939733,0.8217871652381816,0.8220240339878245,0.22193224970395287,0.20918984263619558,93610,0.5,5.87
8761a495a8818077,2,512,0.001,14c510aa300bcc14,44,16104,44.0,366,0.020916605650706858,0.8206417041711882,0.8250524202101281,0.21441645218193245,0.20415037314637785,93610,0.5,5.57
8761a495a8818077,2,512,0.001,14c510aa300bcc14,45,16470,45.0,366,0.01968503711348186,0.8199894076912555,0.8213797712728057,0.22101156752012305,0.2101286387043818,93610,0.5,5.62
8761a495a8818077,2,512,0.001,14c510aa300bcc14,46,16836,46.0,366,0.018874997887607724,0.8193506672659774,0.8213387598742192,0.22053029760135773,0.2101832104024611,93610,0.5,5.86
8761a495a8818077,2,512,0.001,14c510aa300bcc14,47,17202,47.0,366,0.017498804915370675,0.8185351092633759,0.8201981026202704,0.22245087606197156,0.2111229533721394,93610,0.5,5.86
8761a495a8818077,2,512,0.001,14c510aa300bcc14,48,17568,48.0,366,0.017086359714234216,0.8200377071651281,0.823698325567598,0.21890084511089825,0.21009998547168018,93610,0.5,5.86
8761a495a8818077,2,512,0.001,14c510aa300bcc14,49,17934,49.0,366,0.015470065002182062,0.8194491248055039,0.8218372299978223,0.22148769487074876,0.21217447963506078,93610,0.5,5.77
8761a495a8818077,2,512,0.001,14c510aa300bcc14,50,18300,50.0,366,0.014665301951523768,0.8205928921211167,0.823505264924567,0.2196321856822422,0.2108315344457097,93610,0.5,5.68
8761a495a8818077,2,512,0.001,14c510aa300bcc14,51,18666,51.0,366,0.014837318815703153,0.8201591025375319,0.8235644886999489,0.2191359230827762,0.21107747508617974,93610,0.5,5.69
8761a495a8818077,2,512,0.001,14c510aa300bcc14,52,19032,52.0,366,0.014152828504743635,0.8196131973176343,0.8227181703047808,0.21883096692175869,0.21096542216946276,93610,0.5,5.94
8761a495a8818077,2,512,0.001,14c510aa300bcc14,53,19398,53.0,366,0.01381240860314765,0.8203077336970305,0.8240182002346021,0.21836945563196342,0.21042549877443448,93610,0.5,5.87
8761a495a8818077,2,512,0.001,14c510aa300bcc14,54,19764,54.0,366,0.013712364334175414,0.8195451013894773,0.8229313374610933,0.21969300237801095,0.21173871188990492,93610,0.5,5.76
8761a495a8818077,2,512,0.001,14c510aa300bcc14,55,20130,55.0,366,0.012690491226242214,0.8190864631350555,0.8222933489733303,0.22117615645262156,0.21233056763564465,93610,0.5,5.86
8761a495a8818077,2,512,0.001,14c510aa300bcc14,56,20496,56.0,366,0.013207519342970164,0.8198213237153233,0.8233454494694701,0.21935730359753483,0.21143898117719673,93610,0.5,5.95
8761a495a8818077,2,512,0.001,14c510aa300bcc14,57,20862,57.0,366,0.013019526911049552,0.8193246497034442,0.8225446389643823,0.22066133868446233,0.21256068427867636,93610,0.5,5.87
8761a495a8818077,2,512,0.001,14c510aa300bcc14,58,21228,58.0,366,0.012204522658215805,0.8194178522443949,0.822734170839585,0.2202317080812895,0.2124589701953773,93610,0.5,5.86
8761a495a8818077,2,512,0.001,14c510aa300bcc14,59,21594,59.0,366,0.012246649712324142,0.8193897992026152,0.8227519212652723,0.220225423929325,0.21242999118483324,93610,0.5,5.86
8761a495a8818077,2,512,0.001,14c510aa300bcc14,60,21960,60.0,366,0.013077800213028498,0.8194975061272696,0.8228665056814223,0.22005926373089418,0.2121937991276483,93610,0.5,5.91
aba34ada7055803a,3,512,0.001,14c510aa300bcc14,1,366,1.0,366,0.6087590526036226,0.7713655448932151,0.7753692909396267,0.19450847598970458,0.037165028379714506,93610,0.5,6.14
aba34ada7055803a,3,512,0.001,14c510aa300bcc14,2,732,2.0,366,0.46132538870709844,0.7974809585554632,0.7983168158613926,0.1884125815829942,0.07116458323561699,93610,0.5,5.88
aba34ada7055803a,3,512,0.001,14c510aa300bcc14,3,1098,3.0,366,0.36736125047089624,0.8021794587692473,0.8087999294200786,0.18467964024673386,0.07458534264618921,93610,0.5,5.66
aba34ada7055803a,3,512,0.001,14c510aa300bcc14,4,1464,4.0,366,0.30990049202259773,0.8226189947941257,0.8195956225156933,0.1826616389448966,0.09487941765642587,93610,0.5,5.95
aba34ada7055803a,3,512,0.001,14c510aa300bcc14,5,1830,5.0,366,0.269551954512062,0.8254455884236442,0.8181498488371128,0.18440777739958217,0.10249862764369679,93610,0.5,5.87
aba34ada7055803a,3,512,0.001,14c510aa300bcc14,6,2196,6.0,366,0.23762733607344289,0.8212299063527222,0.8132659933082593,0.19519093751415476,0.1268853925444259,93610,0.5,5.87
aba34ada7055803a,3,512,0.001,14c510aa300bcc14,7,2562,7.0,366,0.20911453375236586,0.8279601223337882,0.8242587722295854,0.18646033076765248,0.12324206419134909,93610,0.5,5.84
aba34ada7055803a,3,512,0.001,14c510aa300bcc14,8,2928,8.0,366,0.18705683559830724,0.8207556623288126,0.821225295872096,0.19563941170249782,0.15127758754562862,93610,0.5,5.94
aba34ada7055803a,3,512,0.001,14c510aa300bcc14,9,3294,9.0,366,0.17035561160800236,0.8306817817617395,0.8248804997644541,0.19361452708681232,0.14951329470679045,93610,0.5,5.82
aba34ada7055803a,3,512,0.001,14c510aa300bcc14,10,3660,10.0,366,0.15558165429882664,0.838909250338782,0.8307307426328525,0.19116687366899635,0.1463647964295659,93610,0.5,5.86
aba34ada7055803a,3,512,0.001,14c510aa300bcc14,11,4026,11.0,366,0.1443994820443659,0.8388310350682685,0.8313493246093349,0.1987218668301259,0.1687441254171269,93610,0.5,5.87
aba34ada7055803a,3,512,0.001,14c510aa300bcc14,12,4392,12.0,366,0.1317809209675411,0.8416524878344361,0.832622774776205,0.19336197347422968,0.16078882587484616,93610,0.5,5.92
aba34ada7055803a,3,512,0.001,14c510aa300bcc14,13,4758,13.0,366,0.12212862731899068,0.8318778047521227,0.8278853118730871,0.1978681147059196,0.1632651176997126,93610,0.5,5.88
aba34ada7055803a,3,512,0.001,14c510aa300bcc14,14,5124,14.0,366,0.11285206111646741,0.8364505777893028,0.8294945767590367,0.19931621845411387,0.1699344348928504,93610,0.5,5.53
aba34ada7055803a,3,512,0.001,14c510aa300bcc14,15,5490,15.0,366,0.10600646154680213,0.837411692110865,0.8344924556981983,0.19666509359524553,0.16995680030471103,93610,0.5,5.68
aba34ada7055803a,3,512,0.001,14c510aa300bcc14,16,5856,16.0,366,0.0969352989859594,0.8311450381902089,0.8269873565191326,0.20837705110262292,0.18452083409806275,93610,0.5,5.76
aba34ada7055803a,3,512,0.001,14c510aa300bcc14,17,6222,17.0,366,0.0931888020958731,0.8314908476506897,0.8299756554733029,0.204410722632375,0.1811830375640375,93610,0.5,5.6
aba34ada7055803a,3,512,0.001,14c510aa300bcc14,18,6588,18.0,366,0.08591396296447744,0.832292055275924,0.8248013372297752,0.2049009103687758,0.17836636805091957,93610,0.5,5.57
aba34ada7055803a,3,512,0.001,14c510aa300bcc14,19,6954,19.0,366,0.08099760498871894,0.8365581971233214,0.8292015977345955,0.2046234548813573,0.1806007949346036,93610,0.5,5.92
aba34ada7055803a,3,512,0.001,14c510aa300bcc14,20,7320,20.0,366,0.07625555976858882,0.8330949085137143,0.8260204857742282,0.20969066694230723,0.18754152753956604,93610,0.5,5.85
aba34ada7055803a,3,512,0.001,14c510aa300bcc14,21,7686,21.0,366,0.07047470150098123,0.8335792070876277,0.8267478723003263,0.2082725751265668,0.18209418004560932,93610,0.5,5.87
aba34ada7055803a,3,512,0.001,14c510aa300bcc14,22,8052,22.0,366,0.06803228568713196,0.8368077676761223,0.8287569928448133,0.21085184792216086,0.18852164059285037,93610,0.5,5.84
aba34ada7055803a,3,512,0.001,14c510aa300bcc14,23,8418,23.0,366,0.06235834023828715,0.8324371825189244,0.8284239838396539,0.21153408270674995,0.1887843650665508,93610,0.5,5.68
aba34ada7055803a,3,512,0.001,14c510aa300bcc14,24,8784,24.0,366,0.05909596985114402,0.8359778930416076,0.8289803288596618,0.2088098324421205,0.1909538723855668,93610,0.5,5.57
aba34ada7055803a,3,512,0.001,14c510aa300bcc14,25,9150,25.0,366,0.05709762479397443,0.8363265624816207,0.8278104363085994,0.2191122237284632,0.20519681070313447,93610,0.5,5.83
aba34ada7055803a,3,512,0.001,14c510aa300bcc14,26,9516,26.0,366,0.053796247848884655,0.8320940691152321,0.827084534462323,0.21208784993715832,0.1950504319057796,93610,0.5,5.94
aba34ada7055803a,3,512,0.001,14c510aa300bcc14,27,9882,27.0,366,0.04966365500694253,0.837951348869986,0.8284355935565626,0.21422314907629858,0.1939812715039425,93610,0.5,5.7
aba34ada7055803a,3,512,0.001,14c510aa300bcc14,28,10248,28.0,366,0.046212823338847346,0.8383127372965554,0.8314448542269799,0.2103202308273412,0.19253052416081268,93610,0.5,5.53
aba34ada7055803a,3,512,0.001,14c510aa300bcc14,29,10614,29.0,366,0.044408299372394065,0.8355925765123726,0.8307413994614823,0.21222497390168107,0.19605794554767692,93610,0.5,5.83
aba34ada7055803a,3,512,0.001,14c510aa300bcc14,30,10980,30.0,366,0.043169803383042576,0.8319619484775828,0.8297833457290594,0.2113444196197417,0.1965685576466367,93610,0.5,5.92
aba34ada7055803a,3,512,0.001,14c510aa300bcc14,31,11346,31.0,366,0.03885649687157628,0.8303372300519751,0.8263868794199538,0.21577587547850632,0.199664129006393,93610,0.5,5.88
aba34ada7055803a,3,512,0.001,14c510aa300bcc14,32,11712,32.0,366,0.03691466985769122,0.8324242259983547,0.8282921951682722,0.22016172704567744,0.20286183112046863,93610,0.5,5.85
aba34ada7055803a,3,512,0.001,14c510aa300bcc14,33,12078,33.0,366,0.035423479299951606,0.8327468897004585,0.8284943839104255,0.21843381217418192,0.2027472836957437,93610,0.5,5.84
aba34ada7055803a,3,512,0.001,14c510aa300bcc14,34,12444,34.0,366,0.033757173453707025,0.8296761618317803,0.8264335586208482,0.2221023492115392,0.2039160161554687,93610,0.5,5.8
aba34ada7055803a,3,512,0.001,14c510aa300bcc14,35,12810,35.0,366,0.030691372584348005,0.8298171674771795,0.8255470041472095,0.22294699959147232,0.20553876532921012,93610,0.5,5.76
aba34ada7055803a,3,512,0.001,14c510aa300bcc14,36,13176,36.0,366,0.02957830273246016,0.8260383511775841,0.8240620397143066,0.22492303555772275,0.21016729131964923,93610,0.5,5.87
aba34ada7055803a,3,512,0.001,14c510aa300bcc14,37,13542,37.0,366,0.027606123455296287,0.8338551013878331,0.8331437141195481,0.21689738888227125,0.2025253945663789,93610,0.5,5.91
aba34ada7055803a,3,512,0.001,14c510aa300bcc14,38,13908,38.0,366,0.026294919942083255,0.8358889568837686,0.832740364841636,0.21661427462509766,0.2045793188388672,93610,0.5,5.75
aba34ada7055803a,3,512,0.001,14c510aa300bcc14,39,14274,39.0,366,0.02504629943051625,0.8326150947319151,0.828294069448164,0.2201908552315469,0.20498660648349284,93610,0.5,5.8
aba34ada7055803a,3,512,0.001,14c510aa300bcc14,40,14640,40.0,366,0.022571968370183406,0.8298786084156918,0.828047915467877,0.22288246990181323,0.20582927747869748,93610,0.5,5.84
aba34ada7055803a,3,512,0.001,14c510aa300bcc14,41,15006,41.0,366,0.02224753986626782,0.8322377901669203,0.8285115673961161,0.22188509820504698,0.20376977186419434,93610,0.5,5.7
aba34ada7055803a,3,512,0.001,14c510aa300bcc14,42,15372,42.0,366,0.020932331551477067,0.8320943076238901,0.8289904538967487,0.22329491975186766,0.20973601781431037,93610,0.5,5.52
e7ff70291f086a01,4,512,0.001,14c510aa300bcc14,1,366,1.0,366,0.6142268408843077,0.7411879257392682,0.7350292237141004,0.20780280192400266,0.03467787198610735,93610,0.5,6.37
e7ff70291f086a01,4,512,0.001,14c510aa300bcc14,2,732,2.0,366,0.48032552476137713,0.8011065405638848,0.803939609432891,0.1839180158839195,0.05560947899793351,93610,0.5,5.72
e7ff70291f086a01,4,512,0.001,14c510aa300bcc14,3,1098,3.0,366,0.38834702651031683,0.8150458069242903,0.8198987416408446,0.1766362476272306,0.061197580981069526,93610,0.5,5.78
e7ff70291f086a01,4,512,0.001,14c510aa300bcc14,4,1464,4.0,366,0.3212262244660998,0.8212743267116533,0.8161242187899503,0.18401050247607556,0.08885792962910713,93610,0.5,5.93
e7ff70291f086a01,4,512,0.001,14c510aa300bcc14,5,1830,5.0,366,0.27665671180994783,0.82004504184198,0.8251125729089344,0.18730651812614796,0.12602165481608255,93610,0.5,5.71
e7ff70291f086a01,4,512,0.001,14c510aa300bcc14,6,2196,6.0,366,0.247032352402562,0.8230126696930935,0.8183157130215926,0.1869905192735928,0.11096631617815285,93610,0.5,5.81
e7ff70291f086a01,4,512,0.001,14c510aa300bcc14,7,2562,7.0,366,0.2212852736314138,0.8239213819597604,0.8155360986546804,0.1897468653668882,0.11663802438040058,93610,0.5,5.81
e7ff70291f086a01,4,512,0.001,14c510aa300bcc14,8,2928,8.0,366,0.19972048793496983,0.8339597599684465,0.8302029913365566,0.18821980740709457,0.14063239445699768,93610,0.5,5.94
e7ff70291f086a01,4,512,0.001,14c510aa300bcc14,9,3294,9.0,366,0.17963673151988802,0.8317015953008486,0.8270902513355243,0.18835229255210553,0.13468848239649558,93610,0.5,5.7
e7ff70291f086a01,4,512,0.001,14c510aa300bcc14,10,3660,10.0,366,0.1663771988671334,0.8291078941021401,0.8228767822676872,0.19816282494905665,0.1572731814195365,93610,0.5,5.54
e7ff70291f086a01,4,512,0.001,14c510aa300bcc14,11,4026,11.0,366,0.15286778929373607,0.8327575561801157,0.8302679634818062,0.18943878308967735,0.14692354299392751,93610,0.5,5.77
e7ff70291f086a01,4,512,0.001,14c510aa300bcc14,12,4392,12.0,366,0.14071735312215616,0.837561489858371,0.8325924432581562,0.18977609117529712,0.1482490674423266,93610,0.5,5.6
e7ff70291f086a01,4,512,0.001,14c510aa300bcc14,13,4758,13.0,366,0.13236101327942368,0.8353596856981269,0.8333733515218213,0.1936659900167994,0.16124103112575736,93610,0.5,5.87
e7ff70291f086a01,4,512,0.001,14c510aa300bcc14,14,5124,14.0,366,0.12227649343469756,0.8406445653009836,0.8367724927652099,0.1903641201482433,0.15705939033597527,93610,0.5,5.83
e7ff70291f086a01,4,512,0.001,14c510aa300bcc14,15,5490,15.0,366,0.11439350188348463,0.8401452365597095,0.8367122165903419,0.19032230646783363,0.1556084659293939,93610,0.5,5.92
e7ff70291f086a01,4,512,0.001,14c510aa300bcc14,16,5856,16.0,366,0.10759093429221482,0.8371025809624795,0.8334908035040407,0.1968681139802908,0.16878687886373533,93610,0.5,5.77
e7ff70291f086a01,4,512,0.001,14c510aa300bcc14,17,6222,17.0,366,0.09836711032224484,0.8383772382950805,0.8358145538358541,0.19580122290176774,0.1684500238126354,93610,0.5,5.84
e7ff70291f086a01,4,512,0.001,14c510aa300bcc14,18,6588,18.0,366,0.09311372466141084,0.8378730679935649,0.8368383016262516,0.19435703983967748,0.16708647208730354,93610,0.5,5.85
e7ff70291f086a01,4,512,0.001,14c510aa300bcc14,19,6954,19.0,366,0.08672903609446815,0.8392518799695126,0.836722195784169,0.19440130245639634,0.16898396465486007,93610,0.5,5.91
e7ff70291f086a01,4,512,0.001,14c510aa300bcc14,20,7320,20.0,366,0.08224998251662229,0.8357012800271504,0.8327999871183199,0.2008401300491579,0.1751750230943711,93610,0.5,5.85
e7ff70291f086a01,4,512,0.001,14c510aa300bcc14,21,7686,21.0,366,0.07552544956853807,0.8330124929476437,0.8266054293109188,0.21045520477973678,0.1858246229383991,93610,0.5,5.83
e7ff70291f086a01,4,512,0.001,14c510aa300bcc14,22,8052,22.0,366,0.0712479236612066,0.8383063045967526,0.8366069823476362,0.19979144970544202,0.17956377185819752,93610,0.5,5.87
e7ff70291f086a01,4,512,0.001,14c510aa300bcc14,23,8418,23.0,366,0.06670229478937681,0.8367216771643551,0.8326948348125944,0.2121828158108823,0.1931157473422216,93610,0.5,5.89
e7ff70291f086a01,4,512,0.001,14c510aa300bcc14,24,8784,24.0,366,0.06451833557561447,0.8337990629246779,0.8299602344315145,0.20874841037523326,0.18883390745838513,93610,0.5,5.84
e7ff70291f086a01,4,512,0.001,14c510aa300bcc14,25,9150,25.0,366,0.05989332206526903,0.839753393735509,0.8332294713258285,0.2092290052912397,0.19051824759613462,93610,0.5,5.76
e7ff70291f086a01,4,512,0.001,14c510aa300bcc14,26,9516,26.0,366,0.05703152500377978,0.843286807120403,0.8385658241700191,0.19962446748917143,0.18167833337367884,93610,0.5,5.66
e7ff70291f086a01,4,512,0.001,14c510aa300bcc14,27,9882,27.0,366,0.05277625177198095,0.841105327937398,0.8360638716334643,0.2059736066258847,0.19048726068563834,93610,0.5,5.86
e7ff70291f086a01,4,512,0.001,14c510aa300bcc14,28,10248,28.0,366,0.04994933329054404,0.834387015299091,0.8317813735127939,0.20830503399324035,0.1921027685671467,93610,0.5,5.85
e7ff70291f086a01,4,512,0.001,14c510aa300bcc14,29,10614,29.0,366,0.04651986563303431,0.8370780548946378,0.8317128123452234,0.2131026011999638,0.19337759731766332,93610,0.5,5.85
e7ff70291f086a01,4,512,0.001,14c510aa300bcc14,30,10980,30.0,366,0.04423819015647382,0.8391332164696204,0.8355967813191354,0.2065837835450076,0.19337323529348036,93610,0.5,5.84
e7ff70291f086a01,4,512,0.001,14c510aa300bcc14,31,11346,31.0,366,0.04208711368321884,0.8317869114024246,0.8310800148732737,0.21243163107586294,0.20026739660831627,93610,0.5,5.92
e7ff70291f086a01,4,512,0.001,14c510aa300bcc14,32,11712,32.0,366,0.03933696269154386,0.838314958771867,0.8336381134131282,0.20865315963579467,0.19547811714078764,93610,0.5,5.56
e7ff70291f086a01,4,512,0.001,14c510aa300bcc14,33,12078,33.0,366,0.03756524643051575,0.8417060243454121,0.8368961888474389,0.2074689142809322,0.19580219856557166,93610,0.5,5.55
e7ff70291f086a01,4,512,0.001,14c510aa300bcc14,34,12444,34.0,366,0.03395856149962854,0.8393730485286617,0.8328836719352412,0.21176196540279169,0.19962417412187047,93610,0.5,5.85
e7ff70291f086a01,4,512,0.001,14c510aa300bcc14,35,12810,35.0,366,0.03285770113656267,0.8371692768367915,0.8343206710533687,0.2104682913036099,0.19820678800962496,93610,0.5,5.85
e7ff70291f086a01,4,512,0.001,14c510aa300bcc14,36,13176,36.0,366,0.030937494147731795,0.8381328416778328,0.8330054989870226,0.20991103301607775,0.19791307522994936,93610,0.5,5.87
e7ff70291f086a01,4,512,0.001,14c510aa300bcc14,37,13542,37.0,366,0.02875076743769027,0.8403187328174738,0.8341015012714896,0.2129894236862519,0.1985203172072658,93610,0.5,5.85
e7ff70291f086a01,4,512,0.001,14c510aa300bcc14,38,13908,38.0,366,0.027543049731897445,0.8365273082798235,0.8319554930192032,0.21323654959768265,0.20108711410295396,93610,0.5,5.68
e7ff70291f086a01,4,512,0.001,14c510aa300bcc14,39,14274,39.0,366,0.024892428634138625,0.8406002211476272,0.8366059744543091,0.20803803877454521,0.19834188329727276,93610,0.5,5.69
e7ff70291f086a01,4,512,0.001,14c510aa300bcc14,40,14640,40.0,366,0.02501530978635279,0.8394432440884347,0.834606472261405,0.21269660909456092,0.20182710753893934,93610,0.5,5.71
e7ff70291f086a01,4,512,0.001,14c510aa300bcc14,41,15006,41.0,366,0.022955966968333623,0.8372917388831892,0.8315468392918313,0.21937449910489124,0.20352312541457554,93610,0.5,5.88
e7ff70291f086a01,4,512,0.001,14c510aa300bcc14,42,15372,42.0,366,0.02088251669160879,0.8390284621699254,0.8342955540595145,0.21555346759072802,0.20342113462579772,93610,0.5,5.8
e7ff70291f086a01,4,512,0.001,14c510aa300bcc14,43,15738,43.0,366,0.019732631716235984,0.8391958631511207,0.8331804540680405,0.2168040452931232,0.20556991396007468,93610,0.5,5.68
e7ff70291f086a01,4,512,0.001,14c510aa300bcc14,44,16104,44.0,366,0.018865874100761498,0.8373175313761412,0.832375113520662,0.2183333469521849,0.20633376488469335,93610,0.5,5.72
e7ff70291f086a01,4,512,0.001,14c510aa300bcc14,45,16470,45.0,366,0.017878440596784156,0.8381733239671562,0.8340539529451899,0.21659595326407505,0.20609827537983005,93610,0.5,5.69
e7ff70291f086a01,4,512,0.001,14c510aa300bcc14,46,16836,46.0,366,0.016526310877681104,0.8409861596816064,0.8358125394186202,0.21616714281256627,0.20338709621971332,93610,0.5,5.78
e7ff70291f086a01,4,512,0.001,14c510aa300bcc14,47,17202,47.0,366,0.016160600019053967,0.838753346313214,0.8352947408406923,0.21511936457436873,0.20631397430727616,93610,0.5,5.85
e7ff70291f086a01,4,512,0.001,14c510aa300bcc14,48,17568,48.0,366,0.015237207154239544,0.8385237999618816,0.8341008266037644,0.215947193118899,0.2072448807709385,93610,0.5,5.85
e7ff70291f086a01,4,512,0.001,14c510aa300bcc14,49,17934,49.0,366,0.014202981327197266,0.8378787382212853,0.8334306318615873,0.21748681823497742,0.20893511781730947,93610,0.5,5.87
e7ff70291f086a01,4,512,0.001,14c510aa300bcc14,50,18300,50.0,366,0.013734762774413972,0.8372717430503138,0.8334778074773337,0.21628959521483315,0.2082070606544404,93610,0.5,5.66
e7ff70291f086a01,4,512,0.001,14c510aa300bcc14,51,18666,51.0,366,0.013129776072703669,0.8370287712821013,0.833236710766146,0.2177732906126785,0.20912786996256363,93610,0.5,5.76
e7ff70291f086a01,4,512,0.001,14c510aa300bcc14,52,19032,52.0,366,0.01281645128572146,0.8379043063128278,0.8348758844757507,0.2168133193419626,0.2088467206905371,93610,0.5,5.75
e7ff70291f086a01,4,512,0.001,14c510aa300bcc14,53,19398,53.0,366,0.01230008795105501,0.8365276621925809,0.8338826425762511,0.21787158534974763,0.21013039563178154,93610,0.5,5.91
e7ff70291f086a01,4,512,0.001,14c510aa300bcc14,54,19764,54.0,366,0.012127841953531702,0.8367766980635216,0.8340869536916038,0.2182350134958735,0.21041104512097084,93610,0.5,5.85
e7ff70291f086a01,4,512,0.001,14c510aa300bcc14,55,20130,55.0,366,0.011883867169155286,0.8373226371213617,0.8348095709833354,0.21782797634176637,0.21008986120705572,93610,0.5,5.85
e7ff70291f086a01,4,512,0.001,14c510aa300bcc14,56,20496,56.0,366,0.01128500129816331,0.8373752915297668,0.8345015182933837,0.2182473823805633,0.20930580742587773,93610,0.5,5.87
980d72eab0e19476,0,512,0.001,18248427620bf319,1,366,1.0,366,0.6324166647397755,0.6507448067777352,0.6480910202536004,0.24492425841839885,0.09270744048390882,93610,0.5,6.42
980d72eab0e19476,0,512,0.001,18248427620bf319,2,732,2.0,366,0.499819426262965,0.6694545387281973,0.668669545545669,0.2446072933810755,0.0993077220120591,93610,0.5,5.94
980d72eab0e19476,0,512,0.001,18248427620bf319,3,1098,3.0,366,0.41925123765494654,0.683031564776013,0.6782062737456764,0.25908511523673766,0.15688902731331947,93610,0.5,5.94
980d72eab0e19476,0,512,0.001,18248427620bf319,4,1464,4.0,366,0.3677040302688307,0.6849394175902381,0.6905020432834722,0.25093786055799394,0.1470045779454099,93610,0.5,5.94
980d72eab0e19476,0,512,0.001,18248427620bf319,5,1830,5.0,366,0.33024637897809345,0.6811078700574557,0.6870602587489951,0.26148122119684125,0.17728847323785868,93610,0.5,5.94
980d72eab0e19476,0,512,0.001,18248427620bf319,6,2196,6.0,366,0.30141243236801013,0.6836704088613321,0.6828904593527474,0.2633954282677779,0.17348495492597812,93610,0.5,5.88
980d72eab0e19476,0,512,0.001,18248427620bf319,7,2562,7.0,366,0.2793244197557533,0.6905260735409267,0.6980641443535133,0.25873739577396804,0.17553859343154352,93610,0.5,5.65
980d72eab0e19476,0,512,0.001,18248427620bf319,8,2928,8.0,366,0.25945973510299225,0.684706782264183,0.6891384092592622,0.2709030329018309,0.19802696079756818,93610,0.5,6.0
980d72eab0e19476,0,512,0.001,18248427620bf319,9,3294,9.0,366,0.24211099112782974,0.6884985630739725,0.6972256836919195,0.2624659158232914,0.1825633090969354,93610,0.5,5.9
980d72eab0e19476,0,512,0.001,18248427620bf319,10,3660,10.0,366,0.22902699857135939,0.687967527149506,0.6901235702096814,0.26978821201506453,0.19349703053375392,93610,0.5,5.9
980d72eab0e19476,0,512,0.001,18248427620bf319,11,4026,11.0,366,0.21526798894985125,0.6961637451538021,0.7029382585111953,0.2734372561328369,0.21619411319304913,93610,0.5,5.66
980d72eab0e19476,0,512,0.001,18248427620bf319,12,4392,12.0,366,0.20392721866975067,0.6950749842119669,0.6984218362462976,0.2792657440730963,0.22672328814658735,93610,0.5,6.0
980d72eab0e19476,0,512,0.001,18248427620bf319,13,4758,13.0,366,0.19324234070999374,0.6970772124840059,0.6980779786936693,0.27985891521317063,0.22710752426349717,93610,0.5,5.9
980d72eab0e19476,0,512,0.001,18248427620bf319,14,5124,14.0,366,0.18346887118503696,0.6914233400468508,0.6960384967321238,0.28034476802529157,0.2272567324342545,93610,0.5,5.93
980d72eab0e19476,0,512,0.001,18248427620bf319,15,5490,15.0,366,0.17211189222791806,0.7013370081753048,0.7009942776377057,0.2835653942962426,0.23853755289099027,93610,0.5,5.97
980d72eab0e19476,0,512,0.001,18248427620bf319,16,5856,16.0,366,0.1619773730635643,0.6900732978205337,0.6955022668983923,0.2885961086635652,0.24606559376815285,93610,0.5,5.93
980d72eab0e19476,0,512,0.001,18248427620bf319,17,6222,17.0,366,0.15651738456363887,0.7032529194309409,0.7052401638506802,0.2814307264696749,0.23601044691227177,93610,0.5,5.88
980d72eab0e19476,0,512,0.001,18248427620bf319,18,6588,18.0,366,0.14809730815920022,0.6951939567846495,0.6965567004302182,0.2924257156167885,0.25455709174888497,93610,0.5,5.93
980d72eab0e19476,0,512,0.001,18248427620bf319,19,6954,19.0,366,0.14114052468473143,0.688788660445389,0.6934179585615933,0.3012970066953229,0.26699972284386436,93610,0.5,5.98
980d72eab0e19476,0,512,0.001,18248427620bf319,20,7320,20.0,366,0.13441111424255892,0.6944048584172916,0.6931833759544475,0.2963309705161637,0.2610321754548317,93610,0.5,5.82
980d72eab0e19476,0,512,0.001,18248427620bf319,21,7686,21.0,366,0.12721377515483423,0.6925790789223162,0.693355377424155,0.297051751490672,0.2626504814383461,93610,0.5,5.73
980d72eab0e19476,0,512,0.001,18248427620bf319,22,8052,22.0,366,0.12140847585810338,0.7005089589760195,0.706011634982713,0.29870983383369143,0.26609482676301743,93610,0.5,5.73
980d72eab0e19476,0,512,0.001,18248427620bf319,23,8418,23.0,366,0.11551143226972044,0.7047805831058573,0.7088480097661576,0.2906131407977854,0.25879780275154735,93610,0.5,5.71
980d72eab0e19476,0,512,0.001,18248427620bf319,24,8784,24.0,366,0.11092745799754487,0.6950008857682434,0.7021691069488825,0.29432078725762145,0.26088743553061877,93610,0.5,5.69
980d72eab0e19476,0,512,0.001,18248427620bf319,25,9150,25.0,366,0.10532526525317645,0.6977923525316959,0.7004863012267462,0.2992233705151829,0.27028532429793095,93610,0.5,5.91
980d72eab0e19476,0,512,0.001,18248427620bf319,26,9516,26.0,366,0.1007153991955877,0.7041375008492228,0.7100022585163991,0.3019573696410975,0.2743811305808729,93610,0.5,6.01
980d72eab0e19476,0,512,0.001,18248427620bf319,27,9882,27.0,366,0.09542200470068415,0.6998590775775295,0.7037000090415974,0.2980705459442139,0.26915823881253287,93610,0.5,5.75
980d72eab0e19476,0,512,0.001,18248427620bf319,28,10248,28.0,366,0.09085798442689448,0.7054005194512469,0.7107544582532854,0.29956259195582485,0.2748591853932249,93610,0.5,5.9
980d72eab0e19476,0,512,0.001,18248427620bf319,29,10614,29.0,366,0.08604169521949005,0.7022178313570734,0.7083283405601255,0.29649904653134146,0.26794481784868174,93610,0.5,5.99
980d72eab0e19476,0,512,0.001,18248427620bf319,30,10980,30.0,366,0.0843498959241669,0.7049700278879241,0.7087657345391793,0.302906984365611,0.27806135579307967,93610,0.5,5.84
980d72eab0e19476,0,512,0.001,18248427620bf319,31,11346,31.0,366,0.07984148875856009,0.7002541010286955,0.7059884388290403,0.30132803161574984,0.27380905360456903,93610,0.5,5.93
980d72eab0e19476,0,512,0.001,18248427620bf319,32,11712,32.0,366,0.07525265452966012,0.7036348817775355,0.7078778588032059,0.30309910395648076,0.2795577513129041,93610,0.5,5.9
980d72eab0e19476,0,512,0.001,18248427620bf319,33,12078,33.0,366,0.07275466981237053,0.7030701496071577,0.7080623756331015,0.3043254419327041,0.28164400404678086,93610,0.5,5.91
980d72eab0e19476,0,512,0.001,18248427620bf319,34,12444,34.0,366,0.07012402255067735,0.7002332918990053,0.708530521998704,0.3038221644627273,0.2810481905344163,93610,0.5,5.63
980d72eab0e19476,0,512,0.001,18248427620bf319,35,12810,35.0,366,0.06576957890529776,0.7064850759495367,0.7096247540792207,0.30563772578584464,0.2855546640014165,93610,0.5,5.91
980d72eab0e19476,0,512,0.001,18248427620bf319,36,13176,36.0,366,0.062248198651388045,0.7027558132967135,0.7056037323823652,0.3113927614256132,0.29328107754491334,93610,0.5,5.92
980d72eab0e19476,0,512,0.001,18248427620bf319,37,13542,37.0,366,0.06033181260680892,0.6957528310186116,0.7038190246735413,0.30704358176430524,0.28480443412055106,93610,0.5,5.87
980d72eab0e19476,0,512,0.001,18248427620bf319,38,13908,38.0,366,0.05807839031712931,0.6998126050028297,0.7063175600500208,0.31078038665378155,0.29243251266911596,93610,0.5,5.64
980d72eab0e19476,0,512,0.001,18248427620bf319,39,14274,39.0,366,0.05485058099011091,0.7037538655722565,0.7093483144564643,0.3087446648853623,0.28919931924252656,93610,0.5,5.61
980d72eab0e19476,0,512,0.001,18248427620bf319,40,14640,40.0,366,0.052510801707827,0.7003290395896149,0.7046907049605572,0.3130556582647647,0.2937872877164804,93610,0.5,5.79
980d72eab0e19476,0,512,0.001,18248427620bf319,41,15006,41.0,366,0.049659340769622494,0.6990721970634217,0.7032772610124528,0.3161664023796159,0.2992951746308482,93610,0.5,5.94
980d72eab0e19476,0,512,0.001,18248427620bf319,42,15372,42.0,366,0.04827467164360597,0.699600846766845,0.7032133243771725,0.31840940685744173,0.3016035708436929,93610,0.5,5.64
980d72eab0e19476,0,512,0.001,18248427620bf319,43,15738,43.0,366,0.04565557107186871,0.6986934989604996,0.7052741795657593,0.3150512343071244,0.29860078553052466,93610,0.5,5.76
980d72eab0e19476,0,512,0.001,18248427620bf319,44,16104,44.0,366,0.0436979723290179,0.6950847470061827,0.7026129278455535,0.3181657888418331,0.30274718233849063,93610,0.5,5.79
980d72eab0e19476,0,512,0.001,18248427620bf319,45,16470,45.0,366,0.042005823914959134,0.6981331996073146,0.7037415631870888,0.31800296622904933,0.302398764224289,93610,0.5,5.91
980d72eab0e19476,0,512,0.001,18248427620bf319,46,16836,46.0,366,0.0396835910858678,0.6979563876526379,0.7037505794502213,0.3189978478510977,0.3043384053600809,93610,0.5,5.86
980d72eab0e19476,0,512,0.001,18248427620bf319,47,17202,47.0,366,0.03797495449623449,0.6986357039156271,0.7048864204530405,0.31936400937496523,0.305519126857939,93610,0.5,5.72
980d72eab0e19476,0,512,0.001,18248427620bf319,48,17568,48.0,366,0.03765931439998209,0.7016868117157065,0.7072412938278253,0.31695159043841786,0.3021520859515062,93610,0.5,5.96
980d72eab0e19476,0,512,0.001,18248427620bf319,49,17934,49.0,366,0.03631293274146693,0.7000988539357162,0.7045293244863154,0.31972092087020776,0.30586490879807576,93610,0.5,5.9
980d72eab0e19476,0,512,0.001,18248427620bf319,50,18300,50.0,366,0.03516128995389642,0.7017568631769993,0.70658384199784,0.32028503413371506,0.3074735148988796,93610,0.5,5.9
980d72eab0e19476,0,512,0.001,18248427620bf319,51,18666,51.0,366,0.03429265836345368,0.7017829097657459,0.7071513754097833,0.3185494418484683,0.3053489608856408,93610,0.5,5.94
980d72eab0e19476,0,512,0.001,18248427620bf319,52,19032,52.0,366,0.03396902748388671,0.6997889020296042,0.7063105890160785,0.3179229418355154,0.303630194442923,93610,0.5,5.98
980d72eab0e19476,0,512,0.001,18248427620bf319,53,19398,53.0,366,0.03252384449798064,0.6992202361949029,0.7063581654154939,0.31921625381563296,0.30625136596615915,93610,0.5,5.65
980d72eab0e19476,0,512,0.001,18248427620bf319,54,19764,54.0,366,0.031318448188770664,0.6990820363135655,0.7063115142877153,0.3191247776103589,0.30592870883276185,93610,0.5,5.62
980d72eab0e19476,0,512,0.001,18248427620bf319,55,20130,55.0,366,0.031106145795475427,0.6985609753579326,0.7062174791640707,0.31878584873130855,0.305374307273024,93610,0.5,5.77
980d72eab0e19476,0,512,0.001,18248427620bf319,56,20496,56.0,366,0.030030670051610534,0.6981428421911189,0.705548878655338,0.3200748348115119,0.30668934836959355,93610,0.5,5.94
980d72eab0e19476,0,512,0.001,18248427620bf319,57,20862,57.0,366,0.03055413450557189,0.6990661753588141,0.7063534372637357,0.31944343252199264,0.30634209147945035,93610,0.5,5.91
980d72eab0e19476,0,512,0.001,18248427620bf319,58,21228,58.0,366,0.029691988174788287,0.699093376194737,0.7067135165125439,0.3188744434589476,0.3054000311821504,93610,0.5,5.92
980d72eab0e19476,0,512,0.001,18248427620bf319,59,21594,59.0,366,0.02916015871632539,0.6993421031869577,0.7067945263951823,0.3191289872409061,0.3060062085748985,93610,0.5,5.95
980d72eab0e19476,0,512,0.001,18248427620bf319,60,21960,60.0,366,0.029673250427703714,0.6992236365215582,0.7067105692918617,0.3191577800923953,0.3060124168712812,93610,0.5,5.87
a2d63b537c1f13ee,1,512,0.001,18248427620bf319,1,366,1.0,366,0.6681027129048207,0.6488821445597861,0.6452441308329986,0.23857390754021388,0.06679547208297355,93610,0.5,6.23
a2d63b537c1f13ee,1,512,0.001,18248427620bf319,2,732,2.0,366,0.5331131533358267,0.6693477823504976,0.6686267383806201,0.2431080675181321,0.09599442010404383,93610,0.5,5.9
a2d63b537c1f13ee,1,512,0.001,18248427620bf319,3,1098,3.0,366,0.44501669232636853,0.672577942207139,0.6807887178392931,0.2498071971482482,0.13531088520303924,93610,0.5,5.98
a2d63b537c1f13ee,1,512,0.001,18248427620bf319,4,1464,4.0,366,0.38570856469902187,0.6623893262708537,0.667552585653216,0.2656014447506863,0.17160075731015775,93610,0.5,6.06
a2d63b537c1f13ee,1,512,0.001,18248427620bf319,5,1830,5.0,366,0.3454846006110718,0.6610021590510674,0.6630498890877985,0.2753286756794579,0.19296044430325487,93610,0.5,5.86
a2d63b537c1f13ee,1,512,0.001,18248427620bf319,6,2196,6.0,366,0.31509160173069584,0.6614462548689453,0.6641155043926952,0.2697881667673654,0.17344106253131691,93610,0.5,5.84
a2d63b537c1f13ee,1,512,0.001,18248427620bf319,7,2562,7.0,366,0.29014618096292993,0.6659791881750485,0.665080990881932,0.27539015467816685,0.19077237019747953,93610,0.5,5.9
a2d63b537c1f13ee,1,512,0.001,18248427620bf319,8,2928,8.0,366,0.2709086395677973,0.6641424427600988,0.6655989177288927,0.27953652729175543,0.20123615615289545,93610,0.5,6.02
a2d63b537c1f13ee,1,512,0.001,18248427620bf319,9,3294,9.0,366,0.25451609960507826,0.6702696640015419,0.6707231667716194,0.2763133059166429,0.19708621772389762,93610,0.5,5.82
a2d63b537c1f13ee,1,512,0.001,18248427620bf319,10,3660,10.0,366,0.2383437449407708,0.6707360021567811,0.6694566406219287,0.2881016942274954,0.22337871022854533,93610,0.5,5.95
a2d63b537c1f13ee,1,512,0.001,18248427620bf319,11,4026,11.0,366,0.22528690722633582,0.6756759718761267,0.6780467385652637,0.28449057373434017,0.22219723783896095,93610,0.5,5.93
a2d63b537c1f13ee,1,512,0.001,18248427620bf319,12,4392,12.0,366,0.2145752383222997,0.6809563345895835,0.6819381142770041,0.28274570809749977,0.22228822521736824,93610,0.5,6.05
a2d63b537c1f13ee,1,512,0.001,18248427620bf319,13,4758,13.0,366,0.20205091501845687,0.671445682421115,0.6720896578630099,0.2978365752524196,0.2468917988758995,93610,0.5,5.75
a2d63b537c1f13ee,1,512,0.001,18248427620bf319,14,5124,14.0,366,0.19071594894420904,0.6849768159207288,0.6867937405761775,0.2839322795869523,0.2288813887373362,93610,0.5,5.89
a2d63b537c1f13ee,1,512,0.001,18248427620bf319,15,5490,15.0,366,0.17908031823205167,0.681565317711164,0.6836427296147785,0.2902143782346559,0.24131346096647313,93610,0.5,6.05
a2d63b537c1f13ee,1,512,0.001,18248427620bf319,16,5856,16.0,366,0.1726590144992526,0.6763084884495112,0.6817033337886276,0.2938040547153579,0.2459949194141559,93610,0.5,5.98
a2d63b537c1f13ee,1,512,0.001,18248427620bf319,17,6222,17.0,366,0.16228621866289383,0.6784259011543672,0.6777500771696858,0.29477002633653226,0.2437673325979273,93610,0.5,5.95
a2d63b537c1f13ee,1,512,0.001,18248427620bf319,18,6588,18.0,366,0.15696543862259454,0.6769641579429984,0.6811047478588572,0.28998066904999475,0.23812713181105974,93610,0.5,5.96
a2d63b537c1f13ee,1,512,0.001,18248427620bf319,19,6954,19.0,366,0.14684232247006046,0.6814032900117472,0.6812178359551132,0.30353266372793103,0.265294591781773,93610,0.5,5.94
a2d63b537c1f13ee,1,512,0.001,18248427620bf319,20,7320,20.0,366,0.14135718870846953,0.6836322950835795,0.6778054976084729,0.3082979198233751,0.27211927326302277,93610,0.5,5.94
a2d63b537c1f13ee,1,512,0.001,18248427620bf319,21,7686,21.0,366,0.13362339037200793,0.6794054852091933,0.6785938753750627,0.30384931925868647,0.26627962148545353,93610,0.5,5.98
a2d63b537c1f13ee,1,512,0.001,18248427620bf319,22,8052,22.0,366,0.12890540999792965,0.6807125210259044,0.6815157731939198,0.302319664490475,0.26462949472091396,93610,0.5,5.93
a2d63b537c1f13ee,1,512,0.001,18248427620bf319,23,8418,23.0,366,0.12206084849160226,0.6812826029744655,0.679674436076437,0.30767627475362147,0.27325348519911546,93610,0.5,5.92
a2d63b537c1f13ee,1,512,0.001,18248427620bf319,24,8784,24.0,366,0.11672216814642396,0.6849993529979725,0.6840854038502004,0.3067307514270356,0.2747084257742551,93610,0.5,5.93
a2d63b537c1f13ee,1,512,0.001,18248427620bf319,25,9150,25.0,366,0.11165498480037914,0.6779289718697719,0.6804010463694722,0.3080801427729116,0.27555094221483556,93610,0.5,5.98
a2d63b537c1f13ee,1,512,0.001,18248427620bf319,26,9516,26.0,366,0.10734631045838523,0.6808119266546515,0.6816844773278266,0.31430262882187143,0.2845250782176655,93610,0.5,5.99
a2d63b537c1f13ee,1,512,0.001,18248427620bf319,27,9882,27.0,366,0.10238262531576586,0.6787535811040394,0.6802971995777484,0.3119450837279947,0.2805309616565186,93610,0.5,6.01
a2d63b537c1f13ee,1,512,0.001,18248427620bf319,28,10248,28.0,366,0.0982790875039954,0.6844982230626054,0.6864085596253751,0.3075058951124876,0.27825025192117325,93610,0.5,5.93
a2d63b537c1f13ee,1,512,0.001,18248427620bf319,29,10614,29.0,366,0.09231800869962231,0.6811358679446367,0.6848634361030379,0.3106388798348634,0.2816600994640858,93610,0.5,5.86
a2d63b537c1f13ee,1,512,0.001,18248427620bf319,30,10980,30.0,366,0.08965128046445182,0.6828040973974951,0.6872922243939833,0.3135168463329571,0.2868157999036987,93610,0.5,5.94
a2d63b537c1f13ee,1,512,0.001,18248427620bf319,31,11346,31.0,366,0.08576730952236822,0.6818901851605069,0.6876475485591012,0.3105164180229898,0.2841481229502595,93610,0.5,5.76
a2d63b537c1f13ee,1,512,0.001,18248427620bf319,32,11712,32.0,366,0.08157941056771682,0.675156720985038,0.6787695847784189,0.3172315734731028,0.29088781959921395,93610,0.5,5.85
a2d63b537c1f13ee,1,512,0.001,18248427620bf319,33,12078,33.0,366,0.07872532852645454,0.6768200085712857,0.6797429961028238,0.31942302866082684,0.29283240891974394,93610,0.5,5.85
a2d63b537c1f13ee,1,512,0.001,18248427620bf319,34,12444,34.0,366,0.07453279126985152,0.6763950378755246,0.6796704581387564,0.32097577471559224,0.2962351675855566,93610,0.5,5.66
a2d63b537c1f13ee,1,512,0.001,18248427620bf319,35,12810,35.0,366,0.07307137000308336,0.6821194278559229,0.6836163611990238,0.3187336050869529,0.29486990248997996,93610,0.5,6.03
a2d63b537c1f13ee,1,512,0.001,18248427620bf319,36,13176,36.0,366,0.06905244094385801,0.6794073230427415,0.6807693978297267,0.3244210917385522,0.3016987492384946,93610,0.5,5.98
a2d63b537c1f13ee,1,512,0.001,18248427620bf319,37,13542,37.0,366,0.06743841873777043,0.6772268650468388,0.6816605928122257,0.3234301183409672,0.3025630716118263,93610,0.5,5.91
a2d63b537c1f13ee,1,512,0.001,18248427620bf319,38,13908,38.0,366,0.06255297573497061,0.6753965641686102,0.6767478080516914,0.32698778445689264,0.3042014316509171,93610,0.5,6.01
a2d63b537c1f13ee,1,512,0.001,18248427620bf319,39,14274,39.0,366,0.06137660835854343,0.6822370552585206,0.6845230064376104,0.3234904433074008,0.3040590533325973,93610,0.5,5.88
a2d63b537c1f13ee,1,512,0.001,18248427620bf319,40,14640,40.0,366,0.05850815560281928,0.6829451477949371,0.6847609158230933,0.3220776903638905,0.30200607843447913,93610,0.5,5.79
a2d63b537c1f13ee,1,512,0.001,18248427620bf319,41,15006,41.0,366,0.056583661402835224,0.6810393478416674,0.6826817617559966,0.3242274289838587,0.30520820229609397,93610,0.5,5.97
a2d63b537c1f13ee,1,512,0.001,18248427620bf319,42,15372,42.0,366,0.05396537373829735,0.6844879151085591,0.6876083598589091,0.3200716751826696,0.3007396245259846,93610,0.5,6.01
a2d63b537c1f13ee,1,512,0.001,18248427620bf319,43,15738,43.0,366,0.052084635006762595,0.6772762243009752,0.6809065279249159,0.33164919523712894,0.3107657436457738,93610,0.5,5.96
a2d63b537c1f13ee,1,512,0.001,18248427620bf319,44,16104,44.0,366,0.049301682554103964,0.6803867054053687,0.6855081399996241,0.3245316099874598,0.30752377596723307,93610,0.5,5.95
a2d63b537c1f13ee,1,512,0.001,18248427620bf319,45,16470,45.0,366,0.048388605138358194,0.6793396392690114,0.6839244577104244,0.3249480630708807,0.3070428935223188,93610,0.5,6.01
a2d63b537c1f13ee,1,512,0.001,18248427620bf319,46,16836,46.0,366,0.046146666198521036,0.680932888042069,0.6848204753346809,0.3262273259938651,0.309532607240845,93610,0.5,5.69
a2d63b537c1f13ee,1,512,0.001,18248427620bf319,47,17202,47.0,366,0.04410969257822942,0.6792926363505237,0.6847204935034645,0.32803016298097937,0.31072962529886977,93610,0.5,5.66
a2d63b537c1f13ee,1,512,0.001,18248427620bf319,48,17568,48.0,366,0.04392055770677458,0.6775028756458701,0.6832734985302298,0.3283006908808741,0.31245321903969114,93610,0.5,5.66
a2d63b537c1f13ee,1,512,0.001,18248427620bf319,49,17934,49.0,366,0.04235245632974665,0.678247177162636,0.6832635396494702,0.3299221637864633,0.3139624367525273,93610,0.5,5.75
a2d63b537c1f13ee,1,512,0.001,18248427620bf319,50,18300,50.0,366,0.04008077631088717,0.6789846038912304,0.6852208919990604,0.32780408598845856,0.3121918366167673,93610,0.5,5.95
a2d63b537c1f13ee,1,512,0.001,18248427620bf319,51,18666,51.0,366,0.03866119540800325,0.6796687063715223,0.6855512388511928,0.32800459292166184,0.3130112821670967,93610,0.5,5.79
a2d63b537c1f13ee,1,512,0.001,18248427620bf319,52,19032,52.0,366,0.0385131378139018,0.6780048248355397,0.6831997276314355,0.33120272652975224,0.3153684069860162,93610,0.5,5.88
a2d63b537c1f13ee,1,512,0.001,18248427620bf319,53,19398,53.0,366,0.03814856289209075,0.678391281702972,0.6835266150997004,0.33074542766574366,0.31599758051906945,93610,0.5,5.87
a2d63b537c1f13ee,1,512,0.001,18248427620bf319,54,19764,54.0,366,0.03694729603664145,0.6791540348155782,0.6850030806821005,0.329117307428743,0.3142263680295237,93610,0.5,5.89
e3eba3bf3551216f,2,512,0.001,18248427620bf319,1,366,1.0,366,0.6366062258762089,0.6639342180702481,0.6644939197225974,0.2360324066917317,0.06332261900186392,93610,0.5,6.3
e3eba3bf3551216f,2,512,0.001,18248427620bf319,2,732,2.0,366,0.4947978072479123,0.6648808693617707,0.6630665768433472,0.253387421088943,0.12961185085651622,93610,0.5,5.65
e3eba3bf3551216f,2,512,0.001,18248427620bf319,3,1098,3.0,366,0.41846276192717213,0.6883792082118917,0.6909356861921387,0.24993724797316202,0.1466105312869369,93610,0.5,5.66
e3eba3bf3551216f,2,512,0.001,18248427620bf319,4,1464,4.0,366,0.37213175259326975,0.6784758842909233,0.6913900739921743,0.2540188374003407,0.15605326375791348,93610,0.5,5.87
e3eba3bf3551216f,2,512,0.001,18248427620bf319,5,1830,5.0,366,0.3338796818028382,0.6890145245997727,0.704813295920619,0.2503659558080442,0.1585893739338712,93610,0.5,5.91
e3eba3bf3551216f,2,512,0.001,18248427620bf319,6,2196,6.0,366,0.30371709888587234,0.6866059353291378,0.6936898729350297,0.2692241734529379,0.1987034579355671,93610,0.5,5.79
e3eba3bf3551216f,2,512,0.001,18248427620bf319,7,2562,7.0,366,0.2799766700857324,0.6857141103625051,0.6995045551540352,0.26444204349123474,0.19284758170204752,93610,0.5,5.81
e3eba3bf3551216f,2,512,0.001,18248427620bf319,8,2928,8.0,366,0.2589384303962598,0.6952454918026139,0.7062060791967018,0.2613120705991167,0.19175419047155914,93610,0.5,5.97
e3eba3bf3551216f,2,512,0.001,18248427620bf319,9,3294,9.0,366,0.2420186814877505,0.6926516296222474,0.6995636015894906,0.26669564748020125,0.19899739743344824,93610,0.5,5.94
e3eba3bf3551216f,2,512,0.001,18248427620bf319,10,3660,10.0,366,0.2264371942626974,0.6924812102705832,0.7009143361311236,0.2702196082743094,0.20787678892638972,93610,0.5,5.91
e3eba3bf3551216f,2,512,0.001,18248427620bf319,11,4026,11.0,366,0.21406452109416327,0.6870632465173623,0.6987261894473592,0.27620493766652704,0.21940329145917867,93610,0.5,5.93
e3eba3bf3551216f,2,512,0.001,18248427620bf319,12,4392,12.0,366,0.20065930005305452,0.6880548980834114,0.689720266579112,0.28004822338718177,0.223038104627372,93610,0.5,5.97
e3eba3bf3551216f,2,512,0.001,18248427620bf319,13,4758,13.0,366,0.1890136010415567,0.6989019943596098,0.7042422871482383,0.2772818547569764,0.22873508500043907,93610,0.5,5.89
e3eba3bf3551216f,2,512,0.001,18248427620bf319,14,5124,14.0,366,0.17953360292429482,0.7042858558717271,0.7078391407271172,0.27559131664964137,0.22629781889682,93610,0.5,5.7
e3eba3bf3551216f,2,512,0.001,18248427620bf319,15,5490,15.0,366,0.1717954053253424,0.6943009887047189,0.7024289021810655,0.28428779217164785,0.23864980403438457,93610,0.5,6.0
e3eba3bf3551216f,2,512,0.001,18248427620bf319,16,5856,16.0,366,0.1629751276204495,0.6988014791971328,0.709128189503939,0.280947563769291,0.2383427388594936,93610,0.5,5.84
e3eba3bf3551216f,2,512,0.001,18248427620bf319,17,6222,17.0,366,0.15416168498862637,0.6923208666868899,0.7062283968672639,0.2841761660929634,0.24132686459330563,93610,0.5,5.89
e3eba3bf3551216f,2,512,0.001,18248427620bf319,18,6588,18.0,366,0.14729429514763134,0.6943840547435737,0.7015374100343654,0.28934162603840186,0.2508251052603083,93610,0.5,5.74
e3eba3bf3551216f,2,512,0.001,18248427620bf319,19,6954,19.0,366,0.14043665992839088,0.6945323508817942,0.7048975919554592,0.29057329281303956,0.255443316246439,93610,0.5,5.97
e3eba3bf3551216f,2,512,0.001,18248427620bf319,20,7320,20.0,366,0.13368420142049348,0.6935732143053052,0.7067327144154685,0.2868154303706865,0.24884713680144163,93610,0.5,5.91
e3eba3bf3551216f,2,512,0.001,18248427620bf319,21,7686,21.0,366,0.12831760409588372,0.6930323398523234,0.7066700072913642,0.289594346951951,0.2515694634782775,93610,0.5,5.9
e3eba3bf3551216f,2,512,0.001,18248427620bf319,22,8052,22.0,366,0.12256568861626536,0.6980826824711068,0.7092015288071079,0.2930402974982326,0.26156888536559286,93610,0.5,5.91
e3eba3bf3551216f,2,512,0.001,18248427620bf319,23,8418,23.0,366,0.11646321652039804,0.6930883846961893,0.7055326081165015,0.2948713462563015,0.2616890526443608,93610,0.5,5.96
e3eba3bf3551216f,2,512,0.001,18248427620bf319,24,8784,24.0,366,0.11117400898715186,0.7015223140592413,0.7113219359754708,0.2938913010322746,0.26446251105002383,93610,0.5,5.91
e3eba3bf3551216f,2,512,0.001,18248427620bf319,25,9150,25.0,366,0.10579808274172042,0.6903988300491097,0.7008491368903439,0.3049987115816162,0.2790372447280949,93610,0.5,5.88
e3eba3bf3551216f,2,512,0.001,18248427620bf319,26,9516,26.0,366,0.10186506346723095,0.6995997850015337,0.7110077793228515,0.293953975332339,0.26391604694925824,93610,0.5,5.65
e3eba3bf3551216f,2,512,0.001,18248427620bf319,27,9882,27.0,366,0.09718555652745109,0.7002578357089976,0.7065673181162515,0.3000357086285679,0.2703522305400836,93610,0.5,5.97
e3eba3bf3551216f,2,512,0.001,18248427620bf319,28,10248,28.0,366,0.09362764152713486,0.6902874276311111,0.6986829783033273,0.309540355541206,0.2844595248303492,93610,0.5,5.9
e3eba3bf3551216f,2,512,0.001,18248427620bf319,29,10614,29.0,366,0.08988114204155943,0.6932047605279704,0.7019508026406212,0.3040319108992974,0.27671439882357257,93610,0.5,5.84
e3eba3bf3551216f,2,512,0.001,18248427620bf319,30,10980,30.0,366,0.08404109232086952,0.6880008285593435,0.7024023299499257,0.30794530074900955,0.2847555062675426,93610,0.5,5.97
e3eba3bf3551216f,2,512,0.001,18248427620bf319,31,11346,31.0,366,0.08099950175182741,0.6930555741535686,0.7015729852909085,0.309504118327672,0.28649584006555723,93610,0.5,5.71
e3eba3bf3551216f,2,512,0.001,18248427620bf319,32,11712,32.0,366,0.07964514299738602,0.6933731392287408,0.7041588527069919,0.31112139174764875,0.2906042848989115,93610,0.5,5.9
e3eba3bf3551216f,2,512,0.001,18248427620bf319,33,12078,33.0,366,0.0740267209952972,0.693408470923259,0.7021633149858023,0.3125171887198102,0.29173954059204527,93610,0.5,5.83
e3eba3bf3551216f,2,512,0.001,18248427620bf319,34,12444,34.0,366,0.07168716177995739,0.6954050770436384,0.7064316975786858,0.30961554034480904,0.28943317348652303,93610,0.5,5.85
e3eba3bf3551216f,2,512,0.001,18248427620bf319,35,12810,35.0,366,0.06705203308352356,0.6955105070704151,0.705546308025233,0.31481662403092564,0.29792546816957577,93610,0.5,5.6
e3eba3bf3551216f,2,512,0.001,18248427620bf319,36,13176,36.0,366,0.06446355119184718,0.6969758250186993,0.7077729598402325,0.31071423988336755,0.2880260422232172,93610,0.5,5.63
e3eba3bf3551216f,2,512,0.001,18248427620bf319,37,13542,37.0,366,0.061912916056160394,0.6961077078509545,0.7081855705075075,0.30911131638466666,0.2857365778528365,93610,0.5,5.59
e3eba3bf3551216f,2,512,0.001,18248427620bf319,38,13908,38.0,366,0.060133922992711836,0.6958468579435201,0.7055170517303418,0.31587060622193575,0.29848840806276783,93610,0.5,5.66
e3eba3bf3551216f,2,512,0.001,18248427620bf319,39,14274,39.0,366,0.05723725870007374,0.6939144318833528,0.7032535232530587,0.3207140755501386,0.30442554663124144,93610,0.5,5.66
e3eba3bf3551216f,2,512,0.001,18248427620bf319,40,14640,40.0,366,0.05525750519779048,0.6911061697080008,0.7041177486442995,0.3166464713435199,0.2972800393550487,93610,0.5,5.7
e3eba3bf3551216f,2,512,0.001,18248427620bf319,41,15006,41.0,366,0.051971812900461135,0.6958557840601589,0.7053926805239141,0.3185948984336445,0.30320895127017355,93610,0.5,5.99
e3eba3bf3551216f,2,512,0.001,18248427620bf319,42,15372,42.0,366,0.049404586594083595,0.6967448625926351,0.7041286480885557,0.31832713920087785,0.3022249917586654,93610,0.5,5.77
e3eba3bf3551216f,2,512,0.001,18248427620bf319,43,15738,43.0,366,0.04817109429811845,0.6949700586638593,0.7051363414802847,0.32058680859226496,0.30562474739448486,93610,0.5,5.83
e3eba3bf3551216f,2,512,0.001,18248427620bf319,44,16104,44.0,366,0.047037795140240035,0.6926866842888062,0.7065404023888577,0.31894081180249606,0.3005384785558118,93610,0.5,5.87
f20c02a49bec232e,3,512,0.001,18248427620bf319,1,366,1.0,366,0.6345993216897621,0.6757962536747116,0.6752058745938998,0.2332219170838358,0.06987089290687648,93610,0.5,6.28
f20c02a49bec232e,3,512,0.001,18248427620bf319,2,732,2.0,366,0.48956193982577717,0.6706289130725763,0.6804389733771118,0.24485328407638293,0.11670454417830543,93610,0.5,5.94
f20c02a49bec232e,3,512,0.001,18248427620bf319,3,1098,3.0,366,0.4104777712151001,0.6791605205536633,0.6832634805361613,0.2508390181355863,0.14004360939106134,93610,0.5,5.92
f20c02a49bec232e,3,512,0.001,18248427620bf319,4,1464,4.0,366,0.36209555914818914,0.6870698063812627,0.7021228118703771,0.2523864972886495,0.16094207840593464,93610,0.5,5.94
f20c02a49bec232e,3,512,0.001,18248427620bf319,5,1830,5.0,366,0.32883015022577483,0.6844749726383043,0.6967883218942423,0.25137138002826526,0.1547550584988703,93610,0.5,5.82
f20c02a49bec232e,3,512,0.001,18248427620bf319,6,2196,6.0,366,0.3015527456103127,0.6755639260911259,0.6802463500356237,0.2640163947681215,0.1750778082627053,93610,0.5,5.78
f20c02a49bec232e,3,512,0.001,18248427620bf319,7,2562,7.0,366,0.2796293460036236,0.6899288007077284,0.6955081951187905,0.25957447009418944,0.17740901658086,93610,0.5,5.85
f20c02a49bec232e,3,512,0.001,18248427620bf319,8,2928,8.0,366,0.2598463346560796,0.696845636731267,0.7062754857530592,0.25626814029172196,0.17869275060941808,93610,0.5,6.01
f20c02a49bec232e,3,512,0.001,18248427620bf319,9,3294,9.0,366,0.24263829501763068,0.6956539604222194,0.7061788377755178,0.27282668750603317,0.21573364714474164,93610,0.5,5.94
f20c02a49bec232e,3,512,0.001,18248427620bf319,10,3660,10.0,366,0.22950418558114213,0.6950077174302122,0.7005707999357879,0.27009309438809004,0.20415704348622296,93610,0.5,5.75
f20c02a49bec232e,3,512,0.001,18248427620bf319,11,4026,11.0,366,0.2165740955152798,0.6895969439538603,0.6942764262252612,0.2854919955833997,0.23642237605798133,93610,0.5,5.78
f20c02a49bec232e,3,512,0.001,18248427620bf319,12,4392,12.0,366,0.20398204794021252,0.6953268617534535,0.6993597341663091,0.27413572059771213,0.21548652554803485,93610,0.5,5.93
f20c02a49bec232e,3,512,0.001,18248427620bf319,13,4758,13.0,366,0.1920848643519188,0.685033918400836,0.6923522980658273,0.28270653066623713,0.22888877063779553,93610,0.5,5.84
f20c02a49bec232e,3,512,0.001,18248427620bf319,14,5124,14.0,366,0.18307099837423021,0.6893644549406492,0.6924285615377704,0.2910314448292394,0.2456413145797748,93610,0.5,5.89
f20c02a49bec232e,3,512,0.001,18248427620bf319,15,5490,15.0,366,0.17391377158178006,0.690421491228333,0.6955070603258506,0.29433964650775246,0.25405116571209824,93610,0.5,5.93
f20c02a49bec232e,3,512,0.001,18248427620bf319,16,5856,16.0,366,0.16397958910448954,0.7018979564441465,0.7061091938529782,0.2857232868488117,0.24629476084597215,93610,0.5,5.91
f20c02a49bec232e,3,512,0.001,18248427620bf319,17,6222,17.0,366,0.15614126425216107,0.6891487639720669,0.6891817331522305,0.2957345277409034,0.25383275305552566,93610,0.5,5.81
f20c02a49bec232e,3,512,0.001,18248427620bf319,18,6588,18.0,366,0.15042480795842703,0.6986980532303537,0.7023672433481865,0.2856539807922244,0.24219061429033892,93610,0.5,5.92
f20c02a49bec232e,3,512,0.001,18248427620bf319,19,6954,19.0,366,0.14166565666921804,0.6896660735906066,0.6939730809175266,0.29667370929979475,0.2585960680567109,93610,0.5,5.99
f20c02a49bec232e,3,512,0.001,18248427620bf319,20,7320,20.0,366,0.136105549384336,0.699721729125367,0.700743196026773,0.2914458450141991,0.25176678410797315,93610,0.5,5.94
f20c02a49bec232e,3,512,0.001,18248427620bf319,21,7686,21.0,366,0.12986628823185878,0.6926103522911238,0.6941727129520148,0.29679537530277933,0.2588871728175038,93610,0.5,5.86
f20c02a49bec232e,3,512,0.001,18248427620bf319,22,8052,22.0,366,0.12288127342859904,0.7019455393785119,0.700404609144571,0.2977629681131176,0.2659901706622264,93610,0.5,5.61
f20c02a49bec232e,3,512,0.001,18248427620bf319,23,8418,23.0,366,0.11812365291222848,0.7003160089857337,0.7014732661601493,0.2983989507424473,0.26689008264240716,93610,0.5,5.92
f20c02a49bec232e,3,512,0.001,18248427620bf319,24,8784,24.0,366,0.11221577471396962,0.689343050280018,0.6945806714703572,0.3027290211432783,0.27026117149117856,93610,0.5,5.62
f20c02a49bec232e,3,512,0.001,18248427620bf319,25,9150,25.0,366,0.10828159714901382,0.7017568545144216,0.7012960312225998,0.302361218185009,0.2720361070307692,93610,0.5,5.62
f20c02a49bec232e,3,512,0.001,18248427620bf319,26,9516,26.0,366,0.10289697465105135,0.6986647708962144,0.7019128023689967,0.30626213450469425,0.2763855214845584,93610,0.5,5.7
f20c02a49bec232e,3,512,0.001,18248427620bf319,27,9882,27.0,366,0.0983350632579926,0.698806136390258,0.6996167161527607,0.3082261341136868,0.27971698764463176,93610,0.5,5.62
f20c02a49bec232e,3,512,0.001,18248427620bf319,28,10248,28.0,366,0.09384985872712291,0.708894590461066,0.7077119514819872,0.2980657239245484,0.2685610943808241,93610,0.5,5.62
f20c02a49bec232e,3,512,0.001,18248427620bf319,29,10614,29.0,366,0.09062286323862649,0.7043367379929115,0.7076255737000827,0.2968614791160142,0.26602242997054826,93610,0.5,5.64
f20c02a49bec232e,3,512,0.001,18248427620bf319,30,10980,30.0,366,0.08467144273791483,0.7001586629153859,0.7019036377520003,0.31115716594403675,0.2868795381253164,93610,0.5,5.69
f20c02a49bec232e,3,512,0.001,18248427620bf319,31,11346,31.0,366,0.08278625648814798,0.6948759627434647,0.6958833160799692,0.31533231306404835,0.29082809170524976,93610,0.5,5.79
f20c02a49bec232e,3,512,0.001,18248427620bf319,32,11712,32.0,366,0.07820380370188607,0.6960457623761868,0.6981870005246364,0.31068711048408787,0.2861979150406228,93610,0.5,5.91
f20c02a49bec232e,3,512,0.001,18248427620bf319,33,12078,33.0,366,0.07502748605494942,0.7073875146524965,0.7060261090703769,0.30684911885000926,0.2825191999141167,93610,0.5,5.91
f20c02a49bec232e,3,512,0.001,18248427620bf319,34,12444,34.0,366,0.07154306688961762,0.7031194100815468,0.7021677557875381,0.3094719705080654,0.28594092845786484,93610,0.5,5.99
f20c02a49bec232e,3,512,0.001,18248427620bf319,35,12810,35.0,366,0.06724817461532648,0.6987370423897761,0.6986005759484997,0.3156888846691974,0.2942689110443046,93610,0.5,5.69
f20c02a49bec232e,3,512,0.001,18248427620bf319,36,13176,36.0,366,0.06452960409020465,0.7034246503501289,0.7031042146750707,0.3121621072200932,0.2908400547632593,93610,0.5,5.95
f20c02a49bec232e,3,512,0.001,18248427620bf319,37,13542,37.0,366,0.06237975385833959,0.7046700464309212,0.7052461753774787,0.31349244179895214,0.29367052304317875,93610,0.5,5.93
f20c02a49bec232e,3,512,0.001,18248427620bf319,38,13908,38.0,366,0.058918108588562966,0.7004565380184804,0.700694175573671,0.31943546914417836,0.30115818312258436,93610,0.5,5.74
f20c02a49bec232e,3,512,0.001,18248427620bf319,39,14274,39.0,366,0.056277637217254914,0.7018794058284874,0.7019207146511458,0.31914415971237114,0.3005970059052893,93610,0.5,5.62
f20c02a49bec232e,3,512,0.001,18248427620bf319,40,14640,40.0,366,0.05543453165945785,0.7025406372947365,0.7044203665616279,0.3156957569607752,0.2982784536409838,93610,0.5,5.61
f20c02a49bec232e,3,512,0.001,18248427620bf319,41,15006,41.0,366,0.0517866172690372,0.7019391522267515,0.7013712215255157,0.3232948007783858,0.3051633405781997,93610,0.5,5.77
f20c02a49bec232e,3,512,0.001,18248427620bf319,42,15372,42.0,366,0.04937101553494487,0.7005239307282005,0.701498027332967,0.32051556201760856,0.3030638521000145,93610,0.5,5.74
f20c02a49bec232e,3,512,0.001,18248427620bf319,43,15738,43.0,366,0.046667126124429574,0.7005346677778542,0.7034688887853963,0.32242265893809596,0.305826884833109,93610,0.5,5.7
f20c02a49bec232e,3,512,0.001,18248427620bf319,44,16104,44.0,366,0.045272170230135564,0.703823955643168,0.7049118095050572,0.3197504986742689,0.3043678287049539,93610,0.5,5.92
f20c02a49bec232e,3,512,0.001,18248427620bf319,45,16470,45.0,366,0.04208821204333195,0.7024674020486484,0.7038338080219522,0.3198547469870725,0.3050199052146801,93610,0.5,5.91
f20c02a49bec232e,3,512,0.001,18248427620bf319,46,16836,46.0,366,0.041632516742200476,0.7069249503453077,0.7077926516474051,0.3163528558574259,0.30007345368509797,93610,0.5,5.93
f20c02a49bec232e,3,512,0.001,18248427620bf319,47,17202,47.0,366,0.039895271673757844,0.7062194640207176,0.706474858967114,0.3221693062475822,0.30715081405701755,93610,0.5,5.61
f20c02a49bec232e,3,512,0.001,18248427620bf319,48,17568,48.0,366,0.03861643115180682,0.7083241900974555,0.7080236146485108,0.3191100355839719,0.30492823892979426,93610,0.5,5.69
f20c02a49bec232e,3,512,0.001,18248427620bf319,49,17934,49.0,366,0.038371298174612996,0.7047719370439891,0.7053483491940922,0.32388110015727634,0.3100569810395548,93610,0.5,5.92
f20c02a49bec232e,3,512,0.001,18248427620bf319,50,18300,50.0,366,0.03614642503391442,0.7062716305970582,0.7068397499023176,0.31970641110274595,0.3053985424071523,93610,0.5,5.63
f20c02a49bec232e,3,512,0.001,18248427620bf319,51,18666,51.0,366,0.03468911921926087,0.7058522208277553,0.7064873736425921,0.3211828821449362,0.3071332027633059,93610,0.5,5.64
f20c02a49bec232e,3,512,0.001,18248427620bf319,52,19032,52.0,366,0.03364196007745595,0.7062354584719195,0.7058232006978657,0.3221585679076783,0.3090268835451965,93610,0.5,5.62
f20c02a49bec232e,3,512,0.001,18248427620bf319,53,19398,53.0,366,0.033210451035287046,0.7049441758665094,0.7050654596018107,0.3220122645968636,0.30802232819685643,93610,0.5,5.69
f20c02a49bec232e,3,512,0.001,18248427620bf319,54,19764,54.0,366,0.03335178268391415,0.7056081508582108,0.7058511085702531,0.3223554622235096,0.3088109290858997,93610,0.5,5.61
f20c02a49bec232e,3,512,0.001,18248427620bf319,55,20130,55.0,366,0.032375151057386656,0.7050142226464882,0.7056758316754694,0.3218345682414276,0.30817543514843704,93610,0.5,5.61
f20c02a49bec232e,3,512,0.001,18248427620bf319,56,20496,56.0,366,0.0322375687811259,0.7051450930752956,0.7049548606551528,0.322891018190081,0.30989797475499703,93610,0.5,5.71
f20c02a49bec232e,3,512,0.001,18248427620bf319,57,20862,57.0,366,0.03071275396689854,0.7053913681094806,0.7053318225736632,0.32317650307737356,0.3103447066009107,93610,0.5,5.62
f20c02a49bec232e,3,512,0.001,18248427620bf319,58,21228,58.0,366,0.030947826690768284,0.7056632494495105,0.7054276171741325,0.3233968132413677,0.31067887579817216,93610,0.5,5.61
cd052433e7ee7d98,4,512,0.001,18248427620bf319,1,366,1.0,366,0.6373599301921865,0.6579055196466255,0.6593008144022298,0.23848100833790797,0.08050293349588802,93610,0.5,6.43
cd052433e7ee7d98,4,512,0.001,18248427620bf319,2,732,2.0,366,0.5022735469491104,0.6584400382930853,0.6644335556765946,0.25676543543206853,0.13618412182916628,93610,0.5,5.93
cd052433e7ee7d98,4,512,0.001,18248427620bf319,3,1098,3.0,366,0.4173818348698277,0.6866740144638417,0.7029121133109466,0.24179339994808982,0.1279751501903592,93610,0.5,5.91
cd052433e7ee7d98,4,512,0.001,18248427620bf319,4,1464,4.0,366,0.3621801783641179,0.6862306795331516,0.6963212669566042,0.2486070147918916,0.14382872392613272,93610,0.5,5.8
cd052433e7ee7d98,4,512,0.001,18248427620bf319,5,1830,5.0,366,0.3238733630688464,0.689793577769296,0.707849035701597,0.24995510907399657,0.16150100013257673,93610,0.5,5.76
cd052433e7ee7d98,4,512,0.001,18248427620bf319,6,2196,6.0,366,0.292866797965081,0.6881468815226381,0.7003665477055072,0.25714507627816613,0.17232951458086623,93610,0.5,5.93
cd052433e7ee7d98,4,512,0.001,18248427620bf319,7,2562,7.0,366,0.2710463397734152,0.6879600320696728,0.7007830500369852,0.25220199260270987,0.15880697860025278,93610,0.5,5.81
cd052433e7ee7d98,4,512,0.001,18248427620bf319,8,2928,8.0,366,0.25324165853646285,0.6916170359387247,0.7063913854973897,0.26222524255581836,0.1897069261742586,93610,0.5,5.97
cd052433e7ee7d98,4,512,0.001,18248427620bf319,9,3294,9.0,366,0.23674337378616542,0.701793111245202,0.706874214787249,0.2669479139406134,0.20696419410827288,93610,0.5,5.93
cd052433e7ee7d98,4,512,0.001,18248427620bf319,10,3660,10.0,366,0.22215661956150023,0.6906881550079119,0.7011608870150554,0.26856779498374855,0.20504661915454134,93610,0.5,5.91
cd052433e7ee7d98,4,512,0.001,18248427620bf319,11,4026,11.0,366,0.21025138490838433,0.7010547018652689,0.7020339508730289,0.2700929980300373,0.20847063089882326,93610,0.5,5.92
cd052433e7ee7d98,4,512,0.001,18248427620bf319,12,4392,12.0,366,0.1989817388070737,0.697575777288295,0.7056420517289154,0.2720041231161218,0.21318217587427005,93610,0.5,5.81
cd052433e7ee7d98,4,512,0.001,18248427620bf319,13,4758,13.0,366,0.1872478410031626,0.6973717876597323,0.6988647928105345,0.2778740091779822,0.22376046864569432,93610,0.5,5.61
cd052433e7ee7d98,4,512,0.001,18248427620bf319,14,5124,14.0,366,0.17692910798423278,0.6992293604241808,0.7059247979885407,0.2716151501393608,0.21571584008073622,93610,0.5,5.6
cd052433e7ee7d98,4,512,0.001,18248427620bf319,15,5490,15.0,366,0.1670632464556746,0.6901843236373251,0.6909740906709829,0.28534550749791693,0.23429613780815794,93610,0.5,5.61
cd052433e7ee7d98,4,512,0.001,18248427620bf319,16,5856,16.0,366,0.1587378941476345,0.6904944803898228,0.6956407609361818,0.2805123003024109,0.22860613530765,93610,0.5,5.83
cd052433e7ee7d98,4,512,0.001,18248427620bf319,17,6222,17.0,366,0.15029182673884872,0.6952978539402024,0.7033138827343273,0.2864142918362534,0.24409539436484684,93610,0.5,5.62
cd052433e7ee7d98,4,512,0.001,18248427620bf319,18,6588,18.0,366,0.1422011541823546,0.6940155473637752,0.6926730799737679,0.2886163969393938,0.24151901423745287,93610,0.5,5.62
cd052433e7ee7d98,4,512,0.001,18248427620bf319,19,6954,19.0,366,0.1348048847351895,0.6942551031128166,0.7019404628327867,0.28516120821886987,0.24236179663770674,93610,0.5,5.68
cd052433e7ee7d98,4,512,0.001,18248427620bf319,20,7320,20.0,366,0.129773869540522,0.7025467021905265,0.7105532048251844,0.27973620526901094,0.236802309197077,93610,0.5,5.62
cd052433e7ee7d98,4,512,0.001,18248427620bf319,21,7686,21.0,366,0.12412123135774514,0.6932108445260965,0.6999644233740369,0.2896764367862485,0.25027181055506265,93610,0.5,5.69
cd052433e7ee7d98,4,512,0.001,18248427620bf319,22,8052,22.0,366,0.11731394030194466,0.6878146052859575,0.6927290497783245,0.29873631699228814,0.26315354609325653,93610,0.5,5.73
cd052433e7ee7d98,4,512,0.001,18248427620bf319,23,8418,23.0,366,0.11153853043425278,0.7003499657222032,0.7030824014076453,0.29171771511859357,0.2578356701036678,93610,0.5,5.69
cd052433e7ee7d98,4,512,0.001,18248427620bf319,24,8784,24.0,366,0.10572145113853809,0.7009249599075127,0.7042114240668836,0.2966226311232194,0.26590086298676574,93610,0.5,5.73
cd052433e7ee7d98,4,512,0.001,18248427620bf319,25,9150,25.0,366,0.10225175599989995,0.6967209773184444,0.7033492235917654,0.29704475673202113,0.267028873139316,93610,0.5,5.9
cd052433e7ee7d98,4,512,0.001,18248427620bf319,26,9516,26.0,366,0.09683575669476568,0.7020622515739702,0.7062955514119688,0.301219550100044,0.2726059758629811,93610,0.5,5.92
cd052433e7ee7d98,4,512,0.001,18248427620bf319,27,9882,27.0,366,0.09115621077069819,0.6976557417948627,0.705280913689993,0.2968728640796322,0.2665599657495885,93610,0.5,5.91
cd052433e7ee7d98,4,512,0.001,18248427620bf319,28,10248,28.0,366,0.0883455095619289,0.70416632978196,0.7118990781530552,0.2938746659199734,0.2654047375580942,93610,0.5,5.81
cd052433e7ee7d98,4,512,0.001,18248427620bf319,29,10614,29.0,366,0.08337307846570602,0.693779485994931,0.6993679712293015,0.30176103483341893,0.2711157969107202,93610,0.5,5.92
cd052433e7ee7d98,4,512,0.001,18248427620bf319,30,10980,30.0,366,0.07933615076818752,0.7001970869869416,0.7060859593555375,0.30489696382392073,0.2813617640285424,93610,0.5,5.97
cd052433e7ee7d98,4,512,0.001,18248427620bf319,31,11346,31.0,366,0.07731572901982753,0.7012235501771371,0.70460095566592,0.30302740508868004,0.27678320044855403,93610,0.5,5.93
cd052433e7ee7d98,4,512,0.001,18248427620bf319,32,11712,32.0,366,0.07227287721397772,0.7027759701466532,0.7079633804691978,0.3006533440858359,0.27600772526627515,93610,0.5,5.9
cd052433e7ee7d98,4,512,0.001,18248427620bf319,33,12078,33.0,366,0.0689097143852157,0.6998387707568452,0.7060146705310033,0.30253313118976877,0.2758218488528207,93610,0.5,5.89
cd052433e7ee7d98,4,512,0.001,18248427620bf319,34,12444,34.0,366,0.06635969247200775,0.7033943505554539,0.7059780698069064,0.30575947739487214,0.2821987082706127,93610,0.5,5.7
cd052433e7ee7d98,4,512,0.001,18248427620bf319,35,12810,35.0,366,0.061719947479298855,0.695200046598129,0.6992719919853309,0.31609175398282296,0.29481682654812214,93610,0.5,5.62
cd052433e7ee7d98,4,512,0.001,18248427620bf319,36,13176,36.0,366,0.05971245930270582,0.698244371812982,0.7039750568768743,0.31238308104790735,0.29268677888709943,93610,0.5,5.63
cd052433e7ee7d98,4,512,0.001,18248427620bf319,37,13542,37.0,366,0.05790032972607131,0.7010914861813305,0.7066363599503407,0.3105738484399956,0.290937820707678,93610,0.5,5.62
cd052433e7ee7d98,4,512,0.001,18248427620bf319,38,13908,38.0,366,0.053945938420426,0.700304117298659,0.7059368146515097,0.31170865306787177,0.29317599049158566,93610,0.5,5.68
cd052433e7ee7d98,4,512,0.001,18248427620bf319,39,14274,39.0,366,0.05077892432976616,0.6991775957158919,0.7059025811986059,0.31176386567102327,0.29348757240982504,93610,0.5,5.61
cd052433e7ee7d98,4,512,0.001,18248427620bf319,40,14640,40.0,366,0.05057566674029241,0.6957882568206621,0.7023364332177493,0.3152946993312802,0.2973838568481354,93610,0.5,5.83
cd052433e7ee7d98,4,512,0.001,18248427620bf319,41,15006,41.0,366,0.04808928207061737,0.6997085367489685,0.707032776081605,0.3117016632220999,0.29318406446250694,93610,0.5,5.95
cd052433e7ee7d98,4,512,0.001,18248427620bf319,42,15372,42.0,366,0.045493082362201696,0.6983464847164896,0.7037305754152244,0.3134726758550675,0.2953376211243467,93610,0.5,5.91
cd052433e7ee7d98,4,512,0.001,18248427620bf319,43,15738,43.0,366,0.04228968716791419,0.6979511678814814,0.7052748492122769,0.3158750591854739,0.29987274146386217,93610,0.5,5.66
cd052433e7ee7d98,4,512,0.001,18248427620bf319,44,16104,44.0,366,0.04126952381936905,0.6953386785855152,0.7034846747776897,0.31775360765909627,0.30166335537066014,93610,0.5,5.87
cd052433e7ee7d98,4,512,0.001,18248427620bf319,45,16470,45.0,366,0.039735049078027246,0.7000242354957361,0.7066014310601706,0.31448158107834995,0.29798595362620195,93610,0.5,5.97
cd052433e7ee7d98,4,512,0.001,18248427620bf319,46,16836,46.0,366,0.03831778532097656,0.6990975263049868,0.7061387929594133,0.31694632761762215,0.3028898462335365,93610,0.5,5.9
cd052433e7ee7d98,4,512,0.001,18248427620bf319,47,17202,47.0,366,0.03596559262330659,0.6992824261492234,0.7072050436753204,0.3152848105739542,0.29906531437420464,93610,0.5,5.79
cd052433e7ee7d98,4,512,0.001,18248427620bf319,48,17568,48.0,366,0.035432285405288304,0.6982923059745016,0.7046998529162735,0.31666252401962497,0.30112477643206,93610,0.5,5.83
cd052433e7ee7d98,4,512,0.001,18248427620bf319,49,17934,49.0,366,0.032250731605832854,0.6977900573468939,0.7054331062670938,0.31651409888349563,0.30126273343990373,93610,0.5,5.92
cd052433e7ee7d98,4,512,0.001,18248427620bf319,50,18300,50.0,366,0.03280930071458465,0.6997044241842735,0.7070919085623015,0.3149775382825224,0.29875176960424954,93610,0.5,5.89
cd052433e7ee7d98,4,512,0.001,18248427620bf319,51,18666,51.0,366,0.03178590517796454,0.698798395161703,0.7061917525499547,0.3171438145458006,0.30260849794135497,93610,0.5,5.82
cd052433e7ee7d98,4,512,0.001,18248427620bf319,52,19032,52.0,366,0.031132681173135023,0.6993998637103014,0.7062170252012474,0.317867638074275,0.3046242331980198,93610,0.5,5.64
cd052433e7ee7d98,4,512,0.001,18248427620bf319,53,19398,53.0,366,0.029728811089193723,0.6990037140262109,0.7053915356885591,0.3180647344489198,0.30433662926309446,93610,0.5,5.74
cd052433e7ee7d98,4,512,0.001,18248427620bf319,54,19764,54.0,366,0.028289982299651198,0.699927996327403,0.7059014108007386,0.31761430152060394,0.3039172814593244,93610,0.5,5.91
cd052433e7ee7d98,4,512,0.001,18248427620bf319,55,20130,55.0,366,0.028724081076355906,0.6990321916077984,0.7055936771857125,0.31880744258060295,0.30603520516394267,93610,0.5,5.89
cd052433e7ee7d98,4,512,0.001,18248427620bf319,56,20496,56.0,366,0.028209540723247932,0.7000389860307177,0.7063487038625332,0.31800296729168925,0.30472613138532273,93610,0.5,6.0
cd052433e7ee7d98,4,512,0.001,18248427620bf319,57,20862,57.0,366,0.028047273879555242,0.6994926456046039,0.7057760374069019,0.3185342242534606,0.3051534991786226,93610,0.5,5.91
cd052433e7ee7d98,4,512,0.001,18248427620bf319,58,21228,58.0,366,0.028121393532721233,0.6996330925332347,0.7059028530285317,0.31799736680619956,0.3044366750254213,93610,0.5,5.84
