project_drug_id,drugbank_id,name,smiles,canonical_smiles,inchikey,formula,mol_weight,n_heavy_atoms,rdkit_parseable
DB00006,DB00006,DB00006,CC[C@H](C)[C@H](NC(=O)[C@H](CCC(O)=O)NC(=O)[C@H](CCC(O)=O)NC(=O)[C@H](CC1=CC=CC=C1)NC(=O)[C@H](CC(O)=O)NC(=O)CNC(=O)[C@H](CC(N)=O)NC(=O)CNC(=O)CNC(=O)CNC(=O)CNC(=O)[C@@H]1CCCN1C(=O)[C@H](CCCNC(N)=N)NC(=O)[C@@H]1CCCN1C(=O)[C@H](N)CC1=CC=CC=C1)C(=O)N1CCC[C@H]1C(=O)N[C@@H](CCC(O)=O)C(=O)N[C@@H](CCC(O)=O)C(=O)N[C@@H](CC1=CC=C(O)C=C1)C(=O)N[C@@H](CC(C)C)C(O)=O,CC[C@H](C)[C@H](NC(=O)[C@H](CCC(=O)O)NC(=O)[C@H](CCC(=O)O)NC(=O)[C@H](Cc1ccccc1)NC(=O)[C@H](CC(=O)O)NC(=O)CNC(=O)[C@H](CC(N)=O)NC(=O)CNC(=O)CNC(=O)CNC(=O)CNC(=O)[C@@H]1CCCN1C(=O)[C@H](CCCNC(=N)N)NC(=O)[C@@H]1CCCN1C(=O)[C@H](N)Cc1ccccc1)C(=O)N1CCC[C@H]1C(=O)N[C@@H](CCC(=O)O)C(=O)N[C@@H](CCC(=O)O)C(=O)N[C@@H](Cc1ccc(O)cc1)C(=O)N[C@@H](CC(C)C)C(=O)O,OIRCOABEOLEUMC-GEJPAHFPSA-N,C98H138N24O33,2180.32,155,True
DB00014,DB00014,DB00014,CC(C)C[C@H](NC(=O)[C@@H](COC(C)(C)C)NC(=O)[C@H](CC1=CC=C(O)C=C1)NC(=O)[C@H](CO)NC(=O)[C@H](CC1=CNC2=CC=CC=C12)NC(=O)[C@H](CC1=CN=CN1)NC(=O)[C@@H]1CCC(=O)N1)C(=O)N[C@@H](CCCN=C(N)N)C(=O)N1CCC[C@H]1C(=O)NNC(N)=O,CC(C)C[C@H](NC(=O)[C@@H](COC(C)(C)C)NC(=O)[C@H](Cc1ccc(O)cc1)NC(=O)[C@H](CO)NC(=O)[C@H](Cc1c[nH]c2ccccc12)NC(=O)[C@H](Cc1cnc[nH]1)NC(=O)[C@@H]1CCC(=O)N1)C(=O)N[C@@H](CCCN=C(N)N)C(=O)N1CCC[C@H]1C(=O)NNC(N)=O,BLCLNMBMMGCOAS-URPVMXJPSA-N,C59H84N18O14,1269.43,91,True
DB00027,DB00027,DB00027,CC(C)C[C@@H](NC(=O)CNC(=O)[C@@H](NC=O)C(C)C)C(=O)N[C@@H](C)C(=O)N[C@H](C(C)C)C(=O)N[C@@H](C(C)C)C(=O)N[C@H](C(C)C)C(=O)N[C@@H](CC1=CNC2=C1C=CC=C2)C(=O)N[C@H](CC(C)C)C(=O)N[C@@H](CC1=CNC2=C1C=CC=C2)C(=O)N[C@H](CC(C)C)C(=O)N[C@@H](CC1=CNC2=C1C=CC=C2)C(=O)N[C@H](CC(C)C)C(=O)N[C@@H](CC1=CNC2=C1C=CC=C2)C(=O)NCCO,CC(C)C[C@@H](NC(=O)CNC(=O)[C@@H](NC=O)C(C)C)C(=O)N[C@@H](C)C(=O)N[C@@H](C(=O)N[C@H](C(=O)N[C@@H](C(=O)N[C@@H](Cc1c[nH]c2ccccc12)C(=O)N[C@H](CC(C)C)C(=O)N[C@@H](Cc1c[nH]c2ccccc12)C(=O)N[C@H](CC(C)C)C(=O)N[C@@H](Cc1c[nH]c2ccccc12)C(=O)N[C@H](CC(C)C)C(=O)N[C@@H](Cc1c[nH]c2ccccc12)C(=O)NCCO)C(C)C)C(C)C)C(C)C,NDAYQJDHGXTBJL-MWWSRJDJSA-N,C96H135N19O16,1811.25,131,True
DB00035,DB00035,DB00035,NC(=O)CC[C@@H]1NC(=O)[C@H](CC2=CC=CC=C2)NC(=O)[C@H](CC2=CC=C(O)C=C2)NC(=O)CCSSC[C@H](NC(=O)[C@H](CC(N)=O)NC1=O)C(=O)N1CCC[C@H]1C(=O)N[C@H](CCCNC(N)=N)C(=O)NCC(N)=O,N=C(N)NCCC[C@@H](NC(=O)[C@@H]1CCCN1C(=O)[C@@H]1CSSCCC(=O)N[C@@H](Cc2ccc(O)cc2)C(=O)N[C@@H](Cc2ccccc2)C(=O)N[C@@H](CCC(N)=O)C(=O)N[C@@H](CC(N)=O)C(=O)N1)C(=O)NCC(N)=O,NFLWUMRGJYTJIN-PNIOQBSNSA-N,C46H64N14O12S2,1069.24,74,True
DB00080,DB00080,DB00080,CCCCCCCCCC(=O)N[C@@H](CC1=CNC2=C1C=CC=C2)C(=O)N[C@H](CC(N)=O)C(=O)N[C@@H](CC(O)=O)C(=O)N[C@H]1[C@@H](C)OC(=O)[C@H](CC(=O)C2=CC=CC=C2N)NC(=O)[C@@H](NC(=O)[C@@H](CO)NC(=O)CNC(=O)[C@H](CC(O)=O)NC(=O)[C@@H](C)NC(=O)[C@H](CC(O)=O)NC(=O)[C@H](CCCN)NC(=O)CNC1=O)[C@H](C)CC(O)=O,CCCCCCCCCC(=O)N[C@@H](Cc1c[nH]c2ccccc12)C(=O)N[C@H](CC(N)=O)C(=O)N[C@@H](CC(=O)O)C(=O)N[C@@H]1C(=O)NCC(=O)N[C@@H](CCCN)C(=O)N[C@@H](CC(=O)O)C(=O)N[C@H](C)C(=O)N[C@@H](CC(=O)O)C(=O)NCC(=O)N[C@H](CO)C(=O)N[C@@H]([C@H](C)CC(=O)O)C(=O)N[C@@H](CC(=O)c2ccccc2N)C(=O)O[C@@H]1C,DOAKLVKFURWEDJ-QCMAZARJSA-N,C72H101N17O26,1620.69,115,True
DB00091,DB00091,DB00091,CC[C@@H]1NC(=O)[C@H]([C@H](O)[C@H](C)C\C=C\C)N(C)C(=O)[C@H](C(C)C)N(C)C(=O)[C@H](CC(C)C)N(C)C(=O)[C@H](CC(C)C)N(C)C(=O)[C@@H](C)NC(=O)[C@H](C)NC(=O)[C@H](CC(C)C)N(C)C(=O)[C@@H](NC(=O)[C@H](CC(C)C)N(C)C(=O)CN(C)C1=O)C(C)C,C/C=C/C[C@@H](C)[C@@H](O)[C@H]1C(=O)N[C@@H](CC)C(=O)N(C)CC(=O)N(C)[C@@H](CC(C)C)C(=O)N[C@@H](C(C)C)C(=O)N(C)[C@@H](CC(C)C)C(=O)N[C@@H](C)C(=O)N[C@H](C)C(=O)N(C)[C@@H](CC(C)C)C(=O)N(C)[C@@H](CC(C)C)C(=O)N(C)[C@@H](C(C)C)C(=O)N1C,PMATZTZNYRCHOR-CGLBZJNRSA-N,C62H111N11O12,1202.63,85,True
DB00104,DB00104,DB00104,[H][C@]1(NC(=O)[C@H](CCCCN)NC(=O)[C@@H](CC2=CNC3=C2C=CC=C3)NC(=O)[C@H](CC2=CC=CC=C2)NC(=O)[C@H](CSSC[C@H](NC1=O)C(=O)N[C@H](CO)[C@@H](C)O)NC(=O)[C@H](N)CC1=CC=CC=C1)[C@@H](C)O,C[C@@H](O)[C@@H]1NC(=O)[C@H](CCCCN)NC(=O)[C@@H](Cc2c[nH]c3ccccc23)NC(=O)[C@H](Cc2ccccc2)NC(=O)[C@@H](NC(=O)[C@H](N)Cc2ccccc2)CSSC[C@@H](C(=O)N[C@H](CO)[C@@H](C)O)NC1=O,DEQANNDTNATYII-OULOTJBUSA-N,C49H66N10O10S2,1019.26,71,True
DB00115,DB00115,DB00115,C[C@H](CNC(=O)CC[C@]1(C)[C@@H](CC(N)=O)[C@H]2N=C1\C(C)=C1/N=C(/C=C3\N=C(\C(\C)=C4\[C@@H](CCC(N)=O)[C@](C)(CC(N)=O)[C@@]2(C)N4[Co+]C#N)[C@@](C)(CC(N)=O)[C@@H]3CCC(N)=O)C(C)(C)[C@@H]1CCC(N)=O)OP([O-])(=O)O[C@@H]1[C@@H](CO)O[C@@H]([C@@H]1O)N1C=NC2=C1C=C(C)C(C)=C2,C/C1=C2N=C(/C=C3N=C(/C(C)=C4/[C@@H](CCC(N)=O)[C@](C)(CC(N)=O)[C@](C)([C@@H]5N=C1[C@](C)(CCC(=O)NC[C@@H](C)OP(=O)([O-])O[C@H]1[C@@H](O)[C@@H](n6cnc7cc(C)c(C)cc76)O[C@@H]1CO)[C@H]5CC(N)=O)[N]4[Co+][C]#N)[C@@](C)(CC(N)=O)[C@@H]\3CCC(N)=O)C(C)(C)[C@@H]/2CCC(N)=O,RMRCNWBMXRMIRW-WZHZPDAFSA-L,C63H88CoN14O14P,1355.39,93,True
DB00120,DB00120,DB00120,N[C@@H](CC1=CC=CC=C1)C(O)=O,N[C@@H](Cc1ccccc1)C(=O)O,COLNVLDHVKWLRT-QMMMGPOBSA-N,C9H11NO2,165.19,12,True
DB00122,DB00122,DB00122,C[N+](C)(C)CCO,C[N+](C)(C)CCO,OEYIOHPDSNJKLS-UHFFFAOYSA-N,C5H14NO+,104.17,7,True
DB00126,DB00126,DB00126,[H][C@@]1(OC(=O)C(O)=C1O)[C@@H](O)CO,O=C1O[C@H]([C@@H](O)CO)C(O)=C1O,CIWBSHSKHKDKBQ-JLAZNSOCSA-N,C6H8O6,176.12,12,True
DB00130,DB00130,DB00130,N[C@@H](CCC(N)=O)C(O)=O,NC(=O)CC[C@H](N)C(=O)O,ZDXPYRJPNDTMRX-VKHMYHEASA-N,C5H10N2O3,146.15,10,True
DB00134,DB00134,DB00134,CSCC[C@H](N)C(O)=O,CSCC[C@H](N)C(=O)O,FFEARJCKVFRZRR-BYPYZUCNSA-N,C5H11NO2S,149.22,9,True
DB00136,DB00136,DB00136,C[C@H](CCCC(C)(C)O)[C@@]1([H])CC[C@@]2([H])\C(CCC[C@]12C)=C\C=C1\C[C@@H](O)C[C@H](O)C1=C,C=C1/C(=C\C=C2/CCC[C@]3(C)[C@@H]([C@H](C)CCCC(C)(C)O)CC[C@@H]23)C[C@@H](O)C[C@@H]1O,GMRQFYUYWCNGIN-NKMMMXOESA-N,C27H44O3,416.65,30,True
DB00140,DB00140,DB00140,CC1=C(C)C=C2N(C[C@H](O)[C@H](O)[C@H](O)CO)C3=NC(=O)NC(=O)C3=NC2=C1,Cc1cc2nc3c(=O)[nH]c(=O)nc-3n(C[C@H](O)[C@H](O)[C@H](O)CO)c2cc1C,AUNGANRZJHBGPY-SCRDCRAPSA-N,C17H20N4O6,376.37,27,True
DB00142,DB00142,DB00142,N[C@@H](CCC(O)=O)C(O)=O,N[C@@H](CCC(=O)O)C(=O)O,WHUUTDBJXJRKMK-VKHMYHEASA-N,C5H9NO4,147.13,10,True
DB00146,DB00146,DB00146,C[C@H](CCCC(C)(C)O)[C@@]1([H])CC[C@@]2([H])\C(CCC[C@]12C)=C\C=C1\C[C@@H](O)CCC1=C,C=C1CC[C@H](O)C/C1=C/C=C1\CCC[C@]2(C)[C@@H]([C@H](C)CCCC(C)(C)O)CC[C@@H]12,JWUBBDSIWDLEOM-DTOXIADCSA-N,C27H44O2,400.65,29,True
DB00150,DB00150,DB00150,N[C@@H](CC1=CNC2=C1C=CC=C2)C(O)=O,N[C@@H](Cc1c[nH]c2ccccc12)C(=O)O,QIVBCDIJIAJPQS-VIFPVBQESA-N,C11H12N2O2,204.23,15,True
DB00152,DB00152,DB00152,CC1=C(CCO)SC=[N+]1CC1=CN=C(C)N=C1N,Cc1ncc(C[n+]2csc(CCO)c2C)c(N)n1,JZRWCGZRTZMZEH-UHFFFAOYSA-N,C12H17N4OS+,265.36,18,True
DB00153,DB00153,DB00153,CC(C)[C@@H](C)\C=C\[C@@H](C)[C@@]1([H])CC[C@@]2([H])\C(CCC[C@]12C)=C\C=C1\C[C@@H](O)CCC1=C,C=C1CC[C@H](O)C/C1=C/C=C1\CCC[C@]2(C)[C@@H]([C@H](C)/C=C/[C@H](C)C(C)C)CC[C@@H]12,MECHNRXZTMCUDQ-RKHKHRCZSA-N,C28H44O,396.66,29,True
DB00158,DB00158,DB00158,NC1=NC(=O)C2=NC(CNC3=CC=C(C=C3)C(=O)N[C@@H](CCC(O)=O)C(O)=O)=CN=C2N1,Nc1nc(=O)c2nc(CNc3ccc(C(=O)N[C@@H](CCC(=O)O)C(=O)O)cc3)cnc2[nH]1,OVBPIULPVIDEAO-LBPRGKRZSA-N,C19H19N7O6,441.4,32,True
DB00162,DB00162,DB00162,C\C(=C/CO)\C=C\C=C(/C)\C=C\C1=C(C)CCCC1(C)C,CC1=C(/C=C/C(C)=C/C=C/C(C)=C/CO)C(C)(C)CCC1,FPIPGXGPPPQFEQ-OVSJKPMPSA-N,C20H30O,286.46,21,True
DB00163,DB00163,DB00163,CC(C)CCC[C@@H](C)CCC[C@@H](C)CCC[C@]1(C)CCC2=C(O1)C(C)=C(C)C(O)=C2C,Cc1c(C)c2c(c(C)c1O)CC[C@@](C)(CCC[C@H](C)CCC[C@H](C)CCCC(C)C)O2,GVJHHUAWPYXKBD-IEOSBIPESA-N,C29H50O2,430.72,31,True
DB00165,DB00165,DB00165,CC1=C(O)C(CO)=C(CO)C=N1,Cc1ncc(CO)c(CO)c1O,LXNHXLLTXMVWPM-UHFFFAOYSA-N,C8H11NO3,169.18,12,True
DB00166,DB00166,DB00166,OC(=O)CCCC[C@@H]1CCSS1,O=C(O)CCCC[C@@H]1CCSS1,AGBQKNBQESQNJD-SSDOTTSWSA-N,C8H14O2S2,206.33,12,True
DB00169,DB00169,DB00169,CC(C)CCC[C@@H](C)[C@@]1([H])CC[C@@]2([H])\C(CCC[C@]12C)=C\C=C1\C[C@@H](O)CCC1=C,C=C1CC[C@H](O)C/C1=C/C=C1\CCC[C@]2(C)[C@@H]([C@H](C)CCCC(C)C)CC[C@@H]12,QYSXJUFSXHHAJI-YRZJJWOYSA-N,C27H44O,384.65,28,True
DB00170,DB00170,DB00170,CC1=CC(=O)C2=CC=CC=C2C1=O,CC1=CC(=O)c2ccccc2C1=O,MJVAVZPDRWSRRC-UHFFFAOYSA-N,C11H8O2,172.18,13,True
DB00175,DB00175,DB00175,[H][C@]12[C@H](C[C@H](O)C=C1C=C[C@H](C)[C@@H]2CC[C@@H](O)C[C@@H](O)CC(O)=O)OC(=O)[C@@H](C)CC,CC[C@H](C)C(=O)O[C@H]1C[C@H](O)C=C2C=C[C@H](C)[C@H](CC[C@@H](O)C[C@@H](O)CC(=O)O)[C@H]21,TUZYXOIXSAXUGO-PZAWKZKUSA-N,C23H36O7,424.53,30,True
DB00176,DB00176,DB00176,COCCCC\C(=N/OCCN)C1=CC=C(C=C1)C(F)(F)F,COCCCC/C(=N\OCCN)c1ccc(C(F)(F)F)cc1,CJOFXWAVKWHTFT-XSFVSMFZSA-N,C15H21F3N2O2,318.34,22,True
DB00177,DB00177,DB00177,CCCCC(=O)N(CC1=CC=C(C=C1)C1=CC=CC=C1C1=NNN=N1)[C@@H](C(C)C)C(O)=O,CCCCC(=O)N(Cc1ccc(-c2ccccc2-c2nn[nH]n2)cc1)[C@H](C(=O)O)C(C)C,ACWBQPMHZXGDFX-QFIPXVFZSA-N,C24H29N5O3,435.53,32,True
DB00178,DB00178,DB00178,[H][C@@]12CCC[C@]1([H])N([C@@H](C2)C(O)=O)C(=O)[C@H](C)N[C@@H](CCC1=CC=CC=C1)C(=O)OCC,CCOC(=O)[C@H](CCc1ccccc1)N[C@@H](C)C(=O)N1[C@H](C(=O)O)C[C@@H]2CCC[C@@H]21,HDACQVRGBOVJII-JBDAPHQKSA-N,C23H32N2O5,416.52,30,True
DB00179,DB00179,DB00179,C[C@@H](CC1=CC(O)=C(O)C=C1)[C@H](C)CC1=CC(O)=C(O)C=C1,C[C@H](Cc1ccc(O)c(O)c1)[C@@H](C)Cc1ccc(O)c(O)c1,HCZKYJDFEPMADG-TXEJJXNPSA-N,C18H22O4,302.37,22,True
DB00180,DB00180,DB00180,[H][C@@]12C[C@@]3([H])[C@]4([H])C[C@H](F)C5=CC(=O)C=C[C@]5(C)[C@@]4([H])[C@@H](O)C[C@]3(C)[C@@]1(OC(C)(C)O2)C(=O)CO,CC1(C)O[C@@H]2C[C@H]3[C@@H]4C[C@H](F)C5=CC(=O)C=C[C@]5(C)[C@H]4[C@@H](O)C[C@]3(C)[C@]2(C(=O)CO)O1,XSFJVAJPIHIPKU-XWCQMRHXSA-N,C24H31FO6,434.5,31,True
DB00181,DB00181,DB00181,NCC(CC(O)=O)C1=CC=C(Cl)C=C1,NCC(CC(=O)O)c1ccc(Cl)cc1,KPYSYYIEGFHWSV-UHFFFAOYSA-N,C10H12ClNO2,213.66,14,True
DB00182,DB00182,DB00182,CC(N)CC1=CC=CC=C1,CC(N)Cc1ccccc1,KWTSXDURSIMDCE-UHFFFAOYSA-N,C9H13N,135.21,10,True
DB00184,DB00184,DB00184,CN1CCC[C@H]1C1=CN=CC=C1,CN1CCC[C@H]1c1cccnc1,SNICXCGAKADSCV-JTQLQIEISA-N,C10H14N2,162.24,12,True
DB00185,DB00185,DB00185,CC1O[C@@]2(CS1)CN1CCC2CC1,CC1O[C@@]2(CS1)CN1CCC2CC1,WUTYZMFRCNBCHQ-LHIURRSHSA-N,C10H17NOS,199.32,13,True
DB00186,DB00186,DB00186,OC1N=C(C2=CC=CC=C2Cl)C2=C(NC1=O)C=CC(Cl)=C2,O=C1Nc2ccc(Cl)cc2C(c2ccccc2Cl)=NC1O,DIWRORZWFLOCLC-UHFFFAOYSA-N,C15H10Cl2N2O2,321.16,21,True
DB00187,DB00187,DB00187,COC(=O)CCC1=CC=C(OCC(O)CNC(C)C)C=C1,COC(=O)CCc1ccc(OCC(O)CNC(C)C)cc1,AQNDDEOPVVGCPG-UHFFFAOYSA-N,C16H25NO4,295.38,21,True
DB00188,DB00188,DB00188,CC(C)C[C@H](NC(=O)[C@H](CC1=CC=CC=C1)NC(=O)C1=CN=CC=N1)B(O)O,CC(C)C[C@H](NC(=O)[C@H](Cc1ccccc1)NC(=O)c1cnccn1)B(O)O,GXJABQQUPOEUTA-RDJZCZTQSA-N,C19H25BN4O4,384.25,28,True
DB00189,DB00189,DB00189,CCC(O)(\C=C\Cl)C#C,C#CC(O)(/C=C/Cl)CC,ZEHYJZXQEQOSON-AATRIKPKSA-N,C7H9ClO,144.6,9,True
DB00190,DB00190,DB00190,C[C@@](CC1=CC(O)=C(O)C=C1)(NN)C(O)=O,C[C@@](Cc1ccc(O)c(O)c1)(NN)C(=O)O,TZFNLOMSOLWIDK-JTQLQIEISA-N,C10H14N2O4,226.23,16,True
DB00191,DB00191,DB00191,CC(C)(N)CC1=CC=CC=C1,CC(C)(N)Cc1ccccc1,DHHVAGZRUROJKS-UHFFFAOYSA-N,C10H15N,149.24,11,True
DB00193,DB00193,DB00193,COC1=CC=CC(=C1)[C@@]1(O)CCCC[C@@H]1CN(C)C,COc1cccc([C@@]2(O)CCCC[C@@H]2CN(C)C)c1,TVYLLZQTGLZFBW-ZBFHGGJFSA-N,C16H25NO2,263.38,19,True
DB00195,DB00195,DB00195,CC(C)NCC(O)COC1=CC=C(CCOCC2CC2)C=C1,CC(C)NCC(O)COc1ccc(CCOCC2CC2)cc1,NWIUTZDMDHAVTP-UHFFFAOYSA-N,C18H29NO3,307.43,22,True
DB00196,DB00196,DB00196,OC(CN1C=NC=N1)(CN1C=NC=N1)C1=C(F)C=C(F)C=C1,OC(Cn1cncn1)(Cn1cncn1)c1ccc(F)cc1F,RFHAOTPXVQNOHP-UHFFFAOYSA-N,C13H12F2N6O,306.28,22,True
DB00198,DB00198,DB00198,CCOC(=O)C1=C[C@@H](OC(CC)CC)[C@H](NC(C)=O)[C@@H](N)C1,CCOC(=O)C1=C[C@@H](OC(CC)CC)[C@H](NC(C)=O)[C@@H](N)C1,VSZGPKBBMSAYNT-RRFJBIMHSA-N,C16H28N2O4,312.41,22,True
DB00199,DB00199,DB00199,CC[C@H]1OC(=O)[C@H](C)[C@@H](O[C@H]2C[C@@](C)(OC)[C@@H](O)[C@H](C)O2)[C@H](C)[C@@H](O[C@@H]2O[C@H](C)C[C@@H]([C@H]2O)N(C)C)[C@](C)(O)C[C@@H](C)C(=O)[C@H](C)[C@@H](O)[C@]1(C)O,CC[C@H]1OC(=O)[C@H](C)[C@@H](O[C@H]2C[C@@](C)(OC)[C@@H](O)[C@H](C)O2)[C@H](C)[C@@H](O[C@@H]2O[C@H](C)C[C@H](N(C)C)[C@H]2O)[C@](C)(O)C[C@@H](C)C(=O)[C@H](C)[C@@H](O)[C@]1(C)O,ULGZDMOVFRHVEP-RWJQBGPGSA-N,C37H67NO13,733.94,51,True
DB00201,DB00201,DB00201,CN1C=NC2=C1C(=O)N(C)C(=O)N2C,Cn1c(=O)c2c(ncn2C)n(C)c1=O,RYYVLZVUVIJVGH-UHFFFAOYSA-N,C8H10N4O2,194.19,14,True
DB00202,DB00202,DB00202,C[N+](C)(C)CCOC(=O)CCC(=O)OCC[N+](C)(C)C,C[N+](C)(C)CCOC(=O)CCC(=O)OCC[N+](C)(C)C,AXOIZCJOOAYSMI-UHFFFAOYSA-N,C14H30N2O4+2,290.4,20,True
DB00203,DB00203,DB00203,CCCC1=NN(C)C2=C1N=C(NC2=O)C1=CC(=CC=C1OCC)S(=O)(=O)N1CCN(C)CC1,CCCc1nn(C)c2c(=O)[nH]c(-c3cc(S(=O)(=O)N4CCN(C)CC4)ccc3OCC)nc12,BNRNXUUZRGQAQC-UHFFFAOYSA-N,C22H30N6O4S,474.59,33,True
DB00204,DB00204,DB00204,CN(CCOC1=CC=C(NS(C)(=O)=O)C=C1)CCC1=CC=C(NS(C)(=O)=O)C=C1,CN(CCOc1ccc(NS(C)(=O)=O)cc1)CCc1ccc(NS(C)(=O)=O)cc1,IXTMWRCNAAVVAI-UHFFFAOYSA-N,C19H27N3O5S2,441.58,29,True
DB00205,DB00205,DB00205,CCC1=C(C(N)=NC(N)=N1)C1=CC=C(Cl)C=C1,CCc1nc(N)nc(N)c1-c1ccc(Cl)cc1,WKSAUQYGYAYLPV-UHFFFAOYSA-N,C12H13ClN4,248.72,17,True
DB00206,DB00206,DB00206,[H][C@]12C[C@@H](OC(=O)C3=CC(OC)=C(OC)C(OC)=C3)[C@H](OC)[C@@H](C(=O)OC)[C@@]1([H])C[C@@]1([H])N(CCC3=C1NC1=C3C=CC(OC)=C1)C2,COC(=O)[C@H]1[C@H]2C[C@@H]3c4[nH]c5cc(OC)ccc5c4CCN3C[C@H]2C[C@@H](OC(=O)c2cc(OC)c(OC)c(OC)c2)[C@@H]1OC,QEVHRUUCFGRFIF-MDEJGZGSSA-N,C33H40N2O9,608.69,44,True
DB00207,DB00207,DB00207,CC[C@H]1OC(=O)[C@H](C)[C@@H](O[C@H]2C[C@@](C)(OC)[C@@H](O)[C@H](C)O2)[C@H](C)[C@@H](O[C@@H]2O[C@H](C)C[C@@H]([C@H]2O)N(C)C)[C@](C)(O)C[C@@H](C)CN(C)[C@H](C)[C@@H](O)[C@]1(C)O,CC[C@H]1OC(=O)[C@H](C)[C@@H](O[C@H]2C[C@@](C)(OC)[C@@H](O)[C@H](C)O2)[C@H](C)[C@@H](O[C@@H]2O[C@H](C)C[C@H](N(C)C)[C@H]2O)[C@](C)(O)C[C@@H](C)CN(C)[C@H](C)[C@@H](O)[C@]1(C)O,MQTOSJVFKKJCRP-BICOPXKESA-N,C38H72N2O12,749.0,52,True
DB00208,DB00208,DB00208,ClC1=CC=CC=C1CN1CCC2=C(C1)C=CS2,Clc1ccccc1CN1CCc2sccc2C1,PHWBOXQYWZNQIN-UHFFFAOYSA-N,C14H14ClNS,263.79,17,True
DB00209,DB00209,DB00209,[H][C@]12CC[C@]([H])(C[C@@H](C1)OC(=O)C(O)(C1=CC=CC=C1)C1=CC=CC=C1)[N+]21CCCC1,O=C(O[C@H]1C[C@H]2CC[C@@H](C1)[N+]21CCCC1)C(O)(c1ccccc1)c1ccccc1,OYYDSUSKLWTMMQ-JKHIJQBDSA-N,C25H30NO3+,392.52,29,True
DB00210,DB00210,DB00210,COC1=C(C=C(C=C1)C1=CC2=C(C=C1)C=C(C=C2)C(O)=O)C12CC3CC(CC(C3)C1)C2,COc1ccc(-c2ccc3cc(C(=O)O)ccc3c2)cc1C12CC3CC(CC(C3)C1)C2,LZCDAPDGXCYOEH-UHFFFAOYSA-N,C28H28O3,412.53,31,True
DB00211,DB00211,DB00211,COC1=CC(C(O)CNC(=O)CN)=C(OC)C=C1,COc1ccc(OC)c(C(O)CNC(=O)CN)c1,PTKSEFOSCHHMPD-UHFFFAOYSA-N,C12H18N2O4,254.29,18,True
DB00212,DB00212,DB00212,CC(C)(C)S(=O)(=O)C[C@@H](CC1=CC=CC=C1)C(=O)N[C@@H](CC1=CN=CN1)C(=O)N[C@@H](CC1CCCCC1)[C@@H](O)[C@@H](O)C1CC1,CC(C)(C)S(=O)(=O)C[C@@H](Cc1ccccc1)C(=O)N[C@@H](Cc1cnc[nH]1)C(=O)N[C@@H](CC1CCCCC1)[C@@H](O)[C@@H](O)C1CC1,UXIGZRQVLGFTOU-VQXQMPIVSA-N,C33H50N4O6S,630.85,44,True
DB00213,DB00213,DB00213,COC1=C(OC)C(CS(=O)C2=NC3=C(N2)C=C(OC(F)F)C=C3)=NC=C1,COc1ccnc(CS(=O)c2nc3ccc(OC(F)F)cc3[nH]2)c1OC,IQPSEEYGBUAQFF-UHFFFAOYSA-N,C16H15F2N3O4S,383.38,26,True
DB00214,DB00214,DB00214,CC(C)NC(=O)NS(=O)(=O)C1=C(NC2=CC=CC(C)=C2)C=CN=C1,Cc1cccc(Nc2ccncc2S(=O)(=O)NC(=O)NC(C)C)c1,NGBFQHCMQULJNZ-UHFFFAOYSA-N,C16H20N4O3S,348.43,24,True
DB00215,DB00215,DB00215,CN(C)CCCC1(OCC2=C1C=CC(=C2)C#N)C1=CC=C(F)C=C1,CN(C)CCCC1(c2ccc(F)cc2)OCc2cc(C#N)ccc21,WSEQXVZVJXJVFP-UHFFFAOYSA-N,C20H21FN2O,324.4,24,True
DB00216,DB00216,DB00216,CN1CCC[C@@H]1CC1=CNC2=C1C=C(CCS(=O)(=O)C1=CC=CC=C1)C=C2,CN1CCC[C@@H]1Cc1c[nH]c2ccc(CCS(=O)(=O)c3ccccc3)cc12,PWVXXGRKLHYWKM-LJQANCHMSA-N,C22H26N2O2S,382.53,27,True
DB00217,DB00217,DB00217,CN\C(NCC1=CC=CC=C1)=N/C,C/N=C(\NC)NCc1ccccc1,NIVZHWNOUVJHKV-UHFFFAOYSA-N,C10H15N3,177.25,13,True
DB00218,DB00218,DB00218,[H][C@]12CN(C[C@@]1([H])NCCC2)C1=C(F)C=C2C(=O)C(=CN(C3CC3)C2=C1OC)C(O)=O,COc1c(N2C[C@@H]3CCCN[C@@H]3C2)c(F)cc2c(=O)c(C(=O)O)cn(C3CC3)c12,FABPRXSRWADJSP-MEDUHNTESA-N,C21H24FN3O4,401.44,29,True
DB00219,DB00219,DB00219,CC[N+](C)(CC)CCOC(=O)C(O)(C1CCCCC1)C1=CC=CC=C1,CC[N+](C)(CC)CCOC(=O)C(O)(c1ccccc1)C1CCCCC1,GFRUPHOKLBPHTQ-UHFFFAOYSA-N,C21H34NO3+,348.51,25,True
DB00220,DB00220,DB00220,[H][C@@]12CCCC[C@]1([H])CN(C[C@@H](O)[C@H](CSC1=CC=CC=C1)NC(=O)C1=C(C)C(O)=CC=C1)[C@@H](C2)C(=O)NC(C)(C)C,Cc1c(O)cccc1C(=O)N[C@@H](CSc1ccccc1)[C@H](O)CN1C[C@H]2CCCC[C@H]2C[C@H]1C(=O)NC(C)(C)C,QAGYKUNXZHXKMR-HKWSIXNMSA-N,C32H45N3O4S,567.8,40,True
DB00221,DB00221,DB00221,CCC(NC(C)C)C(O)C1=CC(O)=C(O)C=C1,CCC(NC(C)C)C(O)c1ccc(O)c(O)c1,HUYWAWARQUIQLE-UHFFFAOYSA-N,C13H21NO3,239.31,17,True
DB00222,DB00222,DB00222,CCC1=C(C)CN(C(=O)NCCC2=CC=C(C=C2)S(=O)(=O)NC(=O)N[C@H]2CC[C@H](C)CC2)C1=O,CCC1=C(C)CN(C(=O)NCCc2ccc(S(=O)(=O)NC(=O)N[C@H]3CC[C@H](C)CC3)cc2)C1=O,WIGIZIANZCJQQY-RUCARUNLSA-N,C24H34N4O5S,490.63,34,True
DB00223,DB00223,DB00223,[H][C@@]12C[C@H](C)[C@](O)(C(=O)CO)[C@@]1(C)C[C@H](O)[C@@]1(F)[C@@]2([H])C[C@H](F)C2=CC(=O)C=C[C@]12C,C[C@H]1C[C@H]2[C@@H]3C[C@H](F)C4=CC(=O)C=C[C@]4(C)[C@@]3(F)[C@@H](O)C[C@]2(C)[C@@]1(O)C(=O)CO,WXURHACBFYSXBI-XHIJKXOTSA-N,C22H28F2O5,410.46,29,True
DB00224,DB00224,DB00224,CC(C)(C)NC(=O)[C@@H]1CN(CC2=CN=CC=C2)CCN1C[C@@H](O)C[C@@H](CC1=CC=CC=C1)C(=O)N[C@@H]1[C@H](O)CC2=CC=CC=C12,CC(C)(C)NC(=O)[C@@H]1CN(Cc2cccnc2)CCN1C[C@@H](O)C[C@@H](Cc1ccccc1)C(=O)N[C@H]1c2ccccc2C[C@H]1O,CBVCZFGXHXORBI-PXQQMZJSSA-N,C36H47N5O4,613.8,45,True
DB00226,DB00226,DB00226,NC(N)=NCC1COC2(CCCCC2)O1,NC(N)=NCC1COC2(CCCCC2)O1,HPBNRIOWIXYZFK-UHFFFAOYSA-N,C10H19N3O2,213.28,15,True
DB00227,DB00227,DB00227,[H][C@]12[C@H](C[C@@H](C)C=C1C=C[C@H](C)[C@@H]2CC[C@@H]1C[C@@H](O)CC(=O)O1)OC(=O)[C@@H](C)CC,CC[C@H](C)C(=O)O[C@H]1C[C@@H](C)C=C2C=C[C@H](C)[C@H](CC[C@@H]3C[C@@H](O)CC(=O)O3)[C@H]21,PCZOHLXUXFIOCF-BXMDZJJMSA-N,C24H36O5,404.55,29,True
DB00228,DB00228,DB00228,FC(F)OC(F)(F)C(F)Cl,FC(F)OC(F)(F)C(F)Cl,JPGQOUSTVILISH-UHFFFAOYSA-N,C3H2ClF5O,184.49,10,True
DB00229,DB00229,DB00229,[H][C@]12SCC(CSC3=NN=NN3CCN(C)C)=C(N1C(=O)[C@H]2NC(=O)CC1=CSC(N)=N1)C(O)=O,CN(C)CCn1nnnc1SCC1=C(C(=O)O)N2C(=O)[C@@H](NC(=O)Cc3csc(N)n3)[C@H]2SC1,QYQDKDWGWDOFFU-IUODEOHRSA-N,C18H23N9O4S3,525.64,34,True
DB00230,DB00230,DB00230,CC(C)C[C@H](CN)CC(O)=O,CC(C)C[C@H](CN)CC(=O)O,AYXYPKUFHZROOJ-ZETCQYMHSA-N,C8H17NO2,159.23,11,True
DB00231,DB00231,DB00231,CN1C2=C(C=C(Cl)C=C2)C(=NC(O)C1=O)C1=CC=CC=C1,CN1C(=O)C(O)N=C(c2ccccc2)c2cc(Cl)ccc21,SEQDDYPDSLOBDC-UHFFFAOYSA-N,C16H13ClN2O2,300.75,21,True
DB00232,DB00232,DB00232,CN1C(CCl)NC2=CC(Cl)=C(C=C2S1(=O)=O)S(N)(=O)=O,CN1C(CCl)Nc2cc(Cl)c(S(N)(=O)=O)cc2S1(=O)=O,CESYKOGBSMNBPD-UHFFFAOYSA-N,C9H11Cl2N3O4S2,360.24,20,True
DB00233,DB00233,DB00233,NC1=CC(O)=C(C=C1)C(O)=O,Nc1ccc(C(=O)O)c(O)c1,WUBBRNOQWQTFEX-UHFFFAOYSA-N,C7H7NO3,153.14,11,True
DB00234,DB00234,DB00234,[H][C@@](OC1=CC=CC=C1OCC)(C1=CC=CC=C1)[C@@]1([H])CNCCO1,CCOc1ccccc1O[C@H](c1ccccc1)[C@H]1CNCCO1,CBQGYUDMJHNJBX-RTBURBONSA-N,C19H23NO3,313.4,23,True
DB00235,DB00235,DB00235,CC1=C(C=C(C#N)C(=O)N1)C1=CC=NC=C1,Cc1[nH]c(=O)c(C#N)cc1-c1ccncc1,PZRHRDRVRGEVNW-UHFFFAOYSA-N,C12H9N3O,211.22,16,True
DB00236,DB00236,DB00236,BrCCC(=O)N1CCN(CC1)C(=O)CCBr,O=C(CCBr)N1CCN(C(=O)CCBr)CC1,NJBFOOCLYDNZJN-UHFFFAOYSA-N,C10H16Br2N2O2,356.06,16,True
DB00237,DB00237,DB00237,CCC(C)C1(CC)C(=O)NC(=O)NC1=O,CCC(C)C1(CC)C(=O)NC(=O)NC1=O,ZRIHAIZYIMGOAB-UHFFFAOYSA-N,C10H16N2O3,212.25,15,True
DB00238,DB00238,DB00238,CC1=C2NC(=O)C3=C(N=CC=C3)N(C3CC3)C2=NC=C1,Cc1ccnc2c1NC(=O)c1cccnc1N2C1CC1,NQDJXKOVJZTUJA-UHFFFAOYSA-N,C15H14N4O,266.3,20,True
DB00239,DB00239,DB00239,ClC1=CC(Cl)=C(CO\N=C(/CN2C=CN=C2)C2=CC=C(Cl)C=C2Cl)C=C1,Clc1ccc(CO/N=C(\Cn2ccnc2)c2ccc(Cl)cc2Cl)c(Cl)c1,QRJJEGAJXVEBNE-HKOYGPOVSA-N,C18H13Cl4N3O,429.13,26,True
DB00240,DB00240,DB00240,[H][C@@]12C[C@@H](C)[C@](O)(C(=O)CO)[C@@]1(C)C[C@H](O)[C@@]1([H])[C@@]2([H])[C@H](Cl)CC2=CC(=O)C=C[C@]12C,C[C@@H]1C[C@H]2[C@H]3[C@H]([C@@H](O)C[C@]2(C)[C@@]1(O)C(=O)CO)[C@@]1(C)C=CC(=O)C=C1C[C@H]3Cl,FJXOGVLKCZQRDN-PHCHRAKRSA-N,C22H29ClO5,408.92,28,True
DB00241,DB00241,DB00241,CC(C)CC1(CC=C)C(=O)NC(=O)NC1=O,C=CCC1(CC(C)C)C(=O)NC(=O)NC1=O,UZVHFVZFNXBMQJ-UHFFFAOYSA-N,C11H16N2O3,224.26,16,True
DB00242,DB00242,DB00242,NC1=C2N=CN([C@H]3C[C@H](O)[C@@H](CO)O3)C2=NC(Cl)=N1,Nc1nc(Cl)nc2c1ncn2[C@H]1C[C@H](O)[C@@H](CO)O1,PTOAARAWEBMLNO-KVQBGUIXSA-N,C10H12ClN5O3,285.69,19,True
DB00243,DB00243,DB00243,COC1=CC=CC=C1OCC(O)CN1CCN(CC(=O)NC2=C(C)C=CC=C2C)CC1,COc1ccccc1OCC(O)CN1CCN(CC(=O)Nc2c(C)cccc2C)CC1,XKLMZUWKNUAPSZ-UHFFFAOYSA-N,C24H33N3O4,427.55,31,True
DB00244,DB00244,DB00244,NC1=CC(C(O)=O)=C(O)C=C1,Nc1ccc(O)c(C(=O)O)c1,KBOPZPXVLCULAV-UHFFFAOYSA-N,C7H7NO3,153.14,11,True
DB00245,DB00245,DB00245,[H][C@]12CC[C@]([H])(C[C@@]([H])(C1)OC(C1=CC=CC=C1)C1=CC=CC=C1)N2C,CN1[C@@H]2CC[C@H]1C[C@@H](OC(c1ccccc1)c1ccccc1)C2,GIJXKZJWITVLHI-PMOLBWCYSA-N,C21H25NO,307.44,23,True
DB00246,DB00246,DB00246,ClC1=C(CCN2CCN(CC2)C2=NSC3=CC=CC=C23)C=C2CC(=O)NC2=C1,O=C1Cc2cc(CCN3CCN(c4nsc5ccccc45)CC3)c(Cl)cc2N1,MVWVFYHBGMAFLY-UHFFFAOYSA-N,C21H21ClN4OS,412.95,28,True
DB00247,DB00247,DB00247,[H][C@@]12CC3=CN(C)C4=C3C(=CC=C4)C1=C[C@H](CN2C)C(=O)NC(CC)CO,CCC(CO)NC(=O)[C@@H]1C=C2c3cccc4c3c(cn4C)C[C@H]2N(C)C1,KPJZHOPZRAFDTN-NQUBZZJWSA-N,C21H27N3O2,353.47,26,True
DB00248,DB00248,DB00248,[H][C@@]12CC3=CNC4=CC=CC(=C34)[C@@]1([H])C[C@H](CN2CC=C)C(=O)N(CCCN(C)C)C(=O)NCC,C=CCN1C[C@H](C(=O)N(CCCN(C)C)C(=O)NCC)C[C@@H]2c3cccc4[nH]cc(c34)C[C@H]21,KORNTPPJEAJQIU-KJXAQDMKSA-N,C26H37N5O2,451.62,33,True
DB00250,DB00250,DB00250,NC1=CC=C(C=C1)S(=O)(=O)C1=CC=C(N)C=C1,Nc1ccc(S(=O)(=O)c2ccc(N)cc2)cc1,MQJKPEGWNLWLTK-UHFFFAOYSA-N,C12H12N2O2S,248.31,17,True
DB00251,DB00251,DB00251,CC(C)N1CCN(CC1)C1=CC=C(OC[C@H]2CO[C@@](CN3C=NC=N3)(O2)C2=C(Cl)C=C(Cl)C=C2)C=C1,CC(C)N1CCN(c2ccc(OC[C@H]3CO[C@](Cn4cncn4)(c4ccc(Cl)cc4Cl)O3)cc2)CC1,BLSQLHNBWJLIBQ-OZXSUGGESA-N,C26H31Cl2N5O3,532.47,36,True
DB00252,DB00252,DB00252,O=C1NC(=O)C(N1)(C1=CC=CC=C1)C1=CC=CC=C1,O=C1NC(=O)C(c2ccccc2)(c2ccccc2)N1,CXOFVDLJLONNDW-UHFFFAOYSA-N,C15H12N2O2,252.27,19,True
DB00253,DB00253,DB00253,[H][C@@]12CC[C@H](C(C)=O)[C@@]1(C)C[C@H](O)[C@@]1([H])[C@@]2([H])C[C@H](C)C2=CC(=O)CC[C@]12C,CC(=O)[C@H]1CC[C@H]2[C@@H]3C[C@H](C)C4=CC(=O)CC[C@]4(C)[C@H]3[C@@H](O)C[C@]12C,GZENKSODFLBBHQ-ILSZZQPISA-N,C22H32O3,344.5,25,True
DB00254,DB00254,DB00254,[H][C@@]12[C@@H](C)C3=CC=CC(O)=C3C(=O)C1=C(O)[C@]1(O)C(=O)C(C(N)=O)=C(O)[C@@H](N(C)C)[C@]1([H])[C@H]2O,C[C@H]1c2cccc(O)c2C(=O)C2=C(O)[C@]3(O)C(=O)C(C(N)=O)=C(O)[C@@H](N(C)C)[C@@H]3[C@@H](O)[C@@H]21,JBIWCJUYHHGXTC-AKNGSSGZSA-N,C22H24N2O8,444.44,32,True
DB00255,DB00255,DB00255,CC\C(=C(\CC)C1=CC=C(O)C=C1)C1=CC=C(O)C=C1,CC/C(=C(/CC)c1ccc(O)cc1)c1ccc(O)cc1,RGLYKWWBQGJZGM-ISLYRVAYSA-N,C18H20O2,268.36,20,True
DB00256,DB00256,DB00256,[H][C@@]12C[C@@]3([H])C(C(=O)C4=C(O)C=CC=C4[C@@]3(C)O)=C(O)[C@]1(O)C(=O)C(C(=O)NCNCCCC[C@H](N)C(O)=O)=C(O)[C@H]2N(C)C,CN(C)[C@@H]1C(O)=C(C(=O)NCNCCCC[C@H](N)C(=O)O)C(=O)[C@@]2(O)C(O)=C3C(=O)c4c(O)cccc4[C@@](C)(O)[C@H]3C[C@@H]12,AHEVKYYGXVEWNO-UEPZRUIBSA-N,C29H38N4O10,602.64,43,True
DB00257,DB00257,DB00257,ClC1=CC=CC=C1C(N1C=CN=C1)(C1=CC=CC=C1)C1=CC=CC=C1,Clc1ccccc1C(c1ccccc1)(c1ccccc1)n1ccnc1,VNFPBHJOKIVQEB-UHFFFAOYSA-N,C22H17ClN2,344.85,25,True
DB00258,DB00258,DB00258,[Ca++].CC([O-])=O.CC([O-])=O,CC(=O)[O-].CC(=O)[O-].[Ca+2],VSGNNIFQASZAOI-UHFFFAOYSA-L,C4H6CaO4,158.17,9,True
DB00259,DB00259,DB00259,NC1=CC=C(C=C1)S(N)(=O)=O,Nc1ccc(S(N)(=O)=O)cc1,FDDDEECHVMSUSB-UHFFFAOYSA-N,C6H8N2O2S,172.21,11,True
DB00260,DB00260,DB00260,N[C@@H]1CONC1=O,N[C@@H]1CONC1=O,DYDCUQKUCUHJBH-UWTATZPHSA-N,C3H6N2O2,102.09,7,True
DB00261,DB00261,DB00261,ClC1=CC=C2N=C3NC(=O)CN3CC2=C1Cl,O=C1CN2Cc3c(ccc(Cl)c3Cl)N=C2N1,OTBXOEAOVRKTNQ-UHFFFAOYSA-N,C10H7Cl2N3O,256.09,16,True
DB00262,DB00262,DB00262,ClCCNC(=O)N(CCCl)N=O,O=NN(CCCl)C(=O)NCCCl,DLGOEMSEDOSKAD-UHFFFAOYSA-N,C5H9Cl2N3O2,214.05,12,True
DB00263,DB00263,DB00263,CC1=NOC(NS(=O)(=O)C2=CC=C(N)C=C2)=C1C,Cc1noc(NS(=O)(=O)c2ccc(N)cc2)c1C,NHUHCSRWZMLRLA-UHFFFAOYSA-N,C11H13N3O3S,267.31,18,True
DB00264,DB00264,DB00264,COCCC1=CC=C(OCC(O)CNC(C)C)C=C1,COCCc1ccc(OCC(O)CNC(C)C)cc1,IUBSYMUCCVWXPE-UHFFFAOYSA-N,C15H25NO3,267.37,19,True
DB00266,DB00266,DB00266,OC1=C(CC2=C(O)C3=C(OC2=O)C=CC=C3)C(=O)OC2=C1C=CC=C2,O=c1oc2ccccc2c(O)c1Cc1c(O)c2ccccc2oc1=O,DOBMPNYZJYQDGZ-UHFFFAOYSA-N,C19H12O6,336.3,25,True
DB00267,DB00267,DB00267,[H][C@]12SCC(CSC3=NN=NN3C)=C(N1C(=O)[C@H]2NC(=O)C(=N/OC)\C1=CSC(N)=N1)C(O)=O,CO/N=C(\C(=O)N[C@@H]1C(=O)N2C(C(=O)O)=C(CSc3nnnn3C)CS[C@H]12)c1csc(N)n1,HJJDBAOLQAWBMH-YCRCPZNHSA-N,C16H17N9O5S3,511.57,33,True
DB00268,DB00268,DB00268,CCCN(CCC)CCC1=C2CC(=O)NC2=CC=C1,CCCN(CCC)CCc1cccc2c1CC(=O)N2,UHSKFQJFRQCDBE-UHFFFAOYSA-N,C16H24N2O,260.38,19,True
DB00270,DB00270,DB00270,COC(=O)C1=C(C)NC(C)=C(C1C1=CC=CC2=NON=C12)C(=O)OC(C)C,COC(=O)C1=C(C)NC(C)=C(C(=O)OC(C)C)C1c1cccc2nonc12,HMJIYCCIJYRONP-UHFFFAOYSA-N,C19H21N3O5,371.39,27,True
DB00271,DB00271,DB00271,CC(=O)NC1=C(I)C(C(O)=O)=C(I)C(NC(C)=O)=C1I,CC(=O)Nc1c(I)c(NC(C)=O)c(I)c(C(=O)O)c1I,YVPYQUNUQOZFHG-UHFFFAOYSA-N,C11H9I3N2O4,613.92,20,True
DB00273,DB00273,DB00273,[H][C@@]12CO[C@@]3(COS(N)(=O)=O)OC(C)(C)O[C@@]3([H])[C@]1([H])OC(C)(C)O2,CC1(C)O[C@@H]2[C@@H](CO[C@@]3(COS(N)(=O)=O)OC(C)(C)O[C@@H]23)O1,KJADKKWYZYXHBB-XBWDGYHZSA-N,C12H21NO8S,339.37,22,True
DB00274,DB00274,DB00274,[H][C@]12SCC(CSC3=NN=NN3C)=C(N1C(=O)[C@]2(NC(=O)CSCC#N)OC)C(O)=O,CO[C@@]1(NC(=O)CSCC#N)C(=O)N2C(C(=O)O)=C(CSc3nnnn3C)CS[C@@H]21,SNBUBQHDYVFSQF-HIFRSBDPSA-N,C15H17N7O5S3,471.55,30,True
DB00275,DB00275,DB00275,CCCC1=NC(=C(N1CC1=CC=C(C=C1)C1=C(C=CC=C1)C1=NN=NN1)C(O)=O)C(C)(C)O,CCCc1nc(C(C)(C)O)c(C(=O)O)n1Cc1ccc(-c2ccccc2-c2nnn[nH]2)cc1,VTRAEEWXHOVJFV-UHFFFAOYSA-N,C24H26N6O3,446.51,33,True
DB00276,DB00276,DB00276,COC1=C(NC2=C3C=CC=CC3=NC3=CC=CC=C23)C=CC(NS(C)(=O)=O)=C1,COc1cc(NS(C)(=O)=O)ccc1Nc1c2ccccc2nc2ccccc12,XCPGHVQEEXUHNC-UHFFFAOYSA-N,C21H19N3O3S,393.47,28,True
DB00277,DB00277,DB00277,CN1C2=C(NC=N2)C(=O)N(C)C1=O,Cn1c(=O)c2[nH]cnc2n(C)c1=O,ZFXYFBGIUFBOJW-UHFFFAOYSA-N,C7H8N4O2,180.17,13,True
DB00278,DB00278,DB00278,C[C@@H]1CCN([C@H](C1)C(O)=O)C(=O)[C@H](CCCNC(N)=N)NS(=O)(=O)C1=CC=CC2=C1NCC(C)C2,CC1CNc2c(cccc2S(=O)(=O)N[C@@H](CCCNC(=N)N)C(=O)N2CC[C@@H](C)C[C@@H]2C(=O)O)C1,KXNPVXPOPUZYGB-IOVMHBDKSA-N,C23H36N6O5S,508.65,35,True
DB00279,DB00279,DB00279,N[C@@H](CC1=CC(I)=C(OC2=CC(I)=C(O)C=C2)C(I)=C1)C(O)=O,N[C@@H](Cc1cc(I)c(Oc2ccc(O)c(I)c2)c(I)c1)C(=O)O,AUYYCJSJGJYCDS-LBPRGKRZSA-N,C15H12I3NO4,650.98,23,True
DB00280,DB00280,DB00280,CC(C)N(CCC(C(N)=O)(C1=CC=CC=C1)C1=NC=CC=C1)C(C)C,CC(C)N(CCC(C(N)=O)(c1ccccc1)c1ccccn1)C(C)C,UVTNFZQICZKOEM-UHFFFAOYSA-N,C21H29N3O,339.48,25,True
DB00281,DB00281,DB00281,CCN(CC)CC(=O)NC1=C(C)C=CC=C1C,CCN(CC)CC(=O)Nc1c(C)cccc1C,NNJVILVZKWQKPM-UHFFFAOYSA-N,C14H22N2O,234.34,17,True
DB00282,DB00282,DB00282,NCCC(O)(P(O)(O)=O)P(O)(O)=O,NCCC(O)(P(=O)(O)O)P(=O)(O)O,WRUUGTRCQOWXEG-UHFFFAOYSA-N,C3H11NO7P2,235.07,13,True
DB00283,DB00283,DB00283,CN1CCC[C@@H]1CCO[C@](C)(C1=CC=CC=C1)C1=CC=C(Cl)C=C1,CN1CCC[C@@H]1CCO[C@](C)(c1ccccc1)c1ccc(Cl)cc1,YNNUSGIPVFPVBX-NHCUHLMSSA-N,C21H26ClNO,343.9,24,True
DB00284,DB00284,DB00284,[H]C(=O)[C@H](O)[C@@H](O)[C@]([H])(O[C@@]1([H])O[C@H](CO)[C@@]([H])(O[C@H]2O[C@H](C)[C@@H](N[C@@]3([H])C=C(CO)[C@@H](O)[C@H](O)[C@H]3O)[C@H](O)[C@H]2O)[C@H](O)[C@H]1O)[C@H](O)CO,C[C@H]1O[C@H](O[C@H]2[C@H](O)[C@@H](O)[C@@H](O[C@@H]([C@H](O)[C@@H](O)C=O)[C@H](O)CO)O[C@@H]2CO)[C@H](O)[C@@H](O)[C@@H]1N[C@H]1C=C(CO)[C@@H](O)[C@H](O)[C@H]1O,CEMXHAPUFJOOSV-XGWNLRGSSA-N,C25H43NO18,645.61,44,True
DB00285,DB00285,DB00285,COC1=CC=C(C=C1)C(CN(C)C)C1(O)CCCCC1,COc1ccc(C(CN(C)C)C2(O)CCCCC2)cc1,PNVNVHUZROJLTJ-UHFFFAOYSA-N,C17H27NO2,277.41,20,True
DB00287,DB00287,DB00287,CC(C)OC(=O)CCC\C=C/C[C@H]1[C@@H](O)C[C@@H](O)[C@@H]1\C=C\[C@@H](O)COC1=CC=CC(=C1)C(F)(F)F,CC(C)OC(=O)CCC/C=C\C[C@@H]1[C@@H](/C=C/[C@@H](O)COc2cccc(C(F)(F)F)c2)[C@H](O)C[C@@H]1O,MKPLKVHSHYCHOC-AHTXBMBWSA-N,C26H35F3O6,500.55,35,True
DB00288,DB00288,DB00288,[H][C@@]12C[C@H]3OC4(CCCC4)O[C@@]3(C(=O)COC(C)=O)[C@@]1(C)C[C@H](O)[C@@]1(F)[C@@]2([H])CCC2=CC(=O)C=C[C@]12C,CC(=O)OCC(=O)[C@@]12OC3(CCCC3)O[C@@H]1C[C@H]1[C@@H]3CCC4=CC(=O)C=C[C@]4(C)[C@@]3(F)[C@@H](O)C[C@@]12C,ILKJAFIWWBXGDU-MOGDOJJUSA-N,C28H35FO7,502.58,36,True
DB00289,DB00289,DB00289,CNCC[C@@H](OC1=CC=CC=C1C)C1=CC=CC=C1,CNCC[C@@H](Oc1ccccc1C)c1ccccc1,VHGCDTVCOLNTBX-QGZVFWFLSA-N,C17H21NO,255.36,19,True
DB00290,DB00290,DB00290,[H][C@](C)(NC(=O)[C@@]([H])(NC(=O)C1=NC(=NC(N)=C1C)[C@H](CC(N)=O)NC[C@H](N)C(N)=O)[C@@]([H])(OC1OC(CO)C(O)C(O)C1OC1OC(CO)C(O)C(OC(N)=O)C1O)C1=CNC=N1)[C@@H](O)[C@H](C)C(=O)N[C@]([H])(C(=O)NCCC1=NC(=CS1)C1=NC(=CS1)C(=O)NCCC[S+](C)C)[C@@]([H])(C)O,Cc1c(N)nc([C@H](CC(N)=O)NC[C@H](N)C(N)=O)nc1C(=O)N[C@H](C(=O)N[C@H](C)[C@@H](O)[C@H](C)C(=O)N[C@H](C(=O)NCCc1nc(-c2nc(C(=O)NCCC[S+](C)C)cs2)cs1)[C@@H](C)O)[C@@H](OC1OC(CO)C(O)C(O)C1OC1OC(CO)C(O)C(OC(N)=O)C1O)c1c[nH]cn1,OYVAGSVQBOHSSS-WXFSZRTFSA-O,C55H84N17O21S3+,1415.58,96,True
DB00291,DB00291,DB00291,OC(=O)CCCC1=CC=C(C=C1)N(CCCl)CCCl,O=C(O)CCCc1ccc(N(CCCl)CCCl)cc1,JCKYGMPEJWAADB-UHFFFAOYSA-N,C14H19Cl2NO2,304.22,19,True
DB00292,DB00292,DB00292,CCOC(=O)C1=CN=CN1[C@H](C)C1=CC=CC=C1,CCOC(=O)c1cncn1[C@H](C)c1ccccc1,NPUKDXXFDDZOKR-LLVKDONJSA-N,C14H16N2O2,244.29,18,True
DB00293,DB00293,DB00293,CN(CC1=CC2=C(NC(C)=NC2=O)C=C1)C1=CC=C(S1)C(=O)N[C@@H](CCC(O)=O)C(O)=O,Cc1nc(=O)c2cc(CN(C)c3ccc(C(=O)N[C@@H](CCC(=O)O)C(=O)O)s3)ccc2[nH]1,IVTVGDXNLFLDRM-HNNXBMFYSA-N,C21H22N4O6S,458.5,32,True
DB00294,DB00294,DB00294,[H][C@@]12CC[C@@](O)(C#C)[C@@]1(CC)CC(=C)[C@]1([H])[C@@]3([H])CCC(=O)C=C3CC[C@@]21[H],C#C[C@]1(O)CC[C@H]2[C@@H]3CCC4=CC(=O)CC[C@@H]4[C@H]3C(=C)C[C@@]21CC,GCKFUYQCUCGESZ-BPIQYHPVSA-N,C22H28O2,324.46,24,True
DB00295,DB00295,DB00295,[H][C@@]12OC3=C(O)C=CC4=C3[C@@]11CCN(C)[C@]([H])(C4)[C@]1([H])C=C[C@@H]2O,CN1CC[C@]23c4c5ccc(O)c4O[C@H]2[C@@H](O)C=C[C@H]3[C@H]1C5,BQJCRHHNABKAKU-KBQPJGBKSA-N,C17H19NO3,285.34,21,True
DB00296,DB00296,DB00296,CCCN1CCCC[C@H]1C(=O)NC1=C(C)C=CC=C1C,CCCN1CCCC[C@H]1C(=O)Nc1c(C)cccc1C,ZKMNUMMKYBVTFN-HNNXBMFYSA-N,C17H26N2O,274.41,20,True
DB00297,DB00297,DB00297,CCCCN1CCCCC1C(=O)NC1=C(C)C=CC=C1C,CCCCN1CCCCC1C(=O)Nc1c(C)cccc1C,LEBVLXFERQHONN-UHFFFAOYSA-N,C18H28N2O,288.44,21,True
DB00298,DB00298,DB00298,CC1=CC=CC=C1N1CCN(CCC2=NN=C3CCCCN23)CC1,Cc1ccccc1N1CCN(CCc2nnc3n2CCCC3)CC1,RFWZESUMWJKKRN-UHFFFAOYSA-N,C19H27N5,325.46,24,True
DB00300,DB00300,DB00300,[H][C@@](C)(CN1C=NC2=C(N)N=CN=C12)OCP(=O)(OCOC(=O)OC(C)C)OCOC(=O)OC(C)C,CC(C)OC(=O)OCOP(=O)(CO[C@H](C)Cn1cnc2c(N)ncnc21)OCOC(=O)OC(C)C,JFVZFKDSXNQEJW-CQSZACIVSA-N,C19H30N5O10P,519.45,35,True
DB00301,DB00301,DB00301,[H][C@]12SC(C)(C)[C@@H](N1C(=O)[C@H]2NC(=O)C1=C(C)ON=C1C1=C(Cl)C=CC=C1F)C(O)=O,Cc1onc(-c2c(F)cccc2Cl)c1C(=O)N[C@@H]1C(=O)N2[C@@H]1SC(C)(C)[C@@H]2C(=O)O,UIOFUWFRIANQPC-JKIFEVAISA-N,C19H17ClFN3O5S,453.88,30,True
DB00302,DB00302,DB00302,NC[C@H]1CC[C@@H](CC1)C(O)=O,NC[C@H]1CC[C@H](C(=O)O)CC1,GYDJEQRTZSCIOI-LJGSYFOKSA-N,C8H15NO2,157.21,11,True
DB00303,DB00303,DB00303,[H][C@]12[C@@H](C)C(S[C@]3([H])CN[C@@]([H])(C3)C(=O)NC3=CC=CC(=C3)C(O)=O)=C(N1C(=O)[C@]2([H])[C@@H](C)O)C(O)=O,C[C@@H](O)[C@H]1C(=O)N2C(C(=O)O)=C(S[C@@H]3CN[C@H](C(=O)Nc4cccc(C(=O)O)c4)C3)[C@H](C)[C@H]12,JUZNIMUFDBIJCM-ANEDZVCMSA-N,C22H25N3O7S,475.52,33,True
DB00304,DB00304,DB00304,[H][C@@]12CC[C@@](O)(C#C)[C@@]1(CC)CC(=C)[C@]1([H])[C@@]3([H])CCCC=C3CC[C@@]21[H],C#C[C@]1(O)CC[C@H]2[C@@H]3CCC4=CCCC[C@@H]4[C@H]3C(=C)C[C@@]21CC,RPLCPCMSCLEKRS-BPIQYHPVSA-N,C22H30O,310.48,23,True
DB00305,DB00305,DB00305,[H][C@]12CN3C4=C([C@@H](COC(N)=O)[C@@]3(OC)[C@@]1([H])N2)C(=O)C(N)=C(C)C4=O,CO[C@@]12[C@H](COC(N)=O)C3=C(C(=O)C(C)=C(N)C3=O)N1C[C@@H]1N[C@@H]12,NWIBSHFKIJFRCO-WUDYKRTCSA-N,C15H18N4O5,334.33,24,True
DB00307,DB00307,DB00307,CC1=CC2=C(C=C1C(=C)C1=CC=C(C=C1)C(O)=O)C(C)(C)CCC2(C)C,C=C(c1ccc(C(=O)O)cc1)c1cc2c(cc1C)C(C)(C)CCC2(C)C,NAVMQTYZDKMPEU-UHFFFAOYSA-N,C24H28O2,348.49,26,True
DB00308,DB00308,DB00308,CCCCCCCN(CC)CCCC(O)C1=CC=C(NS(C)(=O)=O)C=C1,CCCCCCCN(CC)CCCC(O)c1ccc(NS(C)(=O)=O)cc1,ALOBUEHUHMBRLE-UHFFFAOYSA-N,C20H36N2O3S,384.59,26,True
DB00309,DB00309,DB00309,[H][C@@]12N3CC[C@@]11C4=CC(=C(OC)C=C4N(C)[C@@]1([H])[C@](O)([C@H](O)[C@]2(CC)C=CC3)C(N)=O)[C@]1(C[C@@]2([H])CN(C[C@](O)(CC)C2)CCC2=C1NC1=C2C=CC=C1)C(=O)OC,CC[C@]1(O)C[C@@H]2CN(CCc3c([nH]c4ccccc34)[C@@](C(=O)OC)(c3cc4c(cc3OC)N(C)[C@H]3[C@@](O)(C(N)=O)[C@H](O)[C@]5(CC)C=CCN6CC[C@]43[C@@H]65)C2)C1,HHJUWIANJFBDHT-ZVTSDNJWSA-N,C43H55N5O7,753.94,55,True
DB00310,DB00310,DB00310,NS(=O)(=O)C1=C(Cl)C=CC(=C1)C1(O)NC(=O)C2=CC=CC=C12,NS(=O)(=O)c1cc(C2(O)NC(=O)c3ccccc32)ccc1Cl,JIVPVXMEBJLZRO-UHFFFAOYSA-N,C14H11ClN2O4S,338.77,22,True
DB00312,DB00312,DB00312,CCCC(C)C1(CC)C(=O)NC(=O)NC1=O,CCCC(C)C1(CC)C(=O)NC(=O)NC1=O,WEXRUCMBJFQVBZ-UHFFFAOYSA-N,C11H18N2O3,226.28,16,True
DB00313,DB00313,DB00313,CCCC(CCC)C(O)=O,CCCC(CCC)C(=O)O,NIJJYAXOARWZEE-UHFFFAOYSA-N,C8H16O2,144.21,10,True
DB00314,DB00314,DB00314,[H][C@@]1(CCN=C(N)N1)[C@]1([H])NC(=O)\C(NC(=O)[C@H](CNC(=O)C[C@@H](N)CCCN)NC(=O)[C@H](C)NC(=O)[C@@H](N)CNC1=O)=C/NC(N)=O.[H][C@@]1(CCN=C(N)N1)[C@]1([H])NC(=O)\C(NC(=O)[C@H](CNC(=O)C[C@@H](N)CCCN)NC(=O)[C@H](CO)NC(=O)[C@@H](N)CNC1=O)=C/NC(N)=O,C[C@@H]1NC(=O)[C@@H](N)CNC(=O)[C@H]([C@H]2CCN=C(N)N2)NC(=O)/C(=C\NC(N)=O)NC(=O)[C@H](CNC(=O)C[C@@H](N)CCCN)NC1=O.NCCC[C@H](N)CC(=O)NC[C@@H]1NC(=O)[C@H](CO)NC(=O)[C@@H](N)CNC(=O)[C@H]([C@H]2CCN=C(N)N2)NC(=O)/C(=C\NC(N)=O)NC1=O,VCOPTHOUUNAYKQ-WBTCAYNUSA-N,C50H88N28O15,1321.44,93,True
DB00315,DB00315,DB00315,CN(C)CCC1=CNC2=CC=C(C[C@H]3COC(=O)N3)C=C12,CN(C)CCc1c[nH]c2ccc(C[C@H]3COC(=O)N3)cc12,ULSDMUVEXKOYBU-ZDUSSCGKSA-N,C16H21N3O2,287.36,21,True
DB00316,DB00316,DB00316,CC(=O)NC1=CC=C(O)C=C1,CC(=O)Nc1ccc(O)cc1,RZVAJINKPMORJF-UHFFFAOYSA-N,C8H9NO2,151.16,11,True
DB00317,DB00317,DB00317,COC1=C(OCCCN2CCOCC2)C=C2C(NC3=CC(Cl)=C(F)C=C3)=NC=NC2=C1,COc1cc2ncnc(Nc3ccc(F)c(Cl)c3)c2cc1OCCCN1CCOCC1,XGALLCVXEZPNRQ-UHFFFAOYSA-N,C22H24ClFN4O3,446.91,31,True
DB00318,DB00318,DB00318,[H][C@]12C=C[C@H](O)[C@@H]3OC4=C5C(C[C@H]1N(C)CC[C@@]235)=CC=C4OC,COc1ccc2c3c1O[C@H]1[C@@H](O)C=C[C@H]4[C@@H](C2)N(C)CC[C@@]341,OROGSEYTTFOCAN-DNJOTXNNSA-N,C18H21NO3,299.37,22,True
DB00319,DB00319,DB00319,[H][C@]12SC(C)(C)[C@@H](N1C(=O)[C@H]2NC(=O)[C@H](NC(=O)N1CCN(CC)C(=O)C1=O)C1=CC=CC=C1)C(O)=O,CCN1CCN(C(=O)N[C@@H](C(=O)N[C@@H]2C(=O)N3[C@@H]2SC(C)(C)[C@@H]3C(=O)O)c2ccccc2)C(=O)C1=O,IVBHGBMCVLDMKU-GXNBUGAJSA-N,C23H27N5O7S,517.56,36,True
DB00320,DB00320,DB00320,[H][C@@]12CCCN1C(=O)[C@H](CC1=CC=CC=C1)N1C(=O)[C@](C)(NC(=O)[C@H]3CN(C)[C@]4([H])CC5=CNC6=CC=CC(=C56)[C@@]4([H])C3)O[C@@]21O,CN1C[C@H](C(=O)N[C@]2(C)O[C@@]3(O)[C@@H]4CCCN4C(=O)[C@H](Cc4ccccc4)N3C2=O)C[C@@H]2c3cccc4[nH]cc(c34)C[C@H]21,LUZRJRNZXALNLM-JGRZULCMSA-N,C33H37N5O5,583.69,43,True
DB00321,DB00321,DB00321,CN(C)CCC=C1C2=CC=CC=C2CCC2=CC=CC=C12,CN(C)CCC=C1c2ccccc2CCc2ccccc21,KRMDCWKBEZIMAB-UHFFFAOYSA-N,C20H23N,277.41,21,True
DB00322,DB00322,DB00322,OC[C@H]1O[C@H](C[C@@H]1O)N1C=C(F)C(=O)NC1=O,O=c1[nH]c(=O)n([C@H]2C[C@H](O)[C@@H](CO)O2)cc1F,ODKNJVUHOIMIIZ-RRKCRQDMSA-N,C9H11FN2O5,246.19,17,True
DB00323,DB00323,DB00323,CC1=CC=C(C=C1)C(=O)C1=CC(=C(O)C(O)=C1)[N+]([O-])=O,Cc1ccc(C(=O)c2cc(O)c(O)c([N+](=O)[O-])c2)cc1,MIQPIUSUKVNLNT-UHFFFAOYSA-N,C14H11NO5,273.24,20,True
DB00324,DB00324,DB00324,[H][C@@]12CC[C@](O)(C(C)=O)[C@@]1(C)C[C@H](O)[C@@]1(F)[C@@]2([H])C[C@H](C)C2=CC(=O)C=C[C@]12C,CC(=O)[C@@]1(O)CC[C@H]2[C@@H]3C[C@H](C)C4=CC(=O)C=C[C@]4(C)[C@@]3(F)[C@@H](O)C[C@@]21C,FAOZLTXFLGPHNG-KNAQIMQKSA-N,C22H29FO4,376.47,27,True
DB00325,DB00325,DB00325,O=N[Fe--](C#N)(C#N)(C#N)(C#N)C#N,N#[C][Fe-2]([C]#N)([C]#N)([C]#N)([C]#N)[N]=O,ASPOIVQEUUCDQT-UHFFFAOYSA-N,C5FeN6O-2,215.94,13,True
DB00326,DB00326,DB00326,[Ca++].OC[C@@H](O)[C@@H](O)[C@H](O)[C@@H](O)C(O)C([O-])=O.OC[C@@H](O)[C@@H](O)[C@H](O)[C@@H](O)C(O)C([O-])=O,O=C([O-])C(O)[C@H](O)[C@@H](O)[C@H](O)[C@H](O)CO.O=C([O-])C(O)[C@H](O)[C@@H](O)[C@H](O)[C@H](O)CO.[Ca+2],FATUQANACHZLRT-KMRXSBRUSA-L,C14H26CaO16,490.42,31,True
DB00327,DB00327,DB00327,[H][C@@]12OC3=C(O)C=CC4=C3[C@@]11CCN(C)[C@]([H])(C4)[C@]1([H])CCC2=O,CN1CC[C@]23c4c5ccc(O)c4O[C@H]2C(=O)CC[C@H]3[C@H]1C5,WVLOADHCBXTIJK-YNHQPCIGSA-N,C17H19NO3,285.34,21,True
DB00328,DB00328,DB00328,COC1=CC2=C(C=C1)N(C(=O)C1=CC=C(Cl)C=C1)C(C)=C2CC(O)=O,COc1ccc2c(c1)c(CC(=O)O)c(C)n2C(=O)c1ccc(Cl)cc1,CGIGDMFJXJATDK-UHFFFAOYSA-N,C19H16ClNO4,357.79,25,True
DB00330,DB00330,DB00330,CC[C@@H](CO)NCCN[C@@H](CC)CO,CC[C@@H](CO)NCCN[C@@H](CC)CO,AEUTYOVWOVBAKS-UWVGGRQHSA-N,C10H24N2O2,204.31,14,True
DB00331,DB00331,DB00331,CN(C)C(=N)NC(N)=N,CN(C)C(=N)NC(=N)N,XZWYZXLIPXDOLR-UHFFFAOYSA-N,C4H11N5,129.17,9,True
DB00332,DB00332,DB00332,[H][C@]12CC[C@]([H])(C[C@@H](C1)OC(=O)C(CO)C1=CC=CC=C1)[N+]2(C)C(C)C,CC(C)[N+]1(C)[C@@H]2CC[C@H]1C[C@@H](OC(=O)C(CO)c1ccccc1)C2,OEXHQOGQTVQTAT-BHIXFJMTSA-N,C20H30NO3+,332.46,24,True
DB00333,DB00333,DB00333,CCC(=O)C(CC(C)N(C)C)(C1=CC=CC=C1)C1=CC=CC=C1,CCC(=O)C(CC(C)N(C)C)(c1ccccc1)c1ccccc1,USSIQXCVUWKGNF-UHFFFAOYSA-N,C21H27NO,309.45,23,True
DB00334,DB00334,DB00334,CN1CCN(CC1)C1=NC2=CC=CC=C2NC2=C1C=C(C)S2,Cc1cc2c(s1)Nc1ccccc1N=C2N1CCN(C)CC1,KVWDHTXUZHCGIO-UHFFFAOYSA-N,C17H20N4S,312.44,22,True
DB00335,DB00335,DB00335,CC(C)NCC(O)COC1=CC=C(CC(N)=O)C=C1,CC(C)NCC(O)COc1ccc(CC(N)=O)cc1,METKIMKYRPQLGS-UHFFFAOYSA-N,C14H22N2O3,266.34,19,True
DB00336,DB00336,DB00336,NC(=O)N\N=C\C1=CC=C(O1)[N+]([O-])=O,NC(=O)N/N=C/c1ccc([N+](=O)[O-])o1,IAIWVQXQOWNYOU-FPYGCLRLSA-N,C6H6N4O4,198.14,14,True
DB00337,DB00337,DB00337,[H][C@]1(CC[C@H](Cl)[C@@H](C1)OC)\C=C(/C)[C@@]1([H])OC(=O)[C@]2([H])CCCCN2C(=O)C(=O)[C@]2(O)O[C@@]([H])([C@H](C[C@H]2C)OC)[C@H](C[C@@H](C)C\C(C)=C\[C@@H](CC)C(=O)C[C@H](O)[C@H]1C)OC,CC[C@@H]1/C=C(\C)C[C@H](C)C[C@H](OC)[C@H]2O[C@@](O)(C(=O)C(=O)N3CCCC[C@H]3C(=O)O[C@H](/C(C)=C/[C@@H]3CC[C@H](Cl)[C@H](OC)C3)[C@H](C)[C@@H](O)CC1=O)[C@H](C)C[C@@H]2OC,KASDHRXLYQOAKZ-XDSKOBMDSA-N,C43H68ClNO11,810.47,56,True
DB00338,DB00338,DB00338,COC1=CC2=C(C=C1)N=C(N2)S(=O)CC1=NC=C(C)C(OC)=C1C,COc1ccc2nc(S(=O)Cc3ncc(C)c(OC)c3C)[nH]c2c1,SUBDBMMJDZJVOS-UHFFFAOYSA-N,C17H19N3O3S,345.42,24,True
DB00339,DB00339,DB00339,NC(=O)C1=NC=CN=C1,NC(=O)c1cnccn1,IPEHBUMCGVEMRF-UHFFFAOYSA-N,C5H5N3O,123.11,9,True
DB00340,DB00340,DB00340,CN1CCCC(CC2C3=CC=CC=C3SC3=CC=CC=C23)C1,CN1CCCC(CC2c3ccccc3Sc3ccccc32)C1,MJFJKKXQDNNUJF-UHFFFAOYSA-N,C20H23NS,309.48,22,True
DB00341,DB00341,DB00341,OC(=O)COCCN1CCN(CC1)C(C1=CC=CC=C1)C1=CC=C(Cl)C=C1,O=C(O)COCCN1CCN(C(c2ccccc2)c2ccc(Cl)cc2)CC1,ZKLPARSLTMPFCP-UHFFFAOYSA-N,C21H25ClN2O3,388.9,27,True
DB00343,DB00343,DB00343,COC1=CC=C(C=C1)[C@@H]1SC2=C(C=CC=C2)N(CCN(C)C)C(=O)[C@@H]1OC(C)=O,COc1ccc([C@@H]2Sc3ccccc3N(CCN(C)C)C(=O)[C@@H]2OC(C)=O)cc1,HSUGRBWQSSZJOP-RTWAWAEBSA-N,C22H26N2O4S,414.53,29,True
DB00344,DB00344,DB00344,CNCCCC1C2=CC=CC=C2C=CC2=CC=CC=C12,CNCCCC1c2ccccc2C=Cc2ccccc21,BWPIARFWQZKAIA-UHFFFAOYSA-N,C19H21N,263.38,20,True
DB00345,DB00345,DB00345,NC1=CC=C(C=C1)C(=O)NCC(O)=O,Nc1ccc(C(=O)NCC(=O)O)cc1,HSMNQINEKMPTIC-UHFFFAOYSA-N,C9H10N2O3,194.19,14,True
DB00346,DB00346,DB00346,COC1=CC2=C(C=C1OC)C(N)=NC(=N2)N(C)CCCNC(=O)C1CCCO1,COc1cc2nc(N(C)CCCNC(=O)C3CCCO3)nc(N)c2cc1OC,WNMJYKCGWZFFKR-UHFFFAOYSA-N,C19H27N5O4,389.46,28,True
DB00347,DB00347,DB00347,CN1C(=O)OC(C)(C)C1=O,CN1C(=O)OC(C)(C)C1=O,IRYJRGCIQBGHIV-UHFFFAOYSA-N,C6H9NO3,143.14,10,True
DB00349,DB00349,DB00349,CN1C2=C(C=C(Cl)C=C2)N(C2=CC=CC=C2)C(=O)CC1=O,CN1C(=O)CC(=O)N(c2ccccc2)c2cc(Cl)ccc21,CXOXHMZGEKVPMT-UHFFFAOYSA-N,C16H13ClN2O2,300.75,21,True
DB00350,DB00350,DB00350,NC1=CC(=NC(N)=[N+]1[O-])N1CCCCC1,Nc1cc(N2CCCCC2)nc(N)[n+]1[O-],ZFMITUMMTDLWHR-UHFFFAOYSA-N,C9H15N5O,209.25,15,True
DB00351,DB00351,DB00351,[H][C@@]12CC[C@](OC(C)=O)(C(C)=O)[C@@]1(C)CC[C@@]1([H])[C@@]2([H])C=C(C)C2=CC(=O)CC[C@]12C,CC(=O)O[C@]1(C(C)=O)CC[C@H]2[C@@H]3C=C(C)C4=CC(=O)CC[C@]4(C)[C@H]3CC[C@@]21C,RQZAXGRLVPAYTJ-GQFGMJRRSA-N,C24H32O4,384.52,28,True
DB00352,DB00352,DB00352,NC1=NC(=S)C2=C(N1)N=CN2,Nc1nc(=S)c2[nH]cnc2[nH]1,WYWHKKSPHMUBEB-UHFFFAOYSA-N,C5H5N5S,167.2,11,True
DB00353,DB00353,DB00353,[H][C@@]12CC3=CNC4=CC=CC(=C34)C1=C[C@H](CN2C)C(=O)N[C@@H](CC)CO,CC[C@@H](CO)NC(=O)[C@@H]1C=C2c3cccc4[nH]cc(c34)C[C@H]2N(C)C1,UNBRKDKAWYKMIV-QWQRMKEZSA-N,C20H25N3O2,339.44,25,True
DB00354,DB00354,DB00354,CC(C)(C)C1=CC=C(CN2CCN(CC2)C(C2=CC=CC=C2)C2=CC=C(Cl)C=C2)C=C1,CC(C)(C)c1ccc(CN2CCN(C(c3ccccc3)c3ccc(Cl)cc3)CC2)cc1,MOYGZHXDRJNJEP-UHFFFAOYSA-N,C28H33ClN2,433.04,31,True
DB00355,DB00355,DB00355,C[C@H]1[C@H](NC(=O)C(=N/OC(C)(C)C(=O)O)\C2=CSC([NH3+])=N2)C(=O)N1S([O-])(=O)=O,C[C@H]1[C@H](NC(=O)/C(=N\OC(C)(C)C(=O)O)c2csc([NH3+])n2)C(=O)N1S(=O)(=O)[O-],WZPBZJONDBGPKJ-VEHQQRBSSA-N,C13H17N5O8S2,435.44,28,True
DB00356,DB00356,DB00356,ClC1=CC2=C(OC(=O)N2)C=C1,O=c1[nH]c2cc(Cl)ccc2o1,TZFWDZFKRBELIQ-UHFFFAOYSA-N,C7H4ClNO2,169.57,11,True
DB00357,DB00357,DB00357,CCC1(CCC(=O)NC1=O)C1=CC=C(N)C=C1,CCC1(c2ccc(N)cc2)CCC(=O)NC1=O,ROBVIMPUHSLWNV-UHFFFAOYSA-N,C13H16N2O2,232.28,17,True
DB00358,DB00358,DB00358,OC(C1CCCCN1)C1=CC(=NC2=C1C=CC=C2C(F)(F)F)C(F)(F)F,OC(c1cc(C(F)(F)F)nc2c(C(F)(F)F)cccc12)C1CCCCN1,XEEQGYMUWCZPDN-UHFFFAOYSA-N,C17H16F6N2O,378.32,26,True
DB00359,DB00359,DB00359,NC1=CC=C(C=C1)S(=O)(=O)NC1=NC=CC=N1,Nc1ccc(S(=O)(=O)Nc2ncccn2)cc1,SEEPANYCNGTZFQ-UHFFFAOYSA-N,C10H10N4O2S,250.28,17,True
DB00360,DB00360,DB00360,[H][C@@]1(CNC2=C(N1)C(=O)NC(N)=N2)[C@@H](O)[C@H](C)O,C[C@H](O)[C@H](O)[C@H]1CNc2nc(N)[nH]c(=O)c2N1,FNKQXYHWGSIFBK-RPDRRWSUSA-N,C9H15N5O3,241.25,17,True
DB00361,DB00361,DB00361,[H][C@@]12N(C)C3=CC(OC)=C(C=C3[C@@]11CCN3CC=C[C@](CC)([C@@]13[H])[C@@]([H])(OC(C)=O)[C@]2(O)C(=O)OC)[C@]1(C[C@@]2([H])CN(CC(CC)=C2)CC2=C1NC1=CC=CC=C21)C(=O)OC,CCC1=C[C@@H]2CN(C1)Cc1c([nH]c3ccccc13)[C@@](C(=O)OC)(c1cc3c(cc1OC)N(C)[C@H]1[C@@](O)(C(=O)OC)[C@H](OC(C)=O)[C@]4(CC)C=CCN5CC[C@]31[C@@H]54)C2,GBABOYUKABKIAF-IELIFDKJSA-N,C45H54N4O8,778.95,57,True
DB00362,DB00362,DB00362,[H][C@]1(NC(=O)[C@@H](NC(=O)[C@@H]2C[C@@H](O)CN2C(=O)[C@@H](NC(=O)[C@H](C[C@@H](O)[C@@H](O)NC(=O)[C@@H]2[C@@H](O)[C@@H](C)CN2C1=O)NC(=O)C1=CC=C(C=C1)C1=CC=C(C=C1)C1=CC=C(OCCCCC)C=C1)[C@@H](C)O)[C@H](O)[C@@H](O)C1=CC=C(O)C=C1)[C@@H](C)O,CCCCCOc1ccc(-c2ccc(-c3ccc(C(=O)N[C@H]4C[C@@H](O)[C@@H](O)NC(=O)[C@@H]5[C@@H](O)[C@@H](C)CN5C(=O)[C@H]([C@@H](C)O)NC(=O)[C@H]([C@H](O)[C@@H](O)c5ccc(O)cc5)NC(=O)[C@@H]5C[C@@H](O)CN5C(=O)[C@H]([C@@H](C)O)NC4=O)cc3)cc2)cc1,JHVAMHSQVVQIOT-MFAJLEFUSA-N,C58H73N7O17,1140.25,82,True
DB00363,DB00363,DB00363,CN1CCN(CC1)C1=NC2=CC(Cl)=CC=C2NC2=CC=CC=C12,CN1CCN(C2=Nc3cc(Cl)ccc3Nc3ccccc32)CC1,QZUDBNBUXVUHMW-UHFFFAOYSA-N,C18H19ClN4,326.83,23,True
DB00364,DB00364,DB00364,O.O[Al](O)O.O[Al](O)OS(=O)(=O)OC[C@H]1O[C@@](COS(=O)(=O)O[Al](O)O)(O[C@H]2O[C@H](COS(=O)(=O)O[Al](O)O)[C@@H](OS(=O)(=O)O[Al](O)O)[C@H](OS(=O)(=O)O[Al](O)O)[C@H]2OS(=O)(=O)O[Al](O)O)[C@@H](OS(=O)(=O)O[Al](O)O)[C@@H]1OS(=O)(=O)O[Al](O)O,O.O=S(=O)(OC[C@H]1O[C@@](COS(=O)(=O)[O][Al]([OH])[OH])(O[C@H]2O[C@H](COS(=O)(=O)[O][Al]([OH])[OH])[C@@H](OS(=O)(=O)[O][Al]([OH])[OH])[C@H](OS(=O)(=O)[O][Al]([OH])[OH])[C@H]2OS(=O)(=O)[O][Al]([OH])[OH])[C@@H](OS(=O)(=O)[O][Al]([OH])[OH])[C@@H]1OS(=O)(=O)[O][Al]([OH])[OH])[O][Al]([OH])[OH].[OH][Al]([OH])[OH],IPLJAZDIICJQEL-JTJNLBSYSA-A,C12H35Al9O55S8,1558.73,84,True
DB00366,DB00366,DB00366,CN(C)CCOC(C)(C1=CC=CC=C1)C1=CC=CC=N1,CN(C)CCOC(C)(c1ccccc1)c1ccccn1,HCFDWZZGGLSKEP-UHFFFAOYSA-N,C17H22N2O,270.38,20,True
DB00367,DB00367,DB00367,[H][C@@]12CC[C@@](O)(C#C)[C@@]1(CC)CC[C@]1([H])[C@@]3([H])CCC(=O)C=C3CC[C@@]21[H],C#C[C@]1(O)CC[C@H]2[C@@H]3CCC4=CC(=O)CC[C@@H]4[C@H]3CC[C@@]21CC,WWYNJERNGUHSAO-XUDSTZEESA-N,C21H28O2,312.45,23,True
DB00368,DB00368,DB00368,NC[C@H](O)C1=CC(O)=C(O)C=C1,NC[C@H](O)c1ccc(O)c(O)c1,SFLSHLFXELFNJZ-QMMMGPOBSA-N,C8H11NO3,169.18,12,True
DB00369,DB00369,DB00369,NC1=NC(=O)N(C[C@@H](CO)OCP(O)(O)=O)C=C1,Nc1ccn(C[C@@H](CO)OCP(=O)(O)O)c(=O)n1,VWFCHDSQECPREK-LURJTMIESA-N,C8H14N3O6P,279.19,18,True
DB00370,DB00370,DB00370,CN1CCN2C(C1)C1=CC=CC=C1CC1=C2N=CC=C1,CN1CCN2c3ncccc3Cc3ccccc3C2C1,RONZAEMNMFQXRA-UHFFFAOYSA-N,C17H19N3,265.36,20,True
DB00371,DB00371,DB00371,CCCC(C)(COC(N)=O)COC(N)=O,CCCC(C)(COC(N)=O)COC(N)=O,NPPQSCRMBWNHMW-UHFFFAOYSA-N,C9H18N2O4,218.25,15,True
DB00373,DB00373,DB00373,[H][C@](O)(CNC(C)(C)C)COC1=NSN=C1N1CCOCC1,CC(C)(C)NC[C@H](O)COc1nsnc1N1CCOCC1,BLJRIMJGRPQVNF-JTQLQIEISA-N,C13H24N4O3S,316.43,21,True
DB00374,DB00374,DB00374,[H][C@]12C[C@@H](O)[C@H](CC[C@@H](O)CCCCC)[C@@]1([H])CC1=C(C2)C(OCC(O)=O)=CC=C1,CCCCC[C@H](O)CC[C@@H]1[C@H]2Cc3cccc(OCC(=O)O)c3C[C@H]2C[C@H]1O,PAJMKGZZBBTTOY-ZFORQUDYSA-N,C23H34O5,390.52,28,True
DB00376,DB00376,DB00376,OC(CCN1CCCCC1)(C1CCCCC1)C1=CC=CC=C1,OC(CCN1CCCCC1)(c1ccccc1)C1CCCCC1,HWHLPVGTWGOCJO-UHFFFAOYSA-N,C20H31NO,301.47,22,True
DB00377,DB00377,DB00377,[H][C@]12CCCC3=C1C(=CC=C3)C(=O)N(C2)[C@@H]1CN2CCC1CC2,O=C1c2cccc3c2[C@H](CCC3)CN1[C@@H]1CN2CCC1CC2,CPZBLNMUGSZIPR-NVXWUHKLSA-N,C19H24N2O,296.41,22,True
DB00378,DB00378,DB00378,[H][C@@]12CC[C@H](C(C)=O)[C@@]1(C)CC[C@]1([H])[C@@]2([H])C=CC2=CC(=O)CC[C@@]12C,CC(=O)[C@H]1CC[C@H]2[C@@H]3C=CC4=CC(=O)CC[C@@]4(C)[C@@H]3CC[C@]12C,JGMOKGBVKVMRFX-HQZYFCCVSA-N,C21H28O2,312.45,23,True
DB00379,DB00379,DB00379,CC(N)COC1=C(C)C=CC=C1C,Cc1cccc(C)c1OCC(C)N,VLPIATFUUWWMKC-UHFFFAOYSA-N,C11H17NO,179.26,13,True
DB00380,DB00380,DB00380,C[C@@H](CN1CC(=O)NC(=O)C1)N1CC(=O)NC(=O)C1,C[C@@H](CN1CC(=O)NC(=O)C1)N1CC(=O)NC(=O)C1,BMKDZUISNHGIBY-ZETCQYMHSA-N,C11H16N4O4,268.27,19,True
DB00381,DB00381,DB00381,CCOC(=O)C1=C(COCCN)NC(C)=C(C1C1=CC=CC=C1Cl)C(=O)OC,CCOC(=O)C1=C(COCCN)NC(C)=C(C(=O)OC)C1c1ccccc1Cl,HTIQEAQVCYTUBX-UHFFFAOYSA-N,C20H25ClN2O5,408.88,28,True
DB00384,DB00384,DB00384,NC1=NC(N)=C2N=C(C(N)=NC2=N1)C1=CC=CC=C1,Nc1nc(N)c2nc(-c3ccccc3)c(N)nc2n1,FNYLWPVRPXGIIP-UHFFFAOYSA-N,C12H11N7,253.27,19,True
DB00385,DB00385,DB00385,[H][C@@]1(C[C@@](O)(CC2=C(O)C3=C(C(O)=C12)C(=O)C1=C(OC)C=CC=C1C3=O)C(=O)COC(=O)CCCC)O[C@H]1C[C@H](NC(=O)C(F)(F)F)[C@H](O)[C@H](C)O1,CCCCC(=O)OCC(=O)[C@]1(O)Cc2c(O)c3c(c(O)c2[C@@H](O[C@H]2C[C@H](NC(=O)C(F)(F)F)[C@H](O)[C@H](C)O2)C1)C(=O)c1c(OC)cccc1C3=O,ZOCKGBMQLCSHFP-KQRAQHLDSA-N,C34H36F3NO13,723.65,51,True
DB00387,DB00387,DB00387,OC(CCN1CCCC1)(C1CCCCC1)C1=CC=CC=C1,OC(CCN1CCCC1)(c1ccccc1)C1CCCCC1,WYDUSKDSKCASEF-UHFFFAOYSA-N,C19H29NO,287.45,21,True
DB00388,DB00388,DB00388,CNC[C@H](O)C1=CC(O)=CC=C1,CNC[C@H](O)c1cccc(O)c1,SONNWYBIRXJNDC-VIFPVBQESA-N,C9H13NO2,167.21,12,True
DB00389,DB00389,DB00389,CCOC(=O)N1C=CN(C)C1=S,CCOC(=O)n1ccn(C)c1=S,CFOYWRHIYXMDOT-UHFFFAOYSA-N,C7H10N2O2S,186.24,12,True
DB00390,DB00390,DB00390,[H][C@]12CC[C@]3([H])[C@]([H])(C[C@@H](O)[C@]4(C)[C@H](CC[C@]34O)C3=CC(=O)OC3)[C@@]1(C)CC[C@@H](C2)O[C@H]1C[C@H](O)[C@H](O[C@H]2C[C@H](O)[C@H](O[C@H]3C[C@H](O)[C@H](O)[C@@H](C)O3)[C@@H](C)O2)[C@@H](C)O1,C[C@H]1O[C@@H](O[C@H]2[C@@H](O)C[C@H](O[C@H]3[C@@H](O)C[C@H](O[C@H]4CC[C@@]5(C)[C@H](CC[C@@H]6[C@@H]5C[C@@H](O)[C@]5(C)[C@@H](C7=CC(=O)OC7)CC[C@]65O)C4)O[C@@H]3C)O[C@@H]2C)C[C@H](O)[C@@H]1O,LTMHDMANZUZIPE-PUGKRICDSA-N,C41H64O14,780.95,55,True
DB00391,DB00391,DB00391,CCN1CCCC1CNC(=O)C1=C(OC)C=CC(=C1)S(N)(=O)=O,CCN1CCCC1CNC(=O)c1cc(S(N)(=O)=O)ccc1OC,BGRJTUBHPOOWDU-UHFFFAOYSA-N,C15H23N3O4S,341.43,23,True
DB00392,DB00392,DB00392,CCN(CC)C(C)CN1C2=CC=CC=C2SC2=CC=CC=C12,CCN(CC)C(C)CN1c2ccccc2Sc2ccccc21,CDOZDBSBBXSXLB-UHFFFAOYSA-N,C19H24N2S,312.48,22,True
DB00393,DB00393,DB00393,COCCOC(=O)C1=C(C)NC(C)=C(C1C1=CC(=CC=C1)[N+]([O-])=O)C(=O)OC(C)C,COCCOC(=O)C1=C(C)NC(C)=C(C(=O)OC(C)C)C1c1cccc([N+](=O)[O-])c1,UIAGMCDKSXEBJQ-UHFFFAOYSA-N,C21H26N2O7,418.45,30,True
DB00394,DB00394,DB00394,[H][C@@]12C[C@H](C)[C@](OC(=O)CC)(C(=O)COC(=O)CC)[C@@]1(C)C[C@H](O)[C@@]1(Cl)[C@@]2([H])CCC2=CC(=O)C=C[C@]12C,CCC(=O)OCC(=O)[C@@]1(OC(=O)CC)[C@@H](C)C[C@H]2[C@@H]3CCC4=CC(=O)C=C[C@]4(C)[C@@]3(Cl)[C@@H](O)C[C@@]21C,KUVIULQEHSCUHY-XYWKZLDCSA-N,C28H37ClO7,521.05,36,True
DB00395,DB00395,DB00395,CCCC(C)(COC(N)=O)COC(=O)NC(C)C,CCCC(C)(COC(N)=O)COC(=O)NC(C)C,OFZCIYFFPZCNJE-UHFFFAOYSA-N,C12H24N2O4,260.33,18,True
DB00396,DB00396,DB00396,[H][C@@]12CC[C@H](C(C)=O)[C@@]1(C)CC[C@@]1([H])[C@@]2([H])CCC2=CC(=O)CC[C@]12C,CC(=O)[C@H]1CC[C@H]2[C@@H]3CCC4=CC(=O)CC[C@]4(C)[C@H]3CC[C@]12C,RJKFOVLPORLFTN-LEKSSAKUSA-N,C21H30O2,314.47,23,True
DB00397,DB00397,DB00397,[H][C@@](C)(N)[C@]([H])(O)C1=CC=CC=C1,C[C@H](N)[C@H](O)c1ccccc1,DLNKOYKMWOXYQA-CBAPKCEASA-N,C9H13NO,151.21,11,True
DB00398,DB00398,DB00398,CNC(=O)C1=NC=CC(OC2=CC=C(NC(=O)NC3=CC(=C(Cl)C=C3)C(F)(F)F)C=C2)=C1,CNC(=O)c1cc(Oc2ccc(NC(=O)Nc3ccc(Cl)c(C(F)(F)F)c3)cc2)ccn1,MLDQJTXFUGDVEO-UHFFFAOYSA-N,C21H16ClF3N4O3,464.83,32,True
DB00399,DB00399,DB00399,OC(CN1C=CN=C1)(P(O)(O)=O)P(O)(O)=O,O=P(O)(O)C(O)(Cn1ccnc1)P(=O)(O)O,XRASPMIURGNCCH-UHFFFAOYSA-N,C5H10N2O7P2,272.09,16,True
DB00400,DB00400,DB00400,COC1=CC(OC)=C(Cl)C2=C1C(=O)[C@]1(O2)[C@H](C)CC(=O)C=C1OC,COC1=CC(=O)C[C@@H](C)[C@]12Oc1c(Cl)c(OC)cc(OC)c1C2=O,DDUHZTYCFQRHIY-RBHXEPJQSA-N,C17H17ClO6,352.77,24,True
DB00401,DB00401,DB00401,COC(=O)C1=C(C)NC(C)=C(C1C1=CC=CC=C1[N+]([O-])=O)C(=O)OCC(C)C,COC(=O)C1=C(C)NC(C)=C(C(=O)OCC(C)C)C1c1ccccc1[N+](=O)[O-],VKQFCGNPDRICFG-UHFFFAOYSA-N,C20H24N2O6,388.42,28,True
DB00402,DB00402,DB00402,CN1CCN(CC1)C(=O)O[C@@H]1N(C(=O)C2=NC=CN=C12)C1=NC=C(Cl)C=C1,CN1CCN(C(=O)O[C@H]2c3nccnc3C(=O)N2c2ccc(Cl)cn2)CC1,GBBSUAFBMRNDJC-INIZCTEOSA-N,C17H17ClN6O3,388.82,27,True
DB00404,DB00404,DB00404,CC1=NN=C2CN=C(C3=CC=CC=C3)C3=C(C=CC(Cl)=C3)N12,Cc1nnc2n1-c1ccc(Cl)cc1C(c1ccccc1)=NC2,VREFGVBLTWBCJP-UHFFFAOYSA-N,C17H13ClN4,308.77,22,True
DB00405,DB00405,DB00405,CN(C)CC[C@@H](C1=CC=C(Br)C=C1)C1=CC=CC=N1,CN(C)CC[C@@H](c1ccc(Br)cc1)c1ccccn1,ZDIGNSYAACHWNL-HNNXBMFYSA-N,C16H19BrN2,319.25,19,True
DB00408,DB00408,DB00408,CN1CCN(CC1)C1=NC2=CC=CC=C2OC2=C1C=C(Cl)C=C2,CN1CCN(C2=Nc3ccccc3Oc3ccc(Cl)cc32)CC1,XJGVXQDUIWGIRW-UHFFFAOYSA-N,C18H18ClN3O,327.82,23,True
DB00409,DB00409,DB00409,CCN1CCC[C@H]1CNC(=O)C1=C(OC)C=CC(Br)=C1OC,CCN1CCC[C@H]1CNC(=O)c1c(OC)ccc(Br)c1OC,GUJRSXAPGDDABA-NSHDSACASA-N,C16H23BrN2O3,371.28,22,True
DB00410,DB00410,DB00410,C[C@H](O)[C@H](C)[C@@H]1O[C@H]1C[C@H]1CO[C@@H](C\C(C)=C\C(=O)OCCCCCCCCC(O)=O)[C@H](O)[C@@H]1O,C/C(=C\C(=O)OCCCCCCCCC(=O)O)C[C@@H]1OC[C@H](C[C@@H]2O[C@H]2[C@@H](C)[C@H](C)O)[C@@H](O)[C@H]1O,MINDHVHHQZYEEK-HBBNESRFSA-N,C26H44O9,500.63,35,True
DB00411,DB00411,DB00411,C[N+](C)(C)CCOC(N)=O,C[N+](C)(C)CCOC(N)=O,VPJXQGSRWJZDOB-UHFFFAOYSA-O,C6H15N2O2+,147.2,10,True
DB00412,DB00412,DB00412,CN(CCOC1=CC=C(CC2SC(=O)NC2=O)C=C1)C1=CC=CC=N1,CN(CCOc1ccc(CC2SC(=O)NC2=O)cc1)c1ccccn1,YASAKCUCGLMORW-UHFFFAOYSA-N,C18H19N3O3S,357.44,25,True
DB00413,DB00413,DB00413,CCCN[C@H]1CCC2=C(C1)SC(N)=N2,CCCN[C@H]1CCc2nc(N)sc2C1,FASDKYOPVNHBLU-ZETCQYMHSA-N,C10H17N3S,211.33,14,True
DB00415,DB00415,DB00415,[H][C@]12SC(C)(C)[C@@H](N1C(=O)[C@H]2NC(=O)[C@H](N)C1=CC=CC=C1)C(O)=O,CC1(C)S[C@@H]2[C@H](NC(=O)[C@H](N)c3ccccc3)C(=O)N2[C@H]1C(=O)O,AVKUERGKIZMTKX-NJBDSQKTSA-N,C16H19N3O4S,349.41,24,True
DB00417,DB00417,DB00417,[H][C@]12SC(C)(C)[C@@H](N1C(=O)[C@H]2NC(=O)COC1=CC=CC=C1)C(O)=O,CC1(C)S[C@@H]2[C@H](NC(=O)COc3ccccc3)C(=O)N2[C@H]1C(=O)O,BPLBGHOLXOTWMN-MBNYWOFBSA-N,C16H18N2O5S,350.4,24,True
DB00418,DB00418,DB00418,CCCC(C)C1(CC=C)C(=O)NC(=O)NC1=O,C=CCC1(C(C)CCC)C(=O)NC(=O)NC1=O,KQPKPCNLIDLUMF-UHFFFAOYSA-N,C12H18N2O3,238.29,17,True
DB00419,DB00419,DB00419,CCCCN1C[C@H](O)[C@@H](O)[C@H](O)[C@H]1CO,CCCCN1C[C@H](O)[C@@H](O)[C@H](O)[C@H]1CO,UQRORFVVSGFNRO-UTINFBMNSA-N,C10H21NO4,219.28,15,True
DB00420,DB00420,DB00420,CN(C)CCCN1C2=CC=CC=C2SC2=CC=CC=C12,CN(C)CCCN1c2ccccc2Sc2ccccc21,ZGUGWUXLJSTTMA-UHFFFAOYSA-N,C17H20N2S,284.43,20,True
DB00421,DB00421,DB00421,[H][C@@]12CC[C@@]3(CCC(=O)O3)[C@@]1(C)CC[C@@]1([H])[C@@]2([H])[C@@]([H])(CC2=CC(=O)CC[C@]12C)SC(C)=O,CC(=O)S[C@@H]1CC2=CC(=O)CC[C@]2(C)[C@H]2CC[C@@]3(C)[C@@H](CC[C@@]34CCC(=O)O4)[C@H]12,LXMSZDCAJNLERA-ZHYRCANASA-N,C24H32O4S,416.58,29,True
DB00422,DB00422,DB00422,COC(=O)C(C1CCCCN1)C1=CC=CC=C1,COC(=O)C(c1ccccc1)C1CCCCN1,DUGOZIWVEXMGBE-UHFFFAOYSA-N,C14H19NO2,233.31,17,True
DB00423,DB00423,DB00423,COC1=C(OCC(O)COC(N)=O)C=CC=C1,COc1ccccc1OCC(O)COC(N)=O,GNXFOGHNGIVQEH-UHFFFAOYSA-N,C11H15NO5,241.24,17,True
DB00424,DB00424,DB00424,CN1[C@H]2CC[C@@H]1C[C@@H](C2)OC(=O)[C@H](CO)C1=CC=CC=C1,CN1[C@@H]2CC[C@H]1C[C@@H](OC(=O)[C@H](CO)c1ccccc1)C2,RKUNBYITZUJHSG-FXUDXRNXSA-N,C17H23NO3,289.38,21,True
DB00425,DB00425,DB00425,CN(C)C(=O)CC1=C(N=C2C=CC(C)=CN12)C1=CC=C(C)C=C1,Cc1ccc(-c2nc3ccc(C)cn3c2CC(=O)N(C)C)cc1,ZAFYATHCZYHLPB-UHFFFAOYSA-N,C19H21N3O,307.4,23,True
DB00426,DB00426,DB00426,CC(=O)OCC(CCN1C=NC2=CN=C(N)N=C12)COC(C)=O,CC(=O)OCC(CCn1cnc2cnc(N)nc21)COC(C)=O,GGXKWVWZWMLJEH-UHFFFAOYSA-N,C14H19N5O4,321.34,23,True
DB00427,DB00427,DB00427,CC1=CC=C(C=C1)C(=C/CN1CCCC1)\C1=CC=CC=N1,Cc1ccc(/C(=C\CN2CCCC2)c2ccccn2)cc1,CBEQULMOCCWAQT-WOJGMQOQSA-N,C19H22N2,278.4,21,True
DB00428,DB00428,DB00428,CN(N=O)C(=O)N[C@H]1[C@@H](O)O[C@H](CO)[C@@H](O)[C@@H]1O,CN(N=O)C(=O)N[C@@H]1[C@@H](O)[C@H](O)[C@@H](CO)O[C@@H]1O,ZSJLQEPLLKMAKR-GKHCUFPYSA-N,C8H15N3O7,265.22,18,True
DB00429,DB00429,DB00429,OCC([NH3+])(CO)CO.CCCCC[C@@](O)(C)\C=C\[C@H]1[C@@H](O)C[C@H](O)[C@@H]1C\C=C/CCCC(=O)[O-],CCCCC[C@](C)(O)/C=C/[C@@H]1[C@@H](C/C=C\CCCC(=O)[O-])[C@@H](O)C[C@@H]1O.[NH3+]C(CO)(CO)CO,UMMADZJLZAPZAW-OVXHCKHTSA-N,C25H47NO8,489.65,34,True
DB00430,DB00430,DB00430,[H][C@]12SCC(CSC3=NN=NN3C)=C(N1C(=O)[C@@]2([H])NC(=O)[C@H](NC(=O)C1=C(O)C=C(C)N=C1)C1=CC=C(O)C=C1)C(O)=O,Cc1cc(O)c(C(=O)N[C@@H](C(=O)N[C@@H]2C(=O)N3C(C(=O)O)=C(CSc4nnnn4C)CS[C@H]23)c2ccc(O)cc2)cn1,PWAUCHMQEXVFJR-PMAPCBKXSA-N,C25H24N8O7S2,612.65,42,True
DB00432,DB00432,DB00432,OC[C@H]1O[C@H](C[C@@H]1O)N1C=C(C(=O)NC1=O)C(F)(F)F,O=c1[nH]c(=O)n([C@H]2C[C@H](O)[C@@H](CO)O2)cc1C(F)(F)F,VSQQQLOSPVPRAZ-RRKCRQDMSA-N,C10H11F3N2O5,296.2,20,True
DB00433,DB00433,DB00433,CN1CCN(CCCN2C3=CC=CC=C3SC3=C2C=C(Cl)C=C3)CC1,CN1CCN(CCCN2c3ccccc3Sc3ccc(Cl)cc32)CC1,WIKYUJGCLQQFNW-UHFFFAOYSA-N,C20H24ClN3S,373.95,25,True
DB00434,DB00434,DB00434,CN1CCC(CC1)=C1C2=CC=CC=C2C=CC2=CC=CC=C12,CN1CCC(=C2c3ccccc3C=Cc3ccccc32)CC1,JJCFRYNCJDLXIK-UHFFFAOYSA-N,C21H21N,287.41,22,True
DB00435,DB00435,DB00435,[N]=O,[N]=O,MWUXSHHQAYIFBG-UHFFFAOYSA-N,NO,30.01,2,True
DB00436,DB00436,DB00436,NS(=O)(=O)C1=CC2=C(NC(CC3=CC=CC=C3)NS2(=O)=O)C=C1C(F)(F)F,NS(=O)(=O)c1cc2c(cc1C(F)(F)F)NC(Cc1ccccc1)NS2(=O)=O,HDWIHXWEUNVBIY-UHFFFAOYSA-N,C15H14F3N3O4S2,421.42,27,True
DB00437,DB00437,DB00437,OC1=NC=NC2=C1C=NN2,Oc1ncnc2[nH]ncc12,OFCNXPDARWKPPY-UHFFFAOYSA-N,C5H4N4O,136.11,10,True
DB00438,DB00438,DB00438,[O-]C(=O)C1=C(CS[C@]2([H])[C@H](NC(=O)C(=N/OC(C)(C)C(O)=O)\C3=CSC(N)=N3)C(=O)N12)C[N+]1=CC=CC=C1,CC(C)(O/N=C(\C(=O)N[C@@H]1C(=O)N2C(C(=O)[O-])=C(C[n+]3ccccc3)CS[C@H]12)c1csc(N)n1)C(=O)O,ORFOPKXBNMVMKC-DWVKKRMSSA-N,C22H22N6O7S2,546.59,37,True
DB00440,DB00440,DB00440,COC1=CC(CC2=CN=C(N)N=C2N)=CC(OC)=C1OC,COc1cc(Cc2cnc(N)nc2N)cc(OC)c1OC,IEDVJHCEMCRBQM-UHFFFAOYSA-N,C14H18N4O3,290.32,21,True
DB00441,DB00441,DB00441,NC1=NC(=O)N(C=C1)[C@@H]1O[C@H](CO)[C@@H](O)C1(F)F,Nc1ccn([C@@H]2O[C@H](CO)[C@@H](O)C2(F)F)c(=O)n1,SDUQYLNIPVEERB-QPPQHZFASA-N,C9H11F2N3O4,263.2,18,True
DB00442,DB00442,DB00442,NC1=NC(=O)C2=C(N1)N(C=N2)[C@H]1C[C@H](O)[C@@H](CO)C1=C,C=C1[C@H](CO)[C@@H](O)C[C@@H]1n1cnc2c(=O)nc(N)[nH]c21,QDGZDCVAUDNJFG-FXQIFTODSA-N,C12H15N5O3,277.28,20,True
DB00443,DB00443,DB00443,[H][C@@]12C[C@H](C)[C@](O)(C(=O)CO)[C@@]1(C)C[C@H](O)[C@@]1(F)[C@@]2([H])CCC2=CC(=O)C=C[C@]12C,C[C@H]1C[C@H]2[C@@H]3CCC4=CC(=O)C=C[C@]4(C)[C@@]3(F)[C@@H](O)C[C@]2(C)[C@@]1(O)C(=O)CO,UREBDLICKHMUKA-DVTGEIKXSA-N,C22H29FO5,392.47,28,True
DB00444,DB00444,DB00444,[H][C@]12COC(=O)[C@]1([H])[C@H](C1=CC(OC)=C(O)C(OC)=C1)C1=C(C=C3OCOC3=C1)[C@H]2O[C@]1([H])O[C@]2([H])CO[C@H](O[C@@]2([H])[C@H](O)[C@H]1O)C1=CC=CS1,COc1cc([C@@H]2c3cc4c(cc3[C@@H](O[C@@H]3O[C@@H]5CO[C@@H](c6cccs6)O[C@H]5[C@H](O)[C@H]3O)[C@H]3COC(=O)[C@H]23)OCO4)cc(OC)c1O,NRUKOCRGYNPUPR-QBPJDGROSA-N,C32H32O13S,656.66,46,True
DB00445,DB00445,DB00445,COC1=CC=CC2=C1C(=O)C1=C(O)C3=C(C[C@](O)(C[C@@H]3O[C@H]3C[C@H](N)[C@@H](O)[C@H](C)O3)C(=O)CO)C(O)=C1C2=O,COc1cccc2c1C(=O)c1c(O)c3c(c(O)c1C2=O)C[C@@](O)(C(=O)CO)C[C@@H]3O[C@H]1C[C@H](N)[C@@H](O)[C@H](C)O1,AOJJSUZBOXZQNB-VTZDEGQISA-N,C27H29NO11,543.53,39,True
DB00446,DB00446,DB00446,OC[C@@H](NC(=O)C(Cl)Cl)[C@H](O)C1=CC=C(C=C1)[N+]([O-])=O,O=C(N[C@H](CO)[C@H](O)c1ccc([N+](=O)[O-])cc1)C(Cl)Cl,WIIZWVCIJKGZOK-RKDXNWHRSA-N,C11H12Cl2N2O5,323.13,20,True
DB00448,DB00448,DB00448,CC1=C(OCC(F)(F)F)C=CN=C1CS(=O)C1=NC2=CC=CC=C2N1,Cc1c(OCC(F)(F)F)ccnc1CS(=O)c1nc2ccccc2[nH]1,MJIHNNLFOKEZEW-UHFFFAOYSA-N,C16H14F3N3O2S,369.37,25,True
DB00449,DB00449,DB00449,CNCC(O)C1=CC(OC(=O)C(C)(C)C)=C(OC(=O)C(C)(C)C)C=C1,CNCC(O)c1ccc(OC(=O)C(C)(C)C)c(OC(=O)C(C)(C)C)c1,OCUJLLGVOUDECM-UHFFFAOYSA-N,C19H29NO5,351.44,25,True
DB00450,DB00450,DB00450,FC1=CC=C(C=C1)C(=O)CCCN1CCC(=CC1)N1C(=O)NC2=CC=CC=C12,O=C(CCCN1CC=C(n2c(=O)[nH]c3ccccc32)CC1)c1ccc(F)cc1,RMEDXOLNCUSCGS-UHFFFAOYSA-N,C22H22FN3O2,379.44,28,True
DB00451,DB00451,DB00451,N[C@@H](CC1=CC(I)=C(OC2=CC(I)=C(O)C(I)=C2)C(I)=C1)C(O)=O,N[C@@H](Cc1cc(I)c(Oc2cc(I)c(O)c(I)c2)c(I)c1)C(=O)O,XUIIKFGFIJCVMT-LBPRGKRZSA-N,C15H11I4NO4,776.87,24,True
DB00452,DB00452,DB00452,NC[C@@H]1O[C@H](O[C@@H]2[C@@H](CO)O[C@@H](O[C@@H]3[C@@H](O)[C@H](N)C[C@H](N)[C@H]3O[C@H]3O[C@H](CN)[C@@H](O)[C@H](O)[C@H]3N)[C@@H]2O)[C@H](N)[C@@H](O)[C@@H]1O,NC[C@@H]1O[C@H](O[C@H]2[C@@H](O)[C@H](O[C@@H]3[C@@H](O)[C@H](N)C[C@H](N)[C@H]3O[C@H]3O[C@H](CN)[C@@H](O)[C@H](O)[C@H]3N)O[C@@H]2CO)[C@H](N)[C@@H](O)[C@@H]1O,PGBHMTALBVVCIT-VCIWKGPPSA-N,C23H46N6O13,614.65,42,True
DB00453,DB00453,DB00453,[H][C@@]12C[C@@]3([H])C(=C(O)[C@]1(O)C(=O)C(C(=O)NCO)=C(O)[C@H]2N(C)C)C(=O)C1=C(C(Cl)=CC=C1O)[C@@]3(C)O,CN(C)[C@@H]1C(O)=C(C(=O)NCO)C(=O)[C@@]2(O)C(O)=C3C(=O)c4c(O)ccc(Cl)c4[C@@](C)(O)[C@H]3C[C@@H]12,GJGDLRSSCNAKGL-KMVLDZISSA-N,C23H25ClN2O9,508.91,35,True
DB00454,DB00454,DB00454,CCOC(=O)C1(CCN(C)CC1)C1=CC=CC=C1,CCOC(=O)C1(c2ccccc2)CCN(C)CC1,XADCESSVHJOZHK-UHFFFAOYSA-N,C15H21NO2,247.34,18,True
DB00455,DB00455,DB00455,CCOC(=O)N1CCC(CC1)=C1C2=C(CCC3=C1N=CC=C3)C=C(Cl)C=C2,CCOC(=O)N1CCC(=C2c3ccc(Cl)cc3CCc3cccnc32)CC1,JCCNYMKQOSZNPW-UHFFFAOYSA-N,C22H23ClN2O2,382.89,27,True
DB00456,DB00456,DB00456,[H][C@@]1(NC(=O)CC2=CC=CS2)C(=O)N2C(C(O)=O)=C(COC(C)=O)CS[C@]12[H],CC(=O)OCC1=C(C(=O)O)N2C(=O)[C@@H](NC(=O)Cc3cccs3)[C@H]2SC1,XIURVHNZVLADCM-IUODEOHRSA-N,C16H16N2O6S2,396.45,26,True
DB00457,DB00457,DB00457,COC1=C(OC)C=C2C(N)=NC(=NC2=C1)N1CCN(CC1)C(=O)C1=CC=CO1,COc1cc2nc(N3CCN(C(=O)c4ccco4)CC3)nc(N)c2cc1OC,IENZQIKPVFGBNW-UHFFFAOYSA-N,C19H21N5O4,383.41,28,True
DB00458,DB00458,DB00458,CN(C)CCCN1C2=CC=CC=C2CCC2=CC=CC=C12,CN(C)CCCN1c2ccccc2CCc2ccccc21,BCGWQEUPMDMJNV-UHFFFAOYSA-N,C19H24N2,280.42,21,True
DB00459,DB00459,DB00459,COC1=C(C)C(C)=C(\C=C\C(\C)=C\C=C\C(\C)=C\C(O)=O)C(C)=C1,COc1cc(C)c(/C=C/C(C)=C/C=C/C(C)=C/C(=O)O)c(C)c1C,IHUNBGSDBOWDMA-AQFIFDHZSA-N,C21H26O3,326.44,24,True
DB00460,DB00460,DB00460,COC(=O)CCC1=C2NC(\C=C3/N=C(/C=C4\N\C(=C/C5=N/C(=C\2)/C(CCC(O)=O)=C5C)C(C=C)=C4C)C2=CC=C([C@@H](C(=O)OC)[C@@]32C)C(=O)OC)=C1C,C=Cc1c(C)c2cc3nc(cc4[nH]c(cc5nc(cc1[nH]2)C(C)=C5CCC(=O)O)c(CCC(=O)OC)c4C)[C@@]1(C)C3=CC=C(C(=O)OC)[C@H]1C(=O)OC,YTZALCGQUPRCGW-ZSFNYQMMSA-N,C41H42N4O8,718.81,53,True
DB00461,DB00461,DB00461,COC1=CC2=C(C=C1)C=C(CCC(C)=O)C=C2,COc1ccc2cc(CCC(C)=O)ccc2c1,BLXXJMDCKKHMKV-UHFFFAOYSA-N,C15H16O2,228.29,17,True
DB00462,DB00462,DB00462,[Br-].[H][C@]12C[C@@H](C[C@@]([H])(C3OC13)[N+]2(C)C)OC(=O)[C@H](CO)C1=CC=CC=C1,C[N+]1(C)[C@H]2CC(OC(=O)[C@H](CO)c3ccccc3)C[C@H]1C1OC12.[Br-],CXYRUNPLKGGUJF-JIRGPDKYSA-M,C18H24BrNO4,398.3,24,True
DB00465,DB00465,DB00465,OC(=O)C1CCN2C1=CC=C2C(=O)C1=CC=CC=C1,O=C(c1ccccc1)c1ccc2n1CCC2C(=O)O,OZWKMVRBQXNZKK-UHFFFAOYSA-N,C15H13NO3,255.27,19,True
DB00467,DB00467,DB00467,CCN1C=C(C(O)=O)C(=O)C2=CC(F)=C(N=C12)N1CCNCC1,CCn1cc(C(=O)O)c(=O)c2cc(F)c(N3CCNCC3)nc21,IDYZIJYBMGIQMJ-UHFFFAOYSA-N,C15H17FN4O3,320.32,23,True
DB00468,DB00468,DB00468,[H][C@]1(C[C@@H]2CC[N@]1C[C@@H]2C=C)[C@H](O)C1=CC=NC2=CC=C(OC)C=C12,C=C[C@H]1C[N@@]2CC[C@H]1C[C@H]2[C@H](O)c1ccnc2ccc(OC)cc12,LOUPRKONTZGTKE-WZBLMQSHSA-N,C20H24N2O2,324.42,24,True
DB00469,DB00469,DB00469,CN1C(C(=O)NC2=CC=CC=N2)=C(O)C2=C(C=CS2)S1(=O)=O,CN1C(C(=O)Nc2ccccn2)=C(O)c2sccc2S1(=O)=O,LZNWYQJJBLGYLT-UHFFFAOYSA-N,C13H11N3O4S2,337.38,22,True
DB00470,DB00470,DB00470,[H][C@@]12C=C(C)CC[C@@]1([H])C(C)(C)OC1=C2C(O)=CC(CCCCC)=C1,CCCCCc1cc(O)c2c(c1)OC(C)(C)[C@@H]1CCC(C)=C[C@@H]21,CYQFCXCEBYINGO-IAGOWNOFSA-N,C21H30O2,314.47,23,True
DB00471,DB00471,DB00471,OC(=O)CC1(CC1)CS[C@H](CCC1=CC=CC=C1C(O)(C)C)C1=CC=CC(\C=C\C2=NC3=C(C=CC(Cl)=C3)C=C2)=C1,CC(C)(O)c1ccccc1CC[C@@H](SCC1(CC(=O)O)CC1)c1cccc(/C=C/c2ccc3ccc(Cl)cc3n2)c1,UCHDWCPVSPXUMX-TZIWLTJVSA-N,C35H36ClNO3S,586.2,41,True
DB00472,DB00472,DB00472,CNCCC(OC1=CC=C(C=C1)C(F)(F)F)C1=CC=CC=C1,CNCCC(Oc1ccc(C(F)(F)F)cc1)c1ccccc1,RTHCYVBBDHJXIQ-UHFFFAOYSA-N,C17H18F3NO,309.33,22,True
DB00474,DB00474,DB00474,CCC#CC(C)C1(CC=C)C(=O)NC(=O)N(C)C1=O,C=CCC1(C(C)C#CCC)C(=O)NC(=O)N(C)C1=O,NZXKDOXHBHYTKP-UHFFFAOYSA-N,C14H18N2O3,262.31,19,True
DB00475,DB00475,DB00475,CNC1=NC2=C(C=C(Cl)C=C2)C(C2=CC=CC=C2)=[N+]([O-])C1,CNC1=Nc2ccc(Cl)cc2C(c2ccccc2)=[N+]([O-])C1,ANTSCNMPPGJYLG-UHFFFAOYSA-N,C16H14ClN3O,299.76,21,True
DB00476,DB00476,DB00476,CNCC[C@H](OC1=CC=CC2=CC=CC=C12)C1=CC=CS1,CNCC[C@H](Oc1cccc2ccccc12)c1cccs1,ZEUITGRIYCTCEM-KRWDZBQOSA-N,C18H19NOS,297.42,21,True
DB00477,DB00477,DB00477,CN(C)CCCN1C2=CC=CC=C2SC2=C1C=C(Cl)C=C2,CN(C)CCCN1c2ccccc2Sc2ccc(Cl)cc21,ZPEIMTDSQAKGNT-UHFFFAOYSA-N,C17H19ClN2S,318.87,21,True
DB00479,DB00479,DB00479,NCC[C@H](O)C(=O)N[C@@H]1C[C@H](N)[C@@H](O[C@H]2O[C@H](CN)[C@@H](O)[C@H](O)[C@H]2O)[C@H](O)[C@H]1O[C@H]1O[C@H](CO)[C@@H](O)[C@H](N)[C@H]1O,NCC[C@H](O)C(=O)N[C@@H]1C[C@H](N)[C@@H](O[C@H]2O[C@H](CN)[C@@H](O)[C@H](O)[C@H]2O)[C@H](O)[C@H]1O[C@H]1O[C@H](CO)[C@@H](O)[C@H](N)[C@H]1O,LKCWBDHBTVXHDL-RMDFUYIESA-N,C22H43N5O13,585.61,40,True
DB00480,DB00480,DB00480,NC1=CC=CC2=C1CN(C1CCC(=O)NC1=O)C2=O,Nc1cccc2c1CN(C1CCC(=O)NC1=O)C2=O,GOTYRUGSSMKFNF-UHFFFAOYSA-N,C13H13N3O3,259.26,19,True
DB00481,DB00481,DB00481,OC1=CC=C(C=C1)C1=C(C(=O)C2=CC=C(OCCN3CCCCC3)C=C2)C2=C(S1)C=C(O)C=C2,O=C(c1ccc(OCCN2CCCCC2)cc1)c1c(-c2ccc(O)cc2)sc2cc(O)ccc12,GZUITABIAKMVPG-UHFFFAOYSA-N,C28H27NO4S,473.59,34,True
DB00482,DB00482,DB00482,CC1=CC=C(C=C1)C1=CC(=NN1C1=CC=C(C=C1)S(N)(=O)=O)C(F)(F)F,Cc1ccc(-c2cc(C(F)(F)F)nn2-c2ccc(S(N)(=O)=O)cc2)cc1,RZEKVGVHFLEQIL-UHFFFAOYSA-N,C17H14F3N3O2S,381.38,26,True
DB00483,DB00483,DB00483,[I-].[I-].[I-].CC[N+](CC)(CC)CCOC1=CC=CC(OCC[N+](CC)(CC)CC)=C1OCC[N+](CC)(CC)CC,CC[N+](CC)(CC)CCOc1cccc(OCC[N+](CC)(CC)CC)c1OCC[N+](CC)(CC)CC.[I-].[I-].[I-],REEUVFCVXKWOFE-UHFFFAOYSA-K,C30H60I3N3O3,891.54,39,True
DB00484,DB00484,DB00484,BrC1=C(NC2=NCCN2)C=CC2=NC=CN=C12,Brc1c(NC2=NCCN2)ccc2nccnc12,XYLJNLCSTIOKRM-UHFFFAOYSA-N,C11H10BrN5,292.14,17,True
DB00485,DB00485,DB00485,[H][C@]12SC(C)(C)[C@@H](N1C(=O)[C@H]2NC(=O)C1=C(C)ON=C1C1=C(Cl)C=CC=C1Cl)C(O)=O,Cc1onc(-c2c(Cl)cccc2Cl)c1C(=O)N[C@@H]1C(=O)N2[C@@H]1SC(C)(C)[C@@H]2C(=O)O,YFAGHNZHGGCZAX-JKIFEVAISA-N,C19H17Cl2N3O5S,470.33,30,True
DB00486,DB00486,DB00486,[H][C@@]12CC(=O)CC[C@@]1([H])C(C)(C)OC1=CC(=CC(O)=C21)C(C)(C)CCCCCC,CCCCCCC(C)(C)c1cc(O)c2c(c1)OC(C)(C)[C@@H]1CCC(=O)C[C@@H]21,GECBBEABIDMGGL-RTBURBONSA-N,C24H36O3,372.55,27,True
DB00487,DB00487,DB00487,CCN1C=C(C(O)=O)C(=O)C2=CC(F)=C(C=C12)N1CCN(C)CC1,CCn1cc(C(=O)O)c(=O)c2cc(F)c(N3CCN(C)CC3)cc21,FHFYDNQZQSQIAI-UHFFFAOYSA-N,C17H20FN3O3,333.36,24,True
DB00488,DB00488,DB00488,CN(C)C1=NC(=NC(=N1)N(C)C)N(C)C,CN(C)c1nc(N(C)C)nc(N(C)C)n1,UUVWYPNAQBNQJQ-UHFFFAOYSA-N,C9H18N6,210.28,15,True
DB00489,DB00489,DB00489,CC(C)NCC(O)C1=CC=C(NS(C)(=O)=O)C=C1,CC(C)NCC(O)c1ccc(NS(C)(=O)=O)cc1,ZBMZVLHSJCTVON-UHFFFAOYSA-N,C12H20N2O3S,272.37,18,True
DB00490,DB00490,DB00490,O=C1CC2(CCCC2)CC(=O)N1CCCCN1CCN(CC1)C1=NC=CC=N1,O=C1CC2(CCCC2)CC(=O)N1CCCCN1CCN(c2ncccn2)CC1,QWCRAEMEVRGPNT-UHFFFAOYSA-N,C21H31N5O2,385.51,28,True
DB00491,DB00491,DB00491,OCCN1C[C@H](O)[C@@H](O)[C@H](O)[C@H]1CO,OCCN1C[C@H](O)[C@@H](O)[C@H](O)[C@H]1CO,IBAQFPQHRJAVAV-ULAWRXDQSA-N,C8H17NO5,207.23,14,True
DB00492,DB00492,DB00492,CCC(=O)O[C@@H](O[P@](=O)(CCCCC1=CC=CC=C1)CC(=O)N1C[C@@H](C[C@H]1C(O)=O)C1CCCCC1)C(C)C,CCC(=O)O[C@@H](O[P@](=O)(CCCCc1ccccc1)CC(=O)N1C[C@H](C2CCCCC2)C[C@H]1C(=O)O)C(C)C,BIDNLKIUORFRQP-XYGFDPSESA-N,C30H46NO7P,563.67,39,True
DB00493,DB00493,DB00493,[H][C@]12SCC(COC(C)=O)=C(N1C(=O)[C@H]2NC(=O)C(=N/OC)\C1=CSC(N)=N1)C(O)=O,CO/N=C(\C(=O)N[C@@H]1C(=O)N2C(C(=O)O)=C(COC(C)=O)CS[C@H]12)c1csc(N)n1,GPRBEKHLDVQUJE-QSWIMTSFSA-N,C16H17N5O7S2,455.47,30,True
DB00494,DB00494,DB00494,CCN(CC)C(=O)C(=C\C1=CC(=C(O)C(O)=C1)[N+]([O-])=O)\C#N,CCN(CC)C(=O)/C(C#N)=C/c1cc(O)c(O)c([N+](=O)[O-])c1,JRURYQJSLYLRLN-BJMVGYQFSA-N,C14H15N3O5,305.29,22,True
DB00495,DB00495,DB00495,CC1=CN([C@H]2C[C@H](N=[N+]=[N-])[C@@H](CO)O2)C(=O)NC1=O,Cc1cn([C@H]2C[C@H](N=[N+]=[N-])[C@@H](CO)O2)c(=O)[nH]c1=O,HBOMLICNUCNMMY-XLPZGREQSA-N,C10H13N5O4,267.25,19,True
DB00496,DB00496,DB00496,NC(=O)C([C@@H]1CCN(CCC2=CC3=C(OCC3)C=C2)C1)(C1=CC=CC=C1)C1=CC=CC=C1,NC(=O)C(c1ccccc1)(c1ccccc1)[C@@H]1CCN(CCc2ccc3c(c2)CCO3)C1,HXGBXQDTNZMWGS-RUZDIDTESA-N,C28H30N2O2,426.56,32,True
DB00497,DB00497,DB00497,COC1=C2O[C@H]3C(=O)CC[C@@]4(O)[C@H]5CC(C=C1)=C2[C@@]34CCN5C,COc1ccc2c3c1O[C@H]1C(=O)CC[C@@]4(O)[C@@H](C2)N(C)CC[C@]314,BRUQQQPBMZOVGD-XFKAJCMBSA-N,C18H21NO4,315.37,23,True
DB00498,DB00498,DB00498,O=C1C(C(=O)C2=CC=CC=C12)C1=CC=CC=C1,O=C1c2ccccc2C(=O)C1c1ccccc1,NFBAXHOPROOJAW-UHFFFAOYSA-N,C15H10O2,222.24,17,True
DB00499,DB00499,DB00499,CC(C)C(=O)NC1=CC(=C(C=C1)[N+]([O-])=O)C(F)(F)F,CC(C)C(=O)Nc1ccc([N+](=O)[O-])c(C(F)(F)F)c1,MKXKFYHWDHIYRV-UHFFFAOYSA-N,C11H11F3N2O3,276.21,19,True
DB00500,DB00500,DB00500,CN1C(CC(O)=O)=CC=C1C(=O)C1=CC=C(C)C=C1,Cc1ccc(C(=O)c2ccc(CC(=O)O)n2C)cc1,UPSPUYADGBWSHF-UHFFFAOYSA-N,C15H15NO3,257.29,19,True
DB00501,DB00501,DB00501,CN\C(NCCSCC1=C(C)NC=N1)=N\C#N,CN/C(=N/C#N)NCCSCc1nc[nH]c1C,AQIXAKUUQRKLND-UHFFFAOYSA-N,C10H16N6S,252.35,17,True
DB00502,DB00502,DB00502,OC1(CCN(CCCC(=O)C2=CC=C(F)C=C2)CC1)C1=CC=C(Cl)C=C1,O=C(CCCN1CCC(O)(c2ccc(Cl)cc2)CC1)c1ccc(F)cc1,LNEPOXFFQSENCJ-UHFFFAOYSA-N,C21H23ClFNO2,375.87,26,True
DB00503,DB00503,DB00503,CC(C)[C@H](NC(=O)N(C)CC1=CSC(=N1)C(C)C)C(=O)N[C@H](C[C@H](O)[C@H](CC1=CC=CC=C1)NC(=O)OCC1=CN=CS1)CC1=CC=CC=C1,CC(C)c1nc(CN(C)C(=O)N[C@H](C(=O)N[C@@H](Cc2ccccc2)C[C@H](O)[C@H](Cc2ccccc2)NC(=O)OCc2cncs2)C(C)C)cs1,NCDNCNXCDXHOMX-XGKFQTDJSA-N,C37H48N6O5S2,720.96,50,True
DB00504,DB00504,DB00504,[H][C@@]12CCCC[C@@]11CCN(CC=C)[C@@H]2CC2=C1C=C(O)C=C2,C=CCN1CC[C@]23CCCC[C@H]2[C@H]1Cc1ccc(O)cc13,OZYUPQUCAUTOBP-QXAKKESOSA-N,C19H25NO,283.41,21,True
DB00508,DB00508,DB00508,CN(C)CCCN1C2=CC=CC=C2SC2=C1C=C(C=C2)C(F)(F)F,CN(C)CCCN1c2ccccc2Sc2ccc(C(F)(F)F)cc21,XSCGXQMFQXDFCW-UHFFFAOYSA-N,C18H19F3N2S,352.43,24,True
DB00511,DB00511,DB00511,[H][C@@]1(CC[C@]2(O)[C@]3([H])CC[C@]4([H])C[C@H](CC[C@]4(C)[C@@]3([H])CC[C@]12C)O[C@H]1C[C@H](O)[C@H](O[C@H]2C[C@H](O)[C@H](O[C@H]3C[C@H](OC(C)=O)[C@H](O)[C@@H](C)O3)[C@@H](C)O2)[C@@H](C)O1)C1=CC(=O)OC1,CC(=O)O[C@H]1C[C@H](O[C@H]2[C@@H](O)C[C@H](O[C@H]3[C@@H](O)C[C@H](O[C@H]4CC[C@@]5(C)[C@H](CC[C@@H]6[C@@H]5CC[C@]5(C)[C@@H](C7=CC(=O)OC7)CC[C@]65O)C4)O[C@@H]3C)O[C@@H]2C)O[C@H](C)[C@H]1O,HPMZBILYSWLILX-UMDUKNJSSA-N,C43H66O14,806.99,57,True
DB00512,DB00512,DB00512,CN[C@H](CC(C)C)C(=O)N[C@@H]1[C@H](O)C2=CC=C(OC3=C(O[C@@H]4O[C@H](CO)[C@@H](O)[C@H](O)[C@H]4O[C@H]4C[C@](C)(N)[C@H](O)[C@H](C)O4)C4=CC(=C3)[C@@H](NC(=O)[C@H](CC(N)=O)NC1=O)C(=O)N[C@@H]1C3=CC(=C(O)C=C3)C3=C(O)C=C(O)C=C3[C@H](NC(=O)[C@@H](NC1=O)[C@H](O)C1=CC(Cl)=C(O4)C=C1)C(O)=O)C(Cl)=C2,CN[C@H](CC(C)C)C(=O)N[C@H]1C(=O)N[C@@H](CC(N)=O)C(=O)N[C@H]2C(=O)N[C@H]3C(=O)N[C@H](C(=O)N[C@H](C(=O)O)c4cc(O)cc(O)c4-c4cc3ccc4O)[C@H](O)c3ccc(c(Cl)c3)Oc3cc2cc(c3O[C@@H]2O[C@H](CO)[C@@H](O)[C@H](O)[C@H]2O[C@H]2C[C@](C)(N)[C@H](O)[C@H](C)O2)Oc2ccc(cc2Cl)[C@H]1O,MYPYJXKWCTUITO-LYRMYLQWSA-N,C66H75Cl2N9O24,1449.27,101,True
DB00513,DB00513,DB00513,NCCCCCC(O)=O,NCCCCCC(=O)O,SLXKOJJOQWFEFD-UHFFFAOYSA-N,C6H13NO2,131.17,9,True
DB00514,DB00514,DB00514,[H][C@]12CCCC[C@]11CCN(C)[C@H]2CC2=C1C=C(OC)C=C2,COc1ccc2c(c1)[C@]13CCCC[C@@H]1[C@H](C2)N(C)CC3,MKXZASYAUGDDCJ-NJAFHUGGSA-N,C18H25NO,271.4,20,True
DB00515,DB00515,DB00515,[H][N]([H])([H])[Pt](Cl)(Cl)[N]([H])([H])[H],[NH3]->[Pt](<-[NH3])([Cl])[Cl],,H6Cl2N2Pt,300.05,5,True
DB00517,DB00517,DB00517,[Br-].CCCC(CCC)C(=O)O[C@H]1CC2CCC(C1)[N+]2(C)C,CCCC(CCC)C(=O)OC1CC2CCC(C1)[N+]2(C)C.[Br-],QSFKGMJOKUZAJM-UHFFFAOYSA-M,C17H32BrNO2,362.35,21,True
DB00518,DB00518,DB00518,CCCSC1=CC2=C(C=C1)N=C(NC(=O)OC)N2,CCCSc1ccc2nc(NC(=O)OC)[nH]c2c1,HXHWSAZORRCQMX-UHFFFAOYSA-N,C12H15N3O2S,265.34,18,True
DB00519,DB00519,DB00519,[H][C@@]12C[C@H](N(C(=O)[C@H](C)N[C@@H](CCC3=CC=CC=C3)C(=O)OCC)[C@@]1([H])CCCC2)C(O)=O,CCOC(=O)[C@H](CCc1ccccc1)N[C@@H](C)C(=O)N1[C@H](C(=O)O)C[C@H]2CCCC[C@@H]21,VXFJYXUZANRPDJ-WTNASJBWSA-N,C24H34N2O5,430.55,31,True
DB00520,DB00520,DB00520,CCC(C)CC(C)CCCCCCCCC(=O)N[C@H]1C[C@@H](O)[C@@H](NCCN)NC(=O)[C@@H]2[C@@H](O)CCN2C(=O)[C@@H](NC(=O)[C@@H](NC(=O)[C@@H]2C[C@@H](O)CN2C(=O)[C@@H](NC1=O)[C@@H](C)O)[C@H](O)[C@@H](O)C1=CC=C(O)C=C1)[C@H](O)CCN,CCC(C)CC(C)CCCCCCCCC(=O)N[C@H]1C[C@@H](O)[C@@H](NCCN)NC(=O)[C@@H]2[C@@H](O)CCN2C(=O)[C@H]([C@H](O)CCN)NC(=O)[C@H]([C@H](O)[C@@H](O)c2ccc(O)cc2)NC(=O)[C@@H]2C[C@@H](O)CN2C(=O)[C@H]([C@@H](C)O)NC1=O,JYIKNQVWKBUSNH-OGZDCFRISA-N,C52H88N10O15,1093.33,77,True
DB00521,DB00521,DB00521,CC(C)(C)NCC(O)COC1=CC=CC2=C1CCC(=O)N2,CC(C)(C)NCC(O)COc1cccc2c1CCC(=O)N2,LWAFSWPYPHEXKX-UHFFFAOYSA-N,C16H24N2O3,292.38,21,True
DB00523,DB00523,DB00523,C\C(\C=C\C1=C(C)CCCC1(C)C)=C\C=C\C(\C)=C\C(O)=O,CC1=C(/C=C/C(C)=C\C=C\C(C)=C\C(=O)O)C(C)(C)CCC1,SHGAZHPCJJPHSC-ZVCIMWCZSA-N,C20H28O2,300.44,22,True
DB00524,DB00524,DB00524,CC1NC2=CC(Cl)=C(C=C2C(=O)N1C1=CC=CC=C1C)S(N)(=O)=O,Cc1ccccc1N1C(=O)c2cc(S(N)(=O)=O)c(Cl)cc2NC1C,AQCHWTWZEMGIFD-UHFFFAOYSA-N,C16H16ClN3O3S,365.84,24,True
DB00525,DB00525,DB00525,CN(C(=S)OC1=CC2=CC=CC=C2C=C1)C1=CC=CC(C)=C1,Cc1cccc(N(C)C(=S)Oc2ccc3ccccc3c2)c1,FUSNMLFNXJSCDI-UHFFFAOYSA-N,C19H17NOS,307.42,22,True
DB00526,DB00526,DB00526,[H][N]1([H])[C@@H]2CCCC[C@H]2[N]([H])([H])[Pt]11OC(=O)C(=O)O1,O=C1[O][Pt]2(<-[NH2][C@@H]3CCCC[C@H]3[NH2]->2)[O]C1=O,,C8H14N2O4Pt,397.29,15,True
DB00527,DB00527,DB00527,CCCCOC1=NC2=CC=CC=C2C(=C1)C(=O)NCCN(CC)CC,CCCCOc1cc(C(=O)NCCN(CC)CC)c2ccccc2n1,PUFQVTATUTYEAL-UHFFFAOYSA-N,C20H29N3O2,343.47,25,True
DB00528,DB00528,DB00528,COC(=O)C1=C(C)NC(C)=C(C1C1=CC(=CC=C1)[N+]([O-])=O)C(=O)OC(C)(C)CN(C)CCC(C1=CC=CC=C1)C1=CC=CC=C1,COC(=O)C1=C(C)NC(C)=C(C(=O)OC(C)(C)CN(C)CCC(c2ccccc2)c2ccccc2)C1c1cccc([N+](=O)[O-])c1,ZDXUKAKRHYTAKV-UHFFFAOYSA-N,C36H41N3O6,611.74,45,True
DB00529,DB00529,DB00529,OC(=O)P(O)(O)=O,O=C(O)P(=O)(O)O,ZJAOAACCNHFJAH-UHFFFAOYSA-N,CH3O5P,126.0,7,True
DB00530,DB00530,DB00530,COCCOC1=CC2=C(C=C1OCCOC)C(NC1=CC(=CC=C1)C#C)=NC=N2,C#Cc1cccc(Nc2ncnc3cc(OCCOC)c(OCCOC)cc23)c1,AAKJLRGGTJKAMG-UHFFFAOYSA-N,C22H23N3O4,393.44,29,True
DB00531,DB00531,DB00531,ClCCN(CCCl)P1(=O)NCCCO1,O=P1(N(CCCl)CCCl)NCCCO1,CMSMOCZEIVJLDB-UHFFFAOYSA-N,C7H15Cl2N2O2P,261.09,14,True
DB00535,DB00535,DB00535,[H][C@]12SCC(C=C)=C(N1C(=O)[C@H]2NC(=O)C(=N/O)\C1=CSC(N)=N1)C(O)=O,C=CC1=C(C(=O)O)N2C(=O)[C@@H](NC(=O)/C(=N\O)c3csc(N)n3)[C@H]2SC1,RTXOFQZKPXMALH-GHXIOONMSA-N,C14H13N5O5S2,395.42,26,True
DB00537,DB00537,DB00537,OC(=O)C1=CN(C2CC2)C2=CC(N3CCNCC3)=C(F)C=C2C1=O,O=C(O)c1cn(C2CC2)c2cc(N3CCNCC3)c(F)cc2c1=O,MYSWGUAQZAJSOK-UHFFFAOYSA-N,C17H18FN3O3,331.35,24,True
DB00539,DB00539,DB00539,CN(C)CCOC1=CC=C(C=C1)C(=C(\CCCl)C1=CC=CC=C1)\C1=CC=CC=C1,CN(C)CCOc1ccc(/C(=C(/CCCl)c2ccccc2)c2ccccc2)cc1,XFCLJVABOIYOMF-QPLCGJKRSA-N,C26H28ClNO,405.97,29,True
DB00540,DB00540,DB00540,CNCCC=C1C2=CC=CC=C2CCC2=CC=CC=C12,CNCCC=C1c2ccccc2CCc2ccccc21,PHVGLTMQBUFIQQ-UHFFFAOYSA-N,C19H21N,263.38,20,True
DB00541,DB00541,DB00541,[H][C@@]12N3CC[C@@]11C4=C(C=C(OC)C(=C4)[C@]4(C[C@H]5C[N@](C[C@](O)(CC)C5)CCC5=C4NC4=CC=CC=C54)C(=O)OC)N(C=O)[C@@]1([H])[C@](O)([C@H](OC(C)=O)[C@]2(CC)C=CC3)C(=O)OC,CC[C@]1(O)C[C@@H]2C[N@@](CCc3c([nH]c4ccccc34)[C@@](C(=O)OC)(c3cc4c(cc3OC)N(C=O)[C@H]3[C@@](O)(C(=O)OC)[C@H](OC(C)=O)[C@]5(CC)C=CCN6CC[C@]43[C@@H]65)C2)C1,OGWKCGZFUXNPDA-CFWMRBGOSA-N,C46H56N4O10,824.97,60,True
DB00542,DB00542,DB00542,[H][C@@]1(CCC2=CC=CC=C2N(CC(O)=O)C1=O)N[C@@H](CCC1=CC=CC=C1)C(=O)OCC,CCOC(=O)[C@H](CCc1ccccc1)N[C@H]1CCc2ccccc2N(CC(=O)O)C1=O,XPCFTKFZXHTYIP-PMACEKPBSA-N,C24H28N2O5,424.5,31,True
DB00543,DB00543,DB00543,ClC1=CC2=C(OC3=CC=CC=C3N=C2N2CCNCC2)C=C1,Clc1ccc2c(c1)C(N1CCNCC1)=Nc1ccccc1O2,QWGDMFLQWFTERH-UHFFFAOYSA-N,C17H16ClN3O,313.79,22,True
DB00544,DB00544,DB00544,FC1=CNC(=O)NC1=O,O=c1[nH]cc(F)c(=O)[nH]1,GHASVSINZRGABV-UHFFFAOYSA-N,C4H3FN2O2,130.08,9,True
DB00545,DB00545,DB00545,CN(C)C(=O)OC1=C[N+](C)=CC=C1,CN(C)C(=O)Oc1ccc[n+](C)c1,RVOLLAQWKVFTGE-UHFFFAOYSA-N,C9H13N2O2+,181.22,13,True
DB00546,DB00546,DB00546,CN(C)CC1=NN=C2CN=C(C3=CC=CC=C3)C3=C(C=CC(Cl)=C3)N12,CN(C)Cc1nnc2n1-c1ccc(Cl)cc1C(c1ccccc1)=NC2,GJSLOMWRLALDCT-UHFFFAOYSA-N,C19H18ClN5,351.84,25,True
DB00547,DB00547,DB00547,[H][C@@]12C[C@@H](C)[C@H](C(=O)CO)[C@@]1(C)C[C@H](O)[C@@]1(F)[C@@]2([H])CCC2=CC(=O)C=C[C@]12C,C[C@@H]1C[C@H]2[C@@H]3CCC4=CC(=O)C=C[C@]4(C)[C@@]3(F)[C@@H](O)C[C@]2(C)[C@H]1C(=O)CO,VWVSBHGCDBMOOT-IIEHVVJPSA-N,C22H29FO4,376.47,27,True
DB00548,DB00548,DB00548,OC(=O)CCCCCCCC(O)=O,O=C(O)CCCCCCCC(=O)O,BDJRBEYXGGNYIS-UHFFFAOYSA-N,C9H16O4,188.22,13,True
DB00549,DB00549,DB00549,COC1=CC(=CC=C1CC1=CN(C)C2=C1C=C(NC(=O)OC1CCCC1)C=C2)C(=O)NS(=O)(=O)C1=CC=CC=C1C,COc1cc(C(=O)NS(=O)(=O)c2ccccc2C)ccc1Cc1cn(C)c2ccc(NC(=O)OC3CCCC3)cc12,YEEZWCHGZNKEEK-UHFFFAOYSA-N,C31H33N3O6S,575.69,41,True
DB00550,DB00550,DB00550,CCCC1=CC(=O)NC(=S)N1,CCCc1cc(=O)[nH]c(=S)[nH]1,KNAHARQHSZJURB-UHFFFAOYSA-N,C7H10N2OS,170.24,11,True
DB00551,DB00551,DB00551,CC(=O)NO,CC(=O)NO,RRUDCFGSUDOHDG-UHFFFAOYSA-N,C2H5NO2,75.07,5,True
DB00552,DB00552,DB00552,OC[C@H]1O[C@H](C[C@@H]1O)N1C=NC2=C1N=CNC[C@H]2O,OC[C@H]1O[C@@H](n2cnc3c2N=CNC[C@H]3O)C[C@@H]1O,FPVKHBSQESCIEP-JQCXWYLXSA-N,C11H16N4O4,268.27,19,True
DB00553,DB00553,DB00553,COC1=C2OC(=O)C=CC2=CC2=C1OC=C2,COc1c2occc2cc2ccc(=O)oc12,QXKHYNVANLEOEG-UHFFFAOYSA-N,C12H8O4,216.19,16,True
DB00554,DB00554,DB00554,CN1C(C(=O)NC2=NC=CC=C2)=C(O)C2=C(C=CC=C2)S1(=O)=O,CN1C(C(=O)Nc2ccccn2)=C(O)c2ccccc2S1(=O)=O,QYSPLQLAKJAUJT-UHFFFAOYSA-N,C15H13N3O4S,331.35,23,True
DB00555,DB00555,DB00555,NC1=NC(N)=C(N=N1)C1=C(Cl)C(Cl)=CC=C1,Nc1nnc(-c2cccc(Cl)c2Cl)c(N)n1,PYZRQGJRPPTADH-UHFFFAOYSA-N,C9H7Cl2N5,256.1,16,True
DB00556,DB00556,DB00556,FC(F)(F)C(F)(F)C(F)(F)F,FC(F)(F)C(F)(F)C(F)(F)F,QYSGYZVSCZSLHT-UHFFFAOYSA-N,C3F8,188.02,11,True
DB00557,DB00557,DB00557,OCCOCCN1CCN(CC1)C(C1=CC=CC=C1)C1=CC=C(Cl)C=C1,OCCOCCN1CCN(C(c2ccccc2)c2ccc(Cl)cc2)CC1,ZQDWXGKKHFNSQK-UHFFFAOYSA-N,C21H27ClN2O2,374.91,26,True
DB00559,DB00559,DB00559,COC1=CC=CC=C1OC1=C(NS(=O)(=O)C2=CC=C(C=C2)C(C)(C)C)N=C(N=C1OCCO)C1=NC=CC=N1,COc1ccccc1Oc1c(NS(=O)(=O)c2ccc(C(C)(C)C)cc2)nc(-c2ncccn2)nc1OCCO,GJPICJJJRGTNOD-UHFFFAOYSA-N,C27H29N5O6S,551.63,39,True
DB00560,DB00560,DB00560,[H][C@@]12CC3=C(C(O)=C(NC(=O)CNC(C)(C)C)C=C3N(C)C)C(=O)C1=C(O)[C@]1(O)C(=O)C(C(N)=O)=C(O)[C@@H](N(C)C)[C@]1([H])C2,CN(C)c1cc(NC(=O)CNC(C)(C)C)c(O)c2c1C[C@H]1C[C@H]3[C@H](N(C)C)C(O)=C(C(N)=O)C(=O)[C@@]3(O)C(O)=C1C2=O,FPZLLRFZJZRHSY-HJYUBDRYSA-N,C29H39N5O8,585.66,42,True
DB00561,DB00561,DB00561,CCN1CC(CCN2CCOCC2)C(C1=O)(C1=CC=CC=C1)C1=CC=CC=C1,CCN1CC(CCN2CCOCC2)C(c2ccccc2)(c2ccccc2)C1=O,XFDJYSQDBULQSI-UHFFFAOYSA-N,C24H30N2O2,378.52,28,True
DB00562,DB00562,DB00562,NS(=O)(=O)C1=CC2=C(C=C1Cl)N=C(CSCC1=CC=CC=C1)NS2(=O)=O,NS(=O)(=O)c1cc2c(cc1Cl)N=C(CSCc1ccccc1)NS2(=O)=O,NDTSRXAMMQDVSW-UHFFFAOYSA-N,C15H14ClN3O4S3,431.95,26,True
DB00563,DB00563,DB00563,CN(CC1=CN=C2N=C(N)N=C(N)C2=N1)C1=CC=C(C=C1)C(=O)N[C@@H](CCC(O)=O)C(O)=O,CN(Cc1cnc2nc(N)nc(N)c2n1)c1ccc(C(=O)N[C@@H](CCC(=O)O)C(=O)O)cc1,FBOZXECLQNJBKD-ZDUSSCGKSA-N,C20H22N8O5,454.45,33,True
DB00564,DB00564,DB00564,NC(=O)N1C2=CC=CC=C2C=CC2=CC=CC=C12,NC(=O)N1c2ccccc2C=Cc2ccccc21,FFGPTBGBLSHEPO-UHFFFAOYSA-N,C15H12N2O,236.27,18,True
DB00565,DB00565,DB00565,COC1=CC2=C(C=C1OC)[C@@H](CC1=CC(OC)=C(OC)C=C1)[N@@+](C)(CCC(=O)OCCCCCOC(=O)CC[N@@+]1(C)CCC3=C(C=C(OC)C(OC)=C3)[C@H]1CC1=CC(OC)=C(OC)C=C1)CC2,COc1ccc(C[C@@H]2c3cc(OC)c(OC)cc3CC[N@+]2(C)CCC(=O)OCCCCCOC(=O)CC[N@@+]2(C)CCc3cc(OC)c(OC)cc3[C@H]2Cc2ccc(OC)c(OC)c2)cc1OC,YXSLJKQTIDHPOT-LJCJQEJUSA-N,C53H72N2O12+2,929.16,67,True
DB00567,DB00567,DB00567,[H][C@]12SCC(C)=C(N1C(=O)[C@H]2NC(=O)[C@H](N)C1=CC=CC=C1)C(O)=O,CC1=C(C(=O)O)N2C(=O)[C@@H](NC(=O)[C@H](N)c3ccccc3)[C@H]2SC1,ZAIPMKNFIOOWCQ-UEKVPHQBSA-N,C16H17N3O4S,347.4,24,True
DB00568,DB00568,DB00568,C(C=CC1=CC=CC=C1)N1CCN(CC1)C(C1=CC=CC=C1)C1=CC=CC=C1,C(=Cc1ccccc1)CN1CCN(C(c2ccccc2)c2ccccc2)CC1,DERZBLKQOCDDDZ-UHFFFAOYSA-N,C26H28N2,368.52,28,True
DB00569,DB00569,DB00569,CO[C@H]1O[C@H](COS(O)(=O)=O)[C@@H](O[C@@H]2O[C@H]([C@@H](O[C@H]3O[C@H](COS(O)(=O)=O)[C@@H](O[C@@H]4O[C@@H]([C@@H](O[C@H]5O[C@H](COS(O)(=O)=O)[C@@H](O)[C@H](O)[C@H]5NS(O)(=O)=O)[C@H](O)[C@H]4O)C(O)=O)[C@H](OS(O)(=O)=O)[C@H]3NS(O)(=O)=O)[C@H](O)[C@H]2OS(O)(=O)=O)C(O)=O)[C@H](O)[C@H]1NS(O)(=O)=O,CO[C@H]1O[C@H](COS(=O)(=O)O)[C@@H](O[C@@H]2O[C@@H](C(=O)O)[C@@H](O[C@H]3O[C@H](COS(=O)(=O)O)[C@@H](O[C@@H]4O[C@H](C(=O)O)[C@@H](O[C@H]5O[C@H](COS(=O)(=O)O)[C@@H](O)[C@H](O)[C@H]5NS(=O)(=O)O)[C@H](O)[C@H]4O)[C@H](OS(=O)(=O)O)[C@H]3NS(=O)(=O)O)[C@H](O)[C@H]2OS(=O)(=O)O)[C@H](O)[C@H]1NS(=O)(=O)O,KANJSNBRCNMZMV-ABRZTLGGSA-N,C31H53N3O49S8,1508.27,91,True
DB00570,DB00570,DB00570,[H][C@@]12N(C)C3=CC(OC)=C(C=C3[C@@]11CCN3CC=C[C@@](CC)([C@@H](OC(C)=O)[C@]2(O)C(=O)OC)[C@@]13[H])[C@]1(C[C@@]2([H])CN(C[C@](O)(CC)C2)CCC2=C1NC1=C2C=CC=C1)C(=O)OC,CC[C@]1(O)C[C@@H]2CN(CCc3c([nH]c4ccccc34)[C@@](C(=O)OC)(c3cc4c(cc3OC)N(C)[C@H]3[C@@](O)(C(=O)OC)[C@H](OC(C)=O)[C@]5(CC)C=CCN6CC[C@]43[C@@H]65)C2)C1,JXLYSJRDGCGARV-CFWMRBGOSA-N,C46H58N4O9,810.99,59,True
DB00571,DB00571,DB00571,CC(C)NCC(O)COC1=CC=CC2=C1C=CC=C2,CC(C)NCC(O)COc1cccc2ccccc12,AQHHHDLHHXJYJD-UHFFFAOYSA-N,C16H21NO2,259.35,19,True
DB00572,DB00572,DB00572,CN1[C@H]2CC[C@@H]1C[C@@H](C2)OC(=O)C(CO)C1=CC=CC=C1,CN1[C@@H]2CC[C@H]1C[C@@H](OC(=O)C(CO)c1ccccc1)C2,RKUNBYITZUJHSG-SPUOUPEWSA-N,C17H23NO3,289.38,21,True
DB00573,DB00573,DB00573,CC(C(O)=O)C1=CC(OC2=CC=CC=C2)=CC=C1,CC(C(=O)O)c1cccc(Oc2ccccc2)c1,RDJGLLICXDHJDY-UHFFFAOYSA-N,C15H14O3,242.27,18,True
DB00575,DB00575,DB00575,ClC1=CC=CC(Cl)=C1NC1=NCCN1,Clc1cccc(Cl)c1NC1=NCCN1,GJSURZIOUXUGAL-UHFFFAOYSA-N,C9H9Cl2N3,230.1,14,True
DB00576,DB00576,DB00576,CC1=NN=C(NS(=O)(=O)C2=CC=C(N)C=C2)S1,Cc1nnc(NS(=O)(=O)c2ccc(N)cc2)s1,VACCAVUAMIDAGB-UHFFFAOYSA-N,C9H10N4O2S2,270.34,17,True
DB00577,DB00577,DB00577,CC(C)[C@H](N)C(=O)OCCOCN1C=NC2=C1NC(N)=NC2=O,CC(C)[C@H](N)C(=O)OCCOCn1cnc2c(=O)nc(N)[nH]c21,HDOVUKNUBWVHOX-QMMMGPOBSA-N,C13H20N6O4,324.34,23,True
DB00578,DB00578,DB00578,[H][C@]12SC(C)(C)[C@@H](N1C(=O)[C@H]2NC(=O)C(C(O)=O)C1=CC=CC=C1)C(O)=O,CC1(C)S[C@@H]2[C@H](NC(=O)C(C(=O)O)c3ccccc3)C(=O)N2[C@H]1C(=O)O,FPPNZSSZRUTDAP-UWFZAAFLSA-N,C17H18N2O6S,378.41,26,True
DB00581,DB00581,DB00581,OC[C@H]1O[C@](O)(CO)[C@@H](O)[C@@H]1O[C@@H]1O[C@H](CO)[C@H](O)[C@H](O)[C@H]1O,OC[C@H]1O[C@@H](O[C@@H]2[C@@H](CO)O[C@](O)(CO)[C@H]2O)[C@H](O)[C@@H](O)[C@H]1O,JCQLYHFGKNRPGE-FCVZTGTOSA-N,C12H22O11,342.3,23,True
DB00582,DB00582,DB00582,C[C@@H](C1=NC=NC=C1F)[C@](O)(CN1C=NC=N1)C1=C(F)C=C(F)C=C1,C[C@@H](c1ncncc1F)[C@](O)(Cn1cncn1)c1ccc(F)cc1F,BCEHBSKCWLPMDN-MGPLVRAMSA-N,C16H14F3N5O,349.32,25,True
DB00583,DB00583,DB00583,C[N+](C)(C)C[C@H](O)CC([O-])=O,C[N+](C)(C)C[C@H](O)CC(=O)[O-],PHIQHXFUZVPYII-ZCFIWIBFSA-N,C7H15NO3,161.2,11,True
DB00584,DB00584,DB00584,CCOC(=O)[C@H](CCC1=CC=CC=C1)N[C@@H](C)C(=O)N1CCC[C@H]1C(O)=O,CCOC(=O)[C@H](CCc1ccccc1)N[C@@H](C)C(=O)N1CCC[C@H]1C(=O)O,GBXSMTUPTTWBMN-XIRDDKMYSA-N,C20H28N2O5,376.45,27,True
DB00585,DB00585,DB00585,CNC(NCCSCC1=CSC(CN(C)C)=N1)=C[N+]([O-])=O,CNC(=C[N+](=O)[O-])NCCSCc1csc(CN(C)C)n1,SGXXNSQHWDMGGP-UHFFFAOYSA-N,C12H21N5O2S2,331.47,21,True
DB00586,DB00586,DB00586,OC(=O)CC1=CC=CC=C1NC1=C(Cl)C=CC=C1Cl,O=C(O)Cc1ccccc1Nc1c(Cl)cccc1Cl,DCOPUUMXTXDBNB-UHFFFAOYSA-N,C14H11Cl2NO2,296.15,19,True
DB00588,DB00588,DB00588,[H][C@@]12C[C@@H](C)[C@](OC(=O)CC)(C(=O)SCF)[C@@]1(C)C[C@H](O)[C@@]1(F)[C@@]2([H])C[C@H](F)C2=CC(=O)C=C[C@]12C,CCC(=O)O[C@]1(C(=O)SCF)[C@H](C)C[C@H]2[C@@H]3C[C@H](F)C4=CC(=O)C=C[C@]4(C)[C@@]3(F)[C@@H](O)C[C@@]21C,WMWTYOKRWGGJOA-CENSZEJFSA-N,C25H31F3O5S,500.58,34,True
DB00589,DB00589,DB00589,[H][C@@]12CC3=CNC4=CC=CC(=C34)C1=C[C@@H](CN2C)NC(=O)N(CC)CC,CCN(CC)C(=O)N[C@H]1C=C2c3cccc4[nH]cc(c34)C[C@H]2N(C)C1,BKRGVLQUQGGVSM-KBXCAEBGSA-N,C20H26N4O,338.46,25,True
DB00590,DB00590,DB00590,COC1=C(OC)C=C2C(N)=NC(=NC2=C1)N1CCN(CC1)C(=O)C1COC2=CC=CC=C2O1,COc1cc2nc(N3CCN(C(=O)C4COc5ccccc5O4)CC3)nc(N)c2cc1OC,RUZYUOTYCVRMRZ-UHFFFAOYSA-N,C23H25N5O5,451.48,33,True
DB00591,DB00591,DB00591,[H][C@@]12C[C@@]3([H])[C@]4([H])C[C@H](F)C5=CC(=O)C=C[C@]5(C)[C@@]4(F)[C@@H](O)C[C@]3(C)[C@@]1(OC(C)(C)O2)C(=O)CO,CC1(C)O[C@@H]2C[C@H]3[C@@H]4C[C@H](F)C5=CC(=O)C=C[C@]5(C)[C@@]4(F)[C@@H](O)C[C@]3(C)[C@]2(C(=O)CO)O1,FEBLZLNTKCEFIT-VSXGLTOVSA-N,C24H30F2O6,452.49,32,True
DB00592,DB00592,DB00592,C1CNCCN1,C1CNCCN1,GLUUGHFHXGJENI-UHFFFAOYSA-N,C4H10N2,86.14,6,True
DB00593,DB00593,DB00593,CCC1(C)CC(=O)NC1=O,CCC1(C)CC(=O)NC1=O,HAPOVYFOVVWLRS-UHFFFAOYSA-N,C7H11NO2,141.17,10,True
DB00594,DB00594,DB00594,NC(=N)NC(=O)C1=NC(Cl)=C(N)N=C1N,N=C(N)NC(=O)c1nc(Cl)c(N)nc1N,XSDQTOBWRPYKKA-UHFFFAOYSA-N,C6H8ClN7O,229.63,15,True
DB00595,DB00595,DB00595,[H][C@@]12[C@@H](O)[C@@]3([H])C(C(=O)C4=C(C=CC=C4O)[C@@]3(C)O)=C(O)[C@]1(O)C(=O)C(C(N)=O)=C(O)[C@H]2N(C)C,CN(C)[C@@H]1C(O)=C(C(N)=O)C(=O)[C@@]2(O)C(O)=C3C(=O)c4c(O)cccc4[C@@](C)(O)[C@H]3[C@H](O)[C@@H]12,IWVCMVBTMGNXQD-PXOLEDIWSA-N,C22H24N2O9,460.44,33,True
DB00596,DB00596,DB00596,[H][C@@]12C[C@H](C)[C@](O)(C(=O)CCl)[C@@]1(C)C[C@H](O)[C@@]1(F)[C@@]2([H])C[C@H](F)C2=CC(=O)C=C[C@]12C,C[C@H]1C[C@H]2[C@@H]3C[C@H](F)C4=CC(=O)C=C[C@]4(C)[C@@]3(F)[C@@H](O)C[C@]2(C)[C@@]1(O)C(=O)CCl,LEHFPXVYPMWYQD-XHIJKXOTSA-N,C22H27ClF2O4,428.9,29,True
DB00598,DB00598,DB00598,CC(CCC1=CC=CC=C1)NCC(O)C1=CC(C(N)=O)=C(O)C=C1,CC(CCc1ccccc1)NCC(O)c1ccc(O)c(C(N)=O)c1,SGUAFYQXFOLMHL-UHFFFAOYSA-N,C19H24N2O3,328.41,24,True
DB00599,DB00599,DB00599,CCCC(C)C1(CC)C(=O)NC(=S)NC1=O,CCCC(C)C1(CC)C(=O)NC(=S)NC1=O,IUJDSEJGGMCXSG-UHFFFAOYSA-N,C11H18N2O2S,242.34,16,True
DB00601,DB00601,DB00601,CC(=O)NC[C@H]1CN(C(=O)O1)C1=CC(F)=C(C=C1)N1CCOCC1,CC(=O)NC[C@H]1CN(c2ccc(N3CCOCC3)c(F)c2)C(=O)O1,TYZROVQLWOKYKF-ZDUSSCGKSA-N,C16H20FN3O4,337.35,24,True
DB00602,DB00602,DB00602,CO[C@H]1C[C@@H](O[C@@H](C)[C@@H]1O)O[C@H]1[C@H](C)O[C@H](C[C@@H]1OC)O[C@H]1[C@@H](C)\C=C\C=C2/CO[C@@H]3[C@H](O)C(C)=C[C@@H](C(=O)O[C@H]4C[C@@H](C\C=C1/C)O[C@@]1(CC[C@H](C)[C@@H](C(C)C)O1)C4)[C@]23O.CC[C@@H](C)[C@H]1O[C@@]2(CC[C@@H]1C)O[C@@H]1C\C=C(C)\[C@@H](O[C@@H]3O[C@@H](C)[C@H](O[C@@H]4O[C@@H](C)[C@H](O)[C@@H](OC)C4)[C@@H](OC)C3)[C@@H](C)\C=C\C=C3/CO[C@@H]4[C@H](O)C(C)=C[C@@H](C(=O)O[C@@H](C1)C2)[C@]34O,CC[C@@H](C)[C@H]1O[C@]2(CC[C@@H]1C)C[C@@H]1C[C@@H](C/C=C(\C)[C@@H](O[C@H]3C[C@H](OC)[C@@H](O[C@H]4C[C@H](OC)[C@@H](O)[C@H](C)O4)[C@H](C)O3)[C@@H](C)/C=C/C=C3\CO[C@@H]4[C@H](O)C(C)=C[C@@H](C(=O)O1)[C@]34O)O2.CO[C@H]1C[C@H](O[C@H]2[C@H](C)O[C@@H](O[C@@H]3/C(C)=C/C[C@@H]4C[C@@H](C[C@]5(CC[C@H](C)[C@@H](C(C)C)O5)O4)OC(=O)[C@@H]4C=C(C)[C@@H](O)[C@H]5OC/C(=C\C=C\[C@@H]3C)[C@]54O)C[C@@H]2OC)O[C@@H](C)[C@@H]1O,SPBDXSGPUHCETR-CVSKBELMSA-N,C95H146O28,1736.18,123,True
DB00603,DB00603,DB00603,[H][C@@]12CC[C@](OC(C)=O)(C(C)=O)[C@@]1(C)CC[C@@]1([H])[C@@]2([H])C[C@H](C)C2=CC(=O)CC[C@]12C,CC(=O)O[C@]1(C(C)=O)CC[C@H]2[C@@H]3C[C@H](C)C4=CC(=O)CC[C@]4(C)[C@H]3CC[C@@]21C,PSGAAPLEWMOORI-PEINSRQWSA-N,C24H34O4,386.53,28,True
DB00604,DB00604,DB00604,CO[C@H]1CN(CCCOC2=CC=C(F)C=C2)CC[C@H]1NC(=O)C1=CC(Cl)=C(N)C=C1OC,COc1cc(N)c(Cl)cc1C(=O)N[C@@H]1CCN(CCCOc2ccc(F)cc2)C[C@@H]1OC,DCSUBABJRXZOMT-IRLDBZIGSA-N,C23H29ClFN3O4,465.95,32,True
DB00605,DB00605,DB00605,CC1=C(CC(O)=O)C2=CC(F)=CC=C2\C1=C/C1=CC=C(C=C1)S(C)=O,CC1=C(CC(=O)O)c2cc(F)ccc2/C1=C\c1ccc(S(C)=O)cc1,MLKXDPUZXIRXEP-MFOYZWKCSA-N,C20H17FO3S,356.42,25,True
DB00606,DB00606,DB00606,NS(=O)(=O)C1=C(Cl)C=C2NC(NS(=O)(=O)C2=C1)C1CC2CC1C=C2,NS(=O)(=O)c1cc2c(cc1Cl)NC(C1CC3C=CC1C3)NS2(=O)=O,BOCUKUHCLICSIY-UHFFFAOYSA-N,C14H16ClN3O4S2,389.89,24,True
DB00607,DB00607,DB00607,[H][C@]12SC(C)(C)[C@@H](N1C(=O)[C@H]2NC(=O)C1=C(OCC)C=CC2=CC=CC=C12)C(O)=O,CCOc1ccc2ccccc2c1C(=O)N[C@@H]1C(=O)N2[C@@H]1SC(C)(C)[C@@H]2C(=O)O,GPXLMGHLHQJAGZ-JTDSTZFVSA-N,C21H22N2O5S,414.48,29,True
DB00608,DB00608,DB00608,CCN(CC)CCCC(C)NC1=CC=NC2=CC(Cl)=CC=C12,CCN(CC)CCCC(C)Nc1ccnc2cc(Cl)ccc12,WHTVZRBIWZFKQO-UHFFFAOYSA-N,C18H26ClN3,319.88,22,True
DB00609,DB00609,DB00609,CCC1=NC=CC(=C1)C(N)=S,CCc1cc(C(N)=S)ccn1,AEOCXXJPGCBFJA-UHFFFAOYSA-N,C8H10N2S,166.25,11,True
DB00610,DB00610,DB00610,C[C@H](N)[C@H](O)C1=CC(O)=CC=C1,C[C@H](N)[C@H](O)c1cccc(O)c1,WXFIGDLSSYIKKV-RCOVLWMOSA-N,C9H13NO2,167.21,12,True
DB00611,DB00611,DB00611,[H][C@@]12CC3=C(C=C(O)C=C3)[C@]3(CCCC[C@@]13O)CCN2CC1CCC1,Oc1ccc2c(c1)[C@@]13CCCC[C@@]1(O)[C@@H](C2)N(CC1CCC1)CC3,IFKLAQQSCNILHL-QHAWAJNXSA-N,C21H29NO2,327.47,24,True
DB00612,DB00612,DB00612,CC(C)NCC(O)COC1=CC=C(COCCOC(C)C)C=C1,CC(C)NCC(O)COc1ccc(COCCOC(C)C)cc1,VHYCDWMUTMEGQY-UHFFFAOYSA-N,C18H31NO4,325.45,23,True
DB00613,DB00613,DB00613,CCN(CC)CC1=C(O)C=CC(NC2=C3C=CC(Cl)=CC3=NC=C2)=C1,CCN(CC)Cc1cc(Nc2ccnc3cc(Cl)ccc23)ccc1O,OVCDSSHSILBFBN-UHFFFAOYSA-N,C20H22ClN3O,355.87,25,True
DB00614,DB00614,DB00614,[H]C(=NN1CCOC1=O)C1=CC=C(O1)[N+]([O-])=O,O=C1OCCN1N=Cc1ccc([N+](=O)[O-])o1,PLHJDBGFXBMTGZ-UHFFFAOYSA-N,C8H7N3O5,225.16,16,True
DB00615,DB00615,DB00615,CO[C@H]1\C=C\O[C@@]2(C)OC3=C(C2=O)C2=C(C(O)=C3C)C(=O)C(NC(=O)\C(C)=C/C=C/[C@H](C)[C@H](O)[C@@H](C)[C@@H](O)[C@@H](C)[C@H](OC(C)=O)[C@@H]1C)=C1NC3(CCN(CC3)CC(C)C)N=C21,CO[C@H]1/C=C/O[C@@]2(C)Oc3c(C)c(O)c4c(c3C2=O)C2=NC3(CCN(CC(C)C)CC3)NC2=C(NC(=O)/C(C)=C\C=C\[C@H](C)[C@H](O)[C@@H](C)[C@@H](O)[C@@H](C)[C@H](OC(C)=O)[C@@H]1C)C4=O,ATEBXHFBFRCZMA-VXTBVIBXSA-N,C46H62N4O11,847.02,61,True
DB00617,DB00617,DB00617,CCC1(C)OC(=O)N(C)C1=O,CCC1(C)OC(=O)N(C)C1=O,VQASKUSHBVDKGU-UHFFFAOYSA-N,C7H11NO3,157.17,11,True
DB00618,DB00618,DB00618,[H][C@]12C[C@@]3([H])[C@H](N(C)C)C(O)=C(C(N)=O)C(=O)[C@@]3(O)C(O)=C1C(=O)C1=C([C@H]2O)C(Cl)=CC=C1O,CN(C)[C@@H]1C(O)=C(C(N)=O)C(=O)[C@@]2(O)C(O)=C3C(=O)c4c(O)ccc(Cl)c4[C@@H](O)[C@H]3C[C@@H]12,FMTDIUIBLCQGJB-SEYHBJAFSA-N,C21H21ClN2O8,464.86,32,True
DB00619,DB00619,DB00619,CN1CCN(CC2=CC=C(C=C2)C(=O)NC2=CC(NC3=NC=CC(=N3)C3=CN=CC=C3)=C(C)C=C2)CC1,Cc1ccc(NC(=O)c2ccc(CN3CCN(C)CC3)cc2)cc1Nc1nccc(-c2cccnc2)n1,KTUFNOKKBVMGRW-UHFFFAOYSA-N,C29H31N7O,493.62,37,True
DB00620,DB00620,DB00620,[H][C@@]12C[C@@H](O)[C@](O)(C(=O)CO)[C@@]1(C)C[C@H](O)[C@@]1(F)[C@@]2([H])CCC2=CC(=O)C=C[C@]12C,C[C@]12C=CC(=O)C=C1CC[C@H]1[C@@H]3C[C@@H](O)[C@](O)(C(=O)CO)[C@@]3(C)C[C@H](O)[C@@]12F,GFNANZIMVAIWHM-OBYCQNJPSA-N,C21H27FO6,394.44,28,True
DB00621,DB00621,DB00621,[H][C@@]12CC[C@](C)(O)[C@@]1(C)CC[C@@]1([H])[C@@]2([H])CC[C@@]2([H])CC(=O)OC[C@]12C,C[C@]12COC(=O)C[C@@H]1CC[C@@H]1[C@@H]2CC[C@@]2(C)[C@H]1CC[C@]2(C)O,QSLJIVKCVHQPLV-PEMPUTJUSA-N,C19H30O3,306.45,22,True
DB00622,DB00622,DB00622,COC(=O)C1=C(C)NC(C)=C(C1C1=CC(=CC=C1)[N+]([O-])=O)C(=O)OCCN(C)CC1=CC=CC=C1,COC(=O)C1=C(C)NC(C)=C(C(=O)OCCN(C)Cc2ccccc2)C1c1cccc([N+](=O)[O-])c1,ZBBHBTPTTSWHBA-UHFFFAOYSA-N,C26H29N3O6,479.53,35,True
DB00623,DB00623,DB00623,OCCN1CCN(CCCN2C3=CC=CC=C3SC3=C2C=C(C=C3)C(F)(F)F)CC1,OCCN1CCN(CCCN2c3ccccc3Sc3ccc(C(F)(F)F)cc32)CC1,PLDUPXSUYLZYBN-UHFFFAOYSA-N,C22H26F3N3OS,437.53,30,True
DB00624,DB00624,DB00624,[H][C@@]12CC[C@H](O)[C@@]1(C)CC[C@@]1([H])[C@@]2([H])CCC2=CC(=O)CC[C@]12C,C[C@]12CC[C@H]3[C@@H](CCC4=CC(=O)CC[C@@]43C)[C@@H]1CC[C@@H]2O,MUMGGOZAMZWBJJ-DYKIIFRCSA-N,C19H28O2,288.43,21,True
DB00625,DB00625,DB00625,FC(F)(F)[C@]1(OC(=O)NC2=C1C=C(Cl)C=C2)C#CC1CC1,O=C1Nc2ccc(Cl)cc2[C@@](C#CC2CC2)(C(F)(F)F)O1,XPOQHMRABVBWPR-ZDUSSCGKSA-N,C14H9ClF3NO2,315.68,21,True
DB00626,DB00626,DB00626,CC[C@H](C)[C@H](N)C1=N[C@@H](CS1)C(=O)N[C@@H](CC(C)C)C(=O)N[C@H](CCC(O)=O)C(=O)N[C@@H]([C@@H](C)CC)C(=O)N[C@H]1CCCCNC(=O)[C@H](CC(N)=O)NC(=O)[C@@H](CC(O)=O)NC(=O)[C@H](CC2=CNC=N2)NC(=O)[C@@H](CC2=CC=CC=C2)NC(=O)[C@@H](NC(=O)[C@@H](CCCN)NC1=O)[C@@H](C)CC,CC[C@H](C)[C@H](N)C1=N[C@H](C(=O)N[C@@H](CC(C)C)C(=O)N[C@H](CCC(=O)O)C(=O)N[C@H](C(=O)N[C@H]2CCCCNC(=O)[C@H](CC(N)=O)NC(=O)[C@@H](CC(=O)O)NC(=O)[C@H](Cc3c[nH]cn3)NC(=O)[C@@H](Cc3ccccc3)NC(=O)[C@H]([C@@H](C)CC)NC(=O)[C@@H](CCCN)NC2=O)[C@@H](C)CC)CS1,CLKOFPXJLQSYAH-ABRJDSQDSA-N,C66H103N17O16S,1422.72,100,True
DB00627,DB00627,DB00627,OC(=O)C1=CN=CC=C1,O=C(O)c1cccnc1,PVNIIMVLHYAWGP-UHFFFAOYSA-N,C6H5NO2,123.11,9,True
DB00628,DB00628,DB00628,OC(=O)C1N=C(C2=CC=CC=C2)C2=C(NC1=O)C=CC(Cl)=C2,O=C(O)C1N=C(c2ccccc2)c2cc(Cl)ccc2NC1=O,XDDJGVMJFWAHJX-UHFFFAOYSA-N,C16H11ClN2O3,314.73,22,True
DB00629,DB00629,DB00629,NC(N)=NN=CC1=C(Cl)C=CC=C1Cl,NC(N)=NN=Cc1c(Cl)cccc1Cl,WDZVGELJXXEGPV-UHFFFAOYSA-N,C8H8Cl2N4,231.09,14,True
DB00630,DB00630,DB00630,NCCCC(O)(P(O)(O)=O)P(O)(O)=O,NCCCC(O)(P(=O)(O)O)P(=O)(O)O,OGSPWJRAVKPPFI-UHFFFAOYSA-N,C4H13NO7P2,249.1,14,True
DB00631,DB00631,DB00631,[H][C@]1(F)[C@H](O)[C@@H](CO)O[C@H]1N1C=NC2=C(N)N=C(Cl)N=C12,Nc1nc(Cl)nc2c1ncn2[C@@H]1O[C@H](CO)[C@@H](O)[C@@H]1F,WDDPHFBMKLOVOX-AYQXTPAHSA-N,C10H11ClFN5O3,303.68,20,True
DB00633,DB00633,DB00633,C[C@H](C1=CNC=N1)C1=C(C)C(C)=CC=C1,Cc1cccc([C@H](C)c2c[nH]cn2)c1C,CUHVIMMYOGQXCV-NSHDSACASA-N,C13H16N2,200.28,15,True
DB00634,DB00634,DB00634,CC(=O)NS(=O)(=O)C1=CC=C(N)C=C1,CC(=O)NS(=O)(=O)c1ccc(N)cc1,SKIVFJLNDNKQPD-UHFFFAOYSA-N,C8H10N2O3S,214.25,14,True
DB00635,DB00635,DB00635,[H][C@@]12CC[C@](O)(C(=O)CO)[C@@]1(C)CC(=O)[C@@]1([H])[C@@]2([H])CCC2=CC(=O)C=C[C@]12C,C[C@]12C=CC(=O)C=C1CC[C@@H]1[C@@H]2C(=O)C[C@@]2(C)[C@H]1CC[C@]2(O)C(=O)CO,XOFYZVNMUHMLCC-ZPOLXVRWSA-N,C21H26O5,358.43,26,True
DB00636,DB00636,DB00636,CCOC(=O)C(C)(C)OC1=CC=C(Cl)C=C1,CCOC(=O)C(C)(C)Oc1ccc(Cl)cc1,KNHUKKLJHYUCFP-UHFFFAOYSA-N,C12H15ClO3,242.7,16,True
DB00637,DB00637,DB00637,COC1=CC=C(CCN2CCC(CC2)NC2=NC3=CC=CC=C3N2CC2=CC=C(F)C=C2)C=C1,COc1ccc(CCN2CCC(Nc3nc4ccccc4n3Cc3ccc(F)cc3)CC2)cc1,GXDALQBWZGODGZ-UHFFFAOYSA-N,C28H31FN4O,458.58,34,True
DB00639,DB00639,DB00639,ClC1=CC=C(CCC(CN2C=CN=C2)SC2=C(Cl)C=CC=C2Cl)C=C1,Clc1ccc(CCC(Cn2ccnc2)Sc2c(Cl)cccc2Cl)cc1,SWLMUYACZKCSHZ-UHFFFAOYSA-N,C19H17Cl3N2S,411.79,25,True
DB00640,DB00640,DB00640,NC1=C2N=CN([C@@H]3O[C@H](CO)[C@@H](O)[C@H]3O)C2=NC=N1,Nc1ncnc2c1ncn2[C@@H]1O[C@H](CO)[C@@H](O)[C@H]1O,OIRDTQYFTABQOQ-KQYNXXCUSA-N,C10H13N5O4,267.25,19,True
DB00641,DB00641,DB00641,[H][C@]12[C@H](C[C@@H](C)C=C1C=C[C@H](C)[C@@H]2CC[C@@H]1C[C@@H](O)CC(=O)O1)OC(=O)C(C)(C)CC,CCC(C)(C)C(=O)O[C@H]1C[C@@H](C)C=C2C=C[C@H](C)[C@H](CC[C@@H]3C[C@@H](O)CC(=O)O3)[C@H]21,RYMZZMVNJRMUDD-HGQWONQESA-N,C25H38O5,418.57,30,True
DB00642,DB00642,DB00642,NC1=NC(=O)C2=C(NC=C2CCC2=CC=C(C=C2)C(=O)N[C@@H](CCC(O)=O)C(O)=O)N1,Nc1nc(=O)c2c(CCc3ccc(C(=O)N[C@@H](CCC(=O)O)C(=O)O)cc3)c[nH]c2[nH]1,WBXPDJSOTKVWSJ-ZDUSSCGKSA-N,C20H21N5O6,427.42,31,True
DB00643,DB00643,DB00643,COC(=O)NC1=NC2=C(N1)C=C(C=C2)C(=O)C1=CC=CC=C1,COC(=O)Nc1nc2ccc(C(=O)c3ccccc3)cc2[nH]1,OPXLLQIJSORQAM-UHFFFAOYSA-N,C16H13N3O3,295.3,22,True
DB00645,DB00645,DB00645,CCCCOC1=CC=C(C=C1)C(=O)CCN1CCCCC1,CCCCOc1ccc(C(=O)CCN2CCCCC2)cc1,BZEWSEKUUPWQDQ-UHFFFAOYSA-N,C18H27NO2,289.42,21,True
DB00646,DB00646,DB00646,C[C@H]1O[C@H](OC2CC3O[C@@](O)(CC(O)C3C(O)=O)CC(O)C(O)CCC(O)CC(O)CC(O)CC(=O)O[C@@H](C)[C@H](C)[C@H](O)[C@@H](C)\C=C\C=C\CC\C=C\C=C\C=C\C=C\2)[C@@H](O)[C@@H](N)[C@@H]1O,C[C@@H]1[C@H](O)[C@@H](C)/C=C/C=C/CC/C=C/C=C/C=C/C=C/C(O[C@H]2O[C@H](C)[C@@H](O)[C@H](N)[C@@H]2O)CC2O[C@](O)(CC(O)C(O)CCC(O)CC(O)CC(O)CC(=O)O[C@H]1C)CC(O)C2C(=O)O,VQOXZBDYSJBXMA-RKEBNKJGSA-N,C47H75NO17,926.11,65,True
DB00647,DB00647,DB00647,CCC(=O)O[C@@](CC1=CC=CC=C1)([C@H](C)CN(C)C)C1=CC=CC=C1,CCC(=O)O[C@](Cc1ccccc1)(c1ccccc1)[C@H](C)CN(C)C,XLMALTXPSGQGBX-GCJKJVERSA-N,C22H29NO2,339.48,25,True
DB00648,DB00648,DB00648,ClC(Cl)C(C1=CC=C(Cl)C=C1)C1=CC=CC=C1Cl,Clc1ccc(C(c2ccccc2Cl)C(Cl)Cl)cc1,JWBOIMRXGHLCPP-UHFFFAOYSA-N,C14H10Cl4,320.05,18,True
DB00649,DB00649,DB00649,CC1=CN([C@@H]2O[C@H](CO)C=C2)C(=O)NC1=O,Cc1cn([C@H]2C=C[C@@H](CO)O2)c(=O)[nH]c1=O,XNKLLVCARDGLGL-JGVFFNPUSA-N,C10H12N2O4,224.22,16,True
DB00650,DB00650,DB00650,[H]C(=O)N1C(CNC2=CC=C(C=C2)C(=O)N[C@@H](CCC(O)=O)C(O)=O)CNC2=C1C(=O)NC(N)=N2,Nc1nc2c(c(=O)[nH]1)N(C=O)C(CNc1ccc(C(=O)N[C@@H](CCC(=O)O)C(=O)O)cc1)CN2,VVIAGPKUTFNRDU-ABLWVSNPSA-N,C20H23N7O7,473.45,34,True
DB00651,DB00651,DB00651,CN1C2=C(N(CC(O)CO)C=N2)C(=O)N(C)C1=O,Cn1c(=O)c2c(ncn2CC(O)CO)n(C)c1=O,KSCFJBIXMNOVSH-UHFFFAOYSA-N,C10H14N4O4,254.25,18,True
DB00652,DB00652,DB00652,C[C@H]1[C@H]2CC3=CC=C(O)C=C3[C@]1(C)CCN2CC=C(C)C,CC(C)=CCN1CC[C@@]2(C)c3cc(O)ccc3C[C@@H]1[C@@H]2C,VOKSWYLNZZRQPF-GDIGMMSISA-N,C19H27NO,285.43,21,True
DB00653,DB00653,DB00653,[Mg++].[O-]S([O-])(=O)=O,O=S(=O)([O-])[O-].[Mg+2],CSNNHWWHGAXBCP-UHFFFAOYSA-L,MgO4S,120.37,6,True
DB00654,DB00654,DB00654,CC(C)OC(=O)CCC\C=C/C[C@H]1[C@@H](O)C[C@@H](O)[C@@H]1CC[C@@H](O)CCC1=CC=CC=C1,CC(C)OC(=O)CCC/C=C\C[C@@H]1[C@@H](CC[C@@H](O)CCc2ccccc2)[C@H](O)C[C@@H]1O,GGXICVAJURFBLW-CEYXHVGTSA-N,C26H40O5,432.6,31,True
DB00655,DB00655,DB00655,[H][C@@]12CCC(=O)[C@@]1(C)CC[C@]1([H])C3=C(CC[C@@]21[H])C=C(O)C=C3,C[C@]12CC[C@@H]3c4ccc(O)cc4CC[C@H]3[C@@H]1CCC2=O,DNXHEGUUPJUMQT-CBZIJGRNSA-N,C18H22O2,270.37,20,True
DB00656,DB00656,DB00656,ClC1=CC=CC(=C1)N1CCN(CCCN2N=C3C=CC=CN3C2=O)CC1,O=c1n(CCCN2CCN(c3cccc(Cl)c3)CC2)nc2ccccn12,PHLBKPHSAVXXEF-UHFFFAOYSA-N,C19H22ClN5O,371.87,26,True
DB00657,DB00657,DB00657,CNC1(C)C2CCC(C2)C1(C)C,CNC1(C)C2CCC(C2)C1(C)C,IMYZQPCYWPFTAG-UHFFFAOYSA-N,C11H21N,167.3,12,True
DB00658,DB00658,DB00658,NCC=C.ClCC1CO1,C=CCN.ClCC1CO1,ZNSIZMQNQCNRBW-UHFFFAOYSA-N,C6H12ClNO,149.62,9,True
DB00660,DB00660,DB00660,CC1=CC(OCC2CNC(=O)O2)=CC(C)=C1,Cc1cc(C)cc(OCC2CNC(=O)O2)c1,IMWZZHHPURKASS-UHFFFAOYSA-N,C12H15NO3,221.26,16,True
DB00661,DB00661,DB00661,COC1=C(OC)C=C(CCN(C)CCCC(C#N)(C(C)C)C2=CC(OC)=C(OC)C=C2)C=C1,COc1ccc(CCN(C)CCCC(C#N)(c2ccc(OC)c(OC)c2)C(C)C)cc1OC,SGTNSNPWRIOYBX-UHFFFAOYSA-N,C27H38N2O4,454.61,33,True
DB00662,DB00662,DB00662,COC1=CC(=CC(OC)=C1OC)C(=O)NCC1=CC=C(OCCN(C)C)C=C1,COc1cc(C(=O)NCc2ccc(OCCN(C)C)cc2)cc(OC)c1OC,FEZBIKUBAYAZIU-UHFFFAOYSA-N,C21H28N2O5,388.46,28,True
DB00663,DB00663,DB00663,[H][C@@]12C[C@@H](C)[C@](O)(C(=O)CO)[C@@]1(C)C[C@H](O)[C@@]1(F)[C@@]2([H])C[C@H](F)C2=CC(=O)C=C[C@]12C,C[C@@H]1C[C@H]2[C@@H]3C[C@H](F)C4=CC(=O)C=C[C@]4(C)[C@@]3(F)[C@@H](O)C[C@]2(C)[C@@]1(O)C(=O)CO,WXURHACBFYSXBI-GQKYHHCASA-N,C22H28F2O5,410.46,29,True
DB00664,DB00664,DB00664,COC1=NC=CN=C1NS(=O)(=O)C1=CC=C(N)C=C1,COc1nccnc1NS(=O)(=O)c1ccc(N)cc1,KXRZBTAEDBELFD-UHFFFAOYSA-N,C11H12N4O3S,280.31,19,True
DB00665,DB00665,DB00665,CC1(C)NC(=O)N(C1=O)C1=CC(=C(C=C1)[N+]([O-])=O)C(F)(F)F,CC1(C)NC(=O)N(c2ccc([N+](=O)[O-])c(C(F)(F)F)c2)C1=O,XWXYUMMDTVBTOU-UHFFFAOYSA-N,C12H10F3N3O4,317.22,22,True
DB00666,DB00666,DB00666,CC(C)C[C@H](NC(=O)[C@@H](CC1=CC2=C(C=CC=C2)C=C1)NC(=O)[C@H](CC1=CC=C(O)C=C1)NC(=O)[C@H](CO)NC(=O)[C@H](CC1=CNC2=CC=CC=C12)NC(=O)[C@H](CC1=CNC=N1)NC(=O)[C@@H]1CCC(=O)N1)C(=O)N[C@@H](CCCNC(N)=N)C(=O)N1CCC[C@H]1C(=O)NCC(N)=O,CC(C)C[C@H](NC(=O)[C@@H](Cc1ccc2ccccc2c1)NC(=O)[C@H](Cc1ccc(O)cc1)NC(=O)[C@H](CO)NC(=O)[C@H](Cc1c[nH]c2ccccc12)NC(=O)[C@H](Cc1c[nH]cn1)NC(=O)[C@@H]1CCC(=O)N1)C(=O)N[C@@H](CCCNC(=N)N)C(=O)N1CCC[C@H]1C(=O)NCC(N)=O,RWHUEXWOYVBUCI-ITQXDASVSA-N,C66H83N17O13,1322.5,96,True
DB00668,DB00668,DB00668,CNC[C@H](O)C1=CC(O)=C(O)C=C1,CNC[C@H](O)c1ccc(O)c(O)c1,UCTWMZQNUQWSLP-VIFPVBQESA-N,C9H13NO3,183.21,13,True
DB00669,DB00669,DB00669,CNS(=O)(=O)CC1=CC=C2NC=C(CCN(C)C)C2=C1,CNS(=O)(=O)Cc1ccc2[nH]cc(CCN(C)C)c2c1,KQKPFRSPSRPDEB-UHFFFAOYSA-N,C14H21N3O2S,295.41,20,True
DB00670,DB00670,DB00670,CN1CCN(CC(=O)N2C3=CC=CC=C3C(=O)NC3=C2N=CC=C3)CC1,CN1CCN(CC(=O)N2c3ccccc3C(=O)Nc3cccnc32)CC1,RMHMFHUVIITRHF-UHFFFAOYSA-N,C19H21N5O2,351.41,26,True
DB00671,DB00671,DB00671,[H][C@]12SCC(C=C)=C(N1C(=O)[C@H]2NC(=O)C(=N/OCC(O)=O)\C1=CSC(N)=N1)C(O)=O,C=CC1=C(C(=O)O)N2C(=O)[C@@H](NC(=O)/C(=N\OCC(=O)O)c3csc(N)n3)[C@H]2SC1,OKBVVJOGVLARMR-QSWIMTSFSA-N,C16H15N5O7S2,453.46,30,True
DB00672,DB00672,DB00672,CCCNC(=O)NS(=O)(=O)C1=CC=C(Cl)C=C1,CCCNC(=O)NS(=O)(=O)c1ccc(Cl)cc1,RKWGIWYCVPQPMF-UHFFFAOYSA-N,C10H13ClN2O3S,276.75,17,True
DB00673,DB00673,DB00673,C[C@@H](O[C@H]1OCCN(CC2=NNC(=O)N2)[C@H]1C1=CC=C(F)C=C1)C1=CC(=CC(=C1)C(F)(F)F)C(F)(F)F,C[C@@H](O[C@H]1OCCN(Cc2n[nH]c(=O)[nH]2)[C@H]1c1ccc(F)cc1)c1cc(C(F)(F)F)cc(C(F)(F)F)c1,ATALOFNDEOCMKK-OITMNORJSA-N,C23H21F7N4O3,534.43,37,True
DB00674,DB00674,DB00674,[H][C@]12C[C@@H](O)C=C[C@]11CCN(C)CC3=C1C(O2)=C(OC)C=C3,COc1ccc2c3c1O[C@H]1C[C@@H](O)C=C[C@@]31CCN(C)C2,ASUTZQLVASHGKV-JDFRZJQESA-N,C17H21NO3,287.36,21,True
DB00675,DB00675,DB00675,CC\C(=C(/C1=CC=CC=C1)C1=CC=C(OCCN(C)C)C=C1)C1=CC=CC=C1,CC/C(=C(\c1ccccc1)c1ccc(OCCN(C)C)cc1)c1ccccc1,NKANXQFJJICGDU-QPLCGJKRSA-N,C26H29NO,371.52,28,True
DB00677,DB00677,DB00677,CC(C)OP(F)(=O)OC(C)C,CC(C)OP(=O)(F)OC(C)C,MUCZHBLJLSDCSD-UHFFFAOYSA-N,C6H14FO3P,184.15,11,True
DB00678,DB00678,DB00678,CCCCC1=NC(Cl)=C(CO)N1CC1=CC=C(C=C1)C1=CC=CC=C1C1=NNN=N1,CCCCc1nc(Cl)c(CO)n1Cc1ccc(-c2ccccc2-c2nn[nH]n2)cc1,PSIFNNKUMBGKDQ-UHFFFAOYSA-N,C22H23ClN6O,422.92,30,True
DB00679,DB00679,DB00679,CSC1=CC2=C(SC3=CC=CC=C3N2CCC2CCCCN2C)C=C1,CSc1ccc2c(c1)N(CCC1CCCCN1C)c1ccccc1S2,KLBQZWRITKRQQV-UHFFFAOYSA-N,C21H26N2S2,370.59,25,True
DB00680,DB00680,DB00680,CCOC(=O)NC1=CC2=C(SC3=CC=CC=C3N2C(=O)CCN2CCOCC2)C=C1,CCOC(=O)Nc1ccc2c(c1)N(C(=O)CCN1CCOCC1)c1ccccc1S2,FUBVWMNBEHXPSU-UHFFFAOYSA-N,C22H25N3O4S,427.53,30,True
DB00681,DB00681,DB00681,[H][C@]12C[C@@H](O[C@@H]3O[C@H](C)[C@@H](O)[C@H](N)[C@@H]3O)\C=C\C=C\C=C\C=C\C=C\C=C\C=C\[C@H](C)[C@@H](O)[C@@H](C)[C@H](C)OC(=O)C[C@H](O)C[C@H](O)CC[C@@H](O)[C@H](O)C[C@H](O)C[C@](O)(C[C@H](O)[C@H]1C(O)=O)O2,C[C@@H]1[C@H](O)[C@@H](C)/C=C/C=C/C=C/C=C/C=C/C=C/C=C/[C@H](O[C@@H]2O[C@H](C)[C@@H](O)[C@H](N)[C@@H]2O)C[C@@H]2O[C@](O)(C[C@@H](O)C[C@@H](O)[C@H](O)CC[C@@H](O)C[C@@H](O)CC(=O)O[C@H]1C)C[C@H](O)[C@H]2C(=O)O,APKFDSVGJQXUKY-INPOYWNPSA-N,C47H73NO17,924.09,65,True
DB00682,DB00682,DB00682,CC(=O)CC(C1=CC=CC=C1)C1=C(O)C2=C(OC1=O)C=CC=C2,CC(=O)CC(c1ccccc1)c1c(O)c2ccccc2oc1=O,PJVWKTKQMONHTI-UHFFFAOYSA-N,C19H16O4,308.33,23,True
DB00683,DB00683,DB00683,CC1=NC=C2CN=C(C3=CC=CC=C3F)C3=C(C=CC(Cl)=C3)N12,Cc1ncc2n1-c1ccc(Cl)cc1C(c1ccccc1F)=NC2,DDLIGBOFAVUZHB-UHFFFAOYSA-N,C18H13ClFN3,325.77,23,True
DB00684,DB00684,DB00684,NC[C@H]1O[C@H](O[C@@H]2[C@@H](N)C[C@@H](N)[C@H](O[C@H]3O[C@H](CO)[C@@H](O)[C@H](N)[C@H]3O)[C@H]2O)[C@H](N)C[C@@H]1O,NC[C@H]1O[C@H](O[C@H]2[C@H](O)[C@@H](O[C@H]3O[C@H](CO)[C@@H](O)[C@H](N)[C@H]3O)[C@H](N)C[C@@H]2N)[C@H](N)C[C@@H]1O,NLVFBUXFDBBNBW-PBSUHMDJSA-N,C18H37N5O9,467.52,32,True
DB00685,DB00685,DB00685,[H][C@@]12CN(C[C@]1([H])[C@H]2N)C1=NC2=C(C=C1F)C(=O)C(=CN2C1=C(F)C=C(F)C=C1)C(O)=O,N[C@@H]1[C@H]2CN(c3nc4c(cc3F)c(=O)c(C(=O)O)cn4-c3ccc(F)cc3F)C[C@@H]12,WVPSKSLAZQPAKQ-CDMJZVDBSA-N,C20H15F3N4O3,416.36,30,True
DB00686,DB00686,DB00686,O[C@@H]1CO[C@@H](O[C@@H]2CO[C@@H](O)[C@H](OS(O)(=O)=O)[C@H]2OS(O)(=O)=O)[C@H](OS(O)(=O)=O)[C@H]1OS(O)(=O)=O,O=S(=O)(O)O[C@@H]1[C@@H](OS(=O)(=O)O)[C@H](O[C@@H]2CO[C@@H](O)[C@H](OS(=O)(=O)O)[C@H]2OS(=O)(=O)O)OC[C@H]1O,FCCNSUIJIOOXEZ-SJYYZXOBSA-N,C10H18O21S4,602.5,35,True
DB00687,DB00687,DB00687,[H][C@@]12CC[C@](O)(C(=O)CO)[C@@]1(C)C[C@H](O)[C@@]1(F)[C@@]2([H])CCC2=CC(=O)CC[C@]12C,C[C@]12CCC(=O)C=C1CC[C@H]1[C@@H]3CC[C@](O)(C(=O)CO)[C@@]3(C)C[C@H](O)[C@@]12F,AAXVEMMRQDVLJB-BULBTXNYSA-N,C21H29FO5,380.46,27,True
DB00688,DB00688,DB00688,COC1=C(C\C=C(/C)CCC(=O)OCCN2CCOCC2)C(O)=C2C(=O)OCC2=C1C,COc1c(C)c2c(c(O)c1C/C=C(\C)CCC(=O)OCCN1CCOCC1)C(=O)OC2,RTGDFNSFWBGLEC-SYZQJQIISA-N,C23H31NO7,433.5,31,True
DB00689,DB00689,DB00689,[H][C@]12SCC(COC(C)=O)=C(N1C(=O)[C@H]2NC(=O)[C@H](N)C1=CC=CC=C1)C(O)=O,CC(=O)OCC1=C(C(=O)O)N2C(=O)[C@@H](NC(=O)[C@H](N)c3ccccc3)[C@H]2SC1,FUBBGQLTSCSAON-PBFPGSCMSA-N,C18H19N3O6S,405.43,28,True
DB00690,DB00690,DB00690,CCN(CC)CCN1C2=C(C=C(Cl)C=C2)C(=NCC1=O)C1=CC=CC=C1F,CCN(CC)CCN1C(=O)CN=C(c2ccccc2F)c2cc(Cl)ccc21,SAADBVWGJQAEFS-UHFFFAOYSA-N,C21H23ClFN3O,387.89,27,True
DB00691,DB00691,DB00691,CCOC(=O)[C@H](CCC1=CC=CC=C1)N[C@@H](C)C(=O)N1CC2=CC(OC)=C(OC)C=C2C[C@H]1C(O)=O,CCOC(=O)[C@H](CCc1ccccc1)N[C@@H](C)C(=O)N1Cc2cc(OC)c(OC)cc2C[C@H]1C(=O)O,UWWDHYUMIORJTA-HSQYWUDLSA-N,C27H34N2O7,498.58,36,True
DB00692,DB00692,DB00692,CC1=CC=C(C=C1)N(CC1=NCCN1)C1=CC(O)=CC=C1,Cc1ccc(N(CC2=NCCN2)c2cccc(O)c2)cc1,MRBDMNSDAVCSSF-UHFFFAOYSA-N,C17H19N3O,281.36,21,True
DB00694,DB00694,DB00694,COC1=CC=CC2=C1C(=O)C1=C(O)C3=C(C[C@](O)(C[C@@H]3O[C@H]3C[C@H](N)[C@H](O)[C@H](C)O3)C(C)=O)C(O)=C1C2=O,COc1cccc2c1C(=O)c1c(O)c3c(c(O)c1C2=O)C[C@@](O)(C(C)=O)C[C@@H]3O[C@H]1C[C@H](N)[C@H](O)[C@H](C)O1,STQGQHZAVUOBTE-VGBVRHCVSA-N,C27H29NO10,527.53,38,True
DB00695,DB00695,DB00695,NS(=O)(=O)C1=C(Cl)C=C(NCC2=CC=CO2)C(=C1)C(O)=O,NS(=O)(=O)c1cc(C(=O)O)c(NCc2ccco2)cc1Cl,ZZUFCTLCJUWOSV-UHFFFAOYSA-N,C12H11ClN2O5S,330.75,21,True
DB00696,DB00696,DB00696,[H][C@@]12CCCN1C(=O)[C@H](CC1=CC=CC=C1)N1C(=O)[C@](C)(NC(=O)[C@H]3CN(C)[C@]4([H])CC5=CNC6=CC=CC(=C56)C4=C3)O[C@@]21O,CN1C[C@H](C(=O)N[C@]2(C)O[C@@]3(O)[C@@H]4CCCN4C(=O)[C@H](Cc4ccccc4)N3C2=O)C=C2c3cccc4[nH]cc(c34)C[C@H]21,XCGSFFUVFURLIX-VFGNJEKYSA-N,C33H35N5O5,581.67,43,True
DB00697,DB00697,DB00697,ClC1=C(NC2=NCCN2)C2=NSN=C2C=C1,Clc1ccc2nsnc2c1NC1=NCCN1,XFYDIVBRZNQMJC-UHFFFAOYSA-N,C9H8ClN5S,253.72,16,True
DB00698,DB00698,DB00698,[O-][N+](=O)C1=CC=C(O1)\C=N\N1CC(=O)NC1=O,O=C1CN(/N=C/c2ccc([N+](=O)[O-])o2)C(=O)N1,NXFQHRVNIOXGAQ-YCRREMRBSA-N,C8H6N4O5,238.16,17,True
DB00699,DB00699,DB00699,[H][C@@]12CC3=CN(C)C4=CC=CC(=C34)[C@]1(C[C@@H](COC(=O)C1=CN=CC(Br)=C1)CN2C)OC,CO[C@]12C[C@@H](COC(=O)c3cncc(Br)c3)CN(C)[C@@H]1Cc1cn(C)c3cccc2c13,YSEXMKHXIOCEJA-FVFQAYNVSA-N,C24H26BrN3O3,484.39,31,True
DB00700,DB00700,DB00700,[H][C@@]12CC[C@@]3(CCC(=O)O3)[C@@]1(C)C[C@H]1O[C@@]11[C@@]2([H])[C@@H](CC2=CC(=O)CC[C@]12C)C(=O)OC,COC(=O)[C@@H]1CC2=CC(=O)CC[C@]2(C)[C@@]23O[C@@H]2C[C@@]2(C)[C@@H](CC[C@@]24CCC(=O)O4)[C@H]13,JUKPWJGBANNWMW-VWBFHTRKSA-N,C24H30O6,414.5,30,True
DB00701,DB00701,DB00701,CC(C)CN(C[C@@H](O)[C@H](CC1=CC=CC=C1)NC(=O)O[C@H]1CCOC1)S(=O)(=O)C1=CC=C(N)C=C1,CC(C)CN(C[C@@H](O)[C@H](Cc1ccccc1)NC(=O)O[C@H]1CCOC1)S(=O)(=O)c1ccc(N)cc1,YMARZQAQMVYCKC-OEMFJLHTSA-N,C25H35N3O6S,505.64,35,True
DB00703,DB00703,DB00703,CN1N=C(SC1=NC(C)=O)S(N)(=O)=O,CC(=O)N=c1sc(S(N)(=O)=O)nn1C,FLOSMHQXBMRNHR-UHFFFAOYSA-N,C5H8N4O3S2,236.28,14,True
DB00704,DB00704,DB00704,[H][C@@]12OC3=C(O)C=CC4=C3[C@@]11CCN(CC3CC3)[C@]([H])(C4)[C@]1(O)CCC2=O,O=C1CC[C@@]2(O)[C@H]3Cc4ccc(O)c5c4[C@@]2(CCN3CC2CC2)[C@H]1O5,DQCKKXVULJGBQN-XFWGSAIBSA-N,C20H23NO4,341.41,25,True
DB00705,DB00705,DB00705,CC(C)NC1=C(N=CC=C1)N1CCN(CC1)C(=O)C1=CC2=C(N1)C=CC(NS(C)(=O)=O)=C2,CC(C)Nc1cccnc1N1CCN(C(=O)c2cc3cc(NS(C)(=O)=O)ccc3[nH]2)CC1,WHBIGIKBNXZKFE-UHFFFAOYSA-N,C22H28N6O3S,456.57,32,True
DB00706,DB00706,DB00706,CCOC1=CC=CC=C1OCCN[C@H](C)CC1=CC(=C(OC)C=C1)S(N)(=O)=O,CCOc1ccccc1OCCN[C@H](C)Cc1ccc(OC)c(S(N)(=O)=O)c1,DRHKJLXJIQTDTD-OAHLLOKOSA-N,C20H28N2O5S,408.52,28,True
DB00708,DB00708,DB00708,CCC(=O)N(C1=CC=CC=C1)C1(COC)CCN(CCC2=CC=CS2)CC1,CCC(=O)N(c1ccccc1)C1(COC)CCN(CCc2cccs2)CC1,GGCSSNBKKAUURC-UHFFFAOYSA-N,C22H30N2O2S,386.56,27,True
DB00709,DB00709,DB00709,NC1=NC(=O)N(C=C1)[C@@H]1CS[C@H](CO)O1,Nc1ccn([C@@H]2CS[C@H](CO)O2)c(=O)n1,JTEGQNOMFQHVDC-NKWVEPMBSA-N,C8H11N3O3S,229.26,15,True
DB00710,DB00710,DB00710,CCCCCN(C)CCC(O)(P(O)(O)=O)P(O)(O)=O,CCCCCN(C)CCC(O)(P(=O)(O)O)P(=O)(O)O,MPBVHIBUJCELCL-UHFFFAOYSA-N,C9H23NO7P2,319.23,19,True
DB00711,DB00711,DB00711,CCN(CC)C(=O)N1CCN(C)CC1,CCN(CC)C(=O)N1CCN(C)CC1,RCKMWOKWVGPNJF-UHFFFAOYSA-N,C10H21N3O,199.3,14,True
DB00712,DB00712,DB00712,CC(C(O)=O)C1=CC(F)=C(C=C1)C1=CC=CC=C1,CC(C(=O)O)c1ccc(-c2ccccc2)c(F)c1,SYTBZMRGLBWNTM-UHFFFAOYSA-N,C15H13FO2,244.27,18,True
DB00713,DB00713,DB00713,[H][C@]12SC(C)(C)[C@@H](N1C(=O)[C@H]2NC(=O)C1=C(C)ON=C1C1=CC=CC=C1)C(O)=O,Cc1onc(-c2ccccc2)c1C(=O)N[C@@H]1C(=O)N2[C@@H]1SC(C)(C)[C@@H]2C(=O)O,UWYHMGVUTGAWSP-JKIFEVAISA-N,C19H19N3O5S,401.44,28,True
DB00714,DB00714,DB00714,[H][C@]12CC3=C(C(O)=C(O)C=C3)C3=CC=CC(CCN1C)=C23,CN1CCc2cccc3c2[C@H]1Cc1ccc(O)c(O)c1-3,VMWNQDUVQKEIOC-CYBMUJFWSA-N,C17H17NO2,267.33,20,True
DB00715,DB00715,DB00715,FC1=CC=C(C=C1)[C@@H]1CCNC[C@H]1COC1=CC2=C(OCO2)C=C1,Fc1ccc([C@@H]2CCNC[C@H]2COc2ccc3c(c2)OCO3)cc1,AHOUBRCZNHFOSL-YOEHRIQHSA-N,C19H20FNO3,329.37,24,True
DB00717,DB00717,DB00717,[H][C@@]12CC[C@@](O)(C#C)[C@@]1(C)CC[C@]1([H])[C@@]3([H])CCC(=O)C=C3CC[C@@]21[H],C#C[C@]1(O)CC[C@H]2[C@@H]3CCC4=CC(=O)CC[C@@H]4[C@H]3CC[C@@]21C,VIKNJXKGJWUCNN-XGXHKTLJSA-N,C20H26O2,298.43,22,True
DB00718,DB00718,DB00718,CC(C)(C)C(=O)OCOP(=O)(COCCN1C=NC2=C(N)N=CN=C12)OCOC(=O)C(C)(C)C,CC(C)(C)C(=O)OCOP(=O)(COCCn1cnc2c(N)ncnc21)OCOC(=O)C(C)(C)C,WOZSCQDILHKSGG-UHFFFAOYSA-N,C20H32N5O8P,501.48,34,True
DB00719,DB00719,DB00719,CN1CCC(CC1)=C1C2=CC=CC=C2CCC2=C1N=CC=C2,CN1CCC(=C2c3ccccc3CCc3cccnc32)CC1,SEBMTIQKRHYNIT-UHFFFAOYSA-N,C20H22N2,290.41,22,True
DB00720,DB00720,DB00720,OP(O)(=O)C(Cl)(Cl)P(O)(O)=O,O=P(O)(O)C(Cl)(Cl)P(=O)(O)O,ACSIXWWBWUQEHA-UHFFFAOYSA-N,CH4Cl2O6P2,244.89,11,True
DB00721,DB00721,DB00721,CCN(CC)CCOC(=O)C1=CC=C(N)C=C1,CCN(CC)CCOC(=O)c1ccc(N)cc1,MFDFERRIHVXMIY-UHFFFAOYSA-N,C13H20N2O2,236.31,17,True
DB00722,DB00722,DB00722,NCCCC[C@H](N[C@@H](CCC1=CC=CC=C1)C(O)=O)C(=O)N1CCC[C@H]1C(O)=O,NCCCC[C@H](N[C@@H](CCc1ccccc1)C(=O)O)C(=O)N1CCC[C@H]1C(=O)O,RLAWWYSOJDYHDC-BZSNNMDCSA-N,C21H31N3O5,405.5,29,True
DB00723,DB00723,DB00723,COC1=CC(C(O)C(C)N)=C(OC)C=C1,COc1ccc(OC)c(C(O)C(C)N)c1,WJAJPNHVVFWKKL-UHFFFAOYSA-N,C11H17NO3,211.26,15,True
DB00724,DB00724,DB00724,CC(C)CN1C=NC2=C1C1=C(C=CC=C1)N=C2N,CC(C)Cn1cnc2c(N)nc3ccccc3c21,DOUYETYNHWVLEO-UHFFFAOYSA-N,C14H16N4,240.31,18,True
DB00726,DB00726,DB00726,CC(CN(C)C)CN1C2=CC=CC=C2CCC2=CC=CC=C12,CC(CN(C)C)CN1c2ccccc2CCc2ccccc21,ZSCDBOWYZJWBIY-UHFFFAOYSA-N,C20H26N2,294.44,22,True
DB00727,DB00727,DB00727,[O-][N+](=O)OCC(CO[N+]([O-])=O)O[N+]([O-])=O,O=[N+]([O-])OCC(CO[N+](=O)[O-])O[N+](=O)[O-],SNIOPGDIGTZGOP-UHFFFAOYSA-N,C3H5N3O9,227.08,15,True
DB00728,DB00728,DB00728,[H][C@@]12C[C@@H]([C@H](OC(C)=O)[C@@]1(C)CC[C@@]1([H])[C@@]2([H])CC[C@@]2([H])C[C@H](O)[C@H](C[C@]12C)N1CCOCC1)[N+]1(CC=C)CCCC1,C=CC[N+]1([C@H]2C[C@H]3[C@@H]4CC[C@H]5C[C@H](O)[C@@H](N6CCOCC6)C[C@]5(C)[C@H]4CC[C@]3(C)[C@H]2OC(C)=O)CCCC1,YXRDKMPIGHSVRX-OOJCLDBCSA-N,C32H53N2O4+,529.79,38,True
DB00730,DB00730,DB00730,N1C2=CC=CC=C2N=C1C1=CSC=N1,c1ccc2[nH]c(-c3cscn3)nc2c1,WJCNZQLZVWNLKY-UHFFFAOYSA-N,C10H7N3S,201.25,14,True
DB00731,DB00731,DB00731,CC(C)[C@H]1CC[C@@H](CC1)C(=O)N[C@H](CC1=CC=CC=C1)C(O)=O,CC(C)[C@H]1CC[C@H](C(=O)N[C@H](Cc2ccccc2)C(=O)O)CC1,OELFLUMRDSZNSF-BRWVUGGUSA-N,C19H27NO3,317.43,23,True
DB00732,DB00732,DB00732,[O-]S(=O)(=O)C1=CC=CC=C1.[O-]S(=O)(=O)C1=CC=CC=C1.COC1=CC2=C(C=C1OC)C(CC1=CC(OC)=C(OC)C=C1)[N+](C)(CCC(=O)OCCCCCOC(=O)CC[N+]1(C)CCC3=C(C=C(OC)C(OC)=C3)C1CC1=CC(OC)=C(OC)C=C1)CC2,COc1ccc(CC2c3cc(OC)c(OC)cc3CC[N+]2(C)CCC(=O)OCCCCCOC(=O)CC[N+]2(C)CCc3cc(OC)c(OC)cc3C2Cc2ccc(OC)c(OC)c2)cc1OC.O=S(=O)([O-])c1ccccc1.O=S(=O)([O-])c1ccccc1,XXZSQOVSEBAPGS-UHFFFAOYSA-L,C65H82N2O18S2,1243.5,87,True
DB00734,DB00734,DB00734,CC1=C(CCN2CCC(CC2)C2=NOC3=C2C=CC(F)=C3)C(=O)N2CCCCC2=N1,Cc1nc2n(c(=O)c1CCN1CCC(c3noc4cc(F)ccc34)CC1)CCCC2,RAPZEAPATHNIPO-UHFFFAOYSA-N,C23H27FN4O2,410.49,30,True
DB00735,DB00735,DB00735,CN(CC=CC1=CC=CC=C1)CC1=CC=CC2=CC=CC=C12,CN(CC=Cc1ccccc1)Cc1cccc2ccccc12,OZGNYLLQHRPOBR-UHFFFAOYSA-N,C21H21N,287.41,22,True
DB00736,DB00736,DB00736,COC1=CC2=C(NC(=N2)[S@@](=O)CC2=NC=C(C)C(OC)=C2C)C=C1,COc1ccc2[nH]c([S@@](=O)Cc3ncc(C)c(OC)c3C)nc2c1,SUBDBMMJDZJVOS-DEOSSOPVSA-N,C17H19N3O3S,345.42,24,True
DB00737,DB00737,DB00737,CC1=CC(CN2CCN(CC2)C(C2=CC=CC=C2)C2=CC=C(Cl)C=C2)=CC=C1,Cc1cccc(CN2CCN(C(c3ccccc3)c3ccc(Cl)cc3)CC2)c1,OCJYIGYOJCODJL-UHFFFAOYSA-N,C25H27ClN2,390.96,28,True
DB00738,DB00738,DB00738,NC(=N)C1=CC=C(OCCCCCOC2=CC=C(C=C2)C(N)=N)C=C1,N=C(N)c1ccc(OCCCCCOc2ccc(C(=N)N)cc2)cc1,XDRYMKDFEDOLFX-UHFFFAOYSA-N,C19H24N4O2,340.43,25,True
DB00740,DB00740,DB00740,NC1=NC2=C(S1)C=C(OC(F)(F)F)C=C2,Nc1nc2ccc(OC(F)(F)F)cc2s1,FTALBRSUTCGOEG-UHFFFAOYSA-N,C8H5F3N2OS,234.2,15,True
DB00741,DB00741,DB00741,[H][C@@]12CC[C@](O)(C(=O)CO)[C@@]1(C)C[C@H](O)[C@@]1([H])[C@@]2([H])CCC2=CC(=O)CC[C@]12C,C[C@]12CCC(=O)C=C1CC[C@@H]1[C@@H]2[C@@H](O)C[C@@]2(C)[C@H]1CC[C@]2(O)C(=O)CO,JYGXADMDTFJGBT-VWUMJDOOSA-N,C21H30O5,362.47,26,True
DB00742,DB00742,DB00742,OC[C@@H](O)[C@@H](O)[C@H](O)[C@H](O)CO,OC[C@@H](O)[C@@H](O)[C@H](O)[C@H](O)CO,FBPFZTCFMRRESA-KVTDHHQDSA-N,C6H14O6,182.17,12,True
DB00743,DB00743,DB00743,[Gd+3].OC(=O)CN(CCN(CCN(CC([O-])=O)CC([O-])=O)CC([O-])=O)C(COCC1=CC=CC=C1)C(O)=O,O=C([O-])CN(CCN(CC(=O)[O-])CC(=O)[O-])CCN(CC(=O)O)C(COCc1ccccc1)C(=O)O.[Gd+3],MXZROTBGJUUXID-UHFFFAOYSA-K,C22H28GdN3O11,667.73,37,True
DB00744,DB00744,DB00744,CC(N(O)C(N)=O)C1=CC2=CC=CC=C2S1,CC(c1cc2ccccc2s1)N(O)C(N)=O,MWLSOWXNZPKENC-UHFFFAOYSA-N,C11H12N2O2S,236.3,16,True
DB00745,DB00745,DB00745,NC(=O)CS(=O)C(C1=CC=CC=C1)C1=CC=CC=C1,NC(=O)CS(=O)C(c1ccccc1)c1ccccc1,YFGHCGITMMYXAQ-UHFFFAOYSA-N,C15H15NO2S,273.36,19,True
DB00746,DB00746,DB00746,CC(=O)N(O)CCCCCNC(=O)CCC(=O)N(O)CCCCCNC(=O)CCC(=O)N(O)CCCCCN,CC(=O)N(O)CCCCCNC(=O)CCC(=O)N(O)CCCCCNC(=O)CCC(=O)N(O)CCCCCN,UBQYURCVBFRUQT-UHFFFAOYSA-N,C25H48N6O8,560.69,39,True
DB00747,DB00747,DB00747,CN1[C@H]2C[C@@H](C[C@@H]1[C@H]1O[C@@H]21)OC(=O)[C@H](CO)C1=CC=CC=C1,CN1[C@@H]2C[C@@H](OC(=O)[C@H](CO)c3ccccc3)C[C@H]1[C@@H]1O[C@@H]12,STECJAGHUSJQJN-FWXGHANASA-N,C17H21NO4,303.36,22,True
DB00748,DB00748,DB00748,CN(C)CCOC(C1=CC=C(Cl)C=C1)C1=CC=CC=N1,CN(C)CCOC(c1ccc(Cl)cc1)c1ccccn1,OJFSXZCBGQGRNV-UHFFFAOYSA-N,C16H19ClN2O,290.79,20,True
DB00749,DB00749,DB00749,CCC1=C2NC3=C(CCOC3(CC)CC(O)=O)C2=CC=C1,CCc1cccc2c3c([nH]c12)C(CC)(CC(=O)O)OCC3,NNYBQONXHNTVIJ-UHFFFAOYSA-N,C17H21NO3,287.36,21,True
DB00750,DB00750,DB00750,CCCNC(C)C(=O)NC1=CC=CC=C1C,CCCNC(C)C(=O)Nc1ccccc1C,MVFGUOIZUNYYSO-UHFFFAOYSA-N,C13H20N2O,220.32,16,True
DB00751,DB00751,DB00751,NC1=NCC2N1C1=CC=CC=C1CC1=CC=CC=C21,NC1=NCC2c3ccccc3Cc3ccccc3N12,WHWZLSFABNNENI-UHFFFAOYSA-N,C16H15N3,249.32,19,True
DB00752,DB00752,DB00752,NC1CC1C1=CC=CC=C1,NC1CC1c1ccccc1,AELCINSCMGFISI-UHFFFAOYSA-N,C9H11N,133.19,10,True
DB00753,DB00753,DB00753,FC(F)OC(Cl)C(F)(F)F,FC(F)OC(Cl)C(F)(F)F,PIWKPBJCKXDKJR-UHFFFAOYSA-N,C3H2ClF5O,184.49,10,True
DB00754,DB00754,DB00754,CCN1C(=O)NC(C1=O)C1=CC=CC=C1,CCN1C(=O)NC(c2ccccc2)C1=O,SZQIFWWUIBRPBZ-UHFFFAOYSA-N,C11H12N2O2,204.23,15,True
DB00755,DB00755,DB00755,C\C(\C=C\C1=C(C)CCCC1(C)C)=C/C=C/C(/C)=C/C(O)=O,CC1=C(/C=C/C(C)=C/C=C/C(C)=C/C(=O)O)C(C)(C)CCC1,SHGAZHPCJJPHSC-YCNIQYBTSA-N,C20H28O2,300.44,22,True
DB00757,DB00757,DB00757,[H][C@@]1(C[C@@]2([H])C[C@]3([H])C[C@@]([H])(C1)N2CC3=O)OC(=O)C1=CNC2=C1C=CC=C2,O=C(O[C@@H]1C[C@@H]2C[C@H]3C[C@H](C1)N2CC3=O)c1c[nH]c2ccccc12,UKTAZPQNNNJVKR-KJGYPYNMSA-N,C19H20N2O3,324.38,24,True
DB00758,DB00758,DB00758,[H][C@@](N1CCC2=C(C1)C=CS2)(C(=O)OC)C1=CC=CC=C1Cl,COC(=O)[C@H](c1ccccc1Cl)N1CCc2sccc2C1,GKTWGGQPFAXNFI-HNNXBMFYSA-N,C16H16ClNO2S,321.83,21,True
DB00759,DB00759,DB00759,[H][C@@]12C[C@@]3([H])C(=C(O)[C@]1(O)C(=O)C(C(N)=O)=C(O)[C@H]2N(C)C)C(=O)C1=C(O)C=CC=C1[C@@]3(C)O,CN(C)[C@@H]1C(O)=C(C(N)=O)C(=O)[C@@]2(O)C(O)=C3C(=O)c4c(O)cccc4[C@@](C)(O)[C@H]3C[C@@H]12,OFVLGDICTFRJMM-WESIUVDSSA-N,C22H24N2O8,444.44,32,True
DB00760,DB00760,DB00760,[H][C@]1([C@@H](C)O)C(=O)N2C(C(O)=O)=C(S[C@@H]3CN[C@@H](C3)C(=O)N(C)C)[C@H](C)[C@]12[H],C[C@@H](O)[C@H]1C(=O)N2C(C(=O)O)=C(S[C@@H]3CN[C@H](C(=O)N(C)C)C3)[C@H](C)[C@H]12,DMJNNHOOLUXYBV-PQTSNVLCSA-N,C17H25N3O5S,383.47,26,True
DB00761,DB00761,DB00761,[Cl-].[K+],[Cl-].[K+],WCUXLLCKKVVCTQ-UHFFFAOYSA-M,ClK,74.55,2,True
DB00762,DB00762,DB00762,CCC1=C2CN3C(=CC4=C(COC(=O)[C@]4(O)CC)C3=O)C2=NC2=CC=C(OC(=O)N3CCC(CC3)N3CCCCC3)C=C12,CCc1c2c(nc3ccc(OC(=O)N4CCC(N5CCCCC5)CC4)cc13)-c1cc3c(c(=O)n1C2)COC(=O)[C@]3(O)CC,UWKQSNNFCGGAFS-XIFFEERXSA-N,C33H38N4O6,586.69,43,True
DB00763,DB00763,DB00763,CN1C=CNC1=S,Cn1cc[nH]c1=S,PMRYVIKBURPHAH-UHFFFAOYSA-N,C4H6N2S,114.17,7,True
DB00764,DB00764,DB00764,[H][C@@]12C[C@@H](C)[C@](O)(C(=O)CCl)[C@@]1(C)C[C@H](O)[C@@]1(Cl)[C@@]2([H])CCC2=CC(=O)C=C[C@]12C,C[C@@H]1C[C@H]2[C@@H]3CCC4=CC(=O)C=C[C@]4(C)[C@@]3(Cl)[C@@H](O)C[C@]2(C)[C@@]1(O)C(=O)CCl,QLIIKPVHVRXHRI-CXSFZGCWSA-N,C22H28Cl2O4,427.37,28,True
DB00765,DB00765,DB00765,C[C@](N)(CC1=CC=C(O)C=C1)C(O)=O,C[C@](N)(Cc1ccc(O)cc1)C(=O)O,NHTGHBARYWONDQ-JTQLQIEISA-N,C10H13NO3,195.22,14,True
DB00766,DB00766,DB00766,[H][C@@]12CC(=O)N1[C@@H](C(O)=O)\C(O2)=C\CO,O=C(O)[C@H]1/C(=C/CO)O[C@@H]2CC(=O)N21,HZZVJAQRINQKSD-PBFISZAISA-N,C8H9NO5,199.16,14,True
DB00768,DB00768,DB00768,CN(C)CC\C=C1\C2=CC=CC=C2COC2=C1C=C(CC(O)=O)C=C2,CN(C)CC/C=C1/c2ccccc2COc2ccc(CC(=O)O)cc21,JBIMVDZLSHOPLA-LSCVHKIXSA-N,C21H23NO3,337.42,25,True
DB00769,DB00769,DB00769,[H][C@@]12CC[C@](O)(C(=O)COC(=O)CN(CC)CC)[C@@]1(C)C[C@H](O)[C@@]1([H])[C@@]2([H])CCC2=CC(=O)CC[C@]12C,CCN(CC)CC(=O)OCC(=O)[C@@]1(O)CC[C@H]2[C@@H]3CCC4=CC(=O)CC[C@]4(C)[C@H]3[C@@H](O)C[C@@]21C,FWFVLWGEFDIZMJ-FOMYWIRZSA-N,C27H41NO6,475.63,34,True
DB00770,DB00770,DB00770,CCCCC[C@H](O)\C=C\[C@H]1[C@H](O)CC(=O)[C@@H]1CCCCCCC(O)=O,CCCCC[C@H](O)/C=C/[C@H]1[C@H](O)CC(=O)[C@@H]1CCCCCCC(=O)O,GMVPRGQOIOIIMI-DWKJAMRDSA-N,C20H34O5,354.49,25,True
DB00771,DB00771,DB00771,C[N@@+]12CC[C@@H](CC1)C(C2)OC(=O)C(O)(C1=CC=CC=C1)C1=CC=CC=C1,C[N@+]12CC[C@H](CC1)C(OC(=O)C(O)(c1ccccc1)c1ccccc1)C2,HOOSGZJRQIVJSZ-NNBUQUNQSA-N,C22H26NO3+,352.45,26,True
DB00772,DB00772,DB00772,CCOC(=O)CC(SP(=S)(OC)OC)C(=O)OCC,CCOC(=O)CC(SP(=S)(OC)OC)C(=O)OCC,JXSJBGJIGXNWCI-UHFFFAOYSA-N,C10H19O6PS2,330.36,19,True
DB00773,DB00773,DB00773,[H][C@]12COC(=O)[C@]1([H])[C@H](C1=CC(OC)=C(O)C(OC)=C1)C1=CC3=C(OCO3)C=C1[C@H]2O[C@@H]1O[C@]2([H])CO[C@@H](C)O[C@@]2([H])[C@H](O)[C@H]1O,COc1cc([C@@H]2c3cc4c(cc3[C@@H](O[C@@H]3O[C@@H]5CO[C@@H](C)O[C@H]5[C@H](O)[C@H]3O)[C@H]3COC(=O)[C@H]23)OCO4)cc(OC)c1O,VJJPUSNTGOMMGY-MRVIYFEKSA-N,C29H32O13,588.56,42,True
DB00774,DB00774,DB00774,NS(=O)(=O)C1=CC2=C(NCNS2(=O)=O)C=C1C(F)(F)F,NS(=O)(=O)c1cc2c(cc1C(F)(F)F)NCNS2(=O)=O,DMDGGSIALPNSEE-UHFFFAOYSA-N,C8H8F3N3O4S2,331.3,20,True
DB00775,DB00775,DB00775,CCCCS(=O)(=O)N[C@@H](CC1=CC=C(OCCCCC2CCNCC2)C=C1)C(O)=O,CCCCS(=O)(=O)N[C@@H](Cc1ccc(OCCCCC2CCNCC2)cc1)C(=O)O,COKMIXFXJJXBQG-NRFANRHFSA-N,C22H36N2O5S,440.61,30,True
DB00776,DB00776,DB00776,NC(=O)N1C2=CC=CC=C2CC(=O)C2=C1C=CC=C2,NC(=O)N1c2ccccc2CC(=O)c2ccccc21,CTRLABGOLIVAIY-UHFFFAOYSA-N,C15H12N2O2,252.27,19,True
DB00778,DB00778,DB00778,CC[C@H]1OC(=O)[C@H](C)[C@@H](O[C@H]2C[C@@](C)(OC)[C@@H](O)[C@H](C)O2)[C@H](C)[C@@H](O[C@@H]2O[C@H](C)C[C@@H]([C@H]2O)N(C)C)[C@](C)(O)C[C@@H](C)C(=NOCOCCOC)[C@H](C)[C@@H](O)[C@]1(C)O,CC[C@H]1OC(=O)[C@H](C)[C@@H](O[C@H]2C[C@@](C)(OC)[C@@H](O)[C@H](C)O2)[C@H](C)[C@@H](O[C@@H]2O[C@H](C)C[C@H](N(C)C)[C@H]2O)[C@](C)(O)C[C@@H](C)C(=NOCOCCOC)[C@H](C)[C@@H](O)[C@]1(C)O,RXZBMPWDPOLZGW-HITVVWEBSA-N,C41H76N2O15,837.06,58,True
DB00779,DB00779,DB00779,CCN1C=C(C(O)=O)C(=O)C2=C1N=C(C)C=C2,CCn1cc(C(=O)O)c(=O)c2ccc(C)nc21,MHWLWQUZZRMNGJ-UHFFFAOYSA-N,C12H12N2O3,232.24,17,True
DB00780,DB00780,DB00780,NNCCC1=CC=CC=C1,NNCCc1ccccc1,RMUCZJUITONUFY-UHFFFAOYSA-N,C8H12N2,136.2,10,True
DB00781,DB00781,DB00781,[H][C@]1(NC(=O)[C@H](CCN)NC(=O)[C@H](CCN)NC(=O)[C@H](CC(C)C)NC(=O)[C@@H](CC2=CC=CC=C2)NC(=O)[C@@H](CCN)NC(=O)[C@H](CCNC1=O)NC(=O)[C@H](CCN)NC(=O)[C@@H](NC(=O)[C@H](CCN)NC(=O)CCCCC(C)CC)[C@@H](C)O)[C@@H](C)O,CCC(C)CCCCC(=O)N[C@@H](CCN)C(=O)N[C@H](C(=O)N[C@@H](CCN)C(=O)N[C@H]1CCNC(=O)[C@H]([C@@H](C)O)NC(=O)[C@H](CCN)NC(=O)[C@H](CCN)NC(=O)[C@H](CC(C)C)NC(=O)[C@@H](Cc2ccccc2)NC(=O)[C@@H](CCN)NC1=O)[C@@H](C)O,WQVJHHACXVLGBL-BPJDFBQWSA-N,C56H98N16O13,1203.5,85,True
DB00782,DB00782,DB00782,CC(C)[N+](C)(CCOC(=O)C1C2=CC=CC=C2OC2=CC=CC=C12)C(C)C,CC(C)[N+](C)(CCOC(=O)C1c2ccccc2Oc2ccccc21)C(C)C,VVWYOYDLCMFIEM-UHFFFAOYSA-N,C23H30NO3+,368.5,27,True
DB00783,DB00783,DB00783,[H][C@@]12CC[C@H](O)[C@@]1(C)CC[C@]1([H])C3=C(CC[C@@]21[H])C=C(O)C=C3,C[C@]12CC[C@@H]3c4ccc(O)cc4CC[C@H]3[C@@H]1CC[C@@H]2O,VOXZDWNPVJITMN-ZBRFXRBCSA-N,C18H24O2,272.39,20,True
DB00784,DB00784,DB00784,CC1=C(C)C(NC2=CC=CC=C2C(O)=O)=CC=C1,Cc1cccc(Nc2ccccc2C(=O)O)c1C,HYYBABOKPJLUIN-UHFFFAOYSA-N,C15H15NO2,241.29,18,True
DB00787,DB00787,DB00787,NC1=NC(=O)C2=C(N1)N(COCCO)C=N2,Nc1nc(=O)c2ncn(COCCO)c2[nH]1,MKUXAQIIEYXACX-UHFFFAOYSA-N,C8H11N5O3,225.21,16,True
DB00788,DB00788,DB00788,COC1=CC2=C(C=C1)C=C(C=C2)[C@H](C)C(O)=O,COc1ccc2cc([C@H](C)C(=O)O)ccc2c1,CMWTZPSULFXXJA-VIFPVBQESA-N,C14H14O3,230.26,17,True
DB00790,DB00790,DB00790,[H][C@]12C[C@H](N(C(=O)[C@H](C)N[C@@H](CCC)C(=O)OCC)[C@@]1([H])CCCC2)C(O)=O,CCC[C@H](N[C@@H](C)C(=O)N1[C@H](C(=O)O)C[C@@H]2CCCC[C@@H]21)C(=O)OCC,IPVQLZZIHOAWMC-QXKUPLGCSA-N,C19H32N2O5,368.47,26,True
DB00791,DB00791,DB00791,ClCCN(CCCl)C1=CNC(=O)NC1=O,O=c1[nH]cc(N(CCCl)CCCl)c(=O)[nH]1,IDPUKCWIGUEADI-UHFFFAOYSA-N,C8H11Cl2N3O2,252.1,15,True
DB00792,DB00792,DB00792,CN(C)CCN(CC1=CC=CC=C1)C1=CC=CC=N1,CN(C)CCN(Cc1ccccc1)c1ccccn1,UFLGIAIHIAPJJC-UHFFFAOYSA-N,C16H21N3,255.37,19,True
DB00793,DB00793,DB00793,ClC1=CC(Cl)=C(Cl)C=C1OCC#CI,Clc1cc(Cl)c(OCC#CI)cc1Cl,CTETYYAZBPJBHE-UHFFFAOYSA-N,C9H4Cl3IO,361.39,14,True
DB00794,DB00794,DB00794,CCC1(C(=O)NCNC1=O)C1=CC=CC=C1,CCC1(c2ccccc2)C(=O)NCNC1=O,DQMZLTXERSFNPB-UHFFFAOYSA-N,C12H14N2O2,218.26,16,True
DB00795,DB00795,DB00795,OC(=O)C1=CC(=CC=C1O)\N=N\C1=CC=C(C=C1)S(=O)(=O)NC1=NC=CC=C1,O=C(O)c1cc(/N=N/c2ccc(S(=O)(=O)Nc3ccccn3)cc2)ccc1O,NCEXYHBECQHGNR-QZQOTICOSA-N,C18H14N4O5S,398.4,28,True
DB00796,DB00796,DB00796,CCOC1=NC2=C(N1CC1=CC=C(C=C1)C1=CC=CC=C1C1=NN=NN1)C(=CC=C2)C(=O)OC(C)OC(=O)OC1CCCCC1,CCOc1nc2cccc(C(=O)OC(C)OC(=O)OC3CCCCC3)c2n1Cc1ccc(-c2ccccc2-c2nnn[nH]2)cc1,GHOSNRCGJFBJIB-UHFFFAOYSA-N,C33H34N6O6,610.67,45,True
DB00797,DB00797,DB00797,C(C1=NCCN1)C1=CC=CC=C1,c1ccc(CC2=NCCN2)cc1,JIVZKJJQOZQXQB-UHFFFAOYSA-N,C10H12N2,160.22,12,True
DB00798,DB00798,DB00798,CNC(C)C1CCC(N)C(OC2C(N)CC(N)C(OC3OCC(C)(O)C(NC)C3O)C2O)O1,CNC(C)C1CCC(N)C(OC2C(N)CC(N)C(OC3OCC(C)(O)C(NC)C3O)C2O)O1,CEAZRRDELHUEMR-UHFFFAOYSA-N,C21H43N5O7,477.6,33,True
DB00799,DB00799,DB00799,CCOC(=O)C1=CN=C(C=C1)C#CC1=CC2=C(SCCC2(C)C)C=C1,CCOC(=O)c1ccc(C#Cc2ccc3c(c2)C(C)(C)CCS3)nc1,OGQICQVSFDPSEI-UHFFFAOYSA-N,C21H21NO2S,351.47,25,True
DB00800,DB00800,DB00800,OC1=CC=C(C=C1)C1CNCCC2=C(Cl)C(O)=C(O)C=C12,Oc1ccc(C2CNCCc3c2cc(O)c(O)c3Cl)cc1,TVURRHSHRRELCG-UHFFFAOYSA-N,C16H16ClNO3,305.76,21,True
DB00801,DB00801,DB00801,FC(F)(F)CN1C2=C(C=C(Cl)C=C2)C(=NCC1=O)C1=CC=CC=C1,O=C1CN=C(c2ccccc2)c2cc(Cl)ccc2N1CC(F)(F)F,WYCLKVQLVUQKNZ-UHFFFAOYSA-N,C17H12ClF3N2O,352.74,24,True
DB00802,DB00802,DB00802,CCN1N=NN(CCN2CCC(COC)(CC2)N(C(=O)CC)C2=CC=CC=C2)C1=O,CCC(=O)N(c1ccccc1)C1(COC)CCN(CCn2nnn(CC)c2=O)CC1,IDBPHNDTYPBSNI-UHFFFAOYSA-N,C21H32N6O3,416.53,30,True
DB00803,DB00803,DB00803,CCC(C)CCCC(=O)N[C@@H](CCN)C(=O)N[C@@H]([C@@H](C)O)C(=O)N[C@@H](CCN)C(=O)N[C@H]1CCNC(=O)C(NC(=O)[C@@H](CCN)NC(=O)[C@H](CCN)NC(=O)[C@@H](CC(C)C)NC(=O)[C@@H](CC(C)C)NC(=O)[C@H](CCN)NC1=O)[C@@H](C)O,CCC(C)CCCC(=O)N[C@@H](CCN)C(=O)N[C@H](C(=O)N[C@@H](CCN)C(=O)N[C@H]1CCNC(=O)C([C@@H](C)O)NC(=O)[C@@H](CCN)NC(=O)[C@H](CCN)NC(=O)[C@@H](CC(C)C)NC(=O)[C@@H](CC(C)C)NC(=O)[C@H](CCN)NC1=O)[C@@H](C)O,YKQOSKADJPQZHB-RGYSVOEGSA-N,C52H98N16O13,1155.45,81,True
DB00804,DB00804,DB00804,CCN(CC)CCOC(=O)C1(CCCCC1)C1CCCCC1,CCN(CC)CCOC(=O)C1(C2CCCCC2)CCCCC1,CURUTKGFNZGFSE-UHFFFAOYSA-N,C19H35NO2,309.49,22,True
DB00805,DB00805,DB00805,CC1=CC(=NN=C1NCCN1CCOCC1)C1=CC=CC=C1,Cc1cc(-c2ccccc2)nnc1NCCN1CCOCC1,LDMWSLGGVTVJPG-UHFFFAOYSA-N,C17H22N4O,298.39,22,True
DB00806,DB00806,DB00806,CN1C=NC2=C1C(=O)N(CCCCC(C)=O)C(=O)N2C,CC(=O)CCCCn1c(=O)c2c(ncn2C)n(C)c1=O,BYPFEZZEUUWMEJ-UHFFFAOYSA-N,C13H18N4O3,278.31,20,True
DB00807,DB00807,DB00807,CCCOC1=C(N)C=C(C=C1)C(=O)OCCN(CC)CC,CCCOc1ccc(C(=O)OCCN(CC)CC)cc1N,KCLANYCVBBTKTO-UHFFFAOYSA-N,C16H26N2O3,294.4,21,True
DB00808,DB00808,DB00808,CC1CC2=CC=CC=C2N1NC(=O)C1=CC(=C(Cl)C=C1)S(N)(=O)=O,CC1Cc2ccccc2N1NC(=O)c1ccc(Cl)c(S(N)(=O)=O)c1,NDDAHWYSQHTHNT-UHFFFAOYSA-N,C16H16ClN3O3S,365.84,24,True
DB00809,DB00809,DB00809,CCN(CC1=CC=NC=C1)C(=O)C(CO)C1=CC=CC=C1,CCN(Cc1ccncc1)C(=O)C(CO)c1ccccc1,BGDKAVGWHJFAGW-UHFFFAOYSA-N,C17H20N2O2,284.36,21,True
DB00810,DB00810,DB00810,OC(CCN1CCCCC1)(C1CC2CC1C=C2)C1=CC=CC=C1,OC(CCN1CCCCC1)(c1ccccc1)C1CC2C=CC1C2,YSXKPIUOCJLQIE-UHFFFAOYSA-N,C21H29NO,311.47,23,True
DB00811,DB00811,DB00811,NC(=O)C1=NN(C=N1)[C@@H]1O[C@H](CO)[C@@H](O)[C@H]1O,NC(=O)c1ncn([C@@H]2O[C@H](CO)[C@@H](O)[C@H]2O)n1,IWUCXVSUMQZMFG-AFCXAGJDSA-N,C8H12N4O5,244.21,17,True
DB00812,DB00812,DB00812,CCCCC1C(=O)N(N(C1=O)C1=CC=CC=C1)C1=CC=CC=C1,CCCCC1C(=O)N(c2ccccc2)N(c2ccccc2)C1=O,VYMDGNCVAMGZFE-UHFFFAOYSA-N,C19H20N2O2,308.38,23,True
DB00813,DB00813,DB00813,CCC(=O)N(C1CCN(CCC2=CC=CC=C2)CC1)C1=CC=CC=C1,CCC(=O)N(c1ccccc1)C1CCN(CCc2ccccc2)CC1,PJMPHNIQZUBGLI-UHFFFAOYSA-N,C22H28N2O,336.48,25,True
DB00814,DB00814,DB00814,CN1C(C(=O)NC2=NC=C(C)S2)=C(O)C2=C(C=CC=C2)S1(=O)=O,Cc1cnc(NC(=O)C2=C(O)c3ccccc3S(=O)(=O)N2C)s1,ZRVUJXDFFKFLMG-UHFFFAOYSA-N,C14H13N3O4S2,351.41,23,True
DB00816,DB00816,DB00816,CC(C)NCC(O)C1=CC(O)=CC(O)=C1,CC(C)NCC(O)c1cc(O)cc(O)c1,LMOINURANNBYCM-UHFFFAOYSA-N,C11H17NO3,211.26,15,True
DB00817,DB00817,DB00817,CCN1C=C(C(O)=O)C(=O)C2=C1C=C(C=C2)C1=CC=NC=C1,CCn1cc(C(=O)O)c(=O)c2ccc(-c3ccncc3)cc21,XBPZXDSZHPDXQU-UHFFFAOYSA-N,C17H14N2O3,294.31,22,True
DB00818,DB00818,DB00818,CC(C)C1=CC=CC(C(C)C)=C1O,CC(C)c1cccc(C(C)C)c1O,OLBCVFGFOZPWHH-UHFFFAOYSA-N,C12H18O,178.27,13,True
DB00819,DB00819,DB00819,CC(=O)NC1=NN=C(S1)S(N)(=O)=O,CC(=O)Nc1nnc(S(N)(=O)=O)s1,BZKPWHYZMXOIDC-UHFFFAOYSA-N,C4H6N4O3S2,222.25,13,True
DB00820,DB00820,DB00820,[H][C@]12CC3=C(NC4=CC=CC=C34)[C@H](N1C(=O)CN(C)C2=O)C1=CC2=C(OCO2)C=C1,CN1CC(=O)N2[C@H](c3ccc4c(c3)OCO4)c3[nH]c4ccccc4c3C[C@@H]2C1=O,WOXKDUGGOYFFRN-IIBYNOLFSA-N,C22H19N3O4,389.41,29,True
DB00821,DB00821,DB00821,CC(C(O)=O)C1=CC2=C(C=C1)C1=C(N2)C=CC(Cl)=C1,CC(C(=O)O)c1ccc2c(c1)[nH]c1ccc(Cl)cc12,PUXBGTOOZJQSKH-UHFFFAOYSA-N,C15H12ClNO2,273.72,19,True
DB00822,DB00822,DB00822,CCN(CC)C(=S)SSC(=S)N(CC)CC,CCN(CC)C(=S)SSC(=S)N(CC)CC,AUZONCFQVSMFAP-UHFFFAOYSA-N,C10H20N2S4,296.55,16,True
DB00823,DB00823,DB00823,[H][C@@]12CC[C@@](OC(C)=O)(C#C)[C@@]1(C)CC[C@]1([H])[C@@]3([H])CC[C@H](OC(C)=O)C=C3CC[C@@]21[H],C#C[C@]1(OC(C)=O)CC[C@H]2[C@@H]3CCC4=C[C@@H](OC(C)=O)CC[C@@H]4[C@H]3CC[C@@]21C,ONKUMRGIYFNPJW-KIEAKMPYSA-N,C24H32O4,384.52,28,True
DB00826,DB00826,DB00826,[H][C@@]12C[C@H](O)C[C@]3(O)C[C@H](O)[C@@H](C(O)=O)[C@]([H])(C[C@@H](O[C@]4([H])O[C@H](C)[C@@H](O)[C@H](N)[C@@H]4O)\C=C\C=C\C=C\C=C\C[C@@H](C)OC(=O)\C=C\[C@@]1([H])O2)O3,C[C@@H]1C/C=C/C=C/C=C/C=C/[C@H](O[C@@H]2O[C@H](C)[C@@H](O)[C@H](N)[C@@H]2O)C[C@@H]2O[C@](O)(C[C@@H](O)C[C@H]3O[C@@H]3/C=C/C(=O)O1)C[C@H](O)[C@H]2C(=O)O,NCXMLFZGDNKEPB-FFPOYIOWSA-N,C33H47NO13,665.73,47,True
DB00827,DB00827,DB00827,CCN1N=C(C(O)=O)C(=O)C2=CC3=C(OCO3)C=C12,CCn1nc(C(=O)O)c(=O)c2cc3c(cc21)OCO3,VDUWPHTZYNWKRN-UHFFFAOYSA-N,C12H10N2O5,262.22,19,True
DB00828,DB00828,DB00828,C[C@@H]1O[C@@H]1P(O)(O)=O,C[C@@H]1O[C@@H]1P(=O)(O)O,YMDXZJFXQJVXBF-STHAYSLISA-N,C3H7O4P,138.06,8,True
DB00829,DB00829,DB00829,CN1C2=C(C=C(Cl)C=C2)C(=NCC1=O)C1=CC=CC=C1,CN1C(=O)CN=C(c2ccccc2)c2cc(Cl)ccc21,AAOVKJBEBIDNHE-UHFFFAOYSA-N,C16H13ClN2O,284.75,20,True
DB00830,DB00830,DB00830,CC1NCCOC1C1=CC=CC=C1,CC1NCCOC1c1ccccc1,OOBHFESNSZDWIU-UHFFFAOYSA-N,C11H15NO,177.25,13,True
DB00831,DB00831,DB00831,CN1CCN(CCCN2C3=CC=CC=C3SC3=C2C=C(C=C3)C(F)(F)F)CC1,CN1CCN(CCCN2c3ccccc3Sc3ccc(C(F)(F)F)cc32)CC1,ZEWQUBUPAILYHI-UHFFFAOYSA-N,C21H24F3N3S,407.51,28,True
DB00832,DB00832,DB00832,CN1C(=O)CC(C1=O)C1=CC=CC=C1,CN1C(=O)CC(c2ccccc2)C1=O,WLWFNJKHKGIJNW-UHFFFAOYSA-N,C11H11NO2,189.21,14,True
DB00833,DB00833,DB00833,[H][C@]12SCC(Cl)=C(N1C(=O)[C@H]2NC(=O)[C@H](N)C1=CC=CC=C1)C(O)=O,N[C@@H](C(=O)N[C@@H]1C(=O)N2C(C(=O)O)=C(Cl)CS[C@H]12)c1ccccc1,QYIYFLOTGYLRGG-GPCCPHFNSA-N,C15H14ClN3O4S,367.81,24,True
DB00834,DB00834,DB00834,[H][C@@]12CC[C@@](O)(C#CC)[C@@]1(C)C[C@H](C1=CC=C(C=C1)N(C)C)C1=C3CCC(=O)C=C3CC[C@@]21[H],CC#C[C@]1(O)CC[C@H]2[C@@H]3CCC4=CC(=O)CCC4=C3[C@@H](c3ccc(N(C)C)cc3)C[C@@]21C,VKHAHZOOUSRJNA-GCNJZUOMSA-N,C29H35NO2,429.6,32,True
DB00835,DB00835,DB00835,CN(C)CCC(C1=CC=C(Br)C=C1)C1=CC=CC=N1,CN(C)CCC(c1ccc(Br)cc1)c1ccccn1,ZDIGNSYAACHWNL-UHFFFAOYSA-N,C16H19BrN2,319.25,19,True
DB00836,DB00836,DB00836,CN(C)C(=O)C(CCN1CCC(O)(CC1)C1=CC=C(Cl)C=C1)(C1=CC=CC=C1)C1=CC=CC=C1,CN(C)C(=O)C(CCN1CCC(O)(c2ccc(Cl)cc2)CC1)(c1ccccc1)c1ccccc1,RDOIQAHITMMDAJ-UHFFFAOYSA-N,C29H33ClN2O2,477.05,34,True
DB00837,DB00837,DB00837,NC(=O)CCC\N=C(\C1=CC=C(Cl)C=C1)C1=C(O)C=CC(F)=C1,NC(=O)CCC/N=C(/c1ccc(Cl)cc1)c1cc(F)ccc1O,IBALRBWGSVJPAP-FXBPSFAMSA-N,C17H16ClFN2O2,334.78,23,True
DB00838,DB00838,DB00838,[H][C@@]12C[C@@H](C)[C@H](C(=O)CO)[C@@]1(C)C[C@H](O)[C@@]1(Cl)[C@@]2([H])C[C@H](F)C2=CC(=O)C=C[C@]12C,C[C@@H]1C[C@H]2[C@@H]3C[C@H](F)C4=CC(=O)C=C[C@]4(C)[C@@]3(Cl)[C@@H](O)C[C@]2(C)[C@H]1C(=O)CO,YMTMADLUXIRMGX-RFPWEZLHSA-N,C22H28ClFO4,410.91,28,True
DB00839,DB00839,DB00839,CC1=CC=C(C=C1)S(=O)(=O)NC(=O)NN1CCCCCC1,Cc1ccc(S(=O)(=O)NC(=O)NN2CCCCCC2)cc1,OUDSBRTVNLOZBN-UHFFFAOYSA-N,C14H21N3O3S,311.41,21,True
DB00841,DB00841,DB00841,CC(CCC1=CC=C(O)C=C1)NCCC1=CC(O)=C(O)C=C1,CC(CCc1ccc(O)cc1)NCCc1ccc(O)c(O)c1,JRWZLRBJNMZMFE-UHFFFAOYSA-N,C18H23NO3,301.39,22,True
DB00842,DB00842,DB00842,OC1N=C(C2=CC=CC=C2)C2=C(NC1=O)C=CC(Cl)=C2,O=C1Nc2ccc(Cl)cc2C(c2ccccc2)=NC1O,ADIMAYPTOBDMTL-UHFFFAOYSA-N,C15H11ClN2O2,286.72,20,True
DB00843,DB00843,DB00843,COC1=C(OC)C=C2C(=O)C(CC3CCN(CC4=CC=CC=C4)CC3)CC2=C1,COc1cc2c(cc1OC)C(=O)C(CC1CCN(Cc3ccccc3)CC1)C2,ADEBPBSSDYVVLD-UHFFFAOYSA-N,C24H29NO3,379.5,28,True
DB00844,DB00844,DB00844,O[C@H]1CC[C@@]2(O)[C@H]3CC4=CC=C(O)C5=C4[C@@]2(CCN3CC2CCC2)[C@H]1O5,Oc1ccc2c3c1O[C@H]1[C@@H](O)CC[C@@]4(O)[C@@H](C2)N(CC2CCC2)CC[C@]314,NETZHAKZCGBWSS-CEDHKZHLSA-N,C21H27NO4,357.45,26,True
DB00845,DB00845,DB00845,CC(C)N=C1C=C2N(C3=CC=C(Cl)C=C3)C3=C(C=CC=C3)N=C2C=C1NC1=CC=C(Cl)C=C1,CC(C)N=c1cc2n(-c3ccc(Cl)cc3)c3ccccc3nc-2cc1Nc1ccc(Cl)cc1,WDQPAMHFFCXSNU-UHFFFAOYSA-N,C27H22Cl2N4,473.41,33,True
DB00846,DB00846,DB00846,CC1(C)O[C@@H]2C[C@H]3[C@@H]4C[C@H](F)C5=CC(=O)CC[C@]5(C)[C@H]4[C@@H](O)C[C@]3(C)[C@@]2(O1)C(=O)CO,CC1(C)O[C@@H]2C[C@H]3[C@@H]4C[C@H](F)C5=CC(=O)CC[C@]5(C)[C@H]4[C@@H](O)C[C@]3(C)[C@]2(C(=O)CO)O1,POPFMWWJOGLOIF-XWCQMRHXSA-N,C24H33FO6,436.52,31,True
DB00847,DB00847,DB00847,NCCS,NCCS,UFULAYFCSOUIOV-UHFFFAOYSA-N,C2H7NS,77.15,4,True
DB00849,DB00849,DB00849,CCC1(C(=O)NC(=O)N(C)C1=O)C1=CC=CC=C1,CCC1(c2ccccc2)C(=O)NC(=O)N(C)C1=O,ALARQZQTBTVLJV-UHFFFAOYSA-N,C13H14N2O3,246.27,18,True
DB00850,DB00850,DB00850,OCCN1CCN(CCCN2C3=CC=CC=C3SC3=C2C=C(Cl)C=C3)CC1,OCCN1CCN(CCCN2c3ccccc3Sc3ccc(Cl)cc32)CC1,RGCVKNLCSQQDEP-UHFFFAOYSA-N,C21H26ClN3OS,403.98,27,True
DB00851,DB00851,DB00851,CN(C)\N=N\C1=C(N=CN1)C(N)=O,CN(C)/N=N/c1[nH]cnc1C(N)=O,FDKXTQMXEQVLRF-ZHACJKMWSA-N,C6H10N6O,182.19,13,True
DB00852,DB00852,DB00852,CN[C@@H](C)[C@@H](O)C1=CC=CC=C1,CN[C@@H](C)[C@@H](O)c1ccccc1,KWGRBVOPPLSCSI-WCBMZHEXSA-N,C10H15NO,165.24,12,True
DB00853,DB00853,DB00853,CN1N=NC2=C(N=CN2C1=O)C(N)=O,Cn1nnc2c(C(N)=O)ncn2c1=O,BPEGJWRSRHCHSN-UHFFFAOYSA-N,C6H6N6O2,194.15,14,True
DB00854,DB00854,DB00854,[H][C@@]12CCCC[C@@]11CCN(C)[C@@H]2CC2=C1C=C(O)C=C2,CN1CC[C@]23CCCC[C@H]2[C@H]1Cc1ccc(O)cc13,JAQUASYNZVUNQP-USXIJHARSA-N,C17H23NO,257.38,19,True
DB00855,DB00855,DB00855,NCC(=O)CCC(O)=O,NCC(=O)CCC(=O)O,ZGXJTSGNIOSYLO-UHFFFAOYSA-N,C5H9NO3,131.13,9,True
DB00856,DB00856,DB00856,OCC(O)COC1=CC=C(Cl)C=C1,OCC(O)COc1ccc(Cl)cc1,MXOAEAUPQDYUQM-UHFFFAOYSA-N,C9H11ClO3,202.64,13,True
DB00857,DB00857,DB00857,CN(C\C=C\C#CC(C)(C)C)CC1=CC=CC2=CC=CC=C12,CN(C/C=C/C#CC(C)(C)C)Cc1cccc2ccccc12,DOMXUEMWDBAQBQ-WEVVVXLNSA-N,C21H25N,291.44,22,True
DB00859,DB00859,DB00859,[H][C@](N)(C(O)=O)C(C)(C)S,CC(C)(S)[C@@H](N)C(=O)O,VVNCNSJFMMFHPL-VKHMYHEASA-N,C5H11NO2S,149.22,9,True
DB00860,DB00860,DB00860,[H][C@@]12CC[C@](O)(C(=O)CO)[C@@]1(C)C[C@H](O)[C@@]1([H])[C@@]2([H])CCC2=CC(=O)C=C[C@]12C,C[C@]12C=CC(=O)C=C1CC[C@@H]1[C@@H]2[C@@H](O)C[C@@]2(C)[C@H]1CC[C@]2(O)C(=O)CO,OIGNJSKKLXVSLS-VWUMJDOOSA-N,C21H28O5,360.45,26,True
DB00861,DB00861,DB00861,OC(=O)C1=C(O)C=CC(=C1)C1=C(F)C=C(F)C=C1,O=C(O)c1cc(-c2ccc(F)cc2F)ccc1O,HUPFGZXOMWLGNK-UHFFFAOYSA-N,C13H8F2O3,250.2,18,True
DB00862,DB00862,DB00862,CCCC1=NC(C)=C2N1NC(=NC2=O)C1=C(OCC)C=CC(=C1)S(=O)(=O)N1CCN(CC)CC1,CCCc1nc(C)c2c(=O)nc(-c3cc(S(=O)(=O)N4CCN(CC)CC4)ccc3OCC)[nH]n12,SECKRCOLJRRGGV-UHFFFAOYSA-N,C23H32N6O4S,488.61,34,True
DB00863,DB00863,DB00863,CNC(NCCSCC1=CC=C(CN(C)C)O1)=C[N+]([O-])=O,CNC(=C[N+](=O)[O-])NCCSCc1ccc(CN(C)C)o1,VMXUWOKSQNHOCA-UHFFFAOYSA-N,C13H22N4O3S,314.41,21,True
DB00864,DB00864,DB00864,CO[C@@H]1C[C@@H](CC[C@H]1O)\C=C(/C)[C@H]1OC(=O)[C@@H]2CCCCN2C(=O)C(=O)[C@]2(O)O[C@@H]([C@H](C[C@H]2C)OC)[C@H](C[C@@H](C)C\C(C)=C\[C@@H](CC=C)C(=O)C[C@H](O)[C@H]1C)OC,C=CC[C@@H]1/C=C(\C)C[C@H](C)C[C@H](OC)[C@H]2O[C@@](O)(C(=O)C(=O)N3CCCC[C@H]3C(=O)O[C@H](/C(C)=C/[C@@H]3CC[C@@H](O)[C@H](OC)C3)[C@H](C)[C@@H](O)CC1=O)[C@H](C)C[C@@H]2OC,QJJXYPPXXYFBGM-LFZNUXCKSA-N,C44H69NO12,804.03,57,True
DB00865,DB00865,DB00865,C[C@@H](CC1=CC=CC=C1)N(C)CC1=CC=CC=C1,C[C@@H](Cc1ccccc1)N(C)Cc1ccccc1,YXKTVDFXDRQTKV-HNNXBMFYSA-N,C17H21N,239.36,18,True
DB00866,DB00866,DB00866,CC(C)NCC(O)COC1=CC=CC=C1CC=C,C=CCc1ccccc1OCC(O)CNC(C)C,PAZJSJFMUHDSTF-UHFFFAOYSA-N,C15H23NO2,249.35,18,True
DB00867,DB00867,DB00867,C[C@H](NCCC1=CC=C(O)C=C1)[C@H](O)C1=CC=C(O)C=C1,C[C@H](NCCc1ccc(O)cc1)[C@H](O)c1ccc(O)cc1,IOVGROKTTNBUGK-SJCJKPOMSA-N,C17H21NO3,287.36,21,True
DB00869,DB00869,DB00869,CCN[C@H]1C[C@H](C)S(=O)(=O)C2=C1C=C(S2)S(N)(=O)=O,CCN[C@H]1C[C@H](C)S(=O)(=O)c2sc(S(N)(=O)=O)cc21,IAVUPMFITXYVAF-XPUUQOCRSA-N,C10H16N2O4S3,324.45,19,True
DB00870,DB00870,DB00870,CC(C(O)=O)C1=CC=C(C=C1)C(=O)C1=CC=CS1,CC(C(=O)O)c1ccc(C(=O)c2cccs2)cc1,MDKGKXOCJGEUJW-UHFFFAOYSA-N,C14H12O3S,260.31,18,True
DB00871,DB00871,DB00871,CC(C)(C)NCC(O)C1=CC(O)=CC(O)=C1,CC(C)(C)NCC(O)c1cc(O)cc(O)c1,XWTYSIMOBUGWOL-UHFFFAOYSA-N,C12H19NO3,225.29,16,True
DB00872,DB00872,DB00872,CC1=NC2=C(CCN(C(=O)C3=CC=C(NC(=O)C4=CC=CC=C4C4=CC=CC=C4)C=C3)C3=CC=CC=C23)N1,Cc1nc2c([nH]1)CCN(C(=O)c1ccc(NC(=O)c3ccccc3-c3ccccc3)cc1)c1ccccc1-2,IKENVDNFQMCRTR-UHFFFAOYSA-N,C32H26N4O2,498.59,38,True
DB00873,DB00873,DB00873,[H][C@@]12CC[C@](O)(C(=O)OCCl)[C@@]1(C)C[C@H](O)[C@@]1([H])[C@@]2([H])CCC2=CC(=O)C=C[C@]12C,C[C@]12C=CC(=O)C=C1CC[C@@H]1[C@@H]2[C@@H](O)C[C@@]2(C)[C@H]1CC[C@]2(O)C(=O)OCCl,YPZVAYHNBBHPTO-MXRBDKCISA-N,C21H27ClO5,394.9,27,True
DB00875,DB00875,DB00875,[H]\C(CCN1CCN(CCO)CC1)=C1/C2=CC=CC=C2SC2=C1C=C(C=C2)C(F)(F)F,OCCN1CCN(CC/C=C2/c3ccccc3Sc3ccc(C(F)(F)F)cc32)CC1,NJMYODHXAKYRHW-DVZOWYKESA-N,C23H25F3N2OS,434.53,30,True
DB00876,DB00876,DB00876,CCCCC1=NC=C(\C=C(/CC2=CC=CS2)C(O)=O)N1CC1=CC=C(C=C1)C(O)=O,CCCCc1ncc(/C=C(\Cc2cccs2)C(=O)O)n1Cc1ccc(C(=O)O)cc1,OROAFUQRIXKEMV-LDADJPATSA-N,C23H24N2O4S,424.52,30,True
DB00877,DB00877,DB00877,[H][C@@]1(C[C@@H](C)[C@]2([H])CC(=O)[C@H](C)\C=C(C)\[C@@H](O)[C@@H](OC)C(=O)[C@H](C)C[C@H](C)\C=C\C=C\C=C(C)\[C@H](C[C@]3([H])CC[C@@H](C)[C@@](O)(O3)C(=O)C(=O)N3CCCC[C@@]3([H])C(=O)O2)OC)CC[C@@H](O)[C@@H](C1)OC,CO[C@H]1C[C@@H]2CC[C@@H](C)[C@@](O)(O2)C(=O)C(=O)N2CCCC[C@H]2C(=O)O[C@H]([C@H](C)C[C@@H]2CC[C@@H](O)[C@H](OC)C2)CC(=O)[C@H](C)/C=C(\C)[C@@H](O)[C@@H](OC)C(=O)[C@H](C)C[C@H](C)/C=C/C=C/C=C/1C,QFJCIRLUMZQUOT-HPLJOQBZSA-N,C51H79NO13,914.19,65,True
DB00879,DB00879,DB00879,NC1=NC(=O)N(C=C1F)[C@@H]1CS[C@H](CO)O1,Nc1nc(=O)n([C@@H]2CS[C@H](CO)O2)cc1F,XQSPYNMVSIKCOC-NTSWFWBYSA-N,C8H10FN3O3S,247.25,16,True
DB00880,DB00880,DB00880,NS(=O)(=O)C1=C(Cl)C=C2NC=NS(=O)(=O)C2=C1,NS(=O)(=O)c1cc2c(cc1Cl)NC=NS2(=O)=O,JBMKAUGHUNFTOL-UHFFFAOYSA-N,C7H6ClN3O4S2,295.73,17,True
DB00881,DB00881,DB00881,CCOC(=O)[C@H](CCC1=CC=CC=C1)N[C@@H](C)C(=O)N1CC2=CC=CC=C2C[C@H]1C(O)=O,CCOC(=O)[C@H](CCc1ccccc1)N[C@@H](C)C(=O)N1Cc2ccccc2C[C@H]1C(=O)O,JSDRRTOADPPCHY-HSQYWUDLSA-N,C25H30N2O5,438.52,32,True
DB00882,DB00882,DB00882,CCN(CC)CCOC1=CC=C(C=C1)C(=C(Cl)C1=CC=CC=C1)C1=CC=CC=C1,CCN(CC)CCOc1ccc(C(=C(Cl)c2ccccc2)c2ccccc2)cc1,GKIRPKYJQBWNGO-UHFFFAOYSA-N,C26H28ClNO,405.97,29,True
DB00883,DB00883,DB00883,[H][C@]12OC[C@H](O[N+]([O-])=O)[C@@]1([H])OC[C@H]2O[N+]([O-])=O,O=[N+]([O-])O[C@H]1CO[C@H]2[C@@H]1OC[C@H]2O[N+](=O)[O-],MOYKHGMNXAOIAT-JGWLITMVSA-N,C6H8N2O8,236.14,16,True
DB00884,DB00884,DB00884,OC(CC1=CN=CC=C1)(P(O)(O)=O)P(O)(O)=O,O=P(O)(O)C(O)(Cc1cccnc1)P(=O)(O)O,IIDJRNMFWXDHID-UHFFFAOYSA-N,C7H11NO7P2,283.11,17,True
DB00885,DB00885,DB00885,CC1=CC=CN2C(=O)C(=CN=C12)C1=NNN=N1,Cc1cccn2c(=O)c(-c3nn[nH]n3)cnc12,HIANJWSAHKJQTH-UHFFFAOYSA-N,C10H8N6O,228.22,17,True
DB00887,DB00887,DB00887,CCCCNC1=C(OC2=CC=CC=C2)C(=CC(=C1)C(O)=O)S(N)(=O)=O,CCCCNc1cc(C(=O)O)cc(S(N)(=O)=O)c1Oc1ccccc1,MAEIEVLCKWDQJH-UHFFFAOYSA-N,C17H20N2O5S,364.42,25,True
DB00888,DB00888,DB00888,CN(CCCl)CCCl,CN(CCCl)CCCl,HAWPXGHAZFHHAD-UHFFFAOYSA-N,C5H11Cl2N,156.06,8,True
DB00889,DB00889,DB00889,CN1N=C(C(=O)N[C@@H]2C[C@@H]3CCC[C@H](C2)N3C)C2=C1C=CC=C2,CN1[C@@H]2CCC[C@H]1C[C@@H](NC(=O)c1nn(C)c3ccccc13)C2,MFWNKCLOYSRHCJ-BTTYYORXSA-N,C18H24N4O,312.42,23,True
DB00890,DB00890,DB00890,[H]\C(C)=C(/C(=C(\[H])C)/C1=CC=C(O)C=C1)\C1=CC=C(O)C=C1,C/C=C(/C(=C/C)c1ccc(O)cc1)c1ccc(O)cc1,NFDFQCUYFHCNBW-SCGPFSFSSA-N,C18H18O2,266.34,20,True
DB00891,DB00891,DB00891,NC1=CC=C(C=C1)S(=O)(=O)NC1=CC=CC=N1,Nc1ccc(S(=O)(=O)Nc2ccccn2)cc1,GECHUMIMRBOMGK-UHFFFAOYSA-N,C11H11N3O2S,249.3,17,True
DB00892,DB00892,DB00892,CCCCOC1=CC(=CC=C1N)C(=O)OCCN(CC)CC,CCCCOc1cc(C(=O)OCCN(CC)CC)ccc1N,CMHHMUWAYWTMGS-UHFFFAOYSA-N,C17H28N2O3,308.42,22,True
DB00894,DB00894,DB00894,[H][C@@]12CCC3=CC(=O)C=C[C@]3(C)[C@@]1([H])CC[C@]1(C)OC(=O)CC[C@@]21[H],C[C@]12C=CC(=O)C=C1CC[C@@H]1[C@@H]2CC[C@]2(C)OC(=O)CC[C@@H]12,BPEWUONYVDABNZ-DZBHQSCQSA-N,C19H24O3,300.4,22,True
DB00896,DB00896,DB00896,[H][C@@]12C[C@@H](C)[C@](C)(C(=O)CC)[C@@]1(C)C[C@H](O)[C@@]1([H])[C@@]2([H])CCC2=CC(=O)C=C[C@]12C,CCC(=O)[C@@]1(C)[C@H](C)C[C@H]2[C@@H]3CCC4=CC(=O)C=C[C@]4(C)[C@H]3[C@@H](O)C[C@@]21C,QTTRZHGPGKRAFB-OOKHYKNYSA-N,C24H34O3,370.53,27,True
DB00897,DB00897,DB00897,CC1=NN=C2CN=C(C3=CC=CC=C3Cl)C3=C(C=CC(Cl)=C3)N12,Cc1nnc2n1-c1ccc(Cl)cc1C(c1ccccc1Cl)=NC2,JOFWLTCLBGQGBO-UHFFFAOYSA-N,C17H12Cl2N4,343.22,23,True
DB00898,DB00898,DB00898,CCO,CCO,LFQSCWFLJHTTHZ-UHFFFAOYSA-N,C2H6O,46.07,3,True
DB00899,DB00899,DB00899,CCC(=O)N(C1=CC=CC=C1)C1(CCN(CCC(=O)OC)CC1)C(=O)OC,CCC(=O)N(c1ccccc1)C1(C(=O)OC)CCN(CCC(=O)OC)CC1,ZTVQQQVZCWLTDF-UHFFFAOYSA-N,C20H28N2O5,376.45,27,True
DB00900,DB00900,DB00900,OC[C@@H]1CC[C@@H](O1)N1C=NC2=C1NC=NC2=O,O=c1nc[nH]c2c1ncn2[C@H]1CC[C@@H](CO)O1,BXZVVICBKDXVGW-NKWVEPMBSA-N,C10H12N4O3,236.23,17,True
DB00903,DB00903,DB00903,CCC(=C)C(=O)C1=C(Cl)C(Cl)=C(OCC(O)=O)C=C1,C=C(CC)C(=O)c1ccc(OCC(=O)O)c(Cl)c1Cl,AVOLMBLBETYQHX-UHFFFAOYSA-N,C13H12Cl2O4,303.14,19,True
DB00904,DB00904,DB00904,CN1C2=C(C3=CC=CC=C13)C(=O)C(CN1C=CN=C1C)CC2,Cc1nccn1CC1CCc2c(c3ccccc3n2C)C1=O,FELGMEQIXOGIFQ-UHFFFAOYSA-N,C18H19N3O,293.37,22,True
DB00905,DB00905,DB00905,CCNC(=O)CCC\C=C/C[C@H]1[C@@H](O)C[C@@H](O)[C@@H]1\C=C\[C@@H](O)CCC1=CC=CC=C1,CCNC(=O)CCC/C=C\C[C@@H]1[C@@H](/C=C/[C@@H](O)CCc2ccccc2)[C@H](O)C[C@@H]1O,AQOKCDNYWBIDND-FTOWTWDKSA-N,C25H37NO4,415.57,30,True
DB00906,DB00906,DB00906,CC1=C(SC=C1)C(=CCCN1CCC[C@H](C1)C(O)=O)C1=C(C)C=CS1,Cc1ccsc1C(=CCCN1CCC[C@@H](C(=O)O)C1)c1sccc1C,PBJUNZJWGZTSKL-MRXNPFEDSA-N,C20H25NO2S2,375.56,25,True
DB00907,DB00907,DB00907,[H][C@]12CC[C@]([H])([C@H]([C@H](C1)OC(=O)C1=CC=CC=C1)C(=O)OC)N2C,COC(=O)[C@H]1[C@@H](OC(=O)c2ccccc2)C[C@@H]2CC[C@H]1N2C,ZPUCINDJVBIVPJ-LJISPDSOSA-N,C17H21NO4,303.36,22,True
DB00908,DB00908,DB00908,[H][C@@]12CCN(C[C@@H]1C=C)[C@]([H])(C2)[C@@H](O)C1=C2C=C(OC)C=CC2=NC=C1,C=C[C@H]1CN2CC[C@H]1C[C@@H]2[C@@H](O)c1ccnc2ccc(OC)cc12,LOUPRKONTZGTKE-LHHVKLHASA-N,C20H24N2O2,324.42,24,True
DB00909,DB00909,DB00909,NS(=O)(=O)CC1=NOC2=CC=CC=C12,NS(=O)(=O)Cc1noc2ccccc12,UBQNRHZMVUUOMG-UHFFFAOYSA-N,C8H8N2O3S,212.23,14,True
DB00910,DB00910,DB00910,[H][C@@]1(CC[C@@]2([H])\C(CCC[C@]12C)=C\C=C1C[C@@H](O)C[C@H](O)C1)[C@H](C)\C=C\[C@H](C)C(C)(C)O,C[C@H](/C=C/[C@H](C)C(C)(C)O)[C@H]1CC[C@H]2/C(=C/C=C3C[C@@H](O)C[C@H](O)C3)CCC[C@]12C,BPKAHTKRCLCHEA-UBFJEZKGSA-N,C27H44O3,416.65,30,True
DB00911,DB00911,DB00911,CCS(=O)(=O)CCN1C(C)=NC=C1[N+]([O-])=O,CCS(=O)(=O)CCn1c([N+](=O)[O-])cnc1C,HJLSLZFTEKNLFI-UHFFFAOYSA-N,C8H13N3O4S,247.28,16,True
DB00912,DB00912,DB00912,CCOC1=C(C=CC(CC(=O)N[C@@H](CC(C)C)C2=CC=CC=C2N2CCCCC2)=C1)C(O)=O,CCOc1cc(CC(=O)N[C@@H](CC(C)C)c2ccccc2N2CCCCC2)ccc1C(=O)O,FAEKWTJYAYMJKF-QHCPKHFHSA-N,C27H36N2O4,452.6,33,True
DB00914,DB00914,DB00914,NC(=N)NC(=N)NCCC1=CC=CC=C1,N=C(N)NC(=N)NCCc1ccccc1,ICFJFFQQTFMIBG-UHFFFAOYSA-N,C10H15N5,205.27,15,True
DB00915,DB00915,DB00915,NC12CC3CC(CC(C3)C1)C2,NC12CC3CC(CC(C3)C1)C2,DKNWSYNQZKUICI-UHFFFAOYSA-N,C10H17N,151.25,11,True
DB00916,DB00916,DB00916,CC1=NC=C(N1CCO)[N+]([O-])=O,Cc1ncc([N+](=O)[O-])n1CCO,VAOCPAMSLUNLGC-UHFFFAOYSA-N,C6H9N3O3,171.16,12,True
DB00917,DB00917,DB00917,CCCCC[C@H](O)\C=C\[C@H]1[C@H](O)CC(=O)[C@@H]1C\C=C/CCCC(O)=O,CCCCC[C@H](O)/C=C/[C@H]1[C@H](O)CC(=O)[C@@H]1C/C=C\CCCC(=O)O,XEYBRNLFEZDVAW-ARSRFYASSA-N,C20H32O5,352.47,25,True
DB00918,DB00918,DB00918,CN(C)CCC1=CNC2=C1C=C(CS(=O)(=O)N1CCCC1)C=C2,CN(C)CCc1c[nH]c2ccc(CS(=O)(=O)N3CCCC3)cc12,WKEMJKQOLOHJLZ-UHFFFAOYSA-N,C17H25N3O2S,335.47,23,True
DB00919,DB00919,DB00919,[H][C@@]12O[C@H](C)CC(=O)[C@]1(O)O[C@]1([H])[C@@H](NC)[C@@H](O)[C@@H](NC)[C@H](O)[C@@]1([H])O2,CN[C@@H]1[C@H](O)[C@H](NC)[C@H]2O[C@@]3(O)C(=O)C[C@@H](C)O[C@H]3O[C@@H]2[C@H]1O,UNFWWIHTNXNPBV-WXKVUWSESA-N,C14H24N2O7,332.35,23,True
DB00920,DB00920,DB00920,CN1CCC(CC1)=C1C2=C(SC=C2)C(=O)CC2=CC=CC=C12,CN1CCC(=C2c3ccccc3CC(=O)c3sccc32)CC1,ZCVMWBYGMWKGHF-UHFFFAOYSA-N,C19H19NOS,309.43,22,True
DB00921,DB00921,DB00921,CO[C@]12CC[C@@]3(C[C@@H]1[C@](C)(O)C(C)(C)C)[C@H]1CC4=C5C(O[C@@H]2[C@@]35CCN1CC1CC1)=C(O)C=C4,CO[C@]12CC[C@@]3(C[C@@H]1[C@](C)(O)C(C)(C)C)[C@H]1Cc4ccc(O)c5c4[C@@]3(CCN1CC1CC1)[C@H]2O5,RMRJXGBAOAMLHD-IHFGGWKQSA-N,C29H41NO4,467.65,34,True
DB00922,DB00922,DB00922,C[C@@H]1CC(=O)NN=C1C1=CC=C(NN=C(C#N)C#N)C=C1,C[C@@H]1CC(=O)NN=C1c1ccc(NN=C(C#N)C#N)cc1,WHXMKTBCFHIYNQ-SECBINFHSA-N,C14H12N6O,280.29,21,True
DB00923,DB00923,DB00923,[H][C@]12SCC(CSC3=NN=NN3CC(O)=O)=C(N1C(=O)[C@H]2NC(=O)CC1=CC=CC=C1CN)C(O)=O,NCc1ccccc1CC(=O)N[C@@H]1C(=O)N2C(C(=O)O)=C(CSc3nnnn3CC(=O)O)CS[C@H]12,SLAYUXIURFNXPG-CRAIPNDOSA-N,C20H21N7O6S2,519.57,35,True
DB00924,DB00924,DB00924,CN(C)CCC=C1C2=CC=CC=C2C=CC2=CC=CC=C12,CN(C)CCC=C1c2ccccc2C=Cc2ccccc21,JURKNVYFZMSNLP-UHFFFAOYSA-N,C20H21N,275.4,21,True
DB00925,DB00925,DB00925,CC(COC1=CC=CC=C1)N(CCCl)CC1=CC=CC=C1,CC(COc1ccccc1)N(CCCl)Cc1ccccc1,QZVCTJOXCFMACW-UHFFFAOYSA-N,C18H22ClNO,303.83,21,True
DB00927,DB00927,DB00927,NC(N)=NC1=NC(CSCCC(N)=NS(N)(=O)=O)=CS1,NC(N)=Nc1nc(CSCCC(N)=NS(N)(=O)=O)cs1,XUFQPHANEAPEMJ-UHFFFAOYSA-N,C8H15N7O2S3,337.46,20,True
DB00928,DB00928,DB00928,NC1=NC(=O)N(C=N1)[C@@H]1O[C@H](CO)[C@@H](O)[C@H]1O,Nc1ncn([C@@H]2O[C@H](CO)[C@@H](O)[C@H]2O)c(=O)n1,NMUSYJAQQFHJEW-KVTDHHQDSA-N,C8H12N4O5,244.21,17,True
DB00929,DB00929,DB00929,CCCCC(C)(O)C\C=C\[C@H]1[C@H](O)CC(=O)[C@@H]1CCCCCCC(=O)OC,CCCCC(C)(O)C/C=C/[C@H]1[C@H](O)CC(=O)[C@@H]1CCCCCCC(=O)OC,OJLOPKGSLYJEMD-URPKTTJQSA-N,C22H38O5,382.54,27,True
DB00931,DB00931,DB00931,[H][C@@]12[C@@H](O)[C@]3([H])C(=C)C4=C(C(O)=CC=C4)C(=O)C3=C(O)[C@]1(O)C(=O)C(C(N)=O)=C(O)[C@H]2N(C)C,C=C1c2cccc(O)c2C(=O)C2=C(O)[C@]3(O)C(=O)C(C(N)=O)=C(O)[C@@H](N(C)C)[C@@H]3[C@@H](O)[C@H]12,MHIGBKBJSQVXNH-IWVLMIASSA-N,C22H22N2O8,442.42,32,True
DB00932,DB00932,DB00932,[H][C@@](CC)(C1=CC(NS(=O)(=O)C2=NC=C(C=C2)C(F)(F)F)=CC=C1)C1=C(O)C[C@@](CCC)(CCC2=CC=CC=C2)OC1=O,CCC[C@@]1(CCc2ccccc2)CC(O)=C([C@H](CC)c2cccc(NS(=O)(=O)c3ccc(C(F)(F)F)cn3)c2)C(=O)O1,SUJUHGSWHZTSEU-FYBSXPHGSA-N,C31H33F3N2O5S,602.68,42,True
DB00933,DB00933,DB00933,CN1CCCCC1CCN1C2=C(SC3=C1C=C(C=C3)S(C)=O)C=CC=C2,CN1CCCCC1CCN1c2ccccc2Sc2ccc(S(C)=O)cc21,SLVMESMUVMCQIY-UHFFFAOYSA-N,C21H26N2OS2,386.59,26,True
DB00934,DB00934,DB00934,CNCCCC12CCC(C3=CC=CC=C13)C1=CC=CC=C21,CNCCCC12CCC(c3ccccc31)c1ccccc12,QSLMDECMDJKHMQ-UHFFFAOYSA-N,C20H23N,277.41,21,True
DB00935,DB00935,DB00935,CC1=CC(=C(O)C(C)=C1CC1=NCCN1)C(C)(C)C,Cc1cc(C(C)(C)C)c(O)c(C)c1CC1=NCCN1,WYWIFABBXFUGLM-UHFFFAOYSA-N,C16H24N2O,260.38,19,True
DB00936,DB00936,DB00936,OC(=O)C1=CC=CC=C1O,O=C(O)c1ccccc1O,YGSDEFSMJLZEOE-UHFFFAOYSA-N,C7H6O3,138.12,10,True
DB00937,DB00937,DB00937,CCN(CC)C(C)C(=O)C1=CC=CC=C1,CCN(CC)C(C)C(=O)c1ccccc1,XXEPPPIWZFICOJ-UHFFFAOYSA-N,C13H19NO,205.3,15,True
DB00938,DB00938,DB00938,OCC1=C(O)C=CC(=C1)C(O)CNCCCCCCOCCCCC1=CC=CC=C1,OCc1cc(C(O)CNCCCCCCOCCCCc2ccccc2)ccc1O,GIIZNNXWQWCKIB-UHFFFAOYSA-N,C25H37NO4,415.57,30,True
DB00939,DB00939,DB00939,CC1=C(Cl)C(NC2=CC=CC=C2C(O)=O)=C(Cl)C=C1,Cc1ccc(Cl)c(Nc2ccccc2C(=O)O)c1Cl,SBDNJUWAMKYJOX-UHFFFAOYSA-N,C14H11Cl2NO2,296.15,19,True
DB00940,DB00940,DB00940,CC[N+](C)(CC)CCOC(=O)C1C2=CC=CC=C2OC2=CC=CC=C12,CC[N+](C)(CC)CCOC(=O)C1c2ccccc2Oc2ccccc21,GZHFODJQISUKAY-UHFFFAOYSA-N,C21H26NO3+,340.44,25,True
DB00943,DB00943,DB00943,NC1=NC(=O)N(C=C1)[C@H]1CC[C@@H](CO)O1,Nc1ccn([C@H]2CC[C@@H](CO)O2)c(=O)n1,WREGKURFCTUGRC-POYBYMJQSA-N,C9H13N3O3,211.22,15,True
DB00944,DB00944,DB00944,CN(CCCCCCCCCCN(C)C(=O)OC1=CC=CC(=C1)[N+](C)(C)C)C(=O)OC1=CC=CC(=C1)[N+](C)(C)C,CN(CCCCCCCCCCN(C)C(=O)Oc1cccc([N+](C)(C)C)c1)C(=O)Oc1cccc([N+](C)(C)C)c1,RWZVPVOZTJJMNU-UHFFFAOYSA-N,C32H52N4O4+2,556.79,40,True
DB00945,DB00945,DB00945,CC(=O)OC1=CC=CC=C1C(O)=O,CC(=O)Oc1ccccc1C(=O)O,BSYNRYMUTXBXSQ-UHFFFAOYSA-N,C9H8O4,180.16,13,True
DB00946,DB00946,DB00946,CCC(C1=CC=CC=C1)C1=C(O)C2=C(OC1=O)C=CC=C2,CCC(c1ccccc1)c1c(O)c2ccccc2oc1=O,DQDAYGNAKTZFIW-UHFFFAOYSA-N,C18H16O3,280.32,21,True
DB00947,DB00947,DB00947,[H][C@@]12CC[C@H](O)[C@@]1(C)CC[C@]1([H])C3=CC=C(O)C=C3C[C@@H](CCCCCCCCCS(=O)CCCC(F)(F)C(F)(F)F)[C@@]21[H],C[C@]12CC[C@@H]3c4ccc(O)cc4C[C@@H](CCCCCCCCCS(=O)CCCC(F)(F)C(F)(F)F)[C@H]3[C@@H]1CC[C@@H]2O,VWUXBMIQPBEWFH-WCCTWKNTSA-N,C32H47F5O3S,606.78,41,True
DB00948,DB00948,DB00948,[H][C@]12SC(C)(C)[C@@H](N1C(=O)[C@H]2NC(=O)[C@H](NC(=O)N1CCN(C1=O)S(C)(=O)=O)C1=CC=CC=C1)C(O)=O,CC1(C)S[C@@H]2[C@H](NC(=O)[C@H](NC(=O)N3CCN(S(C)(=O)=O)C3=O)c3ccccc3)C(=O)N2[C@H]1C(=O)O,YPBATNHYBCGSSN-VWPFQQQWSA-N,C21H25N5O8S2,539.59,36,True
DB00949,DB00949,DB00949,NC(=O)OCC(COC(N)=O)C1=CC=CC=C1,NC(=O)OCC(COC(N)=O)c1ccccc1,WKGXYQFOCVYPAC-UHFFFAOYSA-N,C11H14N2O4,238.24,17,True
DB00950,DB00950,DB00950,CC(C)(C(O)=O)C1=CC=C(C=C1)C(O)CCCN1CCC(CC1)C(O)(C1=CC=CC=C1)C1=CC=CC=C1,CC(C)(C(=O)O)c1ccc(C(O)CCCN2CCC(C(O)(c3ccccc3)c3ccccc3)CC2)cc1,RWTNPBWLLIMQHL-UHFFFAOYSA-N,C32H39NO4,501.67,37,True
DB00951,DB00951,DB00951,NNC(=O)C1=CC=NC=C1,NNC(=O)c1ccncc1,QRXWMOHMRWLFEY-UHFFFAOYSA-N,C6H7N3O,137.14,10,True
DB00952,DB00952,DB00952,CNS(=O)(=O)CCC1=CC2=C(NC=C2C2CCN(C)CC2)C=C1,CNS(=O)(=O)CCc1ccc2[nH]cc(C3CCN(C)CC3)c2c1,AMKVXSZCKVJAGH-UHFFFAOYSA-N,C17H25N3O2S,335.47,23,True
DB00953,DB00953,DB00953,CN(C)CCC1=CNC2=C1C=C(CN1C=NC=N1)C=C2,CN(C)CCc1c[nH]c2ccc(Cn3cncn3)cc12,ULFRLSNUDGIQQP-UHFFFAOYSA-N,C15H19N5,269.35,20,True
DB00954,DB00954,DB00954,CC[C@H]1OC(=O)[C@H](C)[C@@H](O[C@H]2C[C@@](C)(OC)[C@@H](O)[C@H](C)O2)[C@H](C)[C@@H](O[C@@H]2O[C@H](C)C[C@@H]([C@H]2O)N(C)C)[C@](C)(O)C[C@@H](C)[C@@H]2N[C@@H](COCCOC)O[C@H]([C@H]2C)[C@]1(C)O,CC[C@H]1OC(=O)[C@H](C)[C@@H](O[C@H]2C[C@@](C)(OC)[C@@H](O)[C@H](C)O2)[C@H](C)[C@@H](O[C@@H]2O[C@H](C)C[C@H](N(C)C)[C@H]2O)[C@](C)(O)C[C@@H](C)[C@@H]2N[C@@H](COCCOC)O[C@H]([C@H]2C)[C@]1(C)O,WLOHNSSYAXHWNR-DWIOZXRMSA-N,C42H78N2O14,835.09,58,True
DB00955,DB00955,DB00955,CCN[C@@H]1C[C@H](N)[C@@H](O[C@H]2OC(CN)=CC[C@H]2N)[C@H](O)[C@H]1O[C@H]1OC[C@](C)(O)[C@H](NC)[C@H]1O,CCN[C@@H]1C[C@H](N)[C@@H](O[C@H]2OC(CN)=CC[C@H]2N)[C@H](O)[C@H]1O[C@H]1OC[C@](C)(O)[C@H](NC)[C@H]1O,CIDUJQMULVCIBT-MQDUPKMGSA-N,C21H41N5O7,475.59,33,True
DB00956,DB00956,DB00956,[H][C@@]12OC3=C(OC)C=CC4=C3[C@@]11CCN(C)[C@]([H])(C4)[C@]1([H])CCC2=O,COc1ccc2c3c1O[C@H]1C(=O)CC[C@H]4[C@@H](C2)N(C)CC[C@]314,LLPOLZWFYMWNKH-CMKMFDCUSA-N,C18H21NO3,299.37,22,True
DB00957,DB00957,DB00957,[H][C@@]12CC[C@@](OC(C)=O)(C#C)[C@@]1(CC)CC[C@]1([H])[C@@]3([H])CC\C(C=C3CC[C@@]21[H])=N/O,C#C[C@]1(OC(C)=O)CC[C@H]2[C@@H]3CCC4=C/C(=N/O)CC[C@@H]4[C@H]3CC[C@@]21CC,KIQQMECNKUGGKA-NMYWJIRASA-N,C23H31NO3,369.51,27,True
DB00958,DB00958,DB00958,[H][N]([H])([H])[Pt]1(OC(=O)C2(CCC2)C(=O)O1)[N]([H])([H])[H],[NH3]->[Pt]1(<-[NH3])[O]C(=O)C2(CCC2)C(=O)[O]1,,C6H12N2O4Pt,371.25,13,True
DB00959,DB00959,DB00959,[H][C@@]12CC[C@](O)(C(=O)CO)[C@@]1(C)C[C@H](O)[C@@]1([H])[C@@]2([H])C[C@H](C)C2=CC(=O)C=C[C@]12C,C[C@H]1C[C@@H]2[C@H]([C@@H](O)C[C@@]3(C)[C@H]2CC[C@]3(O)C(=O)CO)[C@@]2(C)C=CC(=O)C=C12,VHRSUDSXCMQTMA-PJHHCJLFSA-N,C22H30O5,374.48,27,True
DB00960,DB00960,DB00960,CC(C)NCC(O)COC1=CC=CC2=C1C=CN2,CC(C)NCC(O)COc1cccc2[nH]ccc12,JZQKKSLKJUAGIC-UHFFFAOYSA-N,C14H20N2O2,248.33,18,True
DB00961,DB00961,DB00961,CN1CCCCC1C(=O)NC1=C(C)C=CC=C1C,Cc1cccc(C)c1NC(=O)C1CCCCN1C,INWLQCZOYSRPNW-UHFFFAOYSA-N,C15H22N2O,246.35,18,True
DB00962,DB00962,DB00962,CCN(C(C)=O)C1=CC=CC(=C1)C1=CC=NC2=C(C=NN12)C#N,CCN(C(C)=O)c1cccc(-c2ccnc3c(C#N)cnn23)c1,HUNXMJYCHXQEGX-UHFFFAOYSA-N,C17H15N5O,305.34,23,True
DB00963,DB00963,DB00963,NC1=C(CC(O)=O)C=CC=C1C(=O)C1=CC=C(Br)C=C1,Nc1c(CC(=O)O)cccc1C(=O)c1ccc(Br)cc1,ZBPLOVFIXSTCRZ-UHFFFAOYSA-N,C15H12BrNO3,334.17,20,True
DB00964,DB00964,DB00964,NC1=CC(Cl)=C(NC2=NCCN2)C(Cl)=C1,Nc1cc(Cl)c(NC2=NCCN2)c(Cl)c1,IEJXVRYNEISIKR-UHFFFAOYSA-N,C9H10Cl2N4,245.11,15,True
DB00966,DB00966,DB00966,CCCC1=NC2=C(C=C(C=C2C)C2=NC3=CC=CC=C3N2C)N1CC1=CC=C(C=C1)C1=CC=CC=C1C(O)=O,CCCc1nc2c(C)cc(-c3nc4ccccc4n3C)cc2n1Cc1ccc(-c2ccccc2C(=O)O)cc1,RMMXLENWKUUMAY-UHFFFAOYSA-N,C33H30N4O2,514.63,39,True
DB00967,DB00967,DB00967,ClC1=CC2=C(C=C1)C(=C1CCNCC1)C1=C(CC2)C=CC=N1,Clc1ccc2c(c1)CCc1cccnc1C2=C1CCNCC1,JAUOIFJMECXRGI-UHFFFAOYSA-N,C19H19ClN2,310.83,22,True
DB00968,DB00968,DB00968,C[C@](N)(CC1=CC=C(O)C(O)=C1)C(O)=O,C[C@](N)(Cc1ccc(O)c(O)c1)C(=O)O,CJCSPKMFHVPWAR-JTQLQIEISA-N,C10H13NO4,211.22,15,True
DB00969,DB00969,DB00969,CN1C2=C(C3=CC=CC=C13)C(=O)N(CC1=C(C)NC=N1)CC2,Cc1[nH]cnc1CN1CCc2c(c3ccccc3n2C)C1=O,JSWZEAMFRNKZNL-UHFFFAOYSA-N,C17H18N4O,294.36,22,True
DB00970,DB00970,DB00970,[H][C@@]12CCCN1C(=O)[C@H](NC(=O)[C@@H](NC(=O)C1=C3N=C4C(OC3=C(C)C=C1)=C(C)C(=O)C(N)=C4C(=O)N[C@H]1[C@@H](C)OC(=O)[C@H](C(C)C)N(C)C(=O)CN(C)C(=O)[C@]3([H])CCCN3C(=O)[C@H](NC1=O)C(C)C)[C@@H](C)OC(=O)[C@H](C(C)C)N(C)C(=O)CN(C)C2=O)C(C)C,Cc1c2oc3c(C)ccc(C(=O)N[C@@H]4C(=O)N[C@H](C(C)C)C(=O)N5CCC[C@H]5C(=O)N(C)CC(=O)N(C)[C@@H](C(C)C)C(=O)O[C@@H]4C)c3nc-2c(C(=O)N[C@@H]2C(=O)N[C@H](C(C)C)C(=O)N3CCC[C@H]3C(=O)N(C)CC(=O)N(C)[C@@H](C(C)C)C(=O)O[C@@H]2C)c(N)c1=O,RJURFGZVJUQBHK-IIXSONLDSA-N,C62H86N12O16,1255.44,90,True
DB00972,DB00972,DB00972,CN1CCCC(CC1)N1N=C(CC2=CC=C(Cl)C=C2)C2=CC=CC=C2C1=O,CN1CCCC(n2nc(Cc3ccc(Cl)cc3)c3ccccc3c2=O)CC1,MBUVEWMHONZEQD-UHFFFAOYSA-N,C22H24ClN3O,381.91,27,True
DB00973,DB00973,DB00973,[H][C@]1(CC[C@H](O)C2=CC=C(F)C=C2)C(=O)N(C2=CC=C(F)C=C2)[C@]1([H])C1=CC=C(O)C=C1,O=C1[C@H](CC[C@H](O)c2ccc(F)cc2)[C@@H](c2ccc(O)cc2)N1c1ccc(F)cc1,OLNTVTPDXPETLC-XPWALMASSA-N,C24H21F2NO3,409.43,30,True
DB00974,DB00974,DB00974,OC(=O)CN(CCN(CC(O)=O)CC(O)=O)CC(O)=O,O=C(O)CN(CCN(CC(=O)O)CC(=O)O)CC(=O)O,KCXVZYZYPLLWCC-UHFFFAOYSA-N,C10H16N2O8,292.24,20,True
DB00975,DB00975,DB00975,OCCN(CCO)C1=NC2=C(N=C(N=C2N2CCCCC2)N(CCO)CCO)C(=N1)N1CCCCC1,OCCN(CCO)c1nc(N2CCCCC2)c2nc(N(CCO)CCO)nc(N3CCCCC3)c2n1,IZEKFCXSFNUWAM-UHFFFAOYSA-N,C24H40N8O4,504.64,36,True
DB00976,DB00976,DB00976,[H][C@@]12[C@@H](C)C(=O)[C@H](C)C[C@@](C)(OC)[C@H](O[C@@H]3O[C@H](C)C[C@@H]([C@H]3O)N(C)C)[C@@H](C)C(=O)[C@@H](C)C(=O)O[C@H](CC)[C@@]1(C)OC(=O)N2CCCCN1C=NC(=C1)C1=CC=CN=C1,CC[C@H]1OC(=O)[C@H](C)C(=O)[C@H](C)[C@@H](O[C@@H]2O[C@H](C)C[C@H](N(C)C)[C@H]2O)[C@](C)(OC)C[C@@H](C)C(=O)[C@H](C)[C@H]2N(CCCCn3cnc(-c4cccnc4)c3)C(=O)O[C@]12C,LJVAJPDWBABPEJ-PNUFFHFMSA-N,C43H65N5O10,812.02,58,True
DB00977,DB00977,DB00977,[H][C@@]12CC[C@@](O)(C#C)[C@@]1(C)CC[C@]1([H])C3=C(CC[C@@]21[H])C=C(O)C=C3,C#C[C@]1(O)CC[C@H]2[C@@H]3CCc4cc(O)ccc4[C@H]3CC[C@@]21C,BFPYWIDHMRZLRN-SLHNCBLASA-N,C20H24O2,296.41,22,True
DB00978,DB00978,DB00978,CCN1C=C(C(O)=O)C(=O)C2=CC(F)=C(N3CCNC(C)C3)C(F)=C12,CCn1cc(C(=O)O)c(=O)c2cc(F)c(N3CCNC(C)C3)c(F)c21,ZEKZLJVOYLTDKK-UHFFFAOYSA-N,C17H19F2N3O3,351.35,25,True
DB00979,DB00979,DB00979,CN(C)CCOC(=O)C(C1=CC=CC=C1)C1(O)CCCC1,CN(C)CCOC(=O)C(c1ccccc1)C1(O)CCCC1,SKYSRIRYMSLOIN-UHFFFAOYSA-N,C17H25NO3,291.39,21,True
DB00980,DB00980,DB00980,CCC(=O)NCC[C@@H]1CCC2=C1C1=C(OCC1)C=C2,CCC(=O)NCC[C@@H]1CCc2ccc3c(c21)CCO3,YLXDSYKOBKBWJQ-LBPRGKRZSA-N,C16H21NO2,259.35,19,True
DB00981,DB00981,DB00981,[H][C@]12N(C)CC[C@@]1(C)C1=C(C=CC(OC(=O)NC)=C1)N2C,CNC(=O)Oc1ccc2c(c1)[C@]1(C)CCN(C)[C@@H]1N2C,PIJVFDBKTWXHHD-HIFRSBDPSA-N,C15H21N3O2,275.35,20,True
DB00982,DB00982,DB00982,C\C(\C=C\C1=C(C)CCCC1(C)C)=C/C=C/C(/C)=C\C(O)=O,CC1=C(/C=C/C(C)=C/C=C/C(C)=C\C(=O)O)C(C)(C)CCC1,SHGAZHPCJJPHSC-XFYACQKRSA-N,C20H28O2,300.44,22,True
DB00983,DB00983,DB00983,COC1=CC=C(CC(C)NCC(O)C2=CC(NC=O)=C(O)C=C2)C=C1,COc1ccc(CC(C)NCC(O)c2ccc(O)c(NC=O)c2)cc1,BPZSYCZIITTYBL-UHFFFAOYSA-N,C19H24N2O4,344.41,25,True
DB00985,DB00985,DB00985,CN1C2=C(N=C(Cl)N2)C(=O)N(C)C1=O.CN(C)CCOC(C1=CC=CC=C1)C1=CC=CC=C1,CN(C)CCOC(c1ccccc1)c1ccccc1.Cn1c(=O)c2nc(Cl)[nH]c2n(C)c1=O,NFLLKCVHYJRNRH-UHFFFAOYSA-N,C24H28ClN5O3,469.97,33,True
DB00986,DB00986,DB00986,C[N+]1(C)CCC(C1)OC(=O)C(O)(C1CCCC1)C1=CC=CC=C1,C[N+]1(C)CCC(OC(=O)C(O)(c2ccccc2)C2CCCC2)C1,ANGKOCUUWGHLCE-UHFFFAOYSA-N,C19H28NO3+,318.44,23,True
DB00987,DB00987,DB00987,NC1=NC(=O)N(C=C1)[C@@H]1O[C@H](CO)[C@@H](O)[C@@H]1O,Nc1ccn([C@@H]2O[C@H](CO)[C@@H](O)[C@@H]2O)c(=O)n1,UHDGCWIWMRVCDJ-CCXZUQQUSA-N,C9H13N3O5,243.22,17,True
DB00988,DB00988,DB00988,NCCC1=CC(O)=C(O)C=C1,NCCc1ccc(O)c(O)c1,VYFYYTLLBUKUHU-UHFFFAOYSA-N,C8H11NO2,153.18,11,True
DB00989,DB00989,DB00989,CCN(C)C(=O)OC1=CC=CC(=C1)[C@H](C)N(C)C,CCN(C)C(=O)Oc1cccc([C@H](C)N(C)C)c1,XSVMFMHYUFZWBK-NSHDSACASA-N,C14H22N2O2,250.34,18,True
DB00990,DB00990,DB00990,[H][C@@]12CCC(=O)[C@@]1(C)CC[C@@]1([H])[C@@]2([H])CC(=C)C2=CC(=O)C=C[C@]12C,C=C1C[C@@H]2[C@H](CC[C@]3(C)C(=O)CC[C@@H]23)[C@@]2(C)C=CC(=O)C=C12,BFYIZQONLCFLEV-DAELLWKTSA-N,C20H24O2,296.41,22,True
DB00991,DB00991,DB00991,OC(=O)CCC1=NC(=C(O1)C1=CC=CC=C1)C1=CC=CC=C1,O=C(O)CCc1nc(-c2ccccc2)c(-c2ccccc2)o1,OFPXSFXSNFPTHF-UHFFFAOYSA-N,C18H15NO3,293.32,22,True
DB00992,DB00992,DB00992,COC(=O)CCC(=O)CN,COC(=O)CCC(=O)CN,YUUAYBAIHCDHHD-UHFFFAOYSA-N,C6H11NO3,145.16,10,True
DB00993,DB00993,DB00993,CN1C=NC(=C1SC1=NC=NC2=C1NC=N2)[N+]([O-])=O,Cn1cnc([N+](=O)[O-])c1Sc1ncnc2nc[nH]c12,LMEKQMALGUDUQG-UHFFFAOYSA-N,C9H7N7O2S,277.27,19,True
DB00996,DB00996,DB00996,NCC1(CC(O)=O)CCCCC1,NCC1(CC(=O)O)CCCCC1,UGJMXCAKCUNAIE-UHFFFAOYSA-N,C9H17NO2,171.24,12,True
DB00997,DB00997,DB00997,COC1=CC=CC2=C1C(=O)C1=C(O)C3=C(C[C@](O)(C[C@@H]3O[C@H]3C[C@H](N)[C@H](O)[C@H](C)O3)C(=O)CO)C(O)=C1C2=O,COc1cccc2c1C(=O)c1c(O)c3c(c(O)c1C2=O)C[C@@](O)(C(=O)CO)C[C@@H]3O[C@H]1C[C@H](N)[C@H](O)[C@H](C)O1,AOJJSUZBOXZQNB-TZSSRYMLSA-N,C27H29NO11,543.53,39,True
DB00998,DB00998,DB00998,CN[C@@H]1CCC2=C(C1)C1=C(N2)C=CC(=C1)C(N)=O,CN[C@@H]1CCc2[nH]c3ccc(C(N)=O)cc3c2C1,XPSQPHWEGNHMSK-SECBINFHSA-N,C14H17N3O,243.31,18,True
DB00999,DB00999,DB00999,NS(=O)(=O)C1=C(Cl)C=C2NCNS(=O)(=O)C2=C1,NS(=O)(=O)c1cc2c(cc1Cl)NCNS2(=O)=O,JZUFKLXOESDKRF-UHFFFAOYSA-N,C7H8ClN3O4S2,297.75,17,True
DB01000,DB01000,DB01000,[H][C@]12SC(C)(C)[C@@H](N1C(=O)[C@H]2NC(=O)C1(N)CCCCC1)C(O)=O,CC1(C)S[C@@H]2[C@H](NC(=O)C3(N)CCCCC3)C(=O)N2[C@H]1C(=O)O,HGBLNBBNRORJKI-WCABBAIRSA-N,C15H23N3O4S,341.43,23,True
DB01001,DB01001,DB01001,CC(C)(C)NCC(O)C1=CC(CO)=C(O)C=C1,CC(C)(C)NCC(O)c1ccc(O)c(CO)c1,NDAUXUAQIAJITI-UHFFFAOYSA-N,C13H21NO3,239.31,17,True
DB01002,DB01002,DB01002,CCCCN1CCCC[C@H]1C(=O)NC1=C(C)C=CC=C1C,CCCCN1CCCC[C@H]1C(=O)Nc1c(C)cccc1C,LEBVLXFERQHONN-INIZCTEOSA-N,C18H28N2O,288.44,21,True
DB01004,DB01004,DB01004,NC1=NC2=C(N=CN2COC(CO)CO)C(=O)N1,Nc1nc2c(ncn2COC(CO)CO)c(=O)[nH]1,IRSCQMHQWWYFCW-UHFFFAOYSA-N,C9H13N5O4,255.23,18,True
DB01005,DB01005,DB01005,NC(=O)NO,NC(=O)NO,VSNHCAURESNICA-UHFFFAOYSA-N,CH4N2O2,76.05,5,True
DB01006,DB01006,DB01006,N#CC1=CC=C(C=C1)C(N1C=NC=N1)C1=CC=C(C=C1)C#N,N#Cc1ccc(C(c2ccc(C#N)cc2)n2cncn2)cc1,HPJKCIUCZWXJDR-UHFFFAOYSA-N,C17H11N5,285.31,22,True
DB01007,DB01007,DB01007,ClC1=C(COC(CN2C=CN=C2)C2=C(Cl)C=C(Cl)C=C2)C=CS1,Clc1ccc(C(Cn2ccnc2)OCc2ccsc2Cl)c(Cl)c1,QXHHHPZILQDDPS-UHFFFAOYSA-N,C16H13Cl3N2OS,387.72,23,True
DB01008,DB01008,DB01008,CS(=O)(=O)OCCCCOS(C)(=O)=O,CS(=O)(=O)OCCCCOS(C)(=O)=O,COVZYZSDYWQREU-UHFFFAOYSA-N,C6H14O6S2,246.31,14,True
DB01009,DB01009,DB01009,CC(C(O)=O)C1=CC(=CC=C1)C(=O)C1=CC=CC=C1,CC(C(=O)O)c1cccc(C(=O)c2ccccc2)c1,DKYWVDODHFEZIM-UHFFFAOYSA-N,C16H14O3,254.28,19,True
DB01010,DB01010,DB01010,CC[N+](C)(C)C1=CC(O)=CC=C1,CC[N+](C)(C)c1cccc(O)c1,VWLHWLSRQJQWRG-UHFFFAOYSA-O,C10H16NO+,166.24,12,True
DB01011,DB01011,DB01011,CC(C)(C(=O)C1=CN=CC=C1)C1=CC=CN=C1,CC(C)(C(=O)c1cccnc1)c1cccnc1,FJLBFSROUSIWMA-UHFFFAOYSA-N,C14H14N2O,226.28,17,True
DB01012,DB01012,DB01012,C[C@@H](NCCCC1=CC(=CC=C1)C(F)(F)F)C1=CC=CC2=CC=CC=C12,C[C@@H](NCCCc1cccc(C(F)(F)F)c1)c1cccc2ccccc12,VDHAWDNDOKGFTD-MRXNPFEDSA-N,C22H22F3N,357.42,26,True
DB01013,DB01013,DB01013,[H][C@@]12C[C@H](C)[C@](OC(=O)CC)(C(=O)CCl)[C@@]1(C)C[C@H](O)[C@@]1(F)[C@@]2([H])CCC2=CC(=O)C=C[C@]12C,CCC(=O)O[C@]1(C(=O)CCl)[C@@H](C)C[C@H]2[C@@H]3CCC4=CC(=O)C=C[C@]4(C)[C@@]3(F)[C@@H](O)C[C@@]21C,CBGUOGMQLZIXBE-XGQKBEPLSA-N,C25H32ClFO5,466.98,32,True
DB01014,DB01014,DB01014,OC(=O)CCNC(=O)C1=CC=C(C=C1)\N=N\C1=CC=C(O)C(=C1)C(O)=O,O=C(O)CCNC(=O)c1ccc(/N=N/c2ccc(O)c(C(=O)O)c2)cc1,IPOKCKJONYRRHP-FMQUCBEESA-N,C17H15N3O6,357.32,26,True
DB01015,DB01015,DB01015,CC1=CC(NS(=O)(=O)C2=CC=C(N)C=C2)=NO1,Cc1cc(NS(=O)(=O)c2ccc(N)cc2)no1,JLKIGFTWXXRPMT-UHFFFAOYSA-N,C10H11N3O3S,253.28,17,True
DB01016,DB01016,DB01016,COC1=C(C=C(Cl)C=C1)C(=O)NCCC1=CC=C(C=C1)S(=O)(=O)NC(=O)NC1CCCCC1,COc1ccc(Cl)cc1C(=O)NCCc1ccc(S(=O)(=O)NC(=O)NC2CCCCC2)cc1,ZNNLBTZKUZBEKO-UHFFFAOYSA-N,C23H28ClN3O5S,494.01,33,True
DB01017,DB01017,DB01017,[H][C@@]12CC3=C(C(O)=CC=C3N(C)C)C(=O)C1=C(O)[C@]1(O)C(=O)C(C(N)=O)=C(O)[C@@H](N(C)C)[C@]1([H])C2,CN(C)c1ccc(O)c2c1C[C@H]1C[C@H]3[C@H](N(C)C)C(O)=C(C(N)=O)C(=O)[C@@]3(O)C(O)=C1C2=O,DYKFCLLONBREIL-KVUCHLLUSA-N,C23H27N3O7,457.48,33,True
DB01018,DB01018,DB01018,NC(=N)NC(=O)CC1=C(Cl)C=CC=C1Cl,N=C(N)NC(=O)Cc1c(Cl)cccc1Cl,INJOMKTZOLKMBF-UHFFFAOYSA-N,C9H9Cl2N3O,246.1,15,True
DB01019,DB01019,DB01019,CC(C[N+](C)(C)C)OC(N)=O,CC(C[N+](C)(C)C)OC(N)=O,NZUPCNDJBJXXRF-UHFFFAOYSA-O,C7H17N2O2+,161.22,11,True
DB01020,DB01020,DB01020,[H][C@]12OC[C@@H](O[N+]([O-])=O)[C@@]1([H])OC[C@@H]2O,O=[N+]([O-])O[C@@H]1CO[C@H]2[C@@H]1OC[C@@H]2O,YWXYYJSYQOXTPL-SLPGGIOYSA-N,C6H9NO6,191.14,13,True
DB01021,DB01021,DB01021,NS(=O)(=O)C1=C(Cl)C=C2NC(NS(=O)(=O)C2=C1)C(Cl)Cl,NS(=O)(=O)c1cc2c(cc1Cl)NC(C(Cl)Cl)NS2(=O)=O,LMJSLTNSBFUCMU-UHFFFAOYSA-N,C8H8Cl3N3O4S2,380.66,20,True
DB01022,DB01022,DB01022,CC(C)CCC[C@@H](C)CCC[C@@H](C)CCC\C(C)=C\CC1=C(C)C(=O)C2=C(C=CC=C2)C1=O,CC1=C(C/C=C(\C)CCC[C@H](C)CCC[C@H](C)CCCC(C)C)C(=O)c2ccccc2C1=O,MBWXNTAXLNYFJB-NKFFZRIASA-N,C31H46O2,450.71,33,True
DB01023,DB01023,DB01023,CCOC(=O)C1=C(C)NC(C)=C(C1C1=C(Cl)C(Cl)=CC=C1)C(=O)OC,CCOC(=O)C1=C(C)NC(C)=C(C(=O)OC)C1c1cccc(Cl)c1Cl,RZTAMFZIAATZDJ-UHFFFAOYSA-N,C18H19Cl2NO4,384.26,25,True
DB01024,DB01024,DB01024,COC1=C(C\C=C(/C)CCC(O)=O)C(O)=C2C(=O)OCC2=C1C,COc1c(C)c2c(c(O)c1C/C=C(\C)CCC(=O)O)C(=O)OC2,HPNSFSBZBAHARI-RUDMXATFSA-N,C17H20O6,320.34,23,True
DB01026,DB01026,DB01026,CC(=O)N1CCN(CC1)C1=CC=C(OCC2COC(CN3C=CN=C3)(O2)C2=CC=C(Cl)C=C2Cl)C=C1,CC(=O)N1CCN(c2ccc(OCC3COC(Cn4ccnc4)(c4ccc(Cl)cc4Cl)O3)cc2)CC1,XMAYWYJOQHXEEK-UHFFFAOYSA-N,C26H28Cl2N4O4,531.44,36,True
DB01028,DB01028,DB01028,COC(F)(F)C(Cl)Cl,COC(F)(F)C(Cl)Cl,RFKMCNOHBTXSMU-UHFFFAOYSA-N,C3H4Cl2F2O,164.97,8,True
DB01029,DB01029,DB01029,CCCCC1=NC2(CCCC2)C(=O)N1CC1=CC=C(C=C1)C1=CC=CC=C1C1=NNN=N1,CCCCC1=NC2(CCCC2)C(=O)N1Cc1ccc(-c2ccccc2-c2nn[nH]n2)cc1,YOSHYTLCDANDAN-UHFFFAOYSA-N,C25H28N6O,428.54,32,True
DB01030,DB01030,DB01030,CC[C@@]1(O)C(=O)OCC2=C1C=C1N(CC3=CC4=C(C=CC(O)=C4CN(C)C)N=C13)C2=O,CC[C@@]1(O)C(=O)OCc2c1cc1n(c2=O)Cc2cc3c(CN(C)C)c(O)ccc3nc2-1,UCFGDBYHRUNTLO-QHCPKHFHSA-N,C23H23N3O5,421.45,31,True
DB01032,DB01032,DB01032,CCCN(CCC)S(=O)(=O)C1=CC=C(C=C1)C(O)=O,CCCN(CCC)S(=O)(=O)c1ccc(C(=O)O)cc1,DBABZHXKTCFAPX-UHFFFAOYSA-N,C13H19NO4S,285.37,19,True
DB01033,DB01033,DB01033,S=C1N=CNC2=C1NC=N2,S=c1nc[nH]c2nc[nH]c12,GLVAUDGFNGKCSF-UHFFFAOYSA-N,C5H4N4S,152.18,10,True
DB01034,DB01034,DB01034,[H][C@]1(O[C@]1([H])C(=O)CC\C=C\C\C=C\C)C(N)=O,C/C=C/C/C=C/CCC(=O)[C@H]1O[C@H]1C(N)=O,GVEZIHKRYBHEFX-NQQPLRFYSA-N,C12H17NO3,223.27,16,True
DB01035,DB01035,DB01035,CCN(CC)CCNC(=O)C1=CC=C(N)C=C1,CCN(CC)CCNC(=O)c1ccc(N)cc1,REQCZEXYDRLIBE-UHFFFAOYSA-N,C13H21N3O,235.33,17,True
DB01036,DB01036,DB01036,CC(C)N(CC[C@H](C1=CC=CC=C1)C1=C(O)C=CC(C)=C1)C(C)C,Cc1ccc(O)c([C@H](CCN(C(C)C)C(C)C)c2ccccc2)c1,OOGJQPCLVADCPB-HXUWFJFHSA-N,C22H31NO,325.5,24,True
DB01037,DB01037,DB01037,C[C@H](CC1=CC=CC=C1)N(C)CC#C,C#CCN(C)[C@H](C)Cc1ccccc1,MEZLKOACVSPNER-GFCCVEGCSA-N,C13H17N,187.29,14,True
DB01039,DB01039,DB01039,CC(C)OC(=O)C(C)(C)OC1=CC=C(C=C1)C(=O)C1=CC=C(Cl)C=C1,CC(C)OC(=O)C(C)(C)Oc1ccc(C(=O)c2ccc(Cl)cc2)cc1,YMTINGFKWWXKFG-UHFFFAOYSA-N,C20H21ClO4,360.84,25,True
DB01041,DB01041,DB01041,O=C1N(C2CCC(=O)NC2=O)C(=O)C2=CC=CC=C12,O=C1CCC(N2C(=O)c3ccccc3C2=O)C(=O)N1,UEJJHQNACJXSKW-UHFFFAOYSA-N,C13H10N2O4,258.23,19,True
DB01042,DB01042,DB01042,N[C@@H](CC1=CC=C(C=C1)N(CCCl)CCCl)C(O)=O,N[C@@H](Cc1ccc(N(CCCl)CCCl)cc1)C(=O)O,SGDBTWWWUNNDEQ-LBPRGKRZSA-N,C13H18Cl2N2O2,305.2,19,True
DB01043,DB01043,DB01043,CC12CC3CC(C)(C1)CC(N)(C3)C2,CC12CC3CC(C)(C1)CC(N)(C3)C2,BUGYDGFZZOZRHP-UHFFFAOYSA-N,C12H21N,179.31,13,True
DB01044,DB01044,DB01044,COC1=C2N(C=C(C(O)=O)C(=O)C2=CC(F)=C1N1CCNC(C)C1)C1CC1,COc1c(N2CCNC(C)C2)c(F)cc2c(=O)c(C(=O)O)cn(C3CC3)c12,XUBOMFCQGDBHNK-UHFFFAOYSA-N,C19H22FN3O4,375.4,27,True
DB01045,DB01045,DB01045,CO[C@H]1\C=C\O[C@@]2(C)OC3=C(C2=O)C2=C(O)C(\C=N\N4CCN(C)CC4)=C(NC(=O)\C(C)=C/C=C/[C@H](C)[C@H](O)[C@@H](C)[C@@H](O)[C@@H](C)[C@H](OC(C)=O)[C@@H]1C)C(O)=C2C(O)=C3C,CO[C@H]1/C=C/O[C@@]2(C)Oc3c(C)c(O)c4c(O)c(c(/C=N/N5CCN(C)CC5)c(O)c4c3C2=O)NC(=O)/C(C)=C\C=C\[C@H](C)[C@H](O)[C@@H](C)[C@@H](O)[C@@H](C)[C@H](OC(C)=O)[C@@H]1C,JQXXHWHPUNPDRT-WLSIYKJHSA-N,C43H58N4O12,822.95,59,True
DB01046,DB01046,DB01046,[H][C@@]12CC(=O)[C@H](CCCCCCC(O)=O)[C@@]1([H])CC[C@@](O)(O2)C(F)(F)CCCC,CCCCC(F)(F)[C@@]1(O)CC[C@H]2[C@@H](CC(=O)[C@@H]2CCCCCCC(=O)O)O1,WGFOBBZOWHGYQH-MXHNKVEKSA-N,C20H32F2O5,390.47,27,True
DB01047,DB01047,DB01047,[H][C@@]12C[C@@]3([H])[C@]4([H])C[C@H](F)C5=CC(=O)C=C[C@]5(C)[C@@]4(F)[C@@H](O)C[C@]3(C)[C@@]1(OC(C)(C)O2)C(=O)COC(C)=O,CC(=O)OCC(=O)[C@@]12OC(C)(C)O[C@@H]1C[C@H]1[C@@H]3C[C@H](F)C4=CC(=O)C=C[C@]4(C)[C@@]3(F)[C@@H](O)C[C@@]12C,WJOHZNCJWYWUJD-IUGZLZTKSA-N,C26H32F2O7,494.53,35,True
DB01048,DB01048,DB01048,NC1=NC2=C(N=CN2[C@@H]2C[C@H](CO)C=C2)C(NC2CC2)=N1,Nc1nc(NC2CC2)c2ncn([C@H]3C=C[C@@H](CO)C3)c2n1,MCGSCOLBFJQGHM-SCZZXKLOSA-N,C14H18N6O,286.34,21,True
DB01050,DB01050,DB01050,CC(C)CC1=CC=C(C=C1)C(C)C(O)=O,CC(C)Cc1ccc(C(C)C(=O)O)cc1,HEFNNWSXXWATRW-UHFFFAOYSA-N,C13H18O2,206.28,15,True
DB01051,DB01051,DB01051,CO[C@@H]1[C@@H](OC(N)=O)[C@@H](O)[C@H](OC2=C(C)C3=C(C=C2)C(O)=C(NC(=O)C2=CC=C(O)C(CC=C(C)C)=C2)C(=O)O3)OC1(C)C,CO[C@@H]1[C@@H](OC(N)=O)[C@@H](O)[C@H](Oc2ccc3c(O)c(NC(=O)c4ccc(O)c(CC=C(C)C)c4)c(=O)oc3c2C)OC1(C)C,YJQPYGGHQPGBLI-KGSXXDOSSA-N,C31H36N2O11,612.63,44,True
DB01053,DB01053,DB01053,[H][C@]12SC(C)(C)[C@@H](N1C(=O)[C@H]2NC(=O)CC1=CC=CC=C1)C(O)=O,CC1(C)S[C@@H]2[C@H](NC(=O)Cc3ccccc3)C(=O)N2[C@H]1C(=O)O,JGSARLDLIJGVTE-MBNYWOFBSA-N,C16H18N2O4S,334.4,23,True
DB01054,DB01054,DB01054,CCOC(=O)C1=C(C)NC(C)=C(C1C1=CC(=CC=C1)[N+]([O-])=O)C(=O)OC,CCOC(=O)C1=C(C)NC(C)=C(C(=O)OC)C1c1cccc([N+](=O)[O-])c1,PVHUJELLJLJGLN-UHFFFAOYSA-N,C18H20N2O6,360.37,26,True
DB01057,DB01057,DB01057,CCOP(=O)(OCC)SCC[N+](C)(C)C,CCOP(=O)(OCC)SCC[N+](C)(C)C,BJOLKYGKSZKIGU-UHFFFAOYSA-N,C9H23NO3PS+,256.33,15,True
DB01058,DB01058,DB01058,O=C(C1CCCCC1)N1CC2N(CCC3=CC=CC=C23)C(=O)C1,O=C(C1CCCCC1)N1CC(=O)N2CCc3ccccc3C2C1,FSVJFNAIGNNGKK-UHFFFAOYSA-N,C19H24N2O2,312.41,23,True
DB01059,DB01059,DB01059,CCN1C=C(C(O)=O)C(=O)C2=CC(F)=C(C=C12)N1CCNCC1,CCn1cc(C(=O)O)c(=O)c2cc(F)c(N3CCNCC3)cc21,OGJPXUAPXNRGGI-UHFFFAOYSA-N,C16H18FN3O3,319.34,23,True
DB01060,DB01060,DB01060,[H][C@]12SC(C)(C)[C@@H](N1C(=O)[C@H]2NC(=O)[C@H](N)C1=CC=C(O)C=C1)C(O)=O,CC1(C)S[C@@H]2[C@H](NC(=O)[C@H](N)c3ccc(O)cc3)C(=O)N2[C@H]1C(=O)O,LSQZJLSUYDQPKJ-NJBDSQKTSA-N,C16H19N3O5S,365.41,25,True
DB01061,DB01061,DB01061,[H][C@](NC(=O)N1CCNC1=O)(C(=O)N[C@@H]1C(=O)N2[C@@H](C(O)=O)C(C)(C)S[C@]12[H])C1=CC=CC=C1,CC1(C)S[C@@H]2[C@H](NC(=O)[C@H](NC(=O)N3CCNC3=O)c3ccccc3)C(=O)N2[C@H]1C(=O)O,JTWOMNBEOCYFNV-NFFDBFGFSA-N,C20H23N5O6S,461.5,32,True
DB01062,DB01062,DB01062,CCN(CC)CC#CCOC(=O)C(O)(C1CCCCC1)C1=CC=CC=C1,CCN(CC)CC#CCOC(=O)C(O)(c1ccccc1)C1CCCCC1,XIQVNETUBQGFHX-UHFFFAOYSA-N,C22H31NO3,357.49,26,True
DB01063,DB01063,DB01063,CC(=O)C1=CC=C2SC3=C(C=CC=C3)N(CCCN3CCN(CCO)CC3)C2=C1,CC(=O)c1ccc2c(c1)N(CCCN1CCN(CCO)CC1)c1ccccc1S2,WNTYBHLDCKXEOT-UHFFFAOYSA-N,C23H29N3O2S,411.57,29,True
DB01064,DB01064,DB01064,CC(C)NCC(O)C1=CC(O)=C(O)C=C1,CC(C)NCC(O)c1ccc(O)c(O)c1,JWZZKOKVBUJMES-UHFFFAOYSA-N,C11H17NO3,211.26,15,True
DB01065,DB01065,DB01065,COC1=CC2=C(NC=C2CCNC(C)=O)C=C1,COc1ccc2[nH]cc(CCNC(C)=O)c2c1,DRLFMBDRBRZALE-UHFFFAOYSA-N,C13H16N2O2,232.28,17,True
DB01066,DB01066,DB01066,[H][C@]12SCC(\C=C/C3=C(C)N=CS3)=C(N1C(=O)[C@H]2NC(=O)C(=N/OC)\C1=CSC(N)=N1)C(O)=O,CO/N=C(\C(=O)N[C@@H]1C(=O)N2C(C(=O)O)=C(/C=C\c3scnc3C)CS[C@H]12)c1csc(N)n1,KMIPKYQIOVAHOP-YLGJWRNMSA-N,C19H18N6O5S3,506.59,33,True
DB01067,DB01067,DB01067,CC1=NC=C(N=C1)C(=O)NCCC1=CC=C(C=C1)S(=O)(=O)NC(=O)NC1CCCCC1,Cc1cnc(C(=O)NCCc2ccc(S(=O)(=O)NC(=O)NC3CCCCC3)cc2)cn1,ZJJXGWJIGJFDTL-UHFFFAOYSA-N,C21H27N5O4S,445.55,31,True
DB01068,DB01068,DB01068,[O-][N+](=O)C1=CC2=C(NC(=O)CN=C2C2=CC=CC=C2Cl)C=C1,O=C1CN=C(c2ccccc2Cl)c2cc([N+](=O)[O-])ccc2N1,DGBIGWXXNGSACT-UHFFFAOYSA-N,C15H10ClN3O3,315.72,22,True
DB01069,DB01069,DB01069,CC(CN1C2=CC=CC=C2SC2=CC=CC=C12)N(C)C,CC(CN1c2ccccc2Sc2ccccc21)N(C)C,PWWVAXIEGOYWEE-UHFFFAOYSA-N,C17H20N2S,284.43,20,True
DB01070,DB01070,DB01070,CC(C)[C@@H](C)\C=C\[C@@H](C)[C@@]1([H])CC[C@@]2([H])\C(CCC[C@]12C)=C\C=C1/C[C@@H](O)CC[C@@H]1C,CC(C)[C@@H](C)/C=C/[C@@H](C)[C@H]1CC[C@H]2/C(=C/C=C3\C[C@@H](O)CC[C@@H]3C)CCC[C@]12C,ILYCWAKSDCYMBB-OPCMSESCSA-N,C28H46O,398.68,29,True
DB01071,DB01071,DB01071,C(C1CN2CCC1CC2)N1C2=CC=CC=C2SC2=CC=CC=C12,c1ccc2c(c1)Sc1ccccc1N2CC1CN2CCC1CC2,HOKDBMAJZXIPGC-UHFFFAOYSA-N,C20H22N2S,322.48,23,True
DB01072,DB01072,DB01072,COC(=O)N[C@H](C(=O)N[C@@H](CC1=CC=CC=C1)[C@@H](O)CN(CC1=CC=C(C=C1)C1=CC=CC=N1)NC(=O)[C@@H](NC(=O)OC)C(C)(C)C)C(C)(C)C,COC(=O)N[C@H](C(=O)N[C@@H](Cc1ccccc1)[C@@H](O)CN(Cc1ccc(-c2ccccn2)cc1)NC(=O)[C@@H](NC(=O)OC)C(C)(C)C)C(C)(C)C,AXRYRYVKAWYZBR-GASGPIRDSA-N,C38H52N6O7,704.87,51,True
DB01073,DB01073,DB01073,NC1=NC(F)=NC2=C1N=CN2[C@@H]1O[C@H](CO)[C@@H](O)[C@@H]1O,Nc1nc(F)nc2c1ncn2[C@@H]1O[C@H](CO)[C@@H](O)[C@@H]1O,HBUBKKRHXORPQB-FJFJXFQQSA-N,C10H12FN5O4,285.24,20,True
DB01074,DB01074,DB01074,C(C(C1CCCCC1)C1CCCCC1)C1CCCCN1,C1CCC(C(CC2CCCCN2)C2CCCCC2)CC1,CYXKNKQEMFBLER-UHFFFAOYSA-N,C19H35N,277.5,20,True
DB01075,DB01075,DB01075,CN(C)CCOC(C1=CC=CC=C1)C1=CC=CC=C1,CN(C)CCOC(c1ccccc1)c1ccccc1,ZZVUWRFHKOJYTH-UHFFFAOYSA-N,C17H21NO,255.36,19,True
DB01076,DB01076,DB01076,CC(C)C1=C(C(=O)NC2=CC=CC=C2)C(=C(N1CC[C@@H](O)C[C@@H](O)CC(O)=O)C1=CC=C(F)C=C1)C1=CC=CC=C1,CC(C)c1c(C(=O)Nc2ccccc2)c(-c2ccccc2)c(-c2ccc(F)cc2)n1CC[C@@H](O)C[C@@H](O)CC(=O)O,XUKUURHRXDUEBC-KAYWLYCHSA-N,C33H35FN2O5,558.65,41,True
DB01077,DB01077,DB01077,CC(O)(P(O)(O)=O)P(O)(O)=O,CC(O)(P(=O)(O)O)P(=O)(O)O,DBVJJBKOTRCVKF-UHFFFAOYSA-N,C2H8O7P2,206.03,11,True
DB01078,DB01078,DB01078,C[C@H]1O[C@H](C[C@H](O)[C@@H]1O[C@H]1C[C@H](O)[C@H](O[C@H]2C[C@H](O)[C@H](O[C@@H]3O[C@H](CO)[C@@H](O)[C@H](O)[C@H]3O)[C@@H](C)O2)[C@@H](C)O1)O[C@H]1CC[C@@]2(C)[C@H](CC[C@@H]3[C@@H]2C[C@@H](O)[C@]2(C)[C@H](CC[C@]32O)C2=CC(=O)OC2)C1,C[C@H]1O[C@@H](O[C@H]2CC[C@@]3(C)[C@H](CC[C@@H]4[C@@H]3C[C@@H](O)[C@]3(C)[C@@H](C5=CC(=O)OC5)CC[C@]43O)C2)C[C@H](O)[C@@H]1O[C@H]1C[C@H](O)[C@H](O[C@H]2C[C@H](O)[C@H](O[C@@H]3O[C@H](CO)[C@@H](O)[C@H](O)[C@H]3O)[C@@H](C)O2)[C@@H](C)O1,OBATZBGFDSVCJD-LALPQLPRSA-N,C47H74O19,943.09,66,True
DB01080,DB01080,DB01080,NC(CCC(O)=O)C=C,C=CC(N)CCC(=O)O,PJDFLNIOAUIZSL-UHFFFAOYSA-N,C6H11NO2,129.16,9,True
DB01081,DB01081,DB01081,CCOC(=O)C1(CCN(CCC(C#N)(C2=CC=CC=C2)C2=CC=CC=C2)CC1)C1=CC=CC=C1,CCOC(=O)C1(c2ccccc2)CCN(CCC(C#N)(c2ccccc2)c2ccccc2)CC1,HYPPXZBJBPSRLK-UHFFFAOYSA-N,C30H32N2O2,452.6,34,True
DB01082,DB01082,DB01082,CN[C@H]1[C@H](O)[C@@H](O)[C@H](CO)O[C@H]1O[C@H]1[C@H](O[C@H]2[C@H](O)[C@@H](O)[C@H](NC(N)=N)[C@@H](O)[C@@H]2NC(N)=N)O[C@@H](C)[C@]1(O)C=O,CN[C@@H]1[C@H](O[C@H]2[C@H](O[C@H]3[C@H](O)[C@@H](O)[C@H](NC(=N)N)[C@@H](O)[C@@H]3NC(=N)N)O[C@@H](C)[C@]2(O)C=O)O[C@@H](CO)[C@H](O)[C@H]1O,UCSJYZPVAKXKNQ-HZYVHMACSA-N,C21H39N7O12,581.58,40,True
DB01083,DB01083,DB01083,CCCCCCCCCCC[C@@H](C[C@@H]1OC(=O)[C@H]1CCCCCC)OC(=O)[C@H](CC(C)C)NC=O,CCCCCCCCCCC[C@@H](C[C@@H]1OC(=O)[C@H]1CCCCCC)OC(=O)[C@H](CC(C)C)NC=O,AHLBNYSZXLDEJQ-FWEHEUNISA-N,C29H53NO5,495.75,35,True
DB01084,DB01084,DB01084,CCOCCN1C(=NC2=CC=CC=C12)N1CCCN(C)CC1,CCOCCn1c(N2CCCN(C)CC2)nc2ccccc21,KBUZBQVCBVDWKX-UHFFFAOYSA-N,C17H26N4O,302.42,22,True
DB01085,DB01085,DB01085,CC[C@H]1[C@@H](CC2=CN=CN2C)COC1=O,CC[C@@H]1C(=O)OC[C@@H]1Cc1cncn1C,QCHFTSOMWOSFHM-WPRPVWTQSA-N,C11H16N2O2,208.26,15,True
DB01086,DB01086,DB01086,CCOC(=O)C1=CC=C(N)C=C1,CCOC(=O)c1ccc(N)cc1,BLFLLBZGZJTVJG-UHFFFAOYSA-N,C9H11NO2,165.19,12,True
DB01087,DB01087,DB01087,COC1=CC(NC(C)CCCN)=C2N=CC=CC2=C1,COc1cc(NC(C)CCCN)c2ncccc2c1,INDBQLZJXZLFIT-UHFFFAOYSA-N,C15H21N3O,259.35,19,True
DB01088,DB01088,DB01088,[H][C@]12C[C@@H](O)[C@H](\C=C\[C@@H](O)C(C)CC#CC)[C@@]1([H])C\C(C2)=C\CCCC(O)=O,CC#CCC(C)[C@H](O)/C=C/[C@@H]1[C@H]2C/C(=C/CCCC(=O)O)C[C@H]2C[C@H]1O,HIFJCPQKFCZDDL-ACWOEMLNSA-N,C22H32O4,360.49,26,True
DB01089,DB01089,DB01089,[H][C@]12C[C@@H](OC(=O)C3=CC(OC)=C(OC)C(OC)=C3)[C@H](OC)[C@@H](C(=O)OC)[C@@]1([H])C[C@@]1([H])N(CCC3=C1NC1=CC=CC=C31)C2,COC(=O)[C@H]1[C@H]2C[C@@H]3c4[nH]c5ccccc5c4CCN3C[C@H]2C[C@@H](OC(=O)c2cc(OC)c(OC)c(OC)c2)[C@@H]1OC,CVBMAZKKCSYWQR-WCGOZPBSSA-N,C32H38N2O8,578.66,42,True
DB01090,DB01090,DB01090,C[N+]1(CCCCC[N+]2(C)CCCC2)CCCC1,C[N+]1(CCCCC[N+]2(C)CCCC2)CCCC1,XSBSKEQEUFOSDD-UHFFFAOYSA-N,C15H32N2+2,240.43,17,True
DB01091,DB01091,DB01091,CN(CC1=CC=C(C=C1)C(C)(C)C)CC1=CC=CC2=CC=CC=C12,CN(Cc1ccc(C(C)(C)C)cc1)Cc1cccc2ccccc12,ABJKWBDEJIDSJZ-UHFFFAOYSA-N,C23H27N,317.48,24,True
DB01092,DB01092,DB01092,[H][C@@]12CC[C@]3(O)C[C@H](C[C@@H](O)[C@]3(CO)[C@@]1([H])[C@H](O)C[C@]1(C)[C@H](CC[C@]21O)C1=CC(=O)OC1)O[C@@H]1O[C@@H](C)[C@H](O)[C@@H](O)[C@H]1O,C[C@@H]1O[C@@H](O[C@H]2C[C@@H](O)[C@]3(CO)[C@H]4[C@H](O)C[C@]5(C)[C@@H](C6=CC(=O)OC6)CC[C@]5(O)[C@@H]4CC[C@]3(O)C2)[C@H](O)[C@H](O)[C@H]1O,LPMXVESGRSUGHW-HBYQJFLCSA-N,C29H44O12,584.66,41,True
DB01093,DB01093,DB01093,CS(C)=O,CS(C)=O,IAZDPXIOMUYVGZ-UHFFFAOYSA-N,C2H6OS,78.14,4,True
DB01094,DB01094,DB01094,COC1=C(O)C=C(C=C1)[C@@H]1CC(=O)C2=C(O)C=C(O)C=C2O1,COc1ccc([C@@H]2CC(=O)c3c(O)cc(O)cc3O2)cc1O,AIONOLUJZLIMTK-AWEZNQCLSA-N,C16H14O6,302.28,22,True
DB01095,DB01095,DB01095,CC(C)N1C(\C=C\[C@H](O)C[C@H](O)CC(O)=O)=C(C2=CC=C(F)C=C2)C2=CC=CC=C12,CC(C)n1c(/C=C/[C@H](O)C[C@H](O)CC(=O)O)c(-c2ccc(F)cc2)c2ccccc21,FJLGEFLZQAZZCD-JUFISIKESA-N,C24H26FNO4,411.47,30,True
DB01096,DB01096,DB01096,CC(C)NCC1CCC2=CC(CO)=C(C=C2N1)[N+]([O-])=O,CC(C)NCC1CCc2cc(CO)c([N+](=O)[O-])cc2N1,XCGYUJZMCCFSRP-UHFFFAOYSA-N,C14H21N3O3,279.34,20,True
DB01097,DB01097,DB01097,CC1=C(C=NO1)C(=O)NC1=CC=C(C=C1)C(F)(F)F,Cc1oncc1C(=O)Nc1ccc(C(F)(F)F)cc1,VHOGYURTWQBHIL-UHFFFAOYSA-N,C12H9F3N2O2,270.21,19,True
DB01098,DB01098,DB01098,CC(C)C1=NC(=NC(C2=CC=C(F)C=C2)=C1\C=C\[C@@H](O)C[C@@H](O)CC(=O)O)N(C)S(C)(=O)=O,CC(C)c1nc(N(C)S(C)(=O)=O)nc(-c2ccc(F)cc2)c1/C=C/[C@@H](O)C[C@@H](O)CC(=O)O,BPRHUIZQVSMCRT-VEUZHWNKSA-N,C22H28FN3O6S,481.55,33,True
DB01099,DB01099,DB01099,NC1=C(F)C=NC(=O)N1,Nc1[nH]c(=O)ncc1F,XRECTZIEBJDKEO-UHFFFAOYSA-N,C4H4FN3O,129.09,9,True
DB01100,DB01100,DB01100,FC1=CC=C(C=C1)C(CCCN1CCC(CC1)N1C(=O)NC2=CC=CC=C12)C1=CC=C(F)C=C1,O=c1[nH]c2ccccc2n1C1CCN(CCCC(c2ccc(F)cc2)c2ccc(F)cc2)CC1,YVUQSNJEYSNKRX-UHFFFAOYSA-N,C28H29F2N3O,461.56,34,True
DB01101,DB01101,DB01101,CCCCCOC(=O)NC1=NC(=O)N(C=C1F)[C@@H]1O[C@H](C)[C@@H](O)[C@H]1O,CCCCCOC(=O)Nc1nc(=O)n([C@@H]2O[C@H](C)[C@@H](O)[C@H]2O)cc1F,GAGWJHPBXLXJQN-UORFTKCHSA-N,C15H22FN3O6,359.35,25,True
DB01102,DB01102,DB01102,O[C@@H](CNCCCCC1=CC=C(O)C=C1)C1=CC(O)=C(O)C=C1,Oc1ccc(CCCCNC[C@H](O)c2ccc(O)c(O)c2)cc1,IIRWWTKISYTTBL-SFHVURJKSA-N,C18H23NO4,317.39,23,True
DB01103,DB01103,DB01103,CCN(CC)CCCC(C)NC1=C2C=C(OC)C=CC2=NC2=C1C=CC(Cl)=C2,CCN(CC)CCCC(C)Nc1c2ccc(Cl)cc2nc2ccc(OC)cc12,GPKJTRJOBQGKQK-UHFFFAOYSA-N,C23H30ClN3O,399.97,28,True
DB01104,DB01104,DB01104,CN[C@H]1CC[C@@H](C2=CC(Cl)=C(Cl)C=C2)C2=CC=CC=C12,CN[C@H]1CC[C@@H](c2ccc(Cl)c(Cl)c2)c2ccccc21,VGKDLMBJGBXTGI-SJCJKPOMSA-N,C17H17Cl2N,306.24,20,True
DB01105,DB01105,DB01105,CC(C)CC(N(C)C)C1(CCC1)C1=CC=C(Cl)C=C1,CC(C)CC(N(C)C)C1(c2ccc(Cl)cc2)CCC1,UNAANXDKBXWMLN-UHFFFAOYSA-N,C17H26ClN,279.85,19,True
DB01106,DB01106,DB01106,C[C@@H]1CN(CC[C@]1(C(O)=O)C1=CC=CC=C1)[C@H]1CC[C@](CC1)(C#N)C1=CC=C(F)C=C1,C[C@@H]1CN([C@H]2CC[C@](C#N)(c3ccc(F)cc3)CC2)CC[C@]1(C(=O)O)c1ccccc1,ZCGOMHNNNFPNMX-KYTRFIICSA-N,C26H29FN2O2,420.53,31,True
DB01107,DB01107,DB01107,CCC1(CC)C(=O)NCC(C)C1=O,CCC1(CC)C(=O)NCC(C)C1=O,SIDLZWOQUZRBRU-UHFFFAOYSA-N,C10H17NO2,183.25,13,True
DB01108,DB01108,DB01108,[H][C@@]12CC[C@H](O)[C@@]1(C)CC[C@@]1([H])[C@@]2([H])CC[C@@]23O[C@@H]2C(O)=C(C[C@]13C)C#N,C[C@]12CC[C@H]3[C@@H](CC[C@@]45O[C@@H]4C(O)=C(C#N)C[C@]35C)[C@@H]1CC[C@@H]2O,KVJXBPDAXMEYOA-CXANFOAXSA-N,C20H27NO3,329.44,24,True
DB01110,DB01110,DB01110,ClC1=CC(Cl)=C(COC(CN2C=CN=C2)C2=C(Cl)C=C(Cl)C=C2)C=C1,Clc1ccc(COC(Cn2ccnc2)c2ccc(Cl)cc2Cl)c(Cl)c1,BYBLEWFAAKGYCD-UHFFFAOYSA-N,C18H14Cl4N2O,416.14,25,True
DB01111,DB01111,DB01111,CCC(C)CCCCC(=O)NC(CCNCS([O-])(=O)=O)C(=O)NC(C(C)O)C(=O)NC(CCNCS([O-])(=O)=O)C(=O)NC1CCNC(=O)C(NC(=O)C(CCNCS([O-])(=O)=O)NC(=O)C(CCNCS([O-])(=O)=O)NC(=O)C(CC(C)C)NC(=O)C(CC(C)C)NC(=O)C(CCNCS([O-])(=O)=O)NC1=O)C(C)O,CCC(C)CCCCC(=O)NC(CCNCS(=O)(=O)[O-])C(=O)NC(C(=O)NC(CCNCS(=O)(=O)[O-])C(=O)NC1CCNC(=O)C(C(C)O)NC(=O)C(CCNCS(=O)(=O)[O-])NC(=O)C(CCNCS(=O)(=O)[O-])NC(=O)C(CC(C)C)NC(=O)C(CC(C)C)NC(=O)C(CCNCS(=O)(=O)[O-])NC1=O)C(C)O,BSSIRFLGSWHWDE-UHFFFAOYSA-I,C58H105N16O28S5-5,1634.9,107,True
DB01112,DB01112,DB01112,[H][C@]12SCC(COC(N)=O)=C(N1C(=O)[C@H]2NC(=O)C(=N/OC)\C1=CC=CO1)C(O)=O,CO/N=C(\C(=O)N[C@@H]1C(=O)N2C(C(=O)O)=C(COC(N)=O)CS[C@H]12)c1ccco1,JFPVXVDWJQMJEE-IZRZKJBUSA-N,C16H16N4O8S,424.39,29,True
DB01113,DB01113,DB01113,COC1=C(OC)C=C(CC2=NC=CC3=CC(OC)=C(OC)C=C23)C=C1,COc1ccc(Cc2nccc3cc(OC)c(OC)cc23)cc1OC,XQYZDYMELSJDRZ-UHFFFAOYSA-N,C20H21NO4,339.39,25,True
DB01114,DB01114,DB01114,CN(C)CCC(C1=CC=C(Cl)C=C1)C1=CC=CC=N1,CN(C)CCC(c1ccc(Cl)cc1)c1ccccn1,SOYKEARSMXGVTM-UHFFFAOYSA-N,C16H19ClN2,274.8,19,True
DB01115,DB01115,DB01115,COC(=O)C1=C(C)NC(C)=C(C1C1=CC=CC=C1[N+]([O-])=O)C(=O)OC,COC(=O)C1=C(C)NC(C)=C(C(=O)OC)C1c1ccccc1[N+](=O)[O-],HYIMSNHJOBLJNT-UHFFFAOYSA-N,C17H18N2O6,346.34,25,True
DB01116,DB01116,DB01116,O=C1N(CC2=CC=CC=C2)C2C[S+]3CCCC3C2N1CC1=CC=CC=C1,O=C1N(Cc2ccccc2)C2C[S+]3CCCC3C2N1Cc1ccccc1,CHQOEHPMXSHGCL-UHFFFAOYSA-N,C22H25N2OS+,365.52,26,True
DB01117,DB01117,DB01117,OC1=C([C@H]2CC[C@@H](CC2)C2=CC=C(Cl)C=C2)C(=O)C2=CC=CC=C2C1=O,O=C1C(O)=C([C@H]2CC[C@H](c3ccc(Cl)cc3)CC2)C(=O)c2ccccc21,KUCQYCKVKVOKAY-CTYIDZIISA-N,C22H19ClO3,366.84,26,True
DB01118,DB01118,DB01118,CCCCC1=C(C(=O)C2=CC(I)=C(OCCN(CC)CC)C(I)=C2)C2=C(O1)C=CC=C2,CCCCc1oc2ccccc2c1C(=O)c1cc(I)c(OCCN(CC)CC)c(I)c1,IYIKLHRQXLHMJQ-UHFFFAOYSA-N,C25H29I2NO3,645.32,31,True
DB01119,DB01119,DB01119,CC1=NS(=O)(=O)C2=C(N1)C=CC(Cl)=C2,CC1=NS(=O)(=O)c2cc(Cl)ccc2N1,GDLBFKVLRPITMI-UHFFFAOYSA-N,C8H7ClN2O2S,230.68,14,True
DB01120,DB01120,DB01120,CC1=CC=C(C=C1)S(=O)(=O)NC(=O)NN1CC2CCCC2C1,Cc1ccc(S(=O)(=O)NC(=O)NN2CC3CCCC3C2)cc1,BOVGTQGAOIONJV-UHFFFAOYSA-N,C15H21N3O3S,323.42,22,True
DB01121,DB01121,DB01121,NC(=O)NC(=O)CC1=CC=CC=C1,NC(=O)NC(=O)Cc1ccccc1,XPFRXWCVYUEORT-UHFFFAOYSA-N,C9H10N2O2,178.19,13,True
DB01122,DB01122,DB01122,CC[N+](CC)(CCNC(=O)C(=O)NCC[N+](CC)(CC)CC1=CC=CC=C1Cl)CC1=CC=CC=C1Cl,CC[N+](CC)(CCNC(=O)C(=O)NCC[N+](CC)(CC)Cc1ccccc1Cl)Cc1ccccc1Cl,OMHBPUNFVFNHJK-UHFFFAOYSA-P,C28H42Cl2N4O2+2,537.58,36,True
DB01124,DB01124,DB01124,CCCCNC(=O)NS(=O)(=O)C1=CC=C(C)C=C1,CCCCNC(=O)NS(=O)(=O)c1ccc(C)cc1,JLRGJRBPOGGCBT-UHFFFAOYSA-N,C12H18N2O3S,270.35,18,True
DB01126,DB01126,DB01126,[H][C@@]1(CC[C@@]2([H])[C@]3([H])CC[C@@]4([H])NC(=O)C=C[C@]4(C)[C@@]3([H])CC[C@]12C)C(=O)NC1=CC(=CC=C1C(F)(F)F)C(F)(F)F,C[C@]12C=CC(=O)N[C@@H]1CC[C@@H]1[C@@H]2CC[C@]2(C)[C@@H](C(=O)Nc3cc(C(F)(F)F)ccc3C(F)(F)F)CC[C@@H]12,JWJOTENAMICLJG-QWBYCMEYSA-N,C27H30F6N2O2,528.54,37,True
DB01127,DB01127,DB01127,ClC1=CC=C(COC(CN2C=CN=C2)C2=C(Cl)C=C(Cl)C=C2)C=C1,Clc1ccc(COC(Cn2ccnc2)c2ccc(Cl)cc2Cl)cc1,LEZWWPYKPKIXLL-UHFFFAOYSA-N,C18H15Cl3N2O,381.69,24,True
DB01128,DB01128,DB01128,CC(O)(CS(=O)(=O)C1=CC=C(F)C=C1)C(=O)NC1=CC(=C(C=C1)C#N)C(F)(F)F,CC(O)(CS(=O)(=O)c1ccc(F)cc1)C(=O)Nc1ccc(C#N)c(C(F)(F)F)c1,LKJPYSCBVHEWIU-UHFFFAOYSA-N,C18H14F4N2O4S,430.38,29,True
DB01129,DB01129,DB01129,COCCCOC1=C(C)C(CS(=O)C2=NC3=CC=CC=C3N2)=NC=C1,COCCCOc1ccnc(CS(=O)c2nc3ccccc3[nH]2)c1C,YREYEVIYCVEVJK-UHFFFAOYSA-N,C18H21N3O3S,359.45,25,True
DB01130,DB01130,DB01130,[H][C@@]12CC[C@](OC(=O)OCC)(C(=O)COC(=O)CC)[C@@]1(C)C[C@H](O)[C@@]1([H])[C@@]2([H])CCC2=CC(=O)C=C[C@]12C,CCOC(=O)O[C@]1(C(=O)COC(=O)CC)CC[C@H]2[C@@H]3CCC4=CC(=O)C=C[C@]4(C)[C@H]3[C@@H](O)C[C@@]21C,FNPXMHRZILFCKX-KAJVQRHHSA-N,C27H36O8,488.58,35,True
DB01131,DB01131,DB01131,CC(C)NC(=N)NC(=N)NC1=CC=C(Cl)C=C1,CC(C)NC(=N)NC(=N)Nc1ccc(Cl)cc1,SSOLNOMRVKKSON-UHFFFAOYSA-N,C11H16ClN5,253.74,17,True
DB01132,DB01132,DB01132,CCC1=CN=C(CCOC2=CC=C(CC3SC(=O)NC3=O)C=C2)C=C1,CCc1ccc(CCOc2ccc(CC3SC(=O)NC3=O)cc2)nc1,HYAFETHFCAUJAY-UHFFFAOYSA-N,C19H20N2O3S,356.45,25,True
DB01133,DB01133,DB01133,OP(O)(=O)C(SC1=CC=C(Cl)C=C1)P(O)(O)=O,O=P(O)(O)C(Sc1ccc(Cl)cc1)P(=O)(O)O,DKJJVAGXPKPDRL-UHFFFAOYSA-N,C7H9ClO6P2S,318.61,17,True
DB01135,DB01135,DB01135,COC1=CC(CC2C3=C(OC)C(OC)=C(OC)C=C3CC[N+]2(C)CCCOC(=O)CCC(=O)OCCC[N+]2(C)CCC3=CC(OC)=C(OC)C(OC)=C3C2CC2=CC(OC)=C(OC)C(OC)=C2)=CC(OC)=C1OC,COc1cc(CC2c3c(cc(OC)c(OC)c3OC)CC[N+]2(C)CCCOC(=O)CCC(=O)OCCC[N+]2(C)CCc3cc(OC)c(OC)c(OC)c3C2Cc2cc(OC)c(OC)c(OC)c2)cc(OC)c1OC,GBLRQXKSCRCLBZ-UHFFFAOYSA-N,C56H78N2O16+2,1035.24,74,True
DB01136,DB01136,DB01136,COC1=CC=CC=C1OCCNCC(O)COC1=CC=CC2=C1C1=CC=CC=C1N2,COc1ccccc1OCCNCC(O)COc1cccc2[nH]c3ccccc3c12,OGHNVEJMJSYVRP-UHFFFAOYSA-N,C24H26N2O4,406.48,30,True
DB01137,DB01137,DB01137,C[C@H]1COC2=C3N1C=C(C(O)=O)C(=O)C3=CC(F)=C2N1CCN(C)CC1,C[C@H]1COc2c(N3CCN(C)CC3)c(F)cc3c(=O)c(C(=O)O)cn1c23,GSDSWSVVBLHKDQ-JTQLQIEISA-N,C18H20FN3O4,361.37,26,True
DB01138,DB01138,DB01138,O=C1C(CCS(=O)C2=CC=CC=C2)C(=O)N(N1C1=CC=CC=C1)C1=CC=CC=C1,O=C1C(CCS(=O)c2ccccc2)C(=O)N(c2ccccc2)N1c1ccccc1,MBGGBVCUIVRRBF-UHFFFAOYSA-N,C23H20N2O3S,404.49,29,True
DB01139,DB01139,DB01139,[H][C@]12SCC(COC(C)=O)=C(N1C(=O)[C@H]2NC(=O)CSC1=CC=NC=C1)C(O)=O,CC(=O)OCC1=C(C(=O)O)N2C(=O)[C@@H](NC(=O)CSc3ccncc3)[C@H]2SC1,UQLLWWBDSUHNEB-CZUORRHYSA-N,C17H17N3O6S2,423.47,28,True
DB01140,DB01140,DB01140,[H][C@]12SCC(C)=C(N1C(=O)[C@H]2NC(=O)[C@H](N)C1=CC=C(O)C=C1)C(O)=O,CC1=C(C(=O)O)N2C(=O)[C@@H](NC(=O)[C@H](N)c3ccc(O)cc3)[C@H]2SC1,BOEGTKLJZSQCCD-UEKVPHQBSA-N,C16H17N3O5S,363.4,25,True
DB01141,DB01141,DB01141,CCCCCOC1=CC=C(C=C1)C1=CC(=NO1)C1=CC=C(C=C1)C(=O)N[C@H]1C[C@@H](O)[C@@H](O)NC(=O)[C@@H]2[C@@H](O)[C@@H](C)CN2C(=O)[C@@H](NC(=O)[C@@H](NC(=O)[C@@H]2C[C@@H](O)CN2C(=O)[C@@H](NC1=O)[C@@H](C)O)[C@H](O)[C@@H](O)C1=CC(OS(O)(=O)=O)=C(O)C=C1)[C@H](O)CC(N)=O,CCCCCOc1ccc(-c2cc(-c3ccc(C(=O)N[C@H]4C[C@@H](O)[C@@H](O)NC(=O)[C@@H]5[C@@H](O)[C@@H](C)CN5C(=O)[C@H]([C@H](O)CC(N)=O)NC(=O)[C@H]([C@H](O)[C@@H](O)c5ccc(O)c(OS(=O)(=O)O)c5)NC(=O)[C@@H]5C[C@@H](O)CN5C(=O)[C@H]([C@@H](C)O)NC4=O)cc3)no2)cc1,PIEUQSKUWLMALL-YABMTYFHSA-N,C56H71N9O23S,1270.29,89,True
DB01142,DB01142,DB01142,[H]C(CCN(C)C)=C1C2=CC=CC=C2COC2=CC=CC=C12,CN(C)CCC=C1c2ccccc2COc2ccccc21,ODQWQRRAPPTVAG-UHFFFAOYSA-N,C19H21NO,279.38,21,True
DB01143,DB01143,DB01143,NCCCNCCSP(O)(O)=O,NCCCNCCSP(=O)(O)O,JKOQGQFVAUAYPM-UHFFFAOYSA-N,C5H15N2O3PS,214.23,12,True
DB01144,DB01144,DB01144,NS(=O)(=O)C1=CC(=C(Cl)C(Cl)=C1)S(N)(=O)=O,NS(=O)(=O)c1cc(Cl)c(Cl)c(S(N)(=O)=O)c1,GJQPMPFPNINLKP-UHFFFAOYSA-N,C6H6Cl2N2O4S2,305.16,16,True
DB01147,DB01147,DB01147,[H][C@]12SC(C)(C)[C@@H](N1C(=O)[C@H]2NC(=O)C1=C(C)ON=C1C1=CC=CC=C1Cl)C(O)=O,Cc1onc(-c2ccccc2Cl)c1C(=O)N[C@@H]1C(=O)N2[C@@H]1SC(C)(C)[C@@H]2C(=O)O,LQOLIRLGBULYKD-JKIFEVAISA-N,C19H18ClN3O5S,435.89,29,True
DB01149,DB01149,DB01149,CCC1=NN(CCCN2CCN(CC2)C2=CC(Cl)=CC=C2)C(=O)N1CCOC1=CC=CC=C1,CCc1nn(CCCN2CCN(c3cccc(Cl)c3)CC2)c(=O)n1CCOc1ccccc1,VRBKIVRKKCLPHA-UHFFFAOYSA-N,C25H32ClN5O2,470.02,33,True
DB01150,DB01150,DB01150,[H][C@]12SCC(C=CC)=C(N1C(=O)[C@@]2([H])NC(=O)[C@H](N)C1=CC=C(O)C=C1)C(O)=O,CC=CC1=C(C(=O)O)N2C(=O)[C@@H](NC(=O)[C@H](N)c3ccc(O)cc3)[C@H]2SC1,WDLWHQDACQUCJR-PBFPGSCMSA-N,C18H19N3O5S,389.43,27,True
DB01151,DB01151,DB01151,CNCCCN1C2=CC=CC=C2CCC2=CC=CC=C12,CNCCCN1c2ccccc2CCc2ccccc21,HCYAFALTSJYZDH-UHFFFAOYSA-N,C18H22N2,266.39,20,True
DB01153,DB01153,DB01153,ClC1=CC(Cl)=C(C=C1)C(CN1C=CN=C1)OCC1=CSC2=C1C=CC=C2Cl,Clc1ccc(C(Cn2ccnc2)OCc2csc3c(Cl)cccc23)c(Cl)c1,JLGKQTAYUIMGRK-UHFFFAOYSA-N,C20H15Cl3N2OS,437.78,27,True
DB01154,DB01154,DB01154,CCCC(C)C1(CC=C)C(=O)NC(=S)NC1=O,C=CCC1(C(C)CCC)C(=O)NC(=S)NC1=O,XLOMZPUITCYLMJ-UHFFFAOYSA-N,C12H18N2O2S,254.36,17,True
DB01155,DB01155,DB01155,CO\N=C1/CN(CC1CN)C1=NC2=C(C=C1F)C(=O)C(=CN2C1CC1)C(O)=O,CO/N=C1\CN(c2nc3c(cc2F)c(=O)c(C(=O)O)cn3C2CC2)CC1CN,ZRCVYEYHRGVLOC-HYARGMPZSA-N,C18H20FN5O4,389.39,28,True
DB01156,DB01156,DB01156,CC(NC(C)(C)C)C(=O)C1=CC(Cl)=CC=C1,CC(NC(C)(C)C)C(=O)c1cccc(Cl)c1,SNPPWIUOZRMYNY-UHFFFAOYSA-N,C13H18ClNO,239.75,16,True
DB01157,DB01157,DB01157,COC1=CC(NCC2=C(C)C3=C(C=C2)N=C(N)N=C3N)=CC(OC)=C1OC,COc1cc(NCc2ccc3nc(N)nc(N)c3c2C)cc(OC)c1OC,NOYPYLRCIDNJJB-UHFFFAOYSA-N,C19H23N5O3,369.43,27,True
DB01158,DB01158,DB01158,CC[N+](C)(C)CC1=CC=CC=C1Br,CC[N+](C)(C)Cc1ccccc1Br,AAQOQKQBGPPFNS-UHFFFAOYSA-N,C11H17BrN+,243.17,13,True
DB01159,DB01159,DB01159,[H]C(Cl)(Br)C(F)(F)F,FC(F)(F)C(Cl)Br,BCQZXOMGPXTTIC-UHFFFAOYSA-N,C2HBrClF3,197.38,7,True
DB01160,DB01160,DB01160,NC(CO)(CO)CO.CCCCC[C@H](O)\C=C\[C@H]1[C@H](O)C[C@H](O)[C@@H]1C\C=C/CCCC(O)=O,CCCCC[C@H](O)/C=C/[C@@H]1[C@@H](C/C=C\CCCC(=O)O)[C@@H](O)C[C@H]1O.NC(CO)(CO)CO,IYGXEHDCSOYNKY-RZHHZEQLSA-N,C24H45NO8,475.62,33,True
DB01161,DB01161,DB01161,CCN(CC)CCOC(=O)C1=C(Cl)C=C(N)C=C1,CCN(CC)CCOC(=O)c1ccc(N)cc1Cl,VDANGULDQQJODZ-UHFFFAOYSA-N,C13H19ClN2O2,270.76,18,True
DB01162,DB01162,DB01162,COC1=C(OC)C=C2C(N)=NC(=NC2=C1)N1CCN(CC1)C(=O)C1CCCO1,COc1cc2nc(N3CCN(C(=O)C4CCCO4)CC3)nc(N)c2cc1OC,VCKUSRYTPJJLNI-UHFFFAOYSA-N,C19H25N5O4,387.44,28,True
DB01164,DB01164,DB01164,[Cl-].[Cl-].[Ca++],[Ca+2].[Cl-].[Cl-],UXVMQQNJUSDDNG-UHFFFAOYSA-L,CaCl2,110.98,3,True
DB01165,DB01165,DB01165,CC1COC2=C3N1C=C(C(O)=O)C(=O)C3=CC(F)=C2N1CCN(C)CC1,CC1COc2c(N3CCN(C)CC3)c(F)cc3c(=O)c(C(=O)O)cn1c23,GSDSWSVVBLHKDQ-UHFFFAOYSA-N,C18H20FN3O4,361.37,26,True
DB01166,DB01166,DB01166,O=C1CCC2=C(N1)C=CC(OCCCCC1=NN=NN1C1CCCCC1)=C2,O=C1CCc2cc(OCCCCc3nnnn3C3CCCCC3)ccc2N1,RRGUKTPIGVIEKM-UHFFFAOYSA-N,C20H27N5O2,369.47,27,True
DB01167,DB01167,DB01167,CCC(C)N1N=CN(C1=O)C1=CC=C(C=C1)N1CCN(CC1)C1=CC=C(OC[C@H]2CO[C@@](CN3C=NC=N3)(O2)C2=CC=C(Cl)C=C2Cl)C=C1,CCC(C)n1ncn(-c2ccc(N3CCN(c4ccc(OC[C@H]5CO[C@](Cn6cncn6)(c6ccc(Cl)cc6Cl)O5)cc4)CC3)cc2)c1=O,VHVPQPYKVGDNFY-ZPGVKDDISA-N,C35H38Cl2N8O4,705.65,49,True
DB01168,DB01168,DB01168,CNNCC1=CC=C(C=C1)C(=O)NC(C)C,CNNCc1ccc(C(=O)NC(C)C)cc1,CPTBDICYNRMXFX-UHFFFAOYSA-N,C12H19N3O,221.3,16,True
DB01169,DB01169,DB01169,O=[As]O[As]=O,O=[As]O[As]=O,IKWTVSLWAPBBKU-UHFFFAOYSA-N,As2O3,197.84,5,True
DB01170,DB01170,DB01170,NC(N)=NCCN1CCCCCCC1,NC(N)=NCCN1CCCCCCC1,ACGDKVXYNVEAGU-UHFFFAOYSA-N,C10H22N4,198.31,14,True
DB01171,DB01171,DB01171,ClC1=CC=C(C=C1)C(=O)NCCN1CCOCC1,O=C(NCCN1CCOCC1)c1ccc(Cl)cc1,YHXISWVBGDMDLQ-UHFFFAOYSA-N,C13H17ClN2O2,268.74,18,True
DB01172,DB01172,DB01172,NC[C@H]1O[C@H](O[C@@H]2[C@@H](N)C[C@@H](N)[C@H](O[C@H]3O[C@H](CO)[C@@H](O)[C@H](N)[C@H]3O)[C@H]2O)[C@H](O)[C@@H](O)[C@@H]1O,NC[C@H]1O[C@H](O[C@H]2[C@H](O)[C@@H](O[C@H]3O[C@H](CO)[C@@H](O)[C@H](N)[C@H]3O)[C@H](N)C[C@@H]2N)[C@H](O)[C@@H](O)[C@@H]1O,SBUJHOSQTJFQJX-NOAMYHISSA-N,C18H36N4O11,484.5,33,True
DB01173,DB01173,DB01173,CN(C)CCOC(C1=CC=CC=C1)C1=CC=CC=C1C,Cc1ccccc1C(OCCN(C)C)c1ccccc1,QVYRGXJJSLMXQH-UHFFFAOYSA-N,C18H23NO,269.39,20,True
DB01174,DB01174,DB01174,CCC1(C(=O)NC(=O)NC1=O)C1=CC=CC=C1,CCC1(c2ccccc2)C(=O)NC(=O)NC1=O,DDBREPKUVSBGFI-UHFFFAOYSA-N,C12H12N2O3,232.24,17,True
DB01175,DB01175,DB01175,CN(C)CCC[C@]1(OCC2=C1C=CC(=C2)C#N)C1=CC=C(F)C=C1,CN(C)CCC[C@@]1(c2ccc(F)cc2)OCc2cc(C#N)ccc21,WSEQXVZVJXJVFP-FQEVSTJZSA-N,C20H21FN2O,324.4,24,True
DB01176,DB01176,DB01176,CN1CCN(CC1)C(C1=CC=CC=C1)C1=CC=CC=C1,CN1CCN(C(c2ccccc2)c2ccccc2)CC1,UVKZSORBKUEBAZ-UHFFFAOYSA-N,C18H22N2,266.39,20,True
DB01177,DB01177,DB01177,C[C@@H]1O[C@H](C[C@H](N)[C@@H]1O)O[C@H]1C[C@@](O)(CC2=C1C(O)=C1C(=O)C3=CC=CC=C3C(=O)C1=C2O)C(C)=O,CC(=O)[C@]1(O)Cc2c(O)c3c(c(O)c2[C@@H](O[C@H]2C[C@H](N)[C@H](O)[C@H](C)O2)C1)C(=O)c1ccccc1C3=O,XDXDZDZNSLXDNA-TZNDIEGXSA-N,C26H27NO9,497.5,36,True
DB01178,DB01178,DB01178,CN1C(C2=CC=C(Cl)C=C2)S(=O)(=O)CCC1=O,CN1C(=O)CCS(=O)(=O)C1c1ccc(Cl)cc1,WEQAYVWKMWHEJO-UHFFFAOYSA-N,C11H12ClNO3S,273.74,17,True
DB01179,DB01179,DB01179,[H][C@]12COC(=O)[C@]1([H])[C@H](C1=CC(OC)=C(OC)C(OC)=C1)C1=CC3=C(OCO3)C=C1[C@@H]2O,COc1cc([C@@H]2c3cc4c(cc3[C@H](O)[C@H]3COC(=O)[C@H]23)OCO4)cc(OC)c1OC,YJGVMLPVUAXIQN-XVVDYKMHSA-N,C22H22O8,414.41,30,True
DB01180,DB01180,DB01180,[H][C@]12C[C@@H](OC(=O)C=CC3=CC(OC)=C(OC)C(OC)=C3)[C@H](OC)[C@@H](C(=O)OC)[C@@]1([H])C[C@@]1([H])N(CCC3=C1NC1=C3C=CC(OC)=C1)C2,COC(=O)[C@H]1[C@H]2C[C@@H]3c4[nH]c5cc(OC)ccc5c4CCN3C[C@H]2C[C@@H](OC(=O)C=Cc2cc(OC)c(OC)c(OC)c2)[C@@H]1OC,SZLZWPPUNLXJEA-LAFLMMDJSA-N,C35H42N2O9,634.73,46,True
DB01181,DB01181,DB01181,ClCCNP1(=O)OCCCN1CCCl,O=P1(NCCCl)OCCCN1CCCl,HOMGKSMUEGBAAB-UHFFFAOYSA-N,C7H15Cl2N2O2P,261.09,14,True
DB01182,DB01182,DB01182,CCCNCC(O)COC1=C(C=CC=C1)C(=O)CCC1=CC=CC=C1,CCCNCC(O)COc1ccccc1C(=O)CCc1ccccc1,JWHAUXFOSRPERK-UHFFFAOYSA-N,C21H27NO3,341.45,25,True
DB01183,DB01183,DB01183,OC1=CC=C2C[C@H]3N(CC=C)CC[C@@]45[C@@H](OC1=C24)C(=O)CC[C@@]35O,C=CCN1CC[C@]23c4c5ccc(O)c4O[C@H]2C(=O)CC[C@@]3(O)[C@H]1C5,UZHSEJADLWPNLE-GRGSLBFTSA-N,C19H21NO4,327.38,24,True
DB01184,DB01184,DB01184,ClC1=CC2=C(C=C1)N(C1CCN(CCCN3C(=O)NC4=CC=CC=C34)CC1)C(=O)N2,O=c1[nH]c2ccccc2n1CCCN1CCC(n2c(=O)[nH]c3cc(Cl)ccc32)CC1,FGXWKSZFVQUSTL-UHFFFAOYSA-N,C22H24ClN5O2,425.92,30,True
DB01185,DB01185,DB01185,[H][C@@]12CC[C@](C)(O)[C@@]1(C)C[C@H](O)[C@@]1(F)[C@@]2([H])CCC2=CC(=O)CC[C@]12C,C[C@]1(O)CC[C@H]2[C@@H]3CCC4=CC(=O)CC[C@]4(C)[C@@]3(F)[C@@H](O)C[C@@]21C,YLRFCQOZQXIBAB-RBZZARIASA-N,C20H29FO3,336.45,24,True
DB01186,DB01186,DB01186,[H][C@@]12CC3=CNC4=CC=CC(=C34)[C@@]1([H])C[C@@H](CSC)CN2CCC,CCCN1C[C@H](CSC)C[C@@H]2c3cccc4[nH]cc(c34)C[C@H]21,YEHCICAEULNIGD-MZMPZRCHSA-N,C19H26N2S,314.5,22,True
DB01188,DB01188,DB01188,CC1=CC(=O)N(O)C(=C1)C1CCCCC1,Cc1cc(C2CCCCC2)n(O)c(=O)c1,SCKYRAXSEDYPSA-UHFFFAOYSA-N,C12H17NO2,207.27,15,True
DB01189,DB01189,DB01189,FC(F)OC(F)C(F)(F)F,FC(F)OC(F)C(F)(F)F,DPYMFVXJLLWWEU-UHFFFAOYSA-N,C3H2F6O,168.04,10,True
DB01190,DB01190,DB01190,CCC[C@@H]1C[C@H](N(C)C1)C(=O)NC(C(C)Cl)[C@H]1O[C@H](SC)[C@H](O)[C@@H](O)[C@H]1O,CCC[C@@H]1C[C@@H](C(=O)NC(C(C)Cl)[C@H]2O[C@H](SC)[C@H](O)[C@@H](O)[C@H]2O)N(C)C1,KDLRVYVGXIQJDK-NOWPCOIGSA-N,C18H33ClN2O5S,424.99,27,True
DB01191,DB01191,DB01191,CCN[C@@H](C)CC1=CC=CC(=C1)C(F)(F)F,CCN[C@@H](C)Cc1cccc(C(F)(F)F)c1,DBGIVFWFUFKIQN-VIFPVBQESA-N,C12H16F3N,231.26,16,True
DB01192,DB01192,DB01192,[H][C@@]12OC3=C(O)C=CC4=C3[C@@]11CCN(C)[C@]([H])(C4)[C@]1(O)CCC2=O,CN1CC[C@]23c4c5ccc(O)c4O[C@H]2C(=O)CC[C@@]3(O)[C@H]1C5,UQCNKQCJZOAFTQ-ISWURRPUSA-N,C17H19NO4,301.34,22,True
DB01193,DB01193,DB01193,CCCC(=O)NC1=CC=C(OCC(O)CNC(C)C)C(=C1)C(C)=O,CCCC(=O)Nc1ccc(OCC(O)CNC(C)C)c(C(C)=O)c1,GOEMGAFJFRBGGG-UHFFFAOYSA-N,C18H28N2O4,336.43,24,True
DB01194,DB01194,DB01194,CCN[C@H]1CN(CCCOC)S(=O)(=O)C2=C1C=C(S2)S(N)(=O)=O,CCN[C@H]1CN(CCCOC)S(=O)(=O)c2sc(S(N)(=O)=O)cc21,HCRKCZRJWPKOAR-JTQLQIEISA-N,C12H21N3O5S3,383.52,23,True
DB01195,DB01195,DB01195,FC(F)(F)COC1=CC(C(=O)NCC2CCCCN2)=C(OCC(F)(F)F)C=C1,O=C(NCC1CCCCN1)c1cc(OCC(F)(F)F)ccc1OCC(F)(F)F,DJBNUMBKLMJRSA-UHFFFAOYSA-N,C17H20F6N2O3,414.35,28,True
DB01196,DB01196,DB01196,[H][C@@]12CC[C@H](O)[C@@]1(C)CC[C@]1([H])C3=CC=C(OC(=O)N(CCCl)CCCl)C=C3CC[C@@]21[H],C[C@]12CC[C@@H]3c4ccc(OC(=O)N(CCCl)CCCl)cc4CC[C@H]3[C@@H]1CC[C@@H]2O,FRPJXPJMRWBBIH-RBRWEJTLSA-N,C23H31Cl2NO3,440.41,29,True
DB01197,DB01197,DB01197,C[C@H](CS)C(=O)N1CCC[C@H]1C(O)=O,C[C@H](CS)C(=O)N1CCC[C@H]1C(=O)O,FAKRSMQSSFJEIM-RQJHMYQMSA-N,C9H15NO3S,217.29,14,True
DB01198,DB01198,DB01198,CN1CCN(CC1)C(=O)OC1N(C(=O)C2=NC=CN=C12)C1=NC=C(Cl)C=C1,CN1CCN(C(=O)OC2c3nccnc3C(=O)N2c2ccc(Cl)cn2)CC1,GBBSUAFBMRNDJC-UHFFFAOYSA-N,C17H17ClN6O3,388.82,27,True
DB01199,DB01199,DB01199,[H][C@@]12CC3=CC=C(OC4=C5C(CC[N+](C)(C)[C@]5([H])CC5=CC(OC6=C(OC)C=C(CCN1C)C2=C6)=C(O)C=C5)=CC(OC)=C4O)C=C3,COc1cc2c3cc1Oc1cc(ccc1O)C[C@@H]1c4c(cc(OC)c(O)c4Oc4ccc(cc4)C[C@@H]3N(C)CC2)CC[N+]1(C)C,JFJZZMVDLULRGK-URLMMPGGSA-O,C37H41N2O6+,609.74,45,True
DB01200,DB01200,DB01200,[H][C@@]12CCCN1C(=O)[C@H](CC(C)C)N1C(=O)[C@](NC(=O)[C@H]3CN(C)[C@]4([H])CC5=C(Br)NC6=CC=CC(=C56)C4=C3)(O[C@@]21O)C(C)C,CC(C)C[C@H]1C(=O)N2CCC[C@H]2[C@]2(O)O[C@](NC(=O)[C@@H]3C=C4c5cccc6[nH]c(Br)c(c56)C[C@H]4N(C)C3)(C(C)C)C(=O)N12,OZVBMTJYIDMWIL-AYFBDAFISA-N,C32H40BrN5O5,654.61,43,True
DB01201,DB01201,DB01201,CO[C@H]1\C=C\O[C@@]2(C)OC3=C(C2=O)C2=C(C(O)=C3C)C(O)=C(NC(=O)\C(C)=C/C=C/[C@H](C)[C@H](O)[C@@H](C)[C@@H](O)[C@@H](C)[C@H](OC(C)=O)[C@@H]1C)C(\C=N\N1CCN(CC1)C1CCCC1)=C2O,CO[C@H]1/C=C/O[C@@]2(C)Oc3c(C)c(O)c4c(O)c(c(/C=N/N5CCN(C6CCCC6)CC5)c(O)c4c3C2=O)NC(=O)/C(C)=C\C=C\[C@H](C)[C@H](O)[C@@H](C)[C@@H](O)[C@@H](C)[C@H](OC(C)=O)[C@@H]1C,WDZCUPBHRAEYDL-GZAUEHORSA-N,C47H64N4O12,877.04,63,True
DB01202,DB01202,DB01202,CC[C@H](N1CCCC1=O)C(N)=O,CC[C@@H](C(N)=O)N1CCCC1=O,HPHUVLMMVZITSG-LURJTMIESA-N,C8H14N2O2,170.21,12,True
DB01203,DB01203,DB01203,CC(C)(C)NCC(O)COC1=CC=CC2=C1C[C@H](O)[C@H](O)C2,CC(C)(C)NCC(O)COc1cccc2c1C[C@H](O)[C@H](O)C2,VWPOSFSPZNDTMJ-UCWKZMIHSA-N,C17H27NO4,309.41,22,True
DB01204,DB01204,DB01204,OCCNCCNC1=CC=C(NCCNCCO)C2=C1C(=O)C1=C(C(O)=CC=C1O)C2=O,O=C1c2c(O)ccc(O)c2C(=O)c2c(NCCNCCO)ccc(NCCNCCO)c21,KKZJGLLVHKMTCM-UHFFFAOYSA-N,C22H28N4O6,444.49,32,True
DB01205,DB01205,DB01205,CCOC(=O)C1=C2CN(C)C(=O)C3=C(C=CC(F)=C3)N2C=N1,CCOC(=O)c1ncn2c1CN(C)C(=O)c1cc(F)ccc1-2,OFBIFZUFASYYRE-UHFFFAOYSA-N,C15H14FN3O3,303.29,22,True
DB01206,DB01206,DB01206,ClCCN(N=O)C(=O)NC1CCCCC1,O=NN(CCCl)C(=O)NC1CCCCC1,GQYIWUVLTXOXAJ-UHFFFAOYSA-N,C9H16ClN3O2,233.7,15,True
DB01207,DB01207,DB01207,OC(=O)CCCCO\N=C(\C1=CN=CC=C1)C1=CC(=CC=C1)C(F)(F)F,O=C(O)CCCCO/N=C(/c1cccnc1)c1cccc(C(F)(F)F)c1,GLLPUTYLZIKEGF-HAVVHWLPSA-N,C18H17F3N2O3,366.34,26,True
DB01208,DB01208,DB01208,C[C@H]1CN(C[C@@H](C)N1)C1=C(F)C(N)=C2C(=O)C(=CN(C3CC3)C2=C1F)C(O)=O,C[C@@H]1CN(c2c(F)c(N)c3c(=O)c(C(=O)O)cn(C4CC4)c3c2F)C[C@H](C)N1,DZZWHBIBMUVIIW-DTORHVGOSA-N,C19H22F2N4O3,392.41,28,True
DB01209,DB01209,DB01209,[H][C@@]12CC3=CC=C(O)C=C3[C@@](C)(CCCCC1)[C@H]2N,C[C@@]12CCCCC[C@@H](Cc3ccc(O)cc31)[C@@H]2N,VTMVHDZWSFQSQP-VBNZEHGJSA-N,C16H23NO,245.37,18,True
DB01210,DB01210,DB01210,CC(C)(C)NC[C@H](O)COC1=CC=CC2=C1CCCC2=O,CC(C)(C)NC[C@H](O)COc1cccc2c1CCCC2=O,IXHBTMCLRNMKHZ-LBPRGKRZSA-N,C17H25NO3,291.39,21,True
DB01211,DB01211,DB01211,[H][C@@]1(C[C@@](C)(OC)[C@@H](O)[C@H](C)O1)O[C@H]1[C@H](C)[C@@H](O[C@]2([H])O[C@H](C)C[C@@H]([C@H]2O)N(C)C)[C@@](C)(C[C@@H](C)C(=O)[C@H](C)[C@@H](O)[C@](C)(O)[C@@H](CC)OC(=O)[C@@H]1C)OC,CC[C@H]1OC(=O)[C@H](C)[C@@H](O[C@H]2C[C@@](C)(OC)[C@@H](O)[C@H](C)O2)[C@H](C)[C@@H](O[C@@H]2O[C@H](C)C[C@H](N(C)C)[C@H]2O)[C@](C)(OC)C[C@@H](C)C(=O)[C@H](C)[C@@H](O)[C@]1(C)O,AGOYDEPGAOXOCK-KCBOHYOISA-N,C38H69NO13,747.96,52,True
DB01212,DB01212,DB01212,[H][C@]12SCC(CSC3=NC(=O)C(=O)NN3C)=C(N1C(=O)[C@H]2NC(=O)C(=N/OC)\C1=CSC(N)=N1)C(O)=O,CO/N=C(\C(=O)N[C@@H]1C(=O)N2C(C(=O)O)=C(CSc3nc(=O)c(=O)[nH]n3C)CS[C@H]12)c1csc(N)n1,VAAUVRVFOQPIGI-SPQHTLEESA-N,C18H18N8O7S3,554.59,36,True
DB01213,DB01213,DB01213,CC1=CNN=C1,Cc1cn[nH]c1,RIKMMFOAQPJVMX-UHFFFAOYSA-N,C4H6N2,82.11,6,True
DB01214,DB01214,DB01214,CC(C)NCC(O)COC1=C(C)C(C)=C(OC(C)=O)C(C)=C1,CC(=O)Oc1c(C)cc(OCC(O)CNC(C)C)c(C)c1C,BQIPXWYNLPYNHW-UHFFFAOYSA-N,C17H27NO4,309.41,22,True
DB01215,DB01215,DB01215,ClC1=CC2=C(C=C1)N1C=NN=C1CN=C2C1=CC=CC=C1,Clc1ccc2c(c1)C(c1ccccc1)=NCc1nncn1-2,CDCHDCWJMGXXRH-UHFFFAOYSA-N,C16H11ClN4,294.75,21,True
DB01216,DB01216,DB01216,[H][C@@]12CC[C@H](C(=O)NC(C)(C)C)[C@@]1(C)CC[C@@]1([H])[C@@]2([H])CC[C@@]2([H])NC(=O)C=C[C@]12C,CC(C)(C)NC(=O)[C@H]1CC[C@H]2[C@@H]3CC[C@H]4NC(=O)C=C[C@]4(C)[C@H]3CC[C@]12C,DBEPLOCGEIEOCV-WSBQPABSSA-N,C23H36N2O2,372.55,27,True
DB01217,DB01217,DB01217,CC(C)(C#N)C1=CC(=CC(CN2C=NC=N2)=C1)C(C)(C)C#N,CC(C)(C#N)c1cc(Cn2cncn2)cc(C(C)(C)C#N)c1,YBBLVLTVTVSKRW-UHFFFAOYSA-N,C17H19N5,293.37,22,True
DB01218,DB01218,DB01218,CCCCN(CCCC)CCC(O)C1=C2C=CC(=CC2=C2C=C(Cl)C=C(Cl)C2=C1)C(F)(F)F,CCCCN(CCCC)CCC(O)c1cc2c(Cl)cc(Cl)cc2c2cc(C(F)(F)F)ccc12,FOHHNHSLJDZUGQ-UHFFFAOYSA-N,C26H30Cl2F3NO,500.43,33,True
DB01219,DB01219,DB01219,[O-][N+](=O)C1=CC=C(C=C1)C1=CC=C(O1)\C=N\N1CC(=O)NC1=O,O=C1CN(/N=C/c2ccc(-c3ccc([N+](=O)[O-])cc3)o2)C(=O)N1,OZOMQRBLCMDCEG-VIZOYTHASA-N,C14H10N4O5,314.26,23,True
DB01220,DB01220,DB01220,CO[C@H]1\C=C\O[C@@]2(C)OC3=C(C)C(O)=C4C(O)=C(NC(=O)\C(C)=C/C=C/[C@H](C)[C@H](O)[C@@H](C)[C@@H](O)[C@@H](C)[C@H](OC(C)=O)[C@@H]1C)C1=C(N=C5C=C(C)C=CN15)C4=C3C2=O,CO[C@H]1/C=C/O[C@@]2(C)Oc3c(C)c(O)c4c(O)c(c5c(nc6cc(C)ccn65)c4c3C2=O)NC(=O)/C(C)=C\C=C\[C@H](C)[C@H](O)[C@@H](C)[C@@H](O)[C@@H](C)[C@H](OC(C)=O)[C@@H]1C,NZCRJKRKKOLAOJ-XRCRFVBUSA-N,C43H51N3O11,785.89,57,True
DB01221,DB01221,DB01221,CNC1(CCCCC1=O)C1=CC=CC=C1Cl,CNC1(c2ccccc2Cl)CCCCC1=O,YQEZLKZALYSWHR-UHFFFAOYSA-N,C13H16ClNO,237.73,16,True
DB01222,DB01222,DB01222,[H][C@@]12C[C@H]3OC(CCC)O[C@@]3(C(=O)CO)[C@@]1(C)C[C@H](O)[C@@]1([H])[C@@]2([H])CCC2=CC(=O)C=C[C@]12C,CCCC1O[C@@H]2C[C@H]3[C@@H]4CCC5=CC(=O)C=C[C@]5(C)[C@H]4[C@@H](O)C[C@]3(C)[C@]2(C(=O)CO)O1,VOVIALXJUBGFJZ-KWVAZRHASA-N,C25H34O6,430.54,31,True
DB01223,DB01223,DB01223,NCCN.CN1C2=C(NC=N2)C(=O)N(C)C1=O.CN1C2=C(NC=N2)C(=O)N(C)C1=O,Cn1c(=O)c2[nH]cnc2n(C)c1=O.Cn1c(=O)c2[nH]cnc2n(C)c1=O.NCCN,FQPFAHBPWDRTLU-UHFFFAOYSA-N,C16H24N10O4,420.43,30,True
DB01224,DB01224,DB01224,OCCOCCN1CCN(CC1)C1=NC2=CC=CC=C2SC2=CC=CC=C12,OCCOCCN1CCN(C2=Nc3ccccc3Sc3ccccc32)CC1,URKOMYMAXPYINW-UHFFFAOYSA-N,C21H25N3O2S,383.52,27,True
DB01226,DB01226,DB01226,COC1=CC(C[C@@H]2C3=CC(OC)=C(OC)C=C3CC[N+]2(C)CCCOC(=O)CC\C=C\CCC(=O)OCCC[N+]2(C)CCC3=CC(OC)=C(OC)C=C3[C@H]2CC2=CC(OC)=C(OC)C(OC)=C2)=CC(OC)=C1OC,COc1cc2c(cc1OC)[C@@H](Cc1cc(OC)c(OC)c(OC)c1)[N+](C)(CCCOC(=O)CC/C=C/CCC(=O)OCCC[N+]1(C)CCc3cc(OC)c(OC)cc3[C@H]1Cc1cc(OC)c(OC)c(OC)c1)CC2,ILVYCEVXHALBSC-OTBYEXOQSA-N,C58H80N2O14+2,1029.28,74,True
DB01227,DB01227,DB01227,CC[C@H](OC(C)=O)C(C[C@H](C)N(C)C)(C1=CC=CC=C1)C1=CC=CC=C1,CC[C@H](OC(C)=O)C(C[C@H](C)N(C)C)(c1ccccc1)c1ccccc1,XBMIVRRWGCYBTQ-AVRDEDQJSA-N,C23H31NO2,353.51,26,True
DB01228,DB01228,DB01228,COC1=CC=C(C=C1)C(=O)NC1=CC=CC=C1CCC1CCCCN1C,COc1ccc(C(=O)Nc2ccccc2CCC2CCCCN2C)cc1,PJWPNDMDCLXCOM-UHFFFAOYSA-N,C22H28N2O2,352.48,26,True
DB01229,DB01229,DB01229,[H][C@]12[C@H](OC(=O)C3=CC=CC=C3)[C@]3(O)C[C@H](OC(=O)[C@H](O)[C@@H](NC(=O)C4=CC=CC=C4)C4=CC=CC=C4)C(C)=C([C@@H](OC(C)=O)C(=O)[C@]1(C)[C@@H](O)C[C@H]1OC[C@@]21OC(C)=O)C3(C)C,CC(=O)O[C@H]1C(=O)[C@@]2(C)[C@H]([C@H](OC(=O)c3ccccc3)[C@]3(O)C[C@H](OC(=O)[C@H](O)[C@@H](NC(=O)c4ccccc4)c4ccccc4)C(C)=C1C3(C)C)[C@]1(OC(C)=O)CO[C@@H]1C[C@@H]2O,RCINICONZNJXQF-MZXODVADSA-N,C47H51NO14,853.92,62,True
DB01232,DB01232,DB01232,[H][C@@]12CCCC[C@]1([H])CN(C[C@@H](O)[C@H](CC1=CC=CC=C1)NC(=O)[C@H](CC(N)=O)NC(=O)C1=NC3=C(C=CC=C3)C=C1)[C@@H](C2)C(=O)NC(C)(C)C,CC(C)(C)NC(=O)[C@@H]1C[C@@H]2CCCC[C@@H]2CN1C[C@@H](O)[C@H](Cc1ccccc1)NC(=O)[C@H](CC(N)=O)NC(=O)c1ccc2ccccc2n1,QWAXKHKRTORLEM-UGJKXSETSA-N,C38H50N6O5,670.86,49,True
DB01233,DB01233,DB01233,CCN(CC)CCNC(=O)C1=CC(Cl)=C(N)C=C1OC,CCN(CC)CCNC(=O)c1cc(Cl)c(N)cc1OC,TTWJBBZEZQICBI-UHFFFAOYSA-N,C14H22ClN3O2,299.8,20,True
DB01234,DB01234,DB01234,[H][C@@]12C[C@@H](C)[C@](O)(C(=O)CO)[C@@]1(C)C[C@H](O)[C@@]1(F)[C@@]2([H])CCC2=CC(=O)C=C[C@]12C,C[C@@H]1C[C@H]2[C@@H]3CCC4=CC(=O)C=C[C@]4(C)[C@@]3(F)[C@@H](O)C[C@]2(C)[C@@]1(O)C(=O)CO,UREBDLICKHMUKA-CXSFZGCWSA-N,C22H29FO5,392.47,28,True
DB01235,DB01235,DB01235,N[C@@H](CC1=CC(O)=C(O)C=C1)C(O)=O,N[C@@H](Cc1ccc(O)c(O)c1)C(=O)O,WTDRDQBEARUVNC-LURJTMIESA-N,C9H11NO4,197.19,14,True
DB01236,DB01236,DB01236,FCOC(C(F)(F)F)C(F)(F)F,FCOC(C(F)(F)F)C(F)(F)F,DFEYYRMXOJXZRJ-UHFFFAOYSA-N,C4H3F7O,200.05,12,True
DB01238,DB01238,DB01238,ClC1=CC=CC(N2CCN(CCCCOC3=CC4=C(CCC(=O)N4)C=C3)CC2)=C1Cl,O=C1CCc2ccc(OCCCCN3CCN(c4cccc(Cl)c4Cl)CC3)cc2N1,CEUORZQYGODEFX-UHFFFAOYSA-N,C23H27Cl2N3O2,448.39,30,True
DB01239,DB01239,DB01239,CN(C)CC\C=C1\C2=CC=CC=C2SC2=CC=C(Cl)C=C12,CN(C)CC/C=C1/c2ccccc2Sc2ccc(Cl)cc21,WSPOMRSOLSGNFJ-AUWJEWJLSA-N,C18H18ClNS,315.87,21,True
DB01240,DB01240,DB01240,[H][C@]12C[C@@H](O)[C@H](\C=C\[C@@H](O)CCCCC)[C@@]1([H])C\C(O2)=C\CCCC(O)=O,CCCCC[C@H](O)/C=C/[C@@H]1[C@H]2C/C(=C/CCCC(=O)O)O[C@H]2C[C@H]1O,KAQKFAOMNZTLHT-OZUDYXHBSA-N,C20H32O5,352.47,25,True
DB01241,DB01241,DB01241,CC1=CC(OCCCC(C)(C)C(O)=O)=C(C)C=C1,Cc1ccc(C)c(OCCCC(C)(C)C(=O)O)c1,HEMJJKBWTPKOJG-UHFFFAOYSA-N,C15H22O3,250.34,18,True
DB01242,DB01242,DB01242,CN(C)CCCN1C2=CC=CC=C2CCC2=C1C=C(Cl)C=C2,CN(C)CCCN1c2ccccc2CCc2ccc(Cl)cc21,GDLIGKIOYRNHDA-UHFFFAOYSA-N,C19H23ClN2,314.86,22,True
DB01243,DB01243,DB01243,OC1=C(Cl)C=C(Cl)C2=C1N=CC=C2,Oc1c(Cl)cc(Cl)c2cccnc12,WDFKMLRRRCGAKS-UHFFFAOYSA-N,C9H5Cl2NO,214.05,13,True
DB01244,DB01244,DB01244,CC(C)COCC(CN(CC1=CC=CC=C1)C1=CC=CC=C1)N1CCCC1,CC(C)COCC(CN(Cc1ccccc1)c1ccccc1)N1CCCC1,UIEATEWHFDRYRU-UHFFFAOYSA-N,C24H34N2O,366.55,27,True
DB01245,DB01245,DB01245,C[N+](C)(C)CCCCCCCCCC[N+](C)(C)C,C[N+](C)(C)CCCCCCCCCC[N+](C)(C)C,MTCUAOILFDZKCO-UHFFFAOYSA-N,C16H38N2+2,258.49,18,True
DB01246,DB01246,DB01246,CC(CN(C)C)CN1C2=CC=CC=C2SC2=CC=CC=C12,CC(CN(C)C)CN1c2ccccc2Sc2ccccc21,ZZHLYYDVIOPZBE-UHFFFAOYSA-N,C18H22N2S,298.46,21,True
DB01247,DB01247,DB01247,CC1=CC(=NO1)C(=O)NNCC1=CC=CC=C1,Cc1cc(C(=O)NNCc2ccccc2)no1,XKFPYPQQHFEXRZ-UHFFFAOYSA-N,C12H13N3O2,231.26,17,True
DB01248,DB01248,DB01248,[H][C@@]1(C[C@@]2(O)[C@@H](OC(=O)C3=CC=CC=C3)[C@]3([H])[C@@]4(CO[C@@H]4C[C@H](O)[C@@]3(C)C(=O)[C@H](O)C(=C1C)C2(C)C)OC(C)=O)OC(=O)[C@H](O)[C@@H](NC(=O)OC(C)(C)C)C1=CC=CC=C1,CC(=O)O[C@@]12CO[C@@H]1C[C@H](O)[C@@]1(C)C(=O)[C@H](O)C3=C(C)[C@@H](OC(=O)[C@H](O)[C@@H](NC(=O)OC(C)(C)C)c4ccccc4)C[C@@](O)([C@@H](OC(=O)c4ccccc4)[C@H]21)C3(C)C,ZDZOTLJHXYCWBA-VCVYQWHSSA-N,C43H53NO14,807.89,58,True
DB01249,DB01249,DB01249,CC(=O)N(CC(O)CN(C(C)=O)C1=C(I)C(C(=O)NCC(O)CO)=C(I)C(C(=O)NCC(O)CO)=C1I)C1=C(I)C(C(=O)NCC(O)CO)=C(I)C(C(=O)NCC(O)CO)=C1I,CC(=O)N(CC(O)CN(C(C)=O)c1c(I)c(C(=O)NCC(O)CO)c(I)c(C(=O)NCC(O)CO)c1I)c1c(I)c(C(=O)NCC(O)CO)c(I)c(C(=O)NCC(O)CO)c1I,NBQNWMBBSKPBAY-UHFFFAOYSA-N,C35H44I6N6O15,1550.19,62,True
DB01250,DB01250,DB01250,OC(=O)C1=CC(=CC=C1O)\N=N\C1=CC=C(O)C(=C1)C(O)=O,O=C(O)c1cc(/N=N/c2ccc(O)c(C(=O)O)c2)ccc1O,QQBDLJCYGRGAKP-FOCLMDBBSA-N,C14H10N2O6,302.24,22,True
DB01251,DB01251,DB01251,COC1=CC2=C(C=C1)C(C)(C)C(=O)N(CCC1=CC=C(C=C1)S(=O)(=O)NC(=O)NC1CCCCC1)C2=O,COc1ccc2c(c1)C(=O)N(CCc1ccc(S(=O)(=O)NC(=O)NC3CCCCC3)cc1)C(=O)C2(C)C,LLJFMFZYVVLQKT-UHFFFAOYSA-N,C27H33N3O6S,527.64,37,True
DB01252,DB01252,DB01252,[H][C@@](CC(=O)N1C[C@@]2([H])CCCC[C@@]2([H])C1)(CC1=CC=CC=C1)C(O)=O,O=C(O)[C@H](CC(=O)N1C[C@H]2CCCC[C@H]2C1)Cc1ccccc1,WPGGHFDDFPHPOB-BBWFWOEESA-N,C19H25NO3,315.41,23,True
DB01253,DB01253,DB01253,[H][C@@]12CC3=CNC4=CC=CC(=C34)C1=C[C@H](CN2C)C(=O)N[C@@H](C)CO,C[C@@H](CO)NC(=O)[C@@H]1C=C2c3cccc4[nH]cc(c34)C[C@H]2N(C)C1,WVVSZNPYNCNODU-XTQGRXLLSA-N,C19H23N3O2,325.41,24,True
DB01254,DB01254,DB01254,CC1=NC(NC2=NC=C(S2)C(=O)NC2=C(C)C=CC=C2Cl)=CC(=N1)N1CCN(CCO)CC1,Cc1nc(Nc2ncc(C(=O)Nc3c(C)cccc3Cl)s2)cc(N2CCN(CCO)CC2)n1,ZBNZXTGUTAYRHI-UHFFFAOYSA-N,C22H26ClN7O2S,488.02,33,True
DB01255,DB01255,DB01255,C[C@@H](CC1=CC=CC=C1)NC(=O)[C@@H](N)CCCCN,C[C@@H](Cc1ccccc1)NC(=O)[C@@H](N)CCCCN,VOBHXZCDAVEXEY-JSGCOSHPSA-N,C15H25N3O,263.38,19,True
DB01256,DB01256,DB01256,[H][C@@]12C(=O)CC[C@]11CC[C@@H](C)[C@@]2(C)[C@@H](C[C@@](C)(C=C)[C@@H](O)[C@@H]1C)OC(=O)CS[C@H]1C[C@@H]2CC[C@H](C1)N2C,C=C[C@]1(C)C[C@@H](OC(=O)CS[C@@H]2C[C@H]3CC[C@@H](C2)N3C)[C@]2(C)[C@H](C)CC[C@]3(CCC(=O)[C@H]32)[C@@H](C)[C@@H]1O,STZYTFJPGGDRJD-NHUWBDDWSA-N,C30H47NO4S,517.78,36,True
DB01259,DB01259,DB01259,CS(=O)(=O)CCNCC1=CC=C(O1)C1=CC2=C(C=C1)N=CN=C2NC1=CC(Cl)=C(OCC2=CC(F)=CC=C2)C=C1,CS(=O)(=O)CCNCc1ccc(-c2ccc3ncnc(Nc4ccc(OCc5cccc(F)c5)c(Cl)c4)c3c2)o1,BCFGMOOMADDAQU-UHFFFAOYSA-N,C29H26ClFN4O4S,581.07,40,True
DB01260,DB01260,DB01260,[H][C@@]12C[C@H]3OC(C)(C)O[C@@]3(C(=O)CO)[C@@]1(C)C[C@H](O)[C@@]1([H])[C@@]2([H])CCC2=CC(=O)C=C[C@]12C,CC1(C)O[C@@H]2C[C@H]3[C@@H]4CCC5=CC(=O)C=C[C@]5(C)[C@H]4[C@@H](O)C[C@]3(C)[C@]2(C(=O)CO)O1,WBGKWQHBNHJJPZ-LECWWXJVSA-N,C24H32O6,416.51,30,True
DB01261,DB01261,DB01261,N[C@@H](CC(=O)N1CCN2C(C1)=NN=C2C(F)(F)F)CC1=CC(F)=C(F)C=C1F,N[C@@H](CC(=O)N1CCn2c(nnc2C(F)(F)F)C1)Cc1cc(F)c(F)cc1F,MFFMDFFZMYYVKS-SECBINFHSA-N,C16H15F6N5O,407.32,28,True
DB01262,DB01262,DB01262,NC1=NC(=O)N(C=N1)[C@H]1C[C@H](O)[C@@H](CO)O1,Nc1ncn([C@H]2C[C@H](O)[C@@H](CO)O2)c(=O)n1,XAUDJQYHKZQPEU-KVQBGUIXSA-N,C8H12N4O4,228.21,16,True
DB01263,DB01263,DB01263,[H][C@@](C)(O)[C@]([H])(CC)N1N=CN(C1=O)C1=CC=C(C=C1)N1CCN(CC1)C1=CC=C(OC[C@]2([H])CO[C@](CN3C=NC=N3)(C2)C2=C(F)C=C(F)C=C2)C=C1,CC[C@@H]([C@H](C)O)n1ncn(-c2ccc(N3CCN(c4ccc(OC[C@@H]5CO[C@@](Cn6cncn6)(c6ccc(F)cc6F)C5)cc4)CC3)cc2)c1=O,RAGOYPUPXAKGKH-XAKZXMRKSA-N,C37H42F2N8O4,700.79,51,True
DB01264,DB01264,DB01264,[H][C@@]12CCO[C@]1([H])OC[C@@H]2OC(=O)N[C@@H](CC1=CC=CC=C1)[C@H](O)CN(CC(C)C)S(=O)(=O)C1=CC=C(N)C=C1,CC(C)CN(C[C@@H](O)[C@H](Cc1ccccc1)NC(=O)O[C@H]1CO[C@H]2OCC[C@H]21)S(=O)(=O)c1ccc(N)cc1,CJBJHOAVZSMMDJ-HEXNFIEUSA-N,C27H37N3O7S,547.67,38,True
DB01267,DB01267,DB01267,CC1=C(CCN2CCC(CC2)C2=NOC3=C2C=CC(F)=C3)C(=O)N2CCCC(O)C2=N1,Cc1nc2n(c(=O)c1CCN1CCC(c3noc4cc(F)ccc34)CC1)CCCC2O,PMXMIIMHBWHSKN-UHFFFAOYSA-N,C23H27FN4O3,426.49,31,True
DB01268,DB01268,DB01268,CCN(CC)CCNC(=O)C1=C(C)NC(\C=C2/C(=O)NC3=C2C=C(F)C=C3)=C1C,CCN(CC)CCNC(=O)c1c(C)[nH]c(/C=C2\C(=O)Nc3ccc(F)cc32)c1C,WINHZLLDWRZWRT-ATVHPVEESA-N,C22H27FN4O2,398.48,29,True
DB01273,DB01273,DB01273,C1C2CNCC1C1=C2C=C2N=CC=NC2=C1,c1cnc2cc3c(cc2n1)C1CNCC3C1,JQSHBVHOMNKWFT-UHFFFAOYSA-N,C13H13N3,211.27,16,True
DB01274,DB01274,DB01274,COC1=CC=C(C[C@@H](C)NC[C@H](O)C2=CC(NC=O)=C(O)C=C2)C=C1,COc1ccc(C[C@@H](C)NC[C@H](O)c2ccc(O)c(NC=O)c2)cc1,BPZSYCZIITTYBL-YJYMSZOUSA-N,C19H24N2O4,344.41,25,True
DB01275,DB01275,DB01275,NNC1=NN=CC2=CC=CC=C12,NNc1nncc2ccccc12,RPTUSVTUFVMDQK-UHFFFAOYSA-N,C8H8N4,160.18,12,True
DB01280,DB01280,DB01280,COC1=NC(N)=NC2=C1N=CN2[C@@H]1O[C@H](CO)[C@@H](O)[C@@H]1O,COc1nc(N)nc2c1ncn2[C@@H]1O[C@H](CO)[C@@H](O)[C@@H]1O,IXOXBSCIXZEQEQ-UHTZMRCNSA-N,C11H15N5O5,297.27,21,True
DB01282,DB01282,DB01282,[H][C@]1(NC(=O)[C@H](CC2=CC=C(OC)C=C2)NC(=O)CCCSC[C@H](NC(=O)[C@H](CC(N)=O)NC(=O)[C@H](CCC(N)=O)NC1=O)C(=O)N1CCC[C@H]1C(=O)N[C@@H](CC(C)C)C(=O)NCC(N)=O)[C@@H](C)CC,CC[C@H](C)[C@@H]1NC(=O)[C@H](Cc2ccc(OC)cc2)NC(=O)CCCSC[C@@H](C(=O)N2CCC[C@H]2C(=O)N[C@@H](CC(C)C)C(=O)NCC(N)=O)NC(=O)[C@H](CC(N)=O)NC(=O)[C@H](CCC(N)=O)NC1=O,NSTRIRCPWQHTIA-DTRKZRJBSA-N,C45H69N11O12S,988.18,69,True
DB01283,DB01283,DB01283,CC1=CC=C(NC2=C(Cl)C=CC=C2F)C(CC(O)=O)=C1,Cc1ccc(Nc2c(F)cccc2Cl)c(CC(=O)O)c1,KHPKQFYUPIUARC-UHFFFAOYSA-N,C15H13ClFNO2,293.73,20,True
DB01284,DB01284,DB01284,CSCC[C@H](NC(=O)[C@H](CO)NC(=O)[C@H](CC1=CC=C(O)C=C1)NC(=O)[C@@H](N)CO)C(=O)N[C@@H](CCC(O)=O)C(=O)N[C@@H](CC1=CN=CN1)C(=O)N[C@@H](CC1=CC=CC=C1)C(=O)N[C@@H](CCCNC(N)=N)C(=O)N[C@@H](CC1=CNC2=C1C=CC=C2)C(=O)NCC(=O)N[C@@H](CCCCN)C(=O)N1CCC[C@H]1C(=O)N[C@@H](C(C)C)C(=O)NCC(=O)N[C@@H](CCCCN)C(=O)N[C@@H](CCCCN)C(=O)N[C@@H](CCCNC(N)=N)C(=O)N[C@@H](CCCNC(N)=N)C(=O)N1CCC[C@H]1C(=O)N[C@@H](C(C)C)C(=O)N[C@@H](CCCCN)C(=O)N[C@@H](C(C)C)C(=O)N[C@@H](CC1=CC=C(O)C=C1)C(=O)N1CCC[C@H]1C(O)=O,CSCC[C@H](NC(=O)[C@H](CO)NC(=O)[C@H](Cc1ccc(O)cc1)NC(=O)[C@@H](N)CO)C(=O)N[C@@H](CCC(=O)O)C(=O)N[C@@H](Cc1cnc[nH]1)C(=O)N[C@@H](Cc1ccccc1)C(=O)N[C@@H](CCCNC(=N)N)C(=O)N[C@@H](Cc1c[nH]c2ccccc12)C(=O)NCC(=O)N[C@@H](CCCCN)C(=O)N1CCC[C@H]1C(=O)N[C@H](C(=O)NCC(=O)N[C@@H](CCCCN)C(=O)N[C@@H](CCCCN)C(=O)N[C@@H](CCCNC(=N)N)C(=O)N[C@@H](CCCNC(=N)N)C(=O)N1CCC[C@H]1C(=O)N[C@H](C(=O)N[C@@H](CCCCN)C(=O)N[C@H](C(=O)N[C@@H](Cc1ccc(O)cc1)C(=O)N1CCC[C@H]1C(=O)O)C(C)C)C(C)C)C(C)C,ZOEFCCMDUURGSE-SQKVDDBVSA-N,C136H210N40O31S,2933.49,208,True
DB01288,DB01288,DB01288,CC(CC1=CC=C(O)C=C1)NCC(O)C1=CC(O)=CC(O)=C1,CC(Cc1ccc(O)cc1)NCC(O)c1cc(O)cc(O)c1,LSLYOANBFKQKPT-UHFFFAOYSA-N,C17H21NO4,303.36,22,True
DB01289,DB01289,DB01289,CC1=CC(=NO1)C(=O)NCCC1=CC=C(C=C1)S(=O)(=O)NC(=O)NN1CCCCCC1,Cc1cc(C(=O)NCCc2ccc(S(=O)(=O)NC(=O)NN3CCCCCC3)cc2)no1,ZKUDBRCEOBOWLF-UHFFFAOYSA-N,C20H27N5O5S,449.53,31,True
DB01291,DB01291,DB01291,CC(C)(C)NCC(O)C1=NC(CO)=C(O)C=C1,CC(C)(C)NCC(O)c1ccc(O)c(CO)n1,VQDBNKDJNJQRDG-UHFFFAOYSA-N,C12H20N2O3,240.3,17,True
DB01294,DB01294,DB01294,O[Bi]1OC(=O)C2=CC=CC=C2O1,O=C1[O][Bi]([OH])[O]c2ccccc21,ZREIPSZUJIFJNP-UHFFFAOYSA-K,C7H5BiO4,362.09,12,True
DB01295,DB01295,DB01295,COC1=C(OC)C=C(CCNCC(O)COC2=CC=CC(C)=C2)C=C1,COc1ccc(CCNCC(O)COc2cccc(C)c2)cc1OC,HXLAFSUPPDYFEO-UHFFFAOYSA-N,C20H27NO4,345.44,25,True
DB01296,DB01296,DB01296,N[C@H]1C(O)O[C@H](CO)[C@@H](O)[C@@H]1O,N[C@H]1C(O)O[C@H](CO)[C@@H](O)[C@@H]1O,MSWZFWKMSRAUBD-IVMDWMLBSA-N,C6H13NO5,179.17,12,True
DB01297,DB01297,DB01297,CC(C)NCC(O)COC1=CC=C(NC(C)=O)C=C1,CC(=O)Nc1ccc(OCC(O)CNC(C)C)cc1,DURULFYMVIFBIR-UHFFFAOYSA-N,C14H22N2O3,266.34,19,True
DB01298,DB01298,DB01298,CCN1C=CC(NS(=O)(=O)C2=CC=C(N)C=C2)=NC1=O,CCn1ccc(NS(=O)(=O)c2ccc(N)cc2)nc1=O,SIBQAECNSSQUOD-UHFFFAOYSA-N,C12H14N4O3S,294.34,20,True
DB01299,DB01299,DB01299,COC1=NC=NC(NS(=O)(=O)C2=CC=C(N)C=C2)=C1OC,COc1ncnc(NS(=O)(=O)c2ccc(N)cc2)c1OC,PJSFRIWCGOHTNF-UHFFFAOYSA-N,C12H14N4O4S,310.34,21,True
DB01301,DB01301,DB01301,[H][C@@]12C[C@@]3([H])C(C(=O)C4=C(O)C=CC=C4[C@@]3(C)O)=C(O)[C@]1(O)C(=O)C(C(=O)NCN1CCCC1)=C(O)[C@H]2N(C)C,CN(C)[C@@H]1C(O)=C(C(=O)NCN2CCCC2)C(=O)[C@@]2(O)C(O)=C3C(=O)c4c(O)cccc4[C@@](C)(O)[C@H]3C[C@@H]12,HMEYVGGHISAPJR-IAHYZSEUSA-N,C27H33N3O8,527.57,38,True
DB01303,DB01303,DB01303,C[N+](C)(C)CCO.CN1C2=C([N-]C=N2)C(=O)N(C)C1=O,C[N+](C)(C)CCO.Cn1c(=O)c2[n-]cnc2n(C)c1=O,RLANKEDHRWMNRO-UHFFFAOYSA-M,C12H21N5O3,283.33,20,True
DB01319,DB01319,DB01319,CC(C)CN(C[C@@H](OP(O)(O)=O)[C@H](CC1=CC=CC=C1)NC(=O)O[C@H]1CCOC1)S(=O)(=O)C1=CC=C(N)C=C1,CC(C)CN(C[C@@H](OP(=O)(O)O)[C@H](Cc1ccccc1)NC(=O)O[C@H]1CCOC1)S(=O)(=O)c1ccc(N)cc1,MLBVMOWEQCZNCC-OEMFJLHTSA-N,C25H36N3O9PS,585.62,39,True
DB01320,DB01320,DB01320,OP(O)(=O)OCN1C(=O)NC(C1=O)(C1=CC=CC=C1)C1=CC=CC=C1,O=C1NC(c2ccccc2)(c2ccccc2)C(=O)N1COP(=O)(O)O,XWLUWCNOOVRFPX-UHFFFAOYSA-N,C16H15N2O6P,362.28,25,True
DB01321,DB01321,DB01321,CO[C@H]1[C@@H](CC(=O)O[C@H](C)C\C=C\C=C\[C@H](O)[C@H](C)C[C@H](CC=O)[C@@H]1O[C@@H]1O[C@H](C)[C@@H](O[C@H]2C[C@@](C)(O)[C@@H](OC(=O)CC(C)C)[C@H](C)O2)[C@@H]([C@H]1O)N(C)C)OC(C)=O,CO[C@@H]1[C@@H](O[C@@H]2O[C@H](C)[C@@H](O[C@H]3C[C@@](C)(O)[C@@H](OC(=O)CC(C)C)[C@H](C)O3)[C@H](N(C)C)[C@H]2O)[C@@H](CC=O)C[C@@H](C)[C@@H](O)/C=C/C=C/C[C@@H](C)OC(=O)C[C@H]1OC(C)=O,XJSFLOJWULLJQS-NGVXBBESSA-N,C42H69NO15,828.01,58,True
DB01324,DB01324,DB01324,CN1C(CSCC(F)(F)F)NC2=CC(Cl)=C(C=C2S1(=O)=O)S(N)(=O)=O,CN1C(CSCC(F)(F)F)Nc2cc(Cl)c(S(N)(=O)=O)cc2S1(=O)=O,CYLWJCABXYDINA-UHFFFAOYSA-N,C11H13ClF3N3O4S3,439.89,25,True
DB01325,DB01325,DB01325,CCC1NC(=O)C2=CC(=C(Cl)C=C2N1)S(N)(=O)=O,CCC1NC(=O)c2cc(S(N)(=O)=O)c(Cl)cc2N1,AGMMTXLNIQSRCG-UHFFFAOYSA-N,C10H12ClN3O3S,289.74,18,True
DB01326,DB01326,DB01326,[H][C@]12SCC(CSC3=NN=NN3C)=C(N1C(=O)[C@H]2NC(=O)[C@H](O)C1=CC=CC=C1)C(O)=O,Cn1nnnc1SCC1=C(C(=O)O)N2C(=O)[C@@H](NC(=O)[C@H](O)c3ccccc3)[C@H]2SC1,OLVCFLKTBJRLHI-AXAPSJFSSA-N,C18H18N6O5S2,462.51,31,True
DB01327,DB01327,DB01327,[H][C@]12SCC(CSC3=NN=C(C)S3)=C(N1C(=O)[C@H]2NC(=O)CN1C=NN=N1)C(O)=O,Cc1nnc(SCC2=C(C(=O)O)N3C(=O)[C@@H](NC(=O)Cn4cnnn4)[C@H]3SC2)s1,MLYYVTUWGNIJIB-BXKDBHETSA-N,C14H14N8O4S3,454.52,29,True
DB01328,DB01328,DB01328,[H][C@]12SCC(CSC3=NN=NN3CS(O)(=O)=O)=C(N1C(=O)[C@H]2NC(=O)[C@H](O)C1=CC=CC=C1)C(O)=O,O=C(O)C1=C(CSc2nnnn2CS(=O)(=O)O)CS[C@@H]2[C@H](NC(=O)[C@H](O)c3ccccc3)C(=O)N12,DYAIAHUQIPBDIP-AXAPSJFSSA-N,C18H18N6O8S3,542.58,35,True
DB01329,DB01329,DB01329,[H][C@]12SCC(CSC3=NN=NN3C)=C(N1C(=O)[C@@]2([H])NC(=O)[C@H](NC(=O)N1CCN(CC)C(=O)C1=O)C1=CC=C(O)C=C1)C(O)=O,CCN1CCN(C(=O)N[C@@H](C(=O)N[C@@H]2C(=O)N3C(C(=O)O)=C(CSc4nnnn4C)CS[C@H]23)c2ccc(O)cc2)C(=O)C1=O,GCFBRXLSHGKWDP-XCGNWRKASA-N,C25H27N9O8S2,645.68,44,True
DB01330,DB01330,DB01330,[H][C@]12SCC(CSC3=NN=NN3C)=C(N1C(=O)[C@]2(NC(=O)C1SC(S1)=C(C(N)=O)C(O)=O)OC)C(O)=O,CO[C@@]1(NC(=O)C2SC(=C(C(N)=O)C(=O)O)S2)C(=O)N2C(C(=O)O)=C(CSc3nnnn3C)CS[C@@H]21,SRZNHPXWXCNNDU-RHBCBLIFSA-N,C17H17N7O8S4,575.63,36,True
DB01331,DB01331,DB01331,[H][C@]12SCC(COC(N)=O)=C(N1C(=O)[C@]2(NC(=O)CC1=CC=CS1)OC)C(O)=O,CO[C@@]1(NC(=O)Cc2cccs2)C(=O)N2C(C(=O)O)=C(COC(N)=O)CS[C@@H]21,WZOZEZRFJCJXNZ-ZBFHGGJFSA-N,C16H17N3O7S2,427.46,28,True
DB01332,DB01332,DB01332,[H][C@]12SCC=C(N1C(=O)[C@H]2NC(=O)C(=N/OC)\C1=CSC(N)=N1)C(O)=O,CO/N=C(\C(=O)N[C@@H]1C(=O)N2C(C(=O)O)=CCS[C@H]12)c1csc(N)n1,NNULBSISHYWZJU-LLKWHZGFSA-N,C13H13N5O5S2,383.41,25,True
DB01333,DB01333,DB01333,[H][C@]12SCC(C)=C(N1C(=O)[C@H]2NC(=O)[C@H](N)C1=CCC=CC1)C(O)=O,CC1=C(C(=O)O)N2C(=O)[C@@H](NC(=O)[C@H](N)C3=CCC=CC3)[C@H]2SC1,RDLPVSKMFDYCOR-UEKVPHQBSA-N,C16H19N3O4S,349.41,24,True
DB01336,DB01336,DB01336,[H][C@@]12CC3=CC=C(OC4=C5C(CC[N+](C)(C)[C@]5([H])CC5=CC(OC6=C(OC)C=C(CC[N+]1(C)C)C2=C6)=C(OC)C=C5)=CC(OC)=C4OC)C=C3,COc1ccc2cc1Oc1cc3c(cc1OC)CC[N+](C)(C)[C@H]3Cc1ccc(cc1)Oc1c(OC)c(OC)cc3c1[C@@H](C2)[N+](C)(C)CC3,JFXBEKISTKFVAB-AJQTZOPKSA-N,C40H48N2O6+2,652.83,48,True
DB01337,DB01337,DB01337,[H][C@@]12C[C@@H]([C@H](OC(C)=O)[C@@]1(C)CC[C@@]1([H])[C@@]2([H])CC[C@@]2([H])C[C@H](OC(C)=O)[C@H](C[C@]12C)[N+]1(C)CCCCC1)[N+]1(C)CCCCC1,CC(=O)O[C@H]1C[C@@H]2CC[C@@H]3[C@H](CC[C@@]4(C)[C@H]3C[C@H]([N+]3(C)CCCCC3)[C@@H]4OC(C)=O)[C@@]2(C)C[C@@H]1[N+]1(C)CCCCC1,GVEAYVLWDAFXET-XGHATYIMSA-N,C35H60N2O4+2,572.88,41,True
DB01338,DB01338,DB01338,[H][C@@]12C[C@@H]([C@H](OC(C)=O)[C@@]1(C)CC[C@@]1([H])[C@@]2([H])CC[C@@]2([H])C[C@H](OC(C)=O)[C@H](C[C@]12C)N1CC[N+](C)(C)CC1)N1CC[N+](C)(C)CC1,CC(=O)O[C@H]1C[C@@H]2CC[C@@H]3[C@H](CC[C@@]4(C)[C@H]3C[C@H](N3CC[N+](C)(C)CC3)[C@@H]4OC(C)=O)[C@@]2(C)C[C@@H]1N1CC[N+](C)(C)CC1,OWWLUIWOFHMHOQ-XGHATYIMSA-N,C35H62N4O4+2,602.9,43,True
DB01339,DB01339,DB01339,[H][C@@]12C[C@@H]([C@H](OC(C)=O)[C@@]1(C)CC[C@@]1([H])[C@@]2([H])CC[C@@]2([H])C[C@H](OC(C)=O)[C@H](C[C@]12C)N1CCCCC1)[N+]1(C)CCCCC1,CC(=O)O[C@H]1C[C@@H]2CC[C@@H]3[C@H](CC[C@@]4(C)[C@H]3C[C@H]([N+]3(C)CCCCC3)[C@@H]4OC(C)=O)[C@@]2(C)C[C@@H]1N1CCCCC1,BGSZAXLLHYERSY-XQIGCQGXSA-N,C34H57N2O4+,557.84,40,True
DB01340,DB01340,DB01340,CCOC(=O)[C@H](CCC1=CC=CC=C1)N[C@H]1CCCN2CCC[C@H](N2C1=O)C(O)=O,CCOC(=O)[C@H](CCc1ccccc1)N[C@H]1CCCN2CCC[C@@H](C(=O)O)N2C1=O,HHHKFGXWKKUNCY-FHWLQOOXSA-N,C22H31N3O5,417.51,30,True
DB01345,DB01345,DB01345,[K+],[K+],NPYPAHLBTDXSSS-UHFFFAOYSA-N,K+,39.1,1,True
DB01348,DB01348,DB01348,CCOC(=O)[C@H](CCC1=CC=CC=C1)N[C@@H](C)C(=O)N1CC2(C[C@H]1C(O)=O)SCCS2,CCOC(=O)[C@H](CCc1ccccc1)N[C@@H](C)C(=O)N1CC2(C[C@H]1C(=O)O)SCCS2,HRWCVUIFMSZDJS-SZMVWBNQSA-N,C22H30N2O5S2,466.63,31,True
DB01349,DB01349,DB01349,CC1=NC(C)=C2CCC(=O)N(CC3=CC=C(C=C3)C3=CC=CC=C3C3=NNN=N3)C2=N1,Cc1nc(C)c2c(n1)N(Cc1ccc(-c3ccccc3-c3nn[nH]n3)cc1)C(=O)CC2,ADXGNEYLLLSOAR-UHFFFAOYSA-N,C23H21N7O,411.47,31,True
DB01351,DB01351,DB01351,CCC1(CCC(C)C)C(=O)NC(=O)NC1=O,CCC1(CCC(C)C)C(=O)NC(=O)NC1=O,VIROVYVQCGLCII-UHFFFAOYSA-N,C11H18N2O3,226.28,16,True
DB01353,DB01353,DB01353,CCCCC1(CC)C(=O)NC(=O)NC1=O,CCCCC1(CC)C(=O)NC(=O)NC1=O,STDBAQMTJLUMFW-UHFFFAOYSA-N,C10H16N2O3,212.25,15,True
DB01355,DB01355,DB01355,CN1C(=O)NC(=O)C(C)(C1=O)C1=CCCCC1,CN1C(=O)NC(=O)C(C)(C2=CCCCC2)C1=O,UYXAWHWODHRRMR-UHFFFAOYSA-N,C12H16N2O3,236.27,17,True
DB01356,DB01356,DB01356,[Li+],[Li+],HBBGRARXTFLTSG-UHFFFAOYSA-N,Li+,6.94,1,True
DB01357,DB01357,DB01357,[H][C@@]12CC[C@@](O)(C#C)[C@@]1(C)CC[C@]1([H])C3=C(CC[C@@]21[H])C=C(OC)C=C3,C#C[C@]1(O)CC[C@H]2[C@@H]3CCc4cc(OC)ccc4[C@H]3CC[C@@]21C,IMSSROKUHAOUJS-MJCUULBUSA-N,C21H26O2,310.44,23,True
DB01359,DB01359,DB01359,CC(C)(C)NC[C@H](O)COC1=CC=CC=C1C1CCCC1,CC(C)(C)NC[C@H](O)COc1ccccc1C1CCCC1,KQXKVJAGOJTNJS-HNNXBMFYSA-N,C18H29NO2,291.44,21,True
DB01362,DB01362,DB01362,CC(=O)N(CC(O)CO)C1=C(I)C(C(=O)NCC(O)CO)=C(I)C(C(=O)NCC(O)CO)=C1I,CC(=O)N(CC(O)CO)c1c(I)c(C(=O)NCC(O)CO)c(I)c(C(=O)NCC(O)CO)c1I,NTHXOOBQLCIOLC-UHFFFAOYSA-N,C19H26I3N3O9,821.14,34,True
DB01364,DB01364,DB01364,CN[C@@H](C)[C@H](O)C1=CC=CC=C1,CN[C@@H](C)[C@H](O)c1ccccc1,KWGRBVOPPLSCSI-WPRPVWTQSA-N,C10H15NO,165.24,12,True
DB01365,DB01365,DB01365,CNC(C)(C)CC1=CC=CC=C1,CNC(C)(C)Cc1ccccc1,RXQCGGRTAILOIN-UHFFFAOYSA-N,C11H17N,163.26,12,True
DB01366,DB01366,DB01366,CC[C@H](NC(C)C)[C@H](O)C1=C2C=CC(=O)NC2=C(O)C=C1,CC[C@H](NC(C)C)[C@H](O)c1ccc(O)c2[nH]c(=O)ccc12,FKNXQNWAXFXVNW-BLLLJJGKSA-N,C16H22N2O3,290.36,21,True
DB01367,DB01367,DB01367,C#CCN[C@@H]1CCC2=CC=CC=C12,C#CCN[C@@H]1CCc2ccccc21,RUOKEQAAGRXIBM-GFCCVEGCSA-N,C12H13N,171.24,13,True
DB01369,DB01369,DB01369,[H][C@@]12CCCN1C(=O)[C@@H](CC)NC(=O)[C@@H](NC(=O)C1=NC=CC=C1O)[C@@H](C)OC(=O)[C@@H](NC(=O)[C@]1([H])CC(=O)[C@]([H])(CS[C@@H]3CN4CCC3CC4)CN1C(=O)[C@H](CC1=CC=C(C=C1)N(C)C)N(C)C2=O)C1=CC=CC=C1,CC[C@H]1NC(=O)[C@@H](NC(=O)c2ncccc2O)[C@@H](C)OC(=O)[C@H](c2ccccc2)NC(=O)[C@@H]2CC(=O)[C@H](CS[C@@H]3CN4CCC3CC4)CN2C(=O)[C@H](Cc2ccc(N(C)C)cc2)N(C)C(=O)[C@@H]2CCCN2C1=O,WTHRRGMBUAHGNI-LCYNINFDSA-N,C53H67N9O10S,1022.24,73,True
DB01370,DB01370,DB01370,[Al],[Al],XAGFODPZIPBFFR-UHFFFAOYSA-N,Al,26.98,1,True
DB01377,DB01377,DB01377,[O--].[Mg++],[Mg+2].[O-2],AXZKOIWUVFPNLO-UHFFFAOYSA-N,MgO,40.3,2,True
DB01378,DB01378,DB01378,[Mg++],[Mg+2],JLVVSXFLKOJNIY-UHFFFAOYSA-N,Mg+2,24.3,1,True
DB01380,DB01380,DB01380,[H][C@@]12CC[C@](O)(C(=O)COC(C)=O)[C@@]1(C)CC(=O)[C@@]1([H])[C@@]2([H])CCC2=CC(=O)CC[C@]12C,CC(=O)OCC(=O)[C@@]1(O)CC[C@H]2[C@@H]3CCC4=CC(=O)CC[C@]4(C)[C@H]3C(=O)C[C@@]21C,ITRJWOMZKQRYTA-RFZYENFJSA-N,C23H30O6,402.49,29,True
DB01384,DB01384,DB01384,[H][C@@]12C[C@@H](C)[C@](O)(C(=O)CO)[C@@]1(C)C[C@H](O)[C@@]1([H])[C@@]2([H])C[C@H](F)C2=CC(=O)C=C[C@]12C,C[C@@H]1C[C@H]2[C@@H]3C[C@H](F)C4=CC(=O)C=C[C@]4(C)[C@H]3[C@@H](O)C[C@]2(C)[C@@]1(O)C(=O)CO,MKPDWECBUAZOHP-AFYJWTTESA-N,C22H29FO5,392.47,28,True
DB01390,DB01390,DB01390,[Na+].OC([O-])=O,O=C([O-])O.[Na+],UIIMBOGNXHQVGW-UHFFFAOYSA-M,CHNaO3,84.01,5,True
DB01392,DB01392,DB01392,[H][C@@]12CC[C@H](O)[C@H](C(=O)OC)[C@@]1([H])C[C@]1([H])N(CCC3=C1NC1=CC=CC=C31)C2,COC(=O)[C@@H]1[C@H]2C[C@H]3c4[nH]c5ccccc5c4CCN3C[C@@H]2CC[C@@H]1O,BLGXFZZNTVWLAY-SCYLSFHTSA-N,C21H26N2O3,354.45,26,True
DB01393,DB01393,DB01393,CC(C)(OC1=CC=C(CCNC(=O)C2=CC=C(Cl)C=C2)C=C1)C(O)=O,CC(C)(Oc1ccc(CCNC(=O)c2ccc(Cl)cc2)cc1)C(=O)O,IIBYAHWJQTYFKB-UHFFFAOYSA-N,C19H20ClNO4,361.83,25,True
DB01394,DB01394,DB01394,COC1=CC2=C(C(OC)=C1OC)C1=CC=C(OC)C(=O)C=C1C(CC2)NC(C)=O,COc1cc2c(c(OC)c1OC)-c1ccc(OC)c(=O)cc1C(NC(C)=O)CC2,IAKHMKGGTNLKSZ-UHFFFAOYSA-N,C22H25NO6,399.44,29,True
DB01395,DB01395,DB01395,[H][C@@]12C[C@]1([H])[C@@]1([H])[C@]3([H])[C@]4([H])C[C@]4([H])[C@@]4(CCC(=O)O4)[C@@]3(C)CC[C@]1([H])[C@@]1(C)CCC(=O)C=C21,C[C@]12CCC(=O)C=C1[C@@H]1C[C@@H]1[C@H]1[C@@H]3[C@@H]4C[C@@H]4[C@@]4(CCC(=O)O4)[C@@]3(C)CC[C@@H]12,METQSPRSQINEEU-HXCATZOESA-N,C24H30O3,366.5,27,True
DB01396,DB01396,DB01396,[H][C@@]1(CC[C@]2(O)[C@]3([H])CC[C@]4([H])C[C@H](CC[C@]4(C)[C@@]3([H])CC[C@]12C)O[C@H]1C[C@H](O)[C@H](O[C@H]2C[C@H](O)[C@H](O[C@H]3C[C@H](O)[C@H](O)[C@@H](C)O3)[C@@H](C)O2)[C@@H](C)O1)C1=CC(=O)OC1,C[C@H]1O[C@@H](O[C@H]2[C@@H](O)C[C@H](O[C@H]3[C@@H](O)C[C@H](O[C@H]4CC[C@@]5(C)[C@H](CC[C@@H]6[C@@H]5CC[C@]5(C)[C@@H](C7=CC(=O)OC7)CC[C@]65O)C4)O[C@@H]3C)O[C@@H]2C)C[C@H](O)[C@@H]1O,WDJUZGPOPHTGOT-XUDUSOBPSA-N,C41H64O13,764.95,54,True
DB01397,DB01397,DB01397,[Mg++].OC1=CC=CC=C1C([O-])=O.OC1=CC=CC=C1C([O-])=O,O=C([O-])c1ccccc1O.O=C([O-])c1ccccc1O.[Mg+2],MQHWFIOJQSCFNM-UHFFFAOYSA-L,C14H10MgO6,298.53,21,True
DB01399,DB01399,DB01399,OC(=O)C1=CC=CC=C1OC(=O)C1=CC=CC=C1O,O=C(Oc1ccccc1C(=O)O)c1ccccc1O,WVYADZUPLLSGPU-UHFFFAOYSA-N,C14H10O5,258.23,19,True
DB01400,DB01400,DB01400,CN(C)C(=O)OC1=CC(=CC=C1)[N+](C)(C)C,CN(C)C(=O)Oc1cccc([N+](C)(C)C)c1,ALWKGYPQUAPLQC-UHFFFAOYSA-N,C12H19N2O2+,223.3,16,True
DB01401,DB01401,DB01401,[Mg++].C[N+](C)(C)CCO.OC1=CC=CC=C1C([O-])=O.OC1=CC=CC=C1C([O-])=O.OC1=CC=CC=C1C([O-])=O,C[N+](C)(C)CCO.O=C([O-])c1ccccc1O.O=C([O-])c1ccccc1O.O=C([O-])c1ccccc1O.[Mg+2],FQCQGOZEWWPOKI-UHFFFAOYSA-K,C26H29MgNO10,539.82,38,True
DB01403,DB01403,DB01403,COC1=CC2=C(SC3=C(C=CC=C3)N2C[C@H](C)CN(C)C)C=C1,COc1ccc2c(c1)N(C[C@H](C)CN(C)C)c1ccccc1S2,VRQVVMDWGGWHTJ-CQSZACIVSA-N,C19H24N2OS,328.48,23,True
DB01406,DB01406,DB01406,[H][C@@]12CC[C@@](O)(C#C)[C@@]1(C)CC[C@@]1([H])[C@@]2([H])CCC2=CC3=C(C[C@]12C)C=NO3,C#C[C@]1(O)CC[C@H]2[C@@H]3CCC4=Cc5oncc5C[C@]4(C)[C@H]3CC[C@@]21C,POZRVZJJTULAOH-LHZXLZLDSA-N,C22H27NO2,337.46,25,True
DB01407,DB01407,DB01407,CC(C)(C)NCC(O)C1=CC(Cl)=C(N)C(Cl)=C1,CC(C)(C)NCC(O)c1cc(Cl)c(N)c(Cl)c1,STJMRWALKKWQGH-UHFFFAOYSA-N,C12H18Cl2N2O,277.19,17,True
DB01408,DB01408,DB01408,CN(C)C(=O)OC1=CC(=CC(OC(=O)N(C)C)=C1)C(O)CNC(C)(C)C,CN(C)C(=O)Oc1cc(OC(=O)N(C)C)cc(C(O)CNC(C)(C)C)c1,ANZXOIAKUNOVQU-UHFFFAOYSA-N,C18H29N3O5,367.45,26,True
DB01409,DB01409,DB01409,[H][C@]12O[C@@]1([H])[C@]1([H])C[C@@]([H])(C[C@@]2([H])[N+]1(C)C)OC(=O)C(O)(C1=CC=CS1)C1=CC=CS1,C[N+]1(C)[C@@H]2C[C@@H](OC(=O)C(O)(c3cccs3)c3cccs3)C[C@H]1[C@@H]1O[C@@H]12,LERNTVKEWCAPOY-DZZGSBJMSA-N,C19H22NO4S2+,392.52,26,True
DB01410,DB01410,DB01410,[H][C@@]12C[C@@]3([H])[C@]4([H])CCC5=CC(=O)C=C[C@]5(C)[C@@]4([H])[C@@H](O)C[C@]3(C)[C@@]1(O[C@@H](O2)C1CCCCC1)C(=O)COC(=O)C(C)C,CC(C)C(=O)OCC(=O)[C@@]12O[C@H](C3CCCCC3)O[C@@H]1C[C@H]1[C@@H]3CCC4=CC(=O)C=C[C@]4(C)[C@H]3[C@@H](O)C[C@@]12C,LUKZNWIVRBCLON-GXOBDPJESA-N,C32H44O7,540.7,39,True
DB01411,DB01411,DB01411,O=C(NC1=C2OC(=CC(=O)C2=CC=C1)C1=NNN=N1)C1=CC=C(OCCCCC2=CC=CC=C2)C=C1,O=C(Nc1cccc2c(=O)cc(-c3nn[nH]n3)oc12)c1ccc(OCCCCc2ccccc2)cc1,NBQKINXMPLXUET-UHFFFAOYSA-N,C27H23N5O4,481.51,36,True
DB01412,DB01412,DB01412,CN1C=NC2=C1C(=O)NC(=O)N2C,Cn1cnc2c1c(=O)[nH]c(=O)n2C,YAPQBXQYLJRXSA-UHFFFAOYSA-N,C7H8N4O2,180.17,13,True
DB01413,DB01413,DB01413,CO\N=C(/C(=O)N[C@@H]1C(=O)N2[C@]1([H])SCC(C[N+]1(C)CCCC1)=C2C([O-])=O)C1=CSC(N)=N1,CO/N=C(\C(=O)N[C@@H]1C(=O)N2C(C(=O)[O-])=C(C[N+]3(C)CCCC3)CS[C@H]12)c1csc(N)n1,HVFLCNVBZFFHBT-ZKDACBOMSA-N,C19H24N6O5S2,480.57,32,True
DB01414,DB01414,DB01414,[H][C@]12SCC(COC(C)=O)=C(N1C(=O)[C@H]2NC(=O)CC#N)C(O)=O,CC(=O)OCC1=C(C(=O)O)N2C(=O)[C@@H](NC(=O)CC#N)[C@H]2SC1,RRYMAQUWDLIUPV-BXKDBHETSA-N,C13H13N3O6S,339.33,23,True
DB01415,DB01415,DB01415,[H][C@]12SCC=C(N1C(=O)[C@H]2NC(=O)C(=C/CC(O)=O)\C1=CSC(N)=N1)C(O)=O,Nc1nc(/C(=C/CC(=O)O)C(=O)N[C@@H]2C(=O)N3C(C(=O)O)=CCS[C@H]23)cs1,UNJFKXSSGBWRBZ-BJCIPQKHSA-N,C15H14N4O6S2,410.43,27,True
DB01416,DB01416,DB01416,[H][C@]12SCC(COC)=C(N1C(=O)[C@H]2NC(=O)C(=N/OC)\C1=CSC(N)=N1)C(O)=O,COCC1=C(C(=O)O)N2C(=O)[C@@H](NC(=O)/C(=N\OC)c3csc(N)n3)[C@H]2SC1,WYUSVOMTXWRGEK-HBWVYFAYSA-N,C15H17N5O6S2,427.46,28,True
DB01418,DB01418,DB01418,CC(=O)CC(C1=CC=C(C=C1)[N+]([O-])=O)C1=C(O)C2=CC=CC=C2OC1=O,CC(=O)CC(c1ccc([N+](=O)[O-])cc1)c1c(O)c2ccccc2oc1=O,VABCILAOYCMVPS-UHFFFAOYSA-N,C19H15NO6,353.33,26,True
DB01420,DB01420,DB01420,[H][C@@]12CC[C@H](OC(=O)CC)[C@@]1(C)CC[C@@]1([H])[C@@]2([H])CCC2=CC(=O)CC[C@]12C,CCC(=O)O[C@H]1CC[C@H]2[C@@H]3CCC4=CC(=O)CC[C@]4(C)[C@H]3CC[C@]12C,PDMMFKSKQVNJMI-BLQWBTBKSA-N,C22H32O3,344.5,25,True
DB01421,DB01421,DB01421,NC[C@@H]1O[C@H](O[C@@H]2[C@@H](CO)O[C@@H](O[C@@H]3[C@@H](O)[C@H](N)C[C@H](N)[C@H]3O[C@H]3O[C@H](CO)[C@@H](O)[C@H](O)[C@H]3N)[C@@H]2O)[C@H](N)[C@@H](O)[C@@H]1O,NC[C@@H]1O[C@H](O[C@H]2[C@@H](O)[C@H](O[C@@H]3[C@@H](O)[C@H](N)C[C@H](N)[C@H]3O[C@H]3O[C@H](CO)[C@@H](O)[C@H](O)[C@H]3N)O[C@@H]2CO)[C@H](N)[C@@H](O)[C@@H]1O,UOZODPSAJZTQNH-LSWIJEOBSA-N,C23H45N5O14,615.63,42,True
DB01422,DB01422,DB01422,OC1=C2N=CC=CC2=C(C=C1)[N+]([O-])=O,O=[N+]([O-])c1ccc(O)c2ncccc12,RJIWZDNTCBHXAL-UHFFFAOYSA-N,C9H6N2O3,190.16,14,True
DB01423,DB01423,DB01423,CC(SC(=O)C1=CC=CS1)C(=O)NCC(O)=O,CC(SC(=O)c1cccs1)C(=O)NCC(=O)O,JNYSEDHQJCOWQU-UHFFFAOYSA-N,C10H11NO4S2,273.33,17,True
DB01424,DB01424,DB01424,CN(C)C1=C(C)N(C)N(C1=O)C1=CC=CC=C1,Cc1c(N(C)C)c(=O)n(-c2ccccc2)n1C,RMMXTBMQSGEXHJ-UHFFFAOYSA-N,C13H17N3O,231.3,17,True
DB01426,DB01426,DB01426,CC[C@H]1[C@@H]2C[C@H]3[C@@H]4N(C)C5=CC=CC=C5[C@]44C[C@@H](C2[C@H]4O)N3[C@@H]1O,CC[C@H]1[C@@H]2C[C@H]3[C@@H]4N(C)c5ccccc5[C@]45C[C@@H](C2[C@H]5O)N3[C@@H]1O,CJDRUOGAGYHKKD-HEFSZTOGSA-N,C20H26N2O2,326.44,24,True
DB01427,DB01427,DB01427,NC1=CC(=CNC1=O)C1=CC=NC=C1,Nc1cc(-c2ccncc2)c[nH]c1=O,RNLQIBCLLYYYFJ-UHFFFAOYSA-N,C10H9N3O,187.2,14,True
DB01429,DB01429,DB01429,CCN(CC)CCCN(C1CC2=CC=CC=C2C1)C1=CC=CC=C1,CCN(CC)CCCN(c1ccccc1)C1Cc2ccccc2C1,NZLBHDRPUJLHCE-UHFFFAOYSA-N,C22H30N2,322.5,24,True
DB01431,DB01431,DB01431,[H][C@@]12CC[C@@](O)(CC=C)[C@@]1(C)CC[C@]1([H])[C@@]3([H])CCCC=C3CC[C@@]21[H],C=CC[C@]1(O)CC[C@H]2[C@@H]3CCC4=CCCC[C@@H]4[C@H]3CC[C@@]21C,ATXHVCQZZJYMCF-XUDSTZEESA-N,C21H32O,300.49,22,True
DB01433,DB01433,DB01433,CCC(OC(C)=O)C(CC(C)N(C)C)(C1=CC=CC=C1)C1=CC=CC=C1,CCC(OC(C)=O)C(CC(C)N(C)C)(c1ccccc1)c1ccccc1,XBMIVRRWGCYBTQ-UHFFFAOYSA-N,C23H31NO2,353.51,26,True
DB01435,DB01435,DB01435,CN1N(C(=O)C=C1C)C1=CC=CC=C1,Cc1cc(=O)n(-c2ccccc2)n1C,VEQOALNAAJBPNY-UHFFFAOYSA-N,C11H12N2O,188.23,14,True
DB01436,DB01436,DB01436,CC(C)CCC[C@@H](C)[C@@]1([H])CC[C@@]2([H])\C(CCC[C@]12C)=C\C=C1\C[C@@H](O)C[C@H](O)C1=C,C=C1/C(=C\C=C2/CCC[C@]3(C)[C@@H]([C@H](C)CCCC(C)C)CC[C@@H]23)C[C@@H](O)C[C@@H]1O,OFHCOWSQAMBJIW-AVJTYSNKSA-N,C27H44O2,400.65,29,True
DB01437,DB01437,DB01437,CCC1(CCC(=O)NC1=O)C1=CC=CC=C1,CCC1(c2ccccc2)CCC(=O)NC1=O,JMBQKKAJIKAWKF-UHFFFAOYSA-N,C13H15NO2,217.27,16,True
DB01438,DB01438,DB01438,NC1=NC(N)=C(C=C1)\N=N\C1=CC=CC=C1,Nc1ccc(/N=N/c2ccccc2)c(N)n1,QPFYXYFORQJZEC-FOCLMDBBSA-N,C11H11N5,213.24,16,True
DB01440,DB01440,DB01440,OCCCC(O)=O,O=C(O)CCCO,SJZRECIVHVDYJC-UHFFFAOYSA-N,C4H8O3,104.1,7,True
DB01452,DB01452,DB01452,[H][C@@]12C=C[C@H](OC(C)=O)[C@@H]3OC4=C(OC(C)=O)C=CC5=C4[C@]13CCN(C)[C@@H]2C5,CC(=O)Oc1ccc2c3c1O[C@H]1[C@@H](OC(C)=O)C=C[C@H]4[C@@H](C2)N(C)CC[C@@]341,GVGLGOZIDCSQPN-PVHGPHFFSA-N,C21H23NO5,369.42,27,True
DB01463,DB01463,DB01463,CCNC1C2CCC(C2)C1C1=CC=CC=C1,CCNC1C2CCC(C2)C1c1ccccc1,IKFBPFGUINLYQI-UHFFFAOYSA-N,C15H21N,215.34,16,True
DB01466,DB01466,DB01466,[H][C@@]12OC3=C(OCC)C=CC4=C3[C@@]11CCN(C)[C@]([H])(C4)[C@]1([H])C=C[C@@H]2O,CCOc1ccc2c3c1O[C@H]1[C@@H](O)C=C[C@H]4[C@@H](C2)N(C)CC[C@@]341,OGDVEMNWJVYAJL-LEPYJNQMSA-N,C19H23NO3,313.4,23,True
DB01489,DB01489,DB01489,CN(C)C(=O)OC1N=C(C2=CC=CC=C2)C2=C(C=CC(Cl)=C2)N(C)C1=O,CN(C)C(=O)OC1N=C(c2ccccc2)c2cc(Cl)ccc2N(C)C1=O,PXBVEXGRHZFEOF-UHFFFAOYSA-N,C19H18ClN3O3,371.82,26,True
DB01501,DB01501,DB01501,OC(=O)C1(CCN(CCC(C#N)(C2=CC=CC=C2)C2=CC=CC=C2)CC1)C1=CC=CC=C1,N#CC(CCN1CCC(C(=O)O)(c2ccccc2)CC1)(c1ccccc1)c1ccccc1,UFIVBRCCIRTJTN-UHFFFAOYSA-N,C28H28N2O2,424.54,32,True
DB01511,DB01511,DB01511,ClC1=CC2=C(NC(=O)CN=C2C2=CC=CC=C2Cl)C=C1,O=C1CN=C(c2ccccc2Cl)c2cc(Cl)ccc2N1,CHIFCDOIPRCHCF-UHFFFAOYSA-N,C15H10Cl2N2O,305.16,20,True
DB01544,DB01544,DB01544,CN1C2=C(C=C(C=C2)[N+]([O-])=O)C(=NCC1=O)C1=CC=CC=C1F,CN1C(=O)CN=C(c2ccccc2F)c2cc([N+](=O)[O-])ccc21,PPTYJKAXVCCBDU-UHFFFAOYSA-N,C16H12FN3O3,313.29,23,True
DB01545,DB01545,DB01545,CCOC(=O)C1N=C(C2=CC=CC=C2F)C2=C(NC1=O)C=CC(Cl)=C2,CCOC(=O)C1N=C(c2ccccc2F)c2cc(Cl)ccc2NC1=O,CUCHJCMWNFEYOM-UHFFFAOYSA-N,C18H14ClFN2O3,360.77,25,True
DB01551,DB01551,DB01551,[H][C@@]12OC3=C4C(C[C@H]5N(C)CC[C@@]14[C@@]5([H])CC[C@@H]2O)=CC=C3OC,COc1ccc2c3c1O[C@H]1[C@@H](O)CC[C@H]4[C@@H](C2)N(C)CC[C@@]341,RBOXVHNMENFORY-DNJOTXNNSA-N,C18H23NO3,301.39,22,True
DB01553,DB01553,DB01553,ClC1=CC2=C(NC(=O)CN3CCOC23C2=CC=CC=C2Cl)C=C1,O=C1CN2CCOC2(c2ccccc2Cl)c2cc(Cl)ccc2N1,ZIXNZOBDFKSQTC-UHFFFAOYSA-N,C17H14Cl2N2O2,349.22,23,True
DB01558,DB01558,DB01558,BrC1=CC2=C(NC(=O)CN=C2C2=CC=CC=N2)C=C1,O=C1CN=C(c2ccccn2)c2cc(Br)ccc2N1,VMIYHDSEFNYJSL-UHFFFAOYSA-N,C14H10BrN3O,316.16,19,True
DB01559,DB01559,DB01559,CCC1=CC2=C(S1)N(C)C(=O)CN=C2C1=CC=CC=C1Cl,CCc1cc2c(s1)N(C)C(=O)CN=C2c1ccccc1Cl,CHBRHODLKOZEPZ-UHFFFAOYSA-N,C16H15ClN2OS,318.83,21,True
DB01563,DB01563,DB01563,OC(O)C(Cl)(Cl)Cl,OC(O)C(Cl)(Cl)Cl,RNFNDJAIBTYOQL-UHFFFAOYSA-N,C2H3Cl3O2,165.4,7,True
DB01567,DB01567,DB01567,CN1C2=C(C=C(Cl)C=C2)C(=NCC1=O)C1=CC=CC=C1F,CN1C(=O)CN=C(c2ccccc2F)c2cc(Cl)ccc21,ROYOYTLGDLIGBX-UHFFFAOYSA-N,C16H12ClFN2O,302.74,21,True
DB01575,DB01575,DB01575,O.O.[Al+3].[Al+3].[O-][Si]([O-])([O-])O[Si]([O-])([O-])[O-],O.O.[Al+3].[Al+3].[O-][Si]([O-])([O-])O[Si]([O-])([O-])[O-],KGOIAFZMMLWXLM-UHFFFAOYSA-N,H4Al2O9Si2,258.16,13,True
DB01576,DB01576,DB01576,C[C@H](N)CC1=CC=CC=C1,C[C@H](N)Cc1ccccc1,KWTSXDURSIMDCE-QMMMGPOBSA-N,C9H13N,135.21,10,True
DB01577,DB01577,DB01577,CN[C@@H](C)CC1=CC=CC=C1,CN[C@@H](C)Cc1ccccc1,MYWUZJCMWCOHBA-VIFPVBQESA-N,C10H15N,149.24,11,True
DB01578,DB01578,DB01578,CN(C(C)=O)C1=C(I)C(C(=O)N[C@@H](C=O)[C@@H](O)[C@H](O)[C@H](O)CO)=C(I)C(NC(C)=O)=C1I,CC(=O)Nc1c(I)c(C(=O)N[C@@H](C=O)[C@@H](O)[C@H](O)[C@H](O)CO)c(I)c(N(C)C(C)=O)c1I,DTZMSDADRKLCQE-RFMXWLSYSA-N,C18H22I3N3O8,789.1,32,True
DB01579,DB01579,DB01579,C[C@H]1[C@@H](OCCN1C)C1=CC=CC=C1,C[C@H]1[C@H](c2ccccc2)OCCN1C,MFOCDFTXLCYLKU-CMPLNLGQSA-N,C12H17NO,191.27,14,True
DB01580,DB01580,DB01580,CC(C)NCC(O)COC1=CC=CC=C1OCC=C,C=CCOc1ccccc1OCC(O)CNC(C)C,CEMAWMOMDPGJMB-UHFFFAOYSA-N,C15H23NO3,265.35,19,True
DB01581,DB01581,DB01581,CC1=NC(NS(=O)(=O)C2=CC=C(N)C=C2)=NC=C1,Cc1ccnc(NS(=O)(=O)c2ccc(N)cc2)n1,QPPBRPIAZZHUNT-UHFFFAOYSA-N,C11H12N4O2S,264.31,18,True
DB01582,DB01582,DB01582,CC1=CC(C)=NC(NS(=O)(=O)C2=CC=C(N)C=C2)=N1,Cc1cc(C)nc(NS(=O)(=O)c2ccc(N)cc2)n1,ASWVTGNCAZCNNR-UHFFFAOYSA-N,C12H14N4O2S,278.34,19,True
DB01583,DB01583,DB01583,[Na+].[Na+].N[C@@H](CC1=CC(I)=C(OC2=CC(I)=C(O)C=C2)C(I)=C1)C([O-])=O.N[C@@H](CC1=CC(I)=C(OC2=CC(I)=C(O)C(I)=C2)C(I)=C1)C([O-])=O,N[C@@H](Cc1cc(I)c(Oc2cc(I)c(O)c(I)c2)c(I)c1)C(=O)[O-].N[C@@H](Cc1cc(I)c(Oc2ccc(O)c(I)c2)c(I)c1)C(=O)[O-].[Na+].[Na+],LKYWLLWWYBVUPP-XOCLESOZSA-L,C30H21I7N2Na2O8,1471.81,49,True
DB01586,DB01586,DB01586,[H][C@@]1(CC[C@@]2([H])[C@]3([H])[C@@H](O)C[C@]4([H])C[C@H](O)CC[C@]4(C)[C@@]3([H])CC[C@]12C)[C@H](C)CCC(O)=O,C[C@H](CCC(=O)O)[C@H]1CC[C@H]2[C@@H]3[C@@H](O)C[C@@H]4C[C@H](O)CC[C@]4(C)[C@H]3CC[C@]12C,RUDATBOHQWOJDD-UZVSRGJWSA-N,C24H40O4,392.58,28,True
DB01587,DB01587,DB01587,CN1C2=C(C=C(Cl)C=C2)C2(OC(C)=CC(=O)N2CC1=O)C1=CC=CC=C1,CC1=CC(=O)N2CC(=O)N(C)c3ccc(Cl)cc3C2(c2ccccc2)O1,PWAJCNITSBZRBL-UHFFFAOYSA-N,C20H17ClN2O3,368.82,26,True
DB01588,DB01588,DB01588,ClC1=CC2=C(C=C1)N(CC1CC1)C(=O)CN=C2C1=CC=CC=C1,O=C1CN=C(c2ccccc2)c2cc(Cl)ccc2N1CC1CC1,MWQCHHACWWAQLJ-UHFFFAOYSA-N,C19H17ClN2O,324.81,23,True
DB01589,DB01589,DB01589,FC1=CC=CC=C1C1=NCC(=S)N(CC(F)(F)F)C2=C1C=C(Cl)C=C2,Fc1ccccc1C1=NCC(=S)N(CC(F)(F)F)c2ccc(Cl)cc21,IKMPWMZBZSAONZ-UHFFFAOYSA-N,C17H11ClF4N2S,386.8,25,True
DB01590,DB01590,DB01590,[H][C@@]1(C[C@@H](C)[C@]2([H])CC(=O)[C@H](C)\C=C(C)\[C@@H](O)[C@@H](OC)C(=O)[C@H](C)C[C@H](C)\C=C\C=C\C=C(C)\[C@H](C[C@]3([H])CC[C@@H](C)[C@@](O)(O3)C(=O)C(=O)N3CCCC[C@@]3([H])C(=O)O2)OC)CC[C@@H](OCCO)[C@@H](C1)OC,CO[C@H]1C[C@@H]2CC[C@@H](C)[C@@](O)(O2)C(=O)C(=O)N2CCCC[C@H]2C(=O)O[C@H]([C@H](C)C[C@@H]2CC[C@@H](OCCO)[C@H](OC)C2)CC(=O)[C@H](C)/C=C(\C)[C@@H](O)[C@@H](OC)C(=O)[C@H](C)C[C@H](C)/C=C/C=C/C=C/1C,HKVAMNSJSFKALM-GKUWKFKPSA-N,C53H83NO14,958.24,68,True
DB01591,DB01591,DB01591,O=C(O[C@H]1CN2CCC1CC2)N1CCC2=CC=CC=C2[C@@H]1C1=CC=CC=C1,O=C(O[C@H]1CN2CCC1CC2)N1CCc2ccccc2[C@@H]1c1ccccc1,FBOUYBDGKBSUES-VXKWHMMOSA-N,C23H26N2O2,362.47,27,True
DB01592,DB01592,DB01592,[Fe],[Fe],XEEYBQQBJWHFJM-UHFFFAOYSA-N,Fe,55.84,1,True
DB01595,DB01595,DB01595,[O-][N+](=O)C1=CC2=C(NC(=O)CN=C2C2=CC=CC=C2)C=C1,O=C1CN=C(c2ccccc2)c2cc([N+](=O)[O-])ccc2N1,KJONHKAYOJNZEC-UHFFFAOYSA-N,C15H11N3O3,281.27,21,True
DB01597,DB01597,DB01597,CC1(C)C[C@@H]1C(=O)N\C(=C/CCCCSC[C@H](N)C(O)=O)C(O)=O,CC1(C)C[C@@H]1C(=O)N/C(=C\CCCCSC[C@H](N)C(=O)O)C(=O)O,DHSUYTOATWAVLW-WFVMDLQDSA-N,C16H26N2O5S,358.46,24,True
DB01598,DB01598,DB01598,[H][C@]12CC(SCC\N=C\N)=C(N1C(=O)[C@]2([H])[C@@H](C)O)C(O)=O,C[C@@H](O)[C@H]1C(=O)N2C(C(=O)O)=C(SCC/N=C/N)C[C@H]12,ZSKVGTPCRGIANV-ZXFLCMHBSA-N,C12H17N3O4S,299.35,20,True
DB01599,DB01599,DB01599,CC(C)(SC1=CC(=C(O)C(=C1)C(C)(C)C)C(C)(C)C)SC1=CC(=C(O)C(=C1)C(C)(C)C)C(C)(C)C,CC(C)(Sc1cc(C(C)(C)C)c(O)c(C(C)(C)C)c1)Sc1cc(C(C)(C)C)c(O)c(C(C)(C)C)c1,FYPMFJGVHOHGLL-UHFFFAOYSA-N,C31H48O2S2,516.86,35,True
DB01600,DB01600,DB01600,CC(C(O)=O)C1=CC=C(S1)C(=O)C1=CC=CC=C1,CC(C(=O)O)c1ccc(C(=O)c2ccccc2)s1,GUHPRPJDBZHYCJ-UHFFFAOYSA-N,C14H12O3S,260.31,18,True
DB01601,DB01601,DB01601,CC(C)[C@H](N1CCCNC1=O)C(=O)N[C@H](C[C@H](O)[C@H](CC1=CC=CC=C1)NC(=O)COC1=C(C)C=CC=C1C)CC1=CC=CC=C1,Cc1cccc(C)c1OCC(=O)N[C@@H](Cc1ccccc1)[C@@H](O)C[C@H](Cc1ccccc1)NC(=O)[C@H](C(C)C)N1CCCNC1=O,KJHKTHWMRKYKJE-SUGCFTRWSA-N,C37H48N4O5,628.81,46,True
DB01602,DB01602,DB01602,[H][C@]12SC(C)(C)[C@@H](N1C(=O)[C@H]2NC(=O)[C@H](N)C1=CC=CC=C1)C(=O)OC(C)OC(=O)OCC,CCOC(=O)OC(C)OC(=O)[C@@H]1N2C(=O)[C@@H](NC(=O)[C@H](N)c3ccccc3)[C@H]2SC1(C)C,PFOLLRNADZZWEX-FFGRCDKISA-N,C21H27N3O7S,465.53,32,True
DB01603,DB01603,DB01603,[H][C@]12SC(C)(C)[C@@H](N1C(=O)[C@H]2NC(=O)C1=C(OC)C=CC=C1OC)C(O)=O,COc1cccc(OC)c1C(=O)N[C@@H]1C(=O)N2[C@@H]1SC(C)(C)[C@@H]2C(=O)O,RJQXTJLFIWVMTO-TYNCELHUSA-N,C17H20N2O6S,380.42,26,True
DB01604,DB01604,DB01604,[H][C@]12SC(C)(C)[C@@H](N1C(=O)[C@H]2NC(=O)[C@H](N)C1=CC=CC=C1)C(=O)OCOC(=O)C(C)(C)C,CC(C)(C)C(=O)OCOC(=O)[C@@H]1N2C(=O)[C@@H](NC(=O)[C@H](N)c3ccccc3)[C@H]2SC1(C)C,ZEMIJUDPLILVNQ-ZXFNITATSA-N,C22H29N3O6S,463.56,32,True
DB01605,DB01605,DB01605,[H]C(=N[C@@H]1C(=O)N2[C@@H](C(=O)OCOC(=O)C(C)(C)C)C(C)(C)S[C@]12[H])N1CCCCCC1,CC(C)(C)C(=O)OCOC(=O)[C@@H]1N2C(=O)[C@@H](N=CN3CCCCCC3)[C@H]2SC1(C)C,NPGNOVNWUSPMDP-HLLBOEOZSA-N,C21H33N3O5S,439.58,30,True
DB01606,DB01606,DB01606,[H][C@@]12CC(=O)N1[C@@H](C(O)=O)[C@](C)(CN1C=CN=N1)S2(=O)=O,C[C@]1(Cn2ccnn2)[C@H](C(=O)O)N2C(=O)C[C@H]2S1(=O)=O,LPQZKKCYTLCDGQ-WEDXCCLWSA-N,C10H12N4O5S,300.3,20,True
DB01607,DB01607,DB01607,[H][C@]12SC(C)(C)[C@@H](N1C(=O)[C@H]2NC(=O)[C@H](C(O)=O)C1=CSC=C1)C(O)=O,CC1(C)S[C@@H]2[C@H](NC(=O)[C@H](C(=O)O)c3ccsc3)C(=O)N2[C@H]1C(=O)O,OHKOGUYZJXTSFX-KZFFXBSXSA-N,C15H16N2O6S2,384.44,25,True
DB01608,DB01608,DB01608,OC1CCN(CCCN2C3=CC=CC=C3SC3=C2C=C(C=C3)C#N)CC1,N#Cc1ccc2c(c1)N(CCCN1CCC(O)CC1)c1ccccc1S2,LUALIOATIOESLM-UHFFFAOYSA-N,C21H23N3OS,365.5,26,True
DB01609,DB01609,DB01609,OC(=O)C1=CC=C(C=C1)N1N=C(N=C1C1=CC=CC=C1O)C1=CC=CC=C1O,O=C(O)c1ccc(-n2nc(-c3ccccc3O)nc2-c2ccccc2O)cc1,BOFQWVMAQOTZIW-UHFFFAOYSA-N,C21H15N3O4,373.37,28,True
DB01610,DB01610,DB01610,CC(C)[C@H](N)C(=O)OCC(CO)OCN1C=NC2=C1NC(N)=NC2=O,CC(C)[C@H](N)C(=O)OCC(CO)OCn1cnc2c(=O)nc(N)[nH]c21,WPVFJKSGQUFQAP-GKAPJAKFSA-N,C14H22N6O5,354.37,25,True
DB01611,DB01611,DB01611,CCN(CCO)CCCC(C)NC1=C2C=CC(Cl)=CC2=NC=C1,CCN(CCO)CCCC(C)Nc1ccnc2cc(Cl)ccc12,XXSMGPRMXLTPCZ-UHFFFAOYSA-N,C18H26ClN3O,335.88,23,True
DB01612,DB01612,DB01612,CCCCCON=O,CCCCCON=O,CSDTZUBPSYWZDX-UHFFFAOYSA-N,C5H11NO2,117.15,8,True
DB01613,DB01613,DB01613,[O-][N+](=O)OC[C@@H](O[N+]([O-])=O)[C@H](CO[N+]([O-])=O)O[N+]([O-])=O,O=[N+]([O-])OC[C@H](O[N+](=O)[O-])[C@@H](CO[N+](=O)[O-])O[N+](=O)[O-],SNFOERUNNSHUGP-ZXZARUISSA-N,C4H6N4O12,302.11,20,True
DB01614,DB01614,DB01614,CN(C)CCCN1C2=CC=CC=C2SC2=C1C=C(C=C2)C(C)=O,CC(=O)c1ccc2c(c1)N(CCCN(C)C)c1ccccc1S2,NOSIYYJFMPDDSA-UHFFFAOYSA-N,C19H22N2OS,326.47,23,True
DB01615,DB01615,DB01615,CC(CN1C2=CC=CC=C2SC2=C1C=C(C=C2)C(C)=O)N(C)C,CC(=O)c1ccc2c(c1)N(CC(C)N(C)C)c1ccccc1S2,XLOQNFNTQIRSOX-UHFFFAOYSA-N,C19H22N2OS,326.47,23,True
DB01618,DB01618,DB01618,CCC1=C(C)NC2=C1C(=O)C(CN1CCOCC1)CC2,CCc1c(C)[nH]c2c1C(=O)C(CN1CCOCC1)CC2,KLPWJLBORRMFGK-UHFFFAOYSA-N,C16H24N2O2,276.38,20,True
DB01619,DB01619,DB01619,CN1CCC2=C(C1)C(C1=CC=CC=C21)C1=CC=CC=C1,CN1CCC2=C(C1)C(c1ccccc1)c1ccccc12,ISFHAYSTHMVOJR-UHFFFAOYSA-N,C19H19N,261.37,20,True
DB01620,DB01620,DB01620,CN(C)CCC(C1=CC=CC=C1)C1=CC=CC=N1,CN(C)CCC(c1ccccc1)c1ccccn1,IJHNSHDBIRRJRN-UHFFFAOYSA-N,C16H20N2,240.35,18,True
DB01621,DB01621,DB01621,CN(C)S(=O)(=O)C1=CC2=C(SC3=CC=CC=C3N2CCCN2CCC(CCO)CC2)C=C1,CN(C)S(=O)(=O)c1ccc2c(c1)N(CCCN1CCC(CCO)CC1)c1ccccc1S2,JOMHSQGEWSNUKU-UHFFFAOYSA-N,C24H33N3O3S2,475.68,32,True
DB01622,DB01622,DB01622,CN(C)S(=O)(=O)C1=CC2=C(SC3=CC=CC=C3N2CCCN2CCN(C)CC2)C=C1,CN1CCN(CCCN2c3ccccc3Sc3ccc(S(=O)(=O)N(C)C)cc32)CC1,VZYCZNZBPPHOFY-UHFFFAOYSA-N,C22H30N4O2S2,446.64,30,True
DB01623,DB01623,DB01623,CN(C)S(=O)(=O)C1=CC2=C(SC3=CC=CC=C3\C2=C\CCN2CCN(C)CC2)C=C1,CN1CCN(CC/C=C2/c3ccccc3Sc3ccc(S(=O)(=O)N(C)C)cc32)CC1,GFBKORZTTCHDGY-UWVJOHFNSA-N,C23H29N3O2S2,443.64,30,True
DB01624,DB01624,DB01624,OCCN1CCN(CC\C=C2\C3=C(SC4=C2C=C(Cl)C=C4)C=CC=C3)CC1,OCCN1CCN(CC/C=C2/c3ccccc3Sc3ccc(Cl)cc32)CC1,WFPIAZLQTJBIFN-DVZOWYKESA-N,C22H25ClN2OS,400.98,27,True
DB01626,DB01626,DB01626,CN(CC#C)CC1=CC=CC=C1,C#CCN(C)Cc1ccccc1,DPWPWRLQFGFJFI-UHFFFAOYSA-N,C11H13N,159.23,12,True
DB01627,DB01627,DB01627,[H][C@]1(C[C@@H](CCC)CN1C)C(=O)N[C@H]([C@@H](C)O)[C@H]1O[C@H](SC)[C@H](O)[C@@H](O)[C@H]1O,CCC[C@@H]1C[C@@H](C(=O)N[C@@H]([C@H]2O[C@H](SC)[C@H](O)[C@@H](O)[C@H]2O)[C@@H](C)O)N(C)C1,OJMMVQQUTAEWLP-KIDUDLJLSA-N,C18H34N2O6S,406.55,27,True
DB01628,DB01628,DB01628,CC1=NC=C(C=C1)C1=C(C=C(Cl)C=N1)C1=CC=C(C=C1)S(C)(=O)=O,Cc1ccc(-c2ncc(Cl)cc2-c2ccc(S(C)(=O)=O)cc2)cn1,MNJVRJDLRVPLFE-UHFFFAOYSA-N,C18H15ClN2O2S,358.85,24,True
DB01656,DB01656,DB01656,FC(F)OC1=C(OCC2CC2)C=C(C=C1)C(=O)NC1=C(Cl)C=NC=C1Cl,O=C(Nc1c(Cl)cncc1Cl)c1ccc(OC(F)F)c(OCC2CC2)c1,MNDBXUUTURYVHR-UHFFFAOYSA-N,C17H14Cl2F2N2O3,403.21,26,True
DB01685,DB01685,DB01685,N#CC1=NC=CC(=C1)C1=NNC(=N1)C1=CC=NC=C1,N#Cc1cc(-c2n[nH]c(-c3ccncc3)n2)ccn1,UBVZQGOVTLIHLH-UHFFFAOYSA-N,C13H8N6,248.25,19,True
DB01708,DB01708,DB01708,[H][C@@]12CCC(=O)[C@@]1(C)CC[C@@]1([H])[C@@]2([H])CC=C2C[C@@]([H])(O)CC[C@]12C,C[C@]12CC[C@H](O)CC1=CC[C@@H]1[C@@H]2CC[C@]2(C)C(=O)CC[C@@H]12,FMGSKLZLMKYGDP-USOAJAOKSA-N,C19H28O2,288.43,21,True
DB01764,DB01764,DB01764,CCN(CC)CCS(=O)(=O)[C@@H]1CCN2[C@H]1C(=O)O[C@H](C(C)C)[C@H](C)\C=C\C(=O)NC\C=C\C(\C)=C\[C@@H](O)CC(=O)CC1=NC(=CO1)C2=O,CCN(CC)CCS(=O)(=O)[C@@H]1CCN2C(=O)c3coc(n3)CC(=O)C[C@H](O)/C=C(C)/C=C/CNC(=O)/C=C/[C@@H](C)[C@@H](C(C)C)OC(=O)[C@@H]12,SUYRLXYYZQTJHF-VMBLUXKRSA-N,C34H50N4O9S,690.86,48,True
DB01878,DB01878,DB01878,O=C(C1=CC=CC=C1)C1=CC=CC=C1,O=C(c1ccccc1)c1ccccc1,RWCCWEUUXYIKHB-UHFFFAOYSA-N,C13H10O,182.22,14,True
DB02187,DB02187,DB02187,[H][C@@]12CCC(=O)[C@@]1(C)CC[C@]1([H])C3=C(CC=C21)C=C(O)C=C3,C[C@]12CC[C@H]3C(=CCc4cc(O)ccc43)[C@@H]1CCC2=O,WKRLQDKEXYKHJB-HFTRVMKXSA-N,C18H20O2,268.36,20,True
DB02300,DB02300,DB02300,O[C@H](\C=C\[C@@H](C)[C@@]1([H])CC[C@@]2([H])\C(CCC[C@]12C)=C\C=C1\C[C@@H](O)C[C@H](O)C1=C)C1CC1,C=C1/C(=C\C=C2/CCC[C@]3(C)[C@@H]([C@H](C)/C=C/[C@@H](O)C4CC4)CC[C@@H]23)C[C@@H](O)C[C@@H]1O,LWQQLNNNIPYSNX-UROSTWAQSA-N,C27H40O3,412.61,30,True
DB02513,DB02513,DB02513,CC(C)C1=CC=C(C)C=C1O,Cc1ccc(C(C)C)c(O)c1,MGSRCZKZVOBKFT-UHFFFAOYSA-N,C10H14O,150.22,11,True
DB02546,DB02546,DB02546,ONC(=O)CCCCCCC(=O)NC1=CC=CC=C1,O=C(CCCCCCC(=O)Nc1ccccc1)NO,WAEXFXRVDQXREF-UHFFFAOYSA-N,C14H20N2O3,264.32,19,True
DB02638,DB02638,DB02638,NCCCC[C@H](NC(=O)[C@@H]1CCCN1C(=O)[C@@H]1CSSC[C@H](NC(=O)CNC(=O)CNC(=O)CN)C(=O)N[C@@H](CC2=CC=C(O)C=C2)C(=O)N[C@@H](CC2=CC=CC=C2)C(=O)N[C@@H](CCC(N)=O)C(=O)N[C@@H](CC(N)=O)C(=O)N1)C(=O)NCC(N)=O,NCCCC[C@H](NC(=O)[C@@H]1CCCN1C(=O)[C@@H]1CSSC[C@H](NC(=O)CNC(=O)CNC(=O)CN)C(=O)N[C@@H](Cc2ccc(O)cc2)C(=O)N[C@@H](Cc2ccccc2)C(=O)N[C@@H](CCC(N)=O)C(=O)N[C@@H](CC(N)=O)C(=O)N1)C(=O)NCC(N)=O,BENFXAYNYRLAIU-QSVFAHTRSA-N,C52H74N16O15S2,1227.4,85,True
DB02659,DB02659,DB02659,[H][C@@](C)(CCC(O)=O)[C@@]1([H])CC[C@@]2([H])[C@]3([H])[C@]([H])(O)C[C@]4([H])C[C@]([H])(O)CC[C@]4(C)[C@@]3([H])C[C@]([H])(O)[C@]12C,C[C@H](CCC(=O)O)[C@H]1CC[C@H]2[C@@H]3[C@H](O)C[C@@H]4C[C@H](O)CC[C@]4(C)[C@H]3C[C@H](O)[C@]12C,BHQCQFFYRZLCQQ-OELDTZBJSA-N,C24H40O5,408.58,29,True
DB02701,DB02701,DB02701,NC(=O)C1=CC=CN=C1,NC(=O)c1cccnc1,DFPAKSUCGFBDDF-UHFFFAOYSA-N,C6H6N2O,122.13,9,True
DB02703,DB02703,DB02703,[H][C@@]12C[C@@H](O)[C@@]3([H])[C@@]4(C)CC[C@@H](O)[C@@H](C)[C@]4([H])CC[C@]3(C)[C@@]1(C)C[C@H](OC(C)=O)\C2=C(\CCC=C(C)C)C(O)=O,CC(=O)O[C@H]1C[C@@]2(C)[C@@H](C[C@@H](O)[C@H]3[C@@]4(C)CC[C@@H](O)[C@@H](C)[C@@H]4CC[C@@]32C)/C1=C(\CCC=C(C)C)C(=O)O,IECPWNUMDGFDKC-MZJAQBGESA-N,C31H48O6,516.72,37,True
DB02709,DB02709,DB02709,OC1=CC=C(\C=C\C2=CC(O)=CC(O)=C2)C=C1,Oc1ccc(/C=C/c2cc(O)cc(O)c2)cc1,LUKBXSAWLPMMSZ-OWOJBTEDSA-N,C14H12O3,228.25,17,True
DB02959,DB02959,DB02959,N[C@@H](CC1=CNC2=C1C=C(O)C=C2)C(O)=O,N[C@@H](Cc1c[nH]c2ccc(O)cc12)C(=O)O,LDCYZAJDBXYCGN-VIFPVBQESA-N,C11H12N2O3,220.23,16,True
DB03128,DB03128,DB03128,CC(=O)OCC[N+](C)(C)C,CC(=O)OCC[N+](C)(C)C,OIPILFWXSMYKGL-UHFFFAOYSA-N,C7H16NO2+,146.21,10,True
DB03585,DB03585,DB03585,CCCCC1C(=O)N(N(C1=O)C1=CC=C(O)C=C1)C1=CC=CC=C1,CCCCC1C(=O)N(c2ccccc2)N(c2ccc(O)cc2)C1=O,HFHZKZSRXITVMK-UHFFFAOYSA-N,C19H20N2O3,324.38,24,True
DB03615,DB03615,DB03615,[H][C@@]1(O[C@@H]2[C@@H](O)[C@H](N)C[C@H](N)[C@H]2O[C@H]2O[C@H](CN)[C@@H](O)[C@H](O)[C@H]2N)O[C@H](CO)[C@@H](O)[C@H]1O,NC[C@H]1O[C@H](O[C@H]2[C@H](O[C@@H]3O[C@H](CO)[C@@H](O)[C@H]3O)[C@@H](O)[C@H](N)C[C@@H]2N)[C@H](N)[C@@H](O)[C@@H]1O,NSKGQURZWSPSBC-VVPCINPTSA-N,C17H34N4O10,454.48,31,True
DB03619,DB03619,DB03619,[H][C@@]12CC[C@H]([C@H](C)CCC(O)=O)[C@@]1(C)[C@@H](O)C[C@@]1([H])[C@@]2([H])CC[C@]2([H])C[C@H](O)CC[C@]12C,C[C@H](CCC(=O)O)[C@H]1CC[C@H]2[C@@H]3CC[C@@H]4C[C@H](O)CC[C@]4(C)[C@H]3C[C@H](O)[C@]12C,KXGVEGMKQFWNSR-LLQZFEROSA-N,C24H40O4,392.58,28,True
DB03754,DB03754,DB03754,NC(CO)(CO)CO,NC(CO)(CO)CO,LENZDBCJOHFCAS-UHFFFAOYSA-N,C4H11NO3,121.14,8,True
DB03756,DB03756,DB03756,CC\C=C/C\C=C/C\C=C/C\C=C/C\C=C/C\C=C/CCC(O)=O,CC/C=C\C/C=C\C/C=C\C/C=C\C/C=C\C/C=C\CCC(=O)O,MBMBGCFOFBJSGT-KUBAVDMBSA-N,C22H32O2,328.5,24,True
DB03793,DB03793,DB03793,OC(=O)C1=CC=CC=C1,O=C(O)c1ccccc1,WPYMKLBDIGXBTP-UHFFFAOYSA-N,C7H6O2,122.12,9,True
DB03796,DB03796,DB03796,CCCCCCCCCCCCCCCC(O)=O,CCCCCCCCCCCCCCCC(=O)O,IPCSVZSSVZVIGE-UHFFFAOYSA-N,C16H32O2,256.43,18,True
DB04272,DB04272,DB04272,OC(=O)CC(O)(CC(O)=O)C(O)=O,O=C(O)CC(O)(CC(=O)O)C(=O)O,KRKNYBCHXYNGOX-UHFFFAOYSA-N,C6H8O7,192.12,13,True
DB04339,DB04339,DB04339,N[C@@H](CSCC(O)=O)C(O)=O,N[C@@H](CSCC(=O)O)C(=O)O,GBFLZEXEOZUWRN-VKHMYHEASA-N,C5H9NO4S,179.2,11,True
DB04398,DB04398,DB04398,CC(O)C(O)=O,CC(O)C(=O)O,JVTAAEKCZFNVCJ-UHFFFAOYSA-N,C3H6O3,90.08,6,True
DB04552,DB04552,DB04552,OC(=O)C1=C(NC2=CC=CC(=C2)C(F)(F)F)N=CC=C1,O=C(O)c1cccnc1Nc1cccc(C(F)(F)F)c1,JZFPYUNJRRFVQU-UHFFFAOYSA-N,C13H9F3N2O2,282.22,20,True
DB04570,DB04570,DB04570,[H][C@]12OCC(CSC3=NN=NN3C)=C(N1C(=O)[C@]2(NC(=O)C(C(O)=O)C1=CC=C(O)C=C1)OC)C(O)=O,CO[C@@]1(NC(=O)C(C(=O)O)c2ccc(O)cc2)C(=O)N2C(C(=O)O)=C(CSc3nnnn3C)CO[C@@H]21,JWCSIUVGFCSJCK-CAVRMKNVSA-N,C20H20N6O9S,520.48,36,True
DB04571,DB04571,DB04571,CC1=CC2=CC3=C(OC(=O)C=C3C)C(C)=C2O1,Cc1cc2cc3c(C)cc(=O)oc3c(C)c2o1,FMHHVULEAZTJMA-UHFFFAOYSA-N,C14H12O3,228.25,17,True
DB04572,DB04572,DB04572,S=P(N1CC1)(N1CC1)N1CC1,S=P(N1CC1)(N1CC1)N1CC1,FOCVUCIESVLUNU-UHFFFAOYSA-N,C6H12N3PS,189.22,11,True
DB04573,DB04573,DB04573,[H][C@@]12C[C@@H](O)[C@H](O)[C@@]1(C)CC[C@]1([H])C3=C(CC[C@@]21[H])C=C(O)C=C3,C[C@]12CC[C@@H]3c4ccc(O)cc4CC[C@H]3[C@@H]1C[C@@H](O)[C@@H]2O,PROQIPRRNZUXQM-ZXXIGWHRSA-N,C18H24O3,288.39,21,True
DB04574,DB04574,DB04574,[H][C@@]12CCC(=O)[C@@]1(C)CC[C@]1([H])C3=C(CC[C@@]21[H])C=C(OS(O)(=O)=O)C=C3,C[C@]12CC[C@@H]3c4ccc(OS(=O)(=O)O)cc4CC[C@H]3[C@@H]1CCC2=O,JKKFKPJIXZFSSB-CBZIJGRNSA-N,C18H22O5S,350.44,24,True
DB04575,DB04575,DB04575,[H][C@@]12CC[C@@](O)(C#C)[C@@]1(C)CC[C@]1([H])C3=C(CC[C@@]21[H])C=C(OC1CCCC1)C=C3,C#C[C@]1(O)CC[C@H]2[C@@H]3CCc4cc(OC5CCCC5)ccc4[C@H]3CC[C@@]21C,PWZUUYSISTUNDW-VAFBSOEGSA-N,C25H32O2,364.53,27,True
DB04576,DB04576,DB04576,CN1CCN(CC1)C1=C(F)C=C2C(=O)C(=CN(CCF)C2=C1F)C(O)=O,CN1CCN(c2c(F)cc3c(=O)c(C(=O)O)cn(CCF)c3c2F)CC1,XBJBPGROQZJDOJ-UHFFFAOYSA-N,C17H18F3N3O3,369.34,26,True
DB04711,DB04711,DB04711,OC(=O)C1=C(I)C(NC(=O)CCCCC(=O)NC2=C(I)C=C(I)C(C(O)=O)=C2I)=C(I)C=C1I,O=C(CCCCC(=O)Nc1c(I)cc(I)c(C(=O)O)c1I)Nc1c(I)cc(I)c(C(=O)O)c1I,FFINMCNLQNTKLU-UHFFFAOYSA-N,C20H14I6N2O6,1139.76,34,True
DB04743,DB04743,DB04743,CS(=O)(=O)NC1=C(OC2=CC=CC=C2)C=C(C=C1)[N+]([O-])=O,CS(=O)(=O)Nc1ccc([N+](=O)[O-])cc1Oc1ccccc1,HYWYRSMBCFDLJT-UHFFFAOYSA-N,C13H12N2O5S,308.32,21,True
DB04786,DB04786,DB04786,CC1=C(NC(=O)C2=CC(NC(=O)NC3=CC=CC(=C3)C(=O)NC3=C(C)C=CC(=C3)C(=O)NC3=C4C(C=C(C=C4S(O)(=O)=O)S(O)(=O)=O)=C(C=C3)S(O)(=O)=O)=CC=C2)C=C(C=C1)C(=O)NC1=C2C(C=C(C=C2S(O)(=O)=O)S(O)(=O)=O)=C(C=C1)S(O)(=O)=O,Cc1ccc(C(=O)Nc2ccc(S(=O)(=O)O)c3cc(S(=O)(=O)O)cc(S(=O)(=O)O)c23)cc1NC(=O)c1cccc(NC(=O)Nc2cccc(C(=O)Nc3cc(C(=O)Nc4ccc(S(=O)(=O)O)c5cc(S(=O)(=O)O)cc(S(=O)(=O)O)c45)ccc3C)c2)c1,FIAFUQMPZJWCLV-UHFFFAOYSA-N,C51H40N6O23S6,1297.3,86,True
DB04794,DB04794,DB04794,C1=CN(C=N1)C(C1=CC=CC=C1)C1=CC=C(C=C1)C1=CC=CC=C1,c1ccc(-c2ccc(C(c3ccccc3)n3ccnc3)cc2)cc1,OCAPBUJLXMYKEJ-UHFFFAOYSA-N,C22H18N2,310.4,24,True
DB04835,DB04835,DB04835,CC(C)C1=NN=C(C)N1[C@H]1C[C@@H]2CC[C@H](C1)N2CC[C@H](NC(=O)C1CCC(F)(F)CC1)C1=CC=CC=C1,Cc1nnc(C(C)C)n1[C@@H]1C[C@H]2CC[C@@H](C1)N2CC[C@H](NC(=O)C1CCC(F)(F)CC1)c1ccccc1,GSNHKUDZZFZSJB-QYOOZWMWSA-N,C29H41F2N5O,513.68,37,True
DB04839,DB04839,DB04839,[H][C@@]12C[C@]1([H])[C@@]1(C)C(=CC2=O)C(Cl)=C[C@@]2([H])[C@]3([H])CC[C@](OC(C)=O)(C(C)=O)[C@@]3(C)CC[C@]12[H],CC(=O)O[C@]1(C(C)=O)CC[C@H]2[C@@H]3C=C(Cl)C4=CC(=O)[C@@H]5C[C@@H]5[C@]4(C)[C@H]3CC[C@@]21C,UWFYSQMTEOIJJG-FDTZYFLXSA-N,C24H29ClO4,416.95,29,True
DB04840,DB04840,DB04840,NC(=N)N1CCC2=CC=CC=C2C1,N=C(N)N1CCc2ccccc2C1,JWPGJSVJDAJRLW-UHFFFAOYSA-N,C10H13N3,175.23,13,True
DB04841,DB04841,DB04841,FC1=CC=C(C=C1)C(N1CCN(C\C=C\C2=CC=CC=C2)CC1)C1=CC=C(F)C=C1,Fc1ccc(C(c2ccc(F)cc2)N2CCN(C/C=C/c3ccccc3)CC2)cc1,SMANXXCATUTDDT-QPJJXVBHSA-N,C26H26F2N2,404.5,30,True
DB04842,DB04842,DB04842,FC1=CC=C(C=C1)C(CCCN1CCC2(CC1)N(CNC2=O)C1=CC=CC=C1)C1=CC=C(F)C=C1,O=C1NCN(c2ccccc2)C12CCN(CCCC(c1ccc(F)cc1)c1ccc(F)cc1)CC2,QOYHHIBFXOOADH-UHFFFAOYSA-N,C29H31F2N3O,475.58,35,True
DB04844,DB04844,DB04844,COC1=C(OC)C=C2C3CC(=O)C(CC(C)C)CN3CCC2=C1,COc1cc2c(cc1OC)C1CC(=O)C(CC(C)C)CN1CC2,MKJIEFSOBYUXJB-UHFFFAOYSA-N,C19H27NO3,317.43,23,True
DB04845,DB04845,DB04845,[H][C@]12C[C@H](NC(=O)C[C@H](O)C(C)(C)C(=O)[C@H](C)[C@@H](O)[C@@H](C)CCC[C@@]1(C)O2)C(\C)=C\C1=CSC(C)=N1,C/C(=C\c1csc(C)n1)[C@@H]1C[C@@H]2O[C@]2(C)CCC[C@H](C)[C@H](O)[C@@H](C)C(=O)C(C)(C)[C@@H](O)CC(=O)N1,FABUFPQFXZVHFB-PVYNADRNSA-N,C27H42N2O5S,506.71,35,True
DB04846,DB04846,DB04846,CCN(CC)C(=O)NC1=CC=C(OCC(O)CNC(C)(C)C)C(=C1)C(C)=O,CCN(CC)C(=O)Nc1ccc(OCC(O)CNC(C)(C)C)c(C(C)=O)c1,JOATXPAWOHTVSZ-UHFFFAOYSA-N,C20H33N3O4,379.5,27,True
DB04854,DB04854,DB04854,CC(C)COC1=C(C=C(C=C1)C1=NC(C)=C(S1)C(O)=O)C#N,Cc1nc(-c2ccc(OCC(C)C)c(C#N)c2)sc1C(=O)O,BQSJTQLCZDPROO-UHFFFAOYSA-N,C16H16N2O3S,316.38,22,True
DB04855,DB04855,DB04855,CCCCN(CCCC)CCCOC1=CC=C(C=C1)C(=O)C1=C(CCCC)OC2=C1C=C(NS(C)(=O)=O)C=C2,CCCCc1oc2ccc(NS(C)(=O)=O)cc2c1C(=O)c1ccc(OCCCN(CCCC)CCCC)cc1,ZQTNQVWKHCQYLQ-UHFFFAOYSA-N,C31H44N2O5S,556.77,39,True
DB04861,DB04861,DB04861,OC(CNCC(O)C1CCC2=C(O1)C=CC(F)=C2)C1CCC2=C(O1)C=CC(F)=C2,OC(CNCC(O)C1CCc2cc(F)ccc2O1)C1CCc2cc(F)ccc2O1,KOHIRBRYDXPAMZ-UHFFFAOYSA-N,C22H25F2NO4,405.44,29,True
DB04865,DB04865,DB04865,[H][C@@]1(OC(=O)[C@@](O)(CCCC(C)(C)O)CC(=O)OC)C(OC)=C[C@]23CCCN2CCC2=CC4=C(OCO4)C=C2[C@]13[H],COC(=O)C[C@](O)(CCCC(C)(C)O)C(=O)O[C@@H]1C(OC)=C[C@]23CCCN2CCc2cc4c(cc2[C@H]13)OCO4,HYFHYPWGAURHIV-JFIAXGOJSA-N,C29H39NO9,545.63,39,True
DB04868,DB04868,DB04868,CC1=CN(C=N1)C1=CC(NC(=O)C2=CC=C(C)C(NC3=NC=CC(=N3)C3=CN=CC=C3)=C2)=CC(=C1)C(F)(F)F,Cc1cn(-c2cc(NC(=O)c3ccc(C)c(Nc4nccc(-c5cccnc5)n4)c3)cc(C(F)(F)F)c2)cn1,HHZIURLSWUIHRB-UHFFFAOYSA-N,C28H22F3N7O,529.53,39,True
DB04871,DB04871,DB04871,C[C@H]1CNCCC2=CC=C(Cl)C=C12,C[C@H]1CNCCc2ccc(Cl)cc21,XTTZERNUQAFMOF-QMMMGPOBSA-N,C11H14ClN,195.69,13,True
DB04876,DB04876,DB04876,OC12CC3CC(C1)CC(C3)(C2)NCC(=O)N1CCC[C@H]1C#N,N#C[C@@H]1CCCN1C(=O)CNC12CC3CC(CC(O)(C3)C1)C2,SYOKIDBDQMKNDQ-XWTIBIIYSA-N,C17H25N3O2,303.41,22,True
DB04878,DB04878,DB04878,OCC(CO)N[C@H]1C[C@](O)(CO)[C@@H](O)[C@H](O)[C@H]1O,OCC(CO)N[C@H]1C[C@](O)(CO)[C@@H](O)[C@H](O)[C@H]1O,FZNCGRZWXLXZSZ-CIQUZCHMSA-N,C10H21NO7,267.28,18,True
DB04894,DB04894,DB04894,CC(C)[C@@H]1NC(=O)[C@H](CCCCN)NC(=O)[C@@H](CC2=CNC3=CC=CC=C23)NC(=O)[C@H](CC2=CC=C(O)C=C2)NC(=O)[C@H](CSSC[C@H](NC1=O)C(=O)N[C@@H](CC1=CNC2=CC=CC=C12)C(N)=O)NC(=O)[C@H](N)CC1=CC=CC=C1,CC(C)[C@@H]1NC(=O)[C@H](CCCCN)NC(=O)[C@@H](Cc2c[nH]c3ccccc23)NC(=O)[C@H](Cc2ccc(O)cc2)NC(=O)[C@@H](NC(=O)[C@H](N)Cc2ccccc2)CSSC[C@@H](C(=O)N[C@@H](Cc2c[nH]c3ccccc23)C(N)=O)NC1=O,SWXOGPJRIDTIRL-DOUNNPEJSA-N,C57H70N12O9S2,1131.4,80,True
DB04896,DB04896,DB04896,CCN(CC)C(=O)C1(CC1CN)C1=CC=CC=C1,CCN(CC)C(=O)C1(c2ccccc2)CC1CN,GJJFMKBJSRMPLA-UHFFFAOYSA-N,C15H22N2O,246.35,18,True
DB04898,DB04898,DB04898,CCOC(=O)CN[C@@H](C(=O)N1CC[C@H]1C(=O)NCC1=CC=C(C=C1)C(\N)=N\O)C1CCCCC1,CCOC(=O)CN[C@@H](C(=O)N1CC[C@H]1C(=O)NCc1ccc(/C(N)=N/O)cc1)C1CCCCC1,ZXIBCJHYVWYIKI-PZJWPPBQSA-N,C24H35N5O5,473.57,34,True
DB04908,DB04908,DB04908,FC(F)(F)C1=CC(=CC=C1)N1CCN(CCN2C(=O)NC3=CC=CC=C23)CC1,O=c1[nH]c2ccccc2n1CCN1CCN(c2cccc(C(F)(F)F)c2)CC1,PPRRDFIXUUSXRA-UHFFFAOYSA-N,C20H21F3N4O,390.41,28,True
DB04911,DB04911,DB04911,CN[C@H](CC(C)C)C(=O)N[C@@H]1[C@H](O)C2=CC=C(OC3=C(O[C@@H]4O[C@H](CO)[C@@H](O)[C@H](O)[C@H]4O[C@H]4C[C@](C)(NCC5=CC=C(C=C5)C5=CC=C(Cl)C=C5)[C@@H](O)[C@H](C)O4)C4=CC(=C3)[C@@H](NC(=O)[C@H](CC(N)=O)NC1=O)C(=O)N[C@@H]1C3=CC(=C(O)C=C3)C3=C(O)C=C(O)C=C3[C@H](NC(=O)[C@@H](NC1=O)[C@H](O[C@H]1C[C@](C)(N)[C@@H](O)[C@H](C)O1)C1=CC(Cl)=C(O4)C=C1)C(O)=O)C(Cl)=C2,CN[C@H](CC(C)C)C(=O)N[C@H]1C(=O)N[C@@H](CC(N)=O)C(=O)N[C@H]2C(=O)N[C@H]3C(=O)N[C@H](C(=O)N[C@H](C(=O)O)c4cc(O)cc(O)c4-c4cc3ccc4O)[C@H](O[C@H]3C[C@](C)(N)[C@@H](O)[C@H](C)O3)c3ccc(c(Cl)c3)Oc3cc2cc(c3O[C@@H]2O[C@H](CO)[C@@H](O)[C@H](O)[C@H]2O[C@H]2C[C@](C)(NCc3ccc(-c4ccc(Cl)cc4)cc3)[C@@H](O)[C@H](C)O2)Oc2ccc(cc2Cl)[C@H]1O,VHFGEBVPHAGQPI-LXKZPTCJSA-N,C86H97Cl3N10O26,1793.13,125,True
DB04918,DB04918,DB04918,[H][C@@]1(NC(=O)C(=N/O)\C2=NSC(N)=N2)C(=O)N2C(C(O)=O)=C(CS[C@]12[H])\C=C1/CCN(C1=O)[C@]1([H])CCNC1,Nc1nc(/C(=N/O)C(=O)N[C@@H]2C(=O)N3C(C(=O)O)=C(/C=C4\CCN([C@@H]5CCNC5)C4=O)CS[C@H]23)ns1,VOAZJEPQLGBXGO-SDAWRPRTSA-N,C20H22N8O6S2,534.58,36,True
DB04920,DB04920,DB04920,CCCC(=O)OCOC(=O)C1=C(C)NC(C)=C(C1C1=CC=CC(Cl)=C1Cl)C(=O)OC,CCCC(=O)OCOC(=O)C1=C(C)NC(C)=C(C(=O)OC)C1c1cccc(Cl)c1Cl,KPBZROQVTHLCDU-UHFFFAOYSA-N,C21H23Cl2NO6,456.32,30,True
DB04930,DB04930,DB04930,CC1(C)C(C=C(Cl)Cl)C1C(=O)OCC1=CC(OC2=CC=CC=C2)=CC=C1,CC1(C)C(C=C(Cl)Cl)C1C(=O)OCc1cccc(Oc2ccccc2)c1,RLLPVAHGXHCWKJ-UHFFFAOYSA-N,C21H20Cl2O3,391.29,26,True
DB04938,DB04938,DB04938,OCCOC1=CC=C(C=C1)C(=C(\CCCl)C1=CC=CC=C1)\C1=CC=CC=C1,OCCOc1ccc(/C(=C(/CCCl)c2ccccc2)c2ccccc2)cc1,LUMKNAVTFCDUIE-VHXPQNKSSA-N,C24H23ClO2,378.9,27,True
DB04946,DB04946,DB04946,COC1=C(OCCCN2CCC(CC2)C2=NOC3=C2C=CC(F)=C3)C=CC(=C1)C(C)=O,COc1cc(C(C)=O)ccc1OCCCN1CCC(c2noc3cc(F)ccc23)CC1,XMXHEBAFVSFQEX-UHFFFAOYSA-N,C24H27FN2O4,426.49,31,True
DB04948,DB04948,DB04948,CC(OC1=C(Cl)C=CC=C1Cl)C1=NCCN1,CC(Oc1c(Cl)cccc1Cl)C1=NCCN1,KSMAGQUYOIHWFS-UHFFFAOYSA-N,C11H12Cl2N2O,259.14,16,True
DB04951,DB04951,DB04951,CC1=CN(C(=O)C=C1)C1=CC=CC=C1,Cc1ccc(=O)n(-c2ccccc2)c1,ISWRGOKTTBVCFA-UHFFFAOYSA-N,C12H11NO,185.23,14,True
DB04953,DB04953,DB04953,CCOC(=O)NC1=C(N)C=C(NCC2=CC=C(F)C=C2)C=C1,CCOC(=O)Nc1ccc(NCc2ccc(F)cc2)cc1N,PCOBBVZJEWWZFR-UHFFFAOYSA-N,C16H18FN3O2,303.34,22,True
DB04967,DB04967,DB04967,CCN(CC)CCNC1=C2C(=O)C3=CC=CC=C3SC2=C(C)C=C1,CCN(CC)CCNc1ccc(C)c2sc3ccccc3c(=O)c12,FBQPGGIHOFZRGH-UHFFFAOYSA-N,C20H24N2OS,340.49,24,True
DB05015,DB05015,DB05015,ONC(=O)\C=C\C1=CC=CC(=C1)S(=O)(=O)NC1=CC=CC=C1,O=C(/C=C/c1cccc(S(=O)(=O)Nc2ccccc2)c1)NO,NCNRHFGMJRPRSK-MDZDMXLPSA-N,C15H14N2O4S,318.35,22,True
DB05039,DB05039,DB05039,CCC1=C(CC)C=C2CC(CC2=C1)NC[C@H](O)C1=C2C=CC(=O)NC2=C(O)C=C1,CCc1cc2c(cc1CC)CC(NC[C@H](O)c1ccc(O)c3[nH]c(=O)ccc13)C2,QZZUEBNBZAPZLX-QFIPXVFZSA-N,C24H28N2O3,392.5,29,True
DB05109,DB05109,DB05109,[H][C@@]12[C@@H]3SC[C@]4(NCCC5=C4C=C(OC)C(O)=C5)C(=O)OC[C@H](N1[C@@H](O)[C@@H]1CC4=CC(C)=C(OC)C(O)=C4[C@H]2N1C)C1=C2OCOC2=C(C)C(OC(C)=O)=C31,COc1cc2c(cc1O)CCN[C@]21CS[C@@H]2c3c(OC(C)=O)c(C)c4c(c3[C@H](COC1=O)N1[C@@H]2[C@H]2c3c(cc(C)c(OC)c3O)C[C@@H]([C@@H]1O)N2C)OCO4,PKVRCIRHQMSYJX-AIFWHQITSA-N,C39H43N3O11S,761.85,54,True
DB05219,DB05219,DB05219,OB1OCC2=C1C=CC(OC1=CC=C(C=C1)C#N)=C2,N#Cc1ccc(Oc2ccc3c(c2)COB3O)cc1,USZAGAREISWJDP-UHFFFAOYSA-N,C14H10BNO3,251.05,19,True
DB05239,DB05239,DB05239,OC1(CN(C1)C(=O)C1=C(NC2=C(F)C=C(I)C=C2)C(F)=C(F)C=C1)[C@@H]1CCCCN1,O=C(c1ccc(F)c(F)c1Nc1ccc(I)cc1F)N1CC(O)([C@@H]2CCCCN2)C1,BSMCAPRUBJMWDF-KRWDZBQOSA-N,C21H21F3IN3O2,531.32,30,True
DB05245,DB05245,DB05245,[Ag+].NC1=CC=C(C=C1)S(=O)(=O)[N-]C1=NC=CC=N1,Nc1ccc(S(=O)(=O)[N-]c2ncccn2)cc1.[Ag+],UEJSSZHHYBHCEL-UHFFFAOYSA-N,C10H9AgN4O2S,357.14,18,True
DB05246,DB05246,DB05246,CN1C(=O)CC(C)(C1=O)C1=CC=CC=C1,CN1C(=O)CC(C)(c2ccccc2)C1=O,AJXPJJZHWIXJCJ-UHFFFAOYSA-N,C12H13NO2,203.24,15,True
DB05260,DB05260,DB05260,[Ga+3].[O-][N+]([O-])=O.[O-][N+]([O-])=O.[O-][N+]([O-])=O,O=[N+]([O-])[O-].O=[N+]([O-])[O-].O=[N+]([O-])[O-].[Ga+3],CHPZKNULDCNCBW-UHFFFAOYSA-N,GaN3O9,255.73,13,True
DB05265,DB05265,DB05265,[H][C@@]12CCC3=CC(C(C)C)=C(C=C3[C@@]1(C)CCC[C@@]2(C)C(O)=O)S(O)(=O)=O,CC(C)c1cc2c(cc1S(=O)(=O)O)[C@@]1(C)CCC[C@@](C)(C(=O)O)[C@@H]1CC2,IWCWQNVIUXZOMJ-MISYRCLQSA-N,C20H28O5S,380.51,26,True
DB05266,DB05266,DB05266,CC(C)C(=O)C1=C2C=CC=CN2N=C1C(C)C,CC(C)C(=O)c1c(C(C)C)nn2ccccc12,ZJVFLBOZORBYFE-UHFFFAOYSA-N,C14H18N2O,230.31,17,True
DB05271,DB05271,DB05271,CCCN(CCC1=CC=CS1)[C@H]1CCC2=C(O)C=CC=C2C1,CCCN(CCc1cccs1)[C@H]1CCc2c(O)cccc2C1,KFQYTPMOWPVWEJ-INIZCTEOSA-N,C19H25NOS,315.48,22,True
DB05294,DB05294,DB05294,COC1=C(OCC2CCN(C)CC2)C=C2N=CN=C(NC3=C(F)C=C(Br)C=C3)C2=C1,COc1cc2c(Nc3ccc(Br)cc3F)ncnc2cc1OCC1CCN(C)CC1,UHTHHESEBZOYNR-UHFFFAOYSA-N,C22H24BrFN4O2,475.36,30,True
DB05316,DB05316,DB05316,CC(C)COC1=CC=C(CNC(=O)N(CC2=CC=C(F)C=C2)C2CCN(C)CC2)C=C1,CC(C)COc1ccc(CNC(=O)N(Cc2ccc(F)cc2)C2CCN(C)CC2)cc1,RKEWSXXUOLRFBX-UHFFFAOYSA-N,C25H34FN3O2,427.56,31,True
DB05351,DB05351,DB05351,CC1=C(OCC(F)(F)F)C=CN=C1C[S@@](=O)C1=NC2=CC=CC=C2N1,Cc1c(OCC(F)(F)F)ccnc1C[S@@](=O)c1nc2ccccc2[nH]1,MJIHNNLFOKEZEW-RUZDIDTESA-N,C16H14F3N3O2S,369.37,25,True
DB05381,DB05381,DB05381,NCCC1=CNC=N1,NCCc1c[nH]cn1,NTYJJOPFIAHURM-UHFFFAOYSA-N,C5H9N3,111.15,8,True
DB05521,DB05521,DB05521,[H][C@@]12CCC[C@]1([H])[C@H](N(C2)C(=O)[C@@H](NC(=O)[C@@H](NC(=O)C1=NC=CN=C1)C1CCCCC1)C(C)(C)C)C(=O)N[C@@H](CCC)C(=O)C(=O)NC1CC1,CCC[C@H](NC(=O)[C@@H]1[C@H]2CCC[C@H]2CN1C(=O)[C@@H](NC(=O)[C@@H](NC(=O)c1cnccn1)C1CCCCC1)C(C)(C)C)C(=O)C(=O)NC1CC1,BBAWEDCPNXPBQM-GDEBMMAJSA-N,C36H53N7O6,679.86,49,True
DB05528,DB05528,DB05528,COCCO[C@@H]1[C@H](O)[C@@H](COP(S)(=O)O[C@@H]2[C@@H](COP(S)(=O)O[C@@H]3[C@@H](COP(S)(=O)O[C@@H]4[C@@H](COP(S)(=O)O[C@@H]5[C@@H](COP(S)(=O)O[C@H]6C[C@@H](O[C@@H]6COP(S)(=O)O[C@H]6C[C@@H](O[C@@H]6COP(S)(=O)O[C@H]6C[C@@H](O[C@@H]6COP(S)(=O)O[C@H]6C[C@@H](O[C@@H]6COP(S)(=O)O[C@H]6C[C@@H](O[C@@H]6COP(S)(=O)O[C@H]6C[C@@H](O[C@@H]6COP(S)(=O)O[C@H]6C[C@@H](O[C@@H]6COP(S)(=O)O[C@H]6C[C@@H](O[C@@H]6COP(S)(=O)O[C@H]6C[C@@H](O[C@@H]6COP(S)(=O)O[C@H]6C[C@@H](O[C@@H]6COP(S)(=O)O[C@@H]6[C@@H](COP(S)(=O)O[C@@H]7[C@@H](COP(S)(=O)O[C@@H]8[C@@H](COP(S)(=O)O[C@@H]9[C@@H](COP(S)(=O)O[C@@H]%10[C@@H](CO)O[C@H]([C@@H]%10OCCOC)N%10C=NC%11=C%10N=C(N)NC%11=O)O[C@H]([C@@H]9OCCOC)N9C=C(C)C(N)=NC9=O)O[C@H]([C@@H]8OCCOC)N8C=C(C)C(N)=NC8=O)O[C@H]([C@@H]7OCCOC)N7C=C(C)C(=O)NC7=O)O[C@H]([C@@H]6OCCOC)N6C=C(C)C(N)=NC6=O)N6C=NC7=C6N=CN=C7N)N6C=NC7=C6N=C(N)NC7=O)N6C=C(C)C(=O)NC6=O)N6C=C(C)C(N)=NC6=O)N6C=C(C)C(=O)NC6=O)N6C=NC7=C6N=C(N)NC7=O)N6C=C(C)C(N)=NC6=O)N6C=C(C)C(=O)NC6=O)N6C=C(C)C(=O)NC6=O)N6C=C(C)C(N)=NC6=O)O[C@H]([C@@H]5OCCOC)N5C=NC6=C5N=C(N)NC6=O)O[C@H]([C@@H]4OCCOC)N4C=C(C)C(N)=NC4=O)O[C@H]([C@@H]3OCCOC)N3C=NC4=C3N=CN=C4N)O[C@H]([C@@H]2OCCOC)N2C=C(C)C(N)=NC2=O)O[C@H]1N1C=C(C)C(N)=NC1=O,COCCO[C@@H]1[C@H](O)[C@@H](COP(=O)(S)O[C@H]2[C@@H](OCCOC)[C@H](n3cc(C)c(N)nc3=O)O[C@@H]2COP(=O)(S)O[C@H]2[C@@H](OCCOC)[C@H](n3cnc4c(N)ncnc43)O[C@@H]2COP(=O)(S)O[C@H]2[C@@H](OCCOC)[C@H](n3cc(C)c(N)nc3=O)O[C@@H]2COP(=O)(S)O[C@H]2[C@@H](OCCOC)[C@H](n3cnc4c(=O)[nH]c(N)nc43)O[C@@H]2COP(=O)(S)O[C@H]2C[C@H](n3cc(C)c(N)nc3=O)O[C@@H]2COP(=O)(S)O[C@H]2C[C@H](n3cc(C)c(=O)[nH]c3=O)O[C@@H]2COP(=O)(S)O[C@H]2C[C@H](n3cc(C)c(=O)[nH]c3=O)O[C@@H]2COP(=O)(S)O[C@H]2C[C@H](n3cc(C)c(N)nc3=O)O[C@@H]2COP(=O)(S)O[C@H]2C[C@H](n3cnc4c(=O)[nH]c(N)nc43)O[C@@H]2COP(=O)(S)O[C@H]2C[C@H](n3cc(C)c(=O)[nH]c3=O)O[C@@H]2COP(=O)(S)O[C@H]2C[C@H](n3cc(C)c(N)nc3=O)O[C@@H]2COP(=O)(S)O[C@H]2C[C@H](n3cc(C)c(=O)[nH]c3=O)O[C@@H]2COP(=O)(S)O[C@H]2C[C@H](n3cnc4c(=O)[nH]c(N)nc43)O[C@@H]2COP(=O)(S)O[C@H]2C[C@H](n3cnc4c(N)ncnc43)O[C@@H]2COP(=O)(S)O[C@H]2[C@@H](OCCOC)[C@H](n3cc(C)c(N)nc3=O)O[C@@H]2COP(=O)(S)O[C@H]2[C@@H](OCCOC)[C@H](n3cc(C)c(=O)[nH]c3=O)O[C@@H]2COP(=O)(S)O[C@H]2[C@@H](OCCOC)[C@H](n3cc(C)c(N)nc3=O)O[C@@H]2COP(=O)(S)O[C@H]2[C@@H](OCCOC)[C@H](n3cc(C)c(N)nc3=O)O[C@@H]2COP(=O)(S)O[C@H]2[C@@H](OCCOC)[C@H](n3cnc4c(=O)[nH]c(N)nc43)O[C@@H]2CO)O[C@H]1n1cc(C)c(N)nc1=O,XLTMQWVJFPYGMC-QVKFEXRMSA-N,C230H324N67O122P19S19,7177.25,457,True
DB05541,DB05541,DB05541,CCC[C@H]1CN([C@@H](CC)C(N)=O)C(=O)C1,CCC[C@@H]1CC(=O)N([C@@H](CC)C(N)=O)C1,MSYKRHVOOPPJKU-BDAKNGLRSA-N,C11H20N2O2,212.29,15,True
DB05630,DB05630,DB05630,O.O.O.O.O.O.O.O.O.[Na+].[Na+].[Na+].[H][C@@]1(O[Sb]2(O)(O[Sb]34([O-])O[C@@H](C([O-])=O)[C@@]([H])(O3)[C@]([H])(O4)[C@H](O)CO)O[C@@H](C([O-])=O)[C@@]1([H])O2)[C@H](O)CO,O.O.O.O.O.O.O.O.O.O=C([O-])[C@@H]1[O][Sb]2([O-])([O][Sb]34([OH])[O][C@H]([C@H](O)CO)[C@H]([O]3)[C@H](C(=O)[O-])[O]4)[O][C@H]([C@H](O)CO)[C@@H]1[O]2.[Na+].[Na+].[Na+],YQDGWZZYGYKDLR-UZVLBLASSA-K,C12H35Na3O26Sb2,907.88,43,True
DB05676,DB05676,DB05676,CCOC1=CC(=CC=C1OC)[C@@H](CS(C)(=O)=O)N1C(=O)C2=CC=CC(NC(C)=O)=C2C1=O,CCOc1cc([C@@H](CS(C)(=O)=O)N2C(=O)c3cccc(NC(C)=O)c3C2=O)ccc1OC,IMOZEMNVLZVGJZ-QGZVFWFLSA-N,C22H24N2O7S,460.51,32,True
DB05812,DB05812,DB05812,[H][C@@]12CC=C(C3=CC=CN=C3)[C@@]1(C)CC[C@@]1([H])[C@@]2([H])CC=C2C[C@@H](O)CC[C@]12C,C[C@]12CC[C@H](O)CC1=CC[C@@H]1[C@@H]2CC[C@]2(C)C(c3cccnc3)=CC[C@@H]12,GZOSMCIZMLWJML-VJLLXTKPSA-N,C24H31NO,349.52,26,True
DB05990,DB05990,DB05990,[H][C@@]1(CC[C@@]2([H])[C@]3([H])[C@H](O)[C@H](CC)[C@]4([H])C[C@H](O)CC[C@]4(C)[C@@]3([H])CC[C@]12C)[C@H](C)CCC(O)=O,CC[C@H]1[C@@H](O)[C@@H]2[C@H](CC[C@]3(C)[C@@H]([C@H](C)CCC(=O)O)CC[C@@H]23)[C@@]2(C)CC[C@@H](O)C[C@@H]12,ZXERDUOLZKYMJM-ZWECCWDJSA-N,C26H44O4,420.63,30,True
DB06016,DB06016,DB06016,CN(C)C(=O)N[C@H]1CC[C@H](CCN2CCN(CC2)C2=C(Cl)C(Cl)=CC=C2)CC1,CN(C)C(=O)N[C@H]1CC[C@H](CCN2CCN(c3cccc(Cl)c3Cl)CC2)CC1,KPWSJANDNDDRMB-QAQDUYKDSA-N,C21H32Cl2N4O,427.42,28,True
DB06144,DB06144,DB06144,FC1=CC=C(C=C1)N1C=C(C2CCN(CCN3CCNC3=O)CC2)C2=C1C=CC(Cl)=C2,O=C1NCCN1CCN1CCC(c2cn(-c3ccc(F)cc3)c3ccc(Cl)cc23)CC1,GZKLJWGUPQBVJQ-UHFFFAOYSA-N,C24H26ClFN4O,440.95,31,True
DB06145,DB06145,DB06145,CO[C@H]1[C@H](O)CC(=O)O[C@H](C)C\C=C\C=C\[C@H](O[C@H]2CC[C@@H]([C@H](C)O2)N(C)C)[C@H](C)C[C@H](CC=O)[C@@H]1O[C@@H]1O[C@H](C)[C@@H](O[C@H]2C[C@@](C)(O)[C@@H](O)[C@H](C)O2)[C@@H]([C@H]1O)N(C)C,CO[C@@H]1[C@@H](O[C@@H]2O[C@H](C)[C@@H](O[C@H]3C[C@@](C)(O)[C@@H](O)[C@H](C)O3)[C@H](N(C)C)[C@H]2O)[C@@H](CC=O)C[C@@H](C)[C@@H](O[C@H]2CC[C@H](N(C)C)[C@H](C)O2)/C=C/C=C/C[C@@H](C)OC(=O)C[C@H]1O,ACTOXUHEUCPTEW-KWBWCIJSSA-N,C43H74N2O14,843.07,59,True
DB06147,DB06147,DB06147,NC1=CC=C(C=C1)S(=O)(=O)NC1=NC=CS1,Nc1ccc(S(=O)(=O)Nc2nccs2)cc1,JNMRHUJNCSQMMB-UHFFFAOYSA-N,C9H9N3O2S2,255.32,16,True
DB06148,DB06148,DB06148,CN1CCN2C(C1)C1=CC=CC=C1CC1=CC=CC=C21,CN1CCN2c3ccccc3Cc3ccccc3C2C1,UEQUQVLFIPOEMF-UHFFFAOYSA-N,C18H20N2,264.37,20,True
DB06150,DB06150,DB06150,COC1=NC(OC)=NC(NS(=O)(=O)C2=CC=C(N)C=C2)=C1,COc1cc(NS(=O)(=O)c2ccc(N)cc2)nc(OC)n1,ZZORFUFYDOWNEF-UHFFFAOYSA-N,C12H14N4O4S,310.34,21,True
DB06152,DB06152,DB06152,CC(CCC1=CC=CC=C1)NC(C)C(O)C1=CC=C(O)C=C1,CC(CCc1ccccc1)NC(C)C(O)c1ccc(O)cc1,PTGXAUBQBSGPKF-UHFFFAOYSA-N,C19H25NO2,299.41,22,True
DB06153,DB06153,DB06153,CN1CCC(CC1)=C1C2=C(CCC3=CC=CC=C13)SC=C2,CN1CCC(=C2c3ccccc3CCc3sccc32)CC1,FIADGNVRKBPQEU-UHFFFAOYSA-N,C19H21NS,295.45,21,True
DB06154,DB06154,DB06154,[O-][N+](=O)OCC(CO[N+]([O-])=O)(CO[N+]([O-])=O)CO[N+]([O-])=O,O=[N+]([O-])OCC(CO[N+](=O)[O-])(CO[N+](=O)[O-])CO[N+](=O)[O-],TZRXHJWUDPFEEY-UHFFFAOYSA-N,C5H8N4O12,316.13,21,True
DB06155,DB06155,DB06155,CC1=C(N(N=C1C(=O)NN1CCCCC1)C1=C(Cl)C=C(Cl)C=C1)C1=CC=C(Cl)C=C1,Cc1c(C(=O)NN2CCCCC2)nn(-c2ccc(Cl)cc2Cl)c1-c1ccc(Cl)cc1,JZCPYUJPEARBJL-UHFFFAOYSA-N,C22H21Cl3N4O,463.8,30,True
DB06176,DB06176,DB06176,C\C=C1/NC(=O)[C@H]2CSSCC\C=C\[C@H](CC(=O)N[C@H](C(C)C)C(=O)N2)OC(=O)[C@@H](NC1=O)C(C)C,C/C=C1\NC(=O)[C@H]2CSSCC/C=C/[C@H](CC(=O)N[C@H](C(C)C)C(=O)N2)OC(=O)[C@H](C(C)C)NC1=O,OHRURASPPZQGQM-GCCNXGTGSA-N,C24H36N4O6S2,540.71,36,True
DB06193,DB06193,DB06193,NCCNC1=CC=C(NCCN)C2=C1C(=O)C1=C(C=NC=C1)C2=O,NCCNc1ccc(NCCN)c2c1C(=O)c1ccncc1C2=O,PEZPMAYDXJQYRV-UHFFFAOYSA-N,C17H19N5O2,325.37,24,True
DB06196,DB06196,DB06196,[H][C@]12C[C@]([H])(N(C(=O)[C@@]3([H])CC4=C(CN3C(=O)[C@H](CO)NC(=O)[C@H](CC3=CC=CS3)NC(=O)CNC(=O)[C@]3([H])C[C@@H](O)CN3C(=O)[C@@H]3CCCN3C(=O)[C@H](CCCNC(N)=N)NC(=O)[C@H](N)CCCNC(N)=N)C=CC=C4)[C@@]1([H])CCCC2)C(=O)N[C@@H](CCCNC(N)=N)C(O)=O,N=C(N)NCCC[C@@H](N)C(=O)N[C@@H](CCCNC(=N)N)C(=O)N1CCC[C@H]1C(=O)N1C[C@H](O)C[C@H]1C(=O)NCC(=O)N[C@@H](Cc1cccs1)C(=O)N[C@@H](CO)C(=O)N1Cc2ccccc2C[C@@H]1C(=O)N1[C@H](C(=O)N[C@@H](CCCNC(=N)N)C(=O)O)C[C@@H]2CCCC[C@@H]21,QURWXBZNHXJZBE-SKXRKSCCSA-N,C59H89N19O13S,1304.55,92,True
DB06201,DB06201,DB06201,NC(=O)C1=CN(CC2=C(F)C=CC=C2F)N=N1,NC(=O)c1cn(Cc2c(F)cccc2F)nn1,POGQSBRIGCQNEG-UHFFFAOYSA-N,C10H8F2N4O,238.2,17,True
DB06202,DB06202,DB06202,[H][C@@]1(CCC2=CC(O)=CC=C2[C@@]1([H])C1=CC=C(OCCN2CCCC2)C=C1)C1=CC=CC=C1,Oc1ccc2c(c1)CC[C@H](c1ccccc1)[C@@H]2c1ccc(OCCN2CCCC2)cc1,GXESHMAMLJKROZ-IAPPQJPRSA-N,C28H31NO2,413.56,31,True
DB06203,DB06203,DB06203,CN1C(=O)C=C(N2CCC[C@@H](N)C2)N(CC2=C(C=CC=C2)C#N)C1=O,Cn1c(=O)cc(N2CCC[C@@H](N)C2)n(Cc2ccccc2C#N)c1=O,ZSBOMTDTBDDKMP-OAHLLOKOSA-N,C18H21N5O2,339.4,25,True
DB06204,DB06204,DB06204,CC[C@H]([C@@H](C)CN(C)C)C1=CC(O)=CC=C1,CC[C@@H](c1cccc(O)c1)[C@@H](C)CN(C)C,KWTWDQCKEHXFFR-SMDDNHRTSA-N,C14H23NO,221.34,16,True
DB06206,DB06206,DB06206,O[C@@H]1[C@@H](O)[C@@H]2O[C@H]3O[C@H](CSCCC(O)=O)[C@@H](O[C@H]4O[C@H](CSCCC(O)=O)[C@@H](O[C@H]5O[C@H](CSCCC(O)=O)[C@@H](O[C@H]6O[C@H](CSCCC(O)=O)[C@@H](O[C@H]7O[C@H](CSCCC(O)=O)[C@@H](O[C@H]8O[C@H](CSCCC(O)=O)[C@@H](O[C@H]9O[C@H](CSCCC(O)=O)[C@@H](O[C@H]1O[C@@H]2CSCCC(O)=O)[C@H](O)[C@H]9O)[C@H](O)[C@H]8O)[C@H](O)[C@H]7O)[C@H](O)[C@H]6O)[C@H](O)[C@H]5O)[C@H](O)[C@H]4O)[C@H](O)[C@H]3O,O=C(O)CCSC[C@H]1O[C@@H]2O[C@H]3[C@H](O)[C@@H](O)[C@@H](O[C@H]4[C@H](O)[C@@H](O)[C@@H](O[C@H]5[C@H](O)[C@@H](O)[C@@H](O[C@H]6[C@H](O)[C@@H](O)[C@@H](O[C@H]7[C@H](O)[C@@H](O)[C@@H](O[C@H]8[C@H](O)[C@@H](O)[C@@H](O[C@H]9[C@H](O)[C@@H](O)[C@@H](O[C@H]1[C@H](O)[C@H]2O)O[C@@H]9CSCCC(=O)O)O[C@@H]8CSCCC(=O)O)O[C@@H]7CSCCC(=O)O)O[C@@H]6CSCCC(=O)O)O[C@@H]5CSCCC(=O)O)O[C@@H]4CSCCC(=O)O)O[C@@H]3CSCCC(=O)O,WHRODDIHRRDWEW-VTHZAVIASA-N,C72H112O48S8,2002.18,128,True
DB06207,DB06207,DB06207,C[C@H](CC1=CC2=C(N(CCCO)CC2)C(=C1)C(N)=O)NCCOC1=CC=CC=C1OCC(F)(F)F,C[C@H](Cc1cc2c(c(C(N)=O)c1)N(CCCO)CC2)NCCOc1ccccc1OCC(F)(F)F,PNCPYILNMDWPEY-QGZVFWFLSA-N,C25H32F3N3O4,495.54,35,True
DB06209,DB06209,DB06209,CC(=O)OC1=CC2=C(CCN(C2)C(C(=O)C2CC2)C2=CC=CC=C2F)S1,CC(=O)Oc1cc2c(s1)CCN(C(C(=O)C1CC1)c1ccccc1F)C2,DTGLZDAWLRGWQN-UHFFFAOYSA-N,C20H20FNO3S,373.45,26,True
DB06210,DB06210,DB06210,CC1=NN(C(=O)\C1=N/NC1=CC=CC(C2=CC=CC(=C2)C(O)=O)=C1O)C1=CC=C(C)C(C)=C1,CC1=NN(c2ccc(C)c(C)c2)C(=O)/C1=N\Nc1cccc(-c2cccc(C(=O)O)c2)c1O,XDXWLKQMMKQXPV-QYQHSDTDSA-N,C25H22N4O4,442.48,33,True
DB06211,DB06211,DB06211,[H][C@]12[C@@H](C)C(S[C@@H]3CN[C@H](CNS(N)(=O)=O)C3)=C(N1C(=O)[C@]2([H])[C@@H](C)O)C(O)=O,C[C@@H](O)[C@H]1C(=O)N2C(C(=O)O)=C(S[C@@H]3CN[C@H](CNS(N)(=O)=O)C3)[C@H](C)[C@H]12,AVAACINZEOAHHE-VFZPANTDSA-N,C15H24N4O6S2,420.51,27,True
DB06212,DB06212,DB06212,CC1=CC=CC=C1C(=O)NC1=CC(C)=C(C=C1)C(=O)N1CCC[C@@H](O)C2=C1C=CC(Cl)=C2,Cc1ccccc1C(=O)Nc1ccc(C(=O)N2CCC[C@@H](O)c3cc(Cl)ccc32)c(C)c1,GYHCTFXIZSNGJT-XMMPIXPASA-N,C26H25ClN2O3,448.95,32,True
DB06213,DB06213,DB06213,CNC(=O)C1=CN(N=C1)C1=NC2=C(N=CN2[C@@H]2O[C@H](CO)[C@@H](O)[C@H]2O)C(N)=N1,CNC(=O)c1cnn(-c2nc(N)c3ncn([C@@H]4O[C@H](CO)[C@@H](O)[C@H]4O)c3n2)c1,LZPZPHGJDAGEJZ-AKAIJSEGSA-N,C15H18N8O5,390.36,28,True
DB06216,DB06216,DB06216,OC(=O)\C=C/C(O)=O.CN1CC2C(C1)C1=C(OC3=CC=CC=C23)C=CC(Cl)=C1,CN1CC2c3ccccc3Oc3ccc(Cl)cc3C2C1.O=C(O)/C=C\C(=O)O,GMDCDXMAFMEDAG-BTJKTKAUSA-N,C21H20ClNO5,401.85,28,True
DB06217,DB06217,DB06217,COC1=C(OC)C=C(CCO[C@@H]2CCCC[C@H]2N2CC[C@@H](O)C2)C=C1,COc1ccc(CCO[C@@H]2CCCC[C@H]2N2CC[C@@H](O)C2)cc1OC,VBHQKCBVWWUUKN-KZNAEPCWSA-N,C20H31NO4,349.47,25,True
DB06218,DB06218,DB06218,COC[C@@H](NC(C)=O)C(=O)NCC1=CC=CC=C1,COC[C@@H](NC(C)=O)C(=O)NCc1ccccc1,VPPJLAIAVCUEMN-GFCCVEGCSA-N,C13H18N2O3,250.3,18,True
DB06228,DB06228,DB06228,ClC1=CC=C(S1)C(=O)NC[C@H]1CN(C(=O)O1)C1=CC=C(C=C1)N1CCOCC1=O,O=C(NC[C@H]1CN(c2ccc(N3CCOCC3=O)cc2)C(=O)O1)c1ccc(Cl)s1,KGFYHTZWPPHNLQ-AWEZNQCLSA-N,C19H18ClN3O5S,435.89,29,True
DB06237,DB06237,DB06237,COC1=C(Cl)C=C(CNC2=C(C=NC(=N2)N2CCC[C@H]2CO)C(=O)NCC2=NC=CC=N2)C=C1,COc1ccc(CNc2nc(N3CCC[C@H]3CO)ncc2C(=O)NCc2ncccn2)cc1Cl,WEAJZXNPAWBCOA-INIZCTEOSA-N,C23H26ClN7O3,483.96,34,True
DB06243,DB06243,DB06243,NCCCC(N)(C(F)F)C(O)=O,NCCCC(N)(C(=O)O)C(F)F,VLCYCQAOQCDTCN-UHFFFAOYSA-N,C6H12F2N2O2,182.17,12,True
DB06261,DB06261,DB06261,[H]N([H])CC(=O)CCC(=O)OCCCCCC,CCCCCCOC(=O)CCC(=O)CN,RYQOILLJDKPETL-UHFFFAOYSA-N,C11H21NO3,215.29,15,True
DB06262,DB06262,DB06262,N[C@@H]([C@H](O)C1=CC(O)=C(O)C=C1)C(O)=O,N[C@H](C(=O)O)[C@H](O)c1ccc(O)c(O)c1,QXWYKJLNLSIPIN-JGVFFNPUSA-N,C9H11NO5,213.19,15,True
DB06263,DB06263,DB06263,[H][C@@]1(C[C@@](N)(CC2=C1C(O)=C1C(=O)C3=CC=CC=C3C(=O)C1=C2O)C(C)=O)O[C@H]1C[C@H](O)[C@H](O)CO1,CC(=O)[C@]1(N)Cc2c(O)c3c(c(O)c2[C@@H](O[C@H]2C[C@H](O)[C@H](O)CO2)C1)C(=O)c1ccccc1C3=O,VJZITPJGSQKZMX-XDPRQOKASA-N,C25H25NO9,483.47,35,True
DB06264,DB06264,DB06264,CC(CN1CCCCC1)C(=O)C1=CC=C(C)C=C1,Cc1ccc(C(=O)C(C)CN2CCCCC2)cc1,FSKFPVLPFLJRQB-UHFFFAOYSA-N,C16H23NO,245.37,18,True
DB06267,DB06267,DB06267,CCCOC1=C(C=C(C=C1)S(=O)(=O)NCCC1CCCN1C)C1=NC(=O)C2=C(N1)C(CCC)=NN2C,CCCOc1ccc(S(=O)(=O)NCCC2CCCN2C)cc1-c1nc(=O)c2c([nH]1)c(CCC)nn2C,IYFNEFQTYQPVOC-UHFFFAOYSA-N,C25H36N6O4S,516.67,36,True
DB06268,DB06268,DB06268,CC1=NOC(NS(=O)(=O)C2=C(SC=C2)C(=O)CC2=CC3=C(OCO3)C=C2C)=C1Cl,Cc1cc2c(cc1CC(=O)c1sccc1S(=O)(=O)Nc1onc(C)c1Cl)OCO2,PHWXUGHIIBDVKD-UHFFFAOYSA-N,C18H15ClN2O6S2,454.91,29,True
DB06274,DB06274,DB06274,C[C@H]1CN(C[C@H](CC2=CC=CC=C2)C(=O)NCC(O)=O)CC[C@@]1(C)C1=CC(O)=CC=C1,C[C@H]1CN(C[C@H](Cc2ccccc2)C(=O)NCC(=O)O)CC[C@@]1(C)c1cccc(O)c1,UPNUIXSCZBYVBB-JVFUWBCBSA-N,C25H32N2O4,424.54,31,True
DB06282,DB06282,DB06282,OC(=O)COCCN1CCN(CC1)[C@H](C1=CC=CC=C1)C1=CC=C(Cl)C=C1,O=C(O)COCCN1CCN([C@H](c2ccccc2)c2ccc(Cl)cc2)CC1,ZKLPARSLTMPFCP-OAQYLSRUSA-N,C21H25ClN2O3,388.9,27,True
DB06287,DB06287,DB06287,OCC(C)(CO)C(=O)O[C@@H]1CC[C@@H](C[C@@H](C)[C@]2([H])CC(=O)[C@H](C)\C=C(C)\[C@@H](O)[C@@H](OC)C(=O)[C@H](C)C[C@H](C)\C=C\C=C\C=C(C)\[C@@H](OC)C[C@]3([H])CC[C@@H](C)[C@@](O)(O3)C(=O)C(=O)N3CCCC[C@H]3C(=O)O2)C[C@H]1OC,CO[C@H]1C[C@@H]2CC[C@@H](C)[C@@](O)(O2)C(=O)C(=O)N2CCCC[C@H]2C(=O)O[C@H]([C@H](C)C[C@@H]2CC[C@@H](OC(=O)C(C)(CO)CO)[C@H](OC)C2)CC(=O)[C@H](C)/C=C(\C)[C@@H](O)[C@@H](OC)C(=O)[C@H](C)C[C@H](C)/C=C/C=C/C=C/1C,CBPNZQVSJQDFBE-FUXHJELOSA-N,C56H87NO16,1030.3,73,True
DB06288,DB06288,DB06288,CCN1CCCC1CNC(=O)C1=CC(=C(N)C=C1OC)S(=O)(=O)CC,CCN1CCCC1CNC(=O)c1cc(S(=O)(=O)CC)c(N)cc1OC,NTJOBXMMWNYJFB-UHFFFAOYSA-N,C17H27N3O4S,369.49,25,True
DB06290,DB06290,DB06290,[H][C@]12C[C@]1(NC(=O)[C@]1([H])C[C@H](C[C@@]1([H])C(=O)N(C)CCCC\C=C/2)OC1=CC(=NC2=C1C=CC(OC)=C2C)C1=NC(=CS1)C(C)C)C(=O)NS(=O)(=O)C1CC1,COc1ccc2c(O[C@@H]3C[C@H]4C(=O)N[C@]5(C(=O)NS(=O)(=O)C6CC6)C[C@@H]5/C=C\CCCCN(C)C(=O)[C@@H]4C3)cc(-c3nc(C(C)C)cs3)nc2c1C,JTZZSQYMACOLNN-DKNYXMQZSA-N,C38H47N5O7S2,749.96,52,True
DB06292,DB06292,DB06292,CCOC1=CC=C(CC2=C(Cl)C=CC(=C2)[C@@H]2O[C@H](CO)[C@@H](O)[C@H](O)[C@H]2O)C=C1,CCOc1ccc(Cc2cc([C@@H]3O[C@H](CO)[C@@H](O)[C@H](O)[C@H]3O)ccc2Cl)cc1,JVHXJTBJCFBINQ-ADAARDCZSA-N,C21H25ClO6,408.88,28,True
DB06335,DB06335,DB06335,[H][C@@]12C[C@]1([H])N([C@@H](C2)C#N)C(=O)[C@@H](N)C12CC3CC(CC(O)(C3)C1)C2,N#C[C@@H]1C[C@@H]2C[C@@H]2N1C(=O)[C@@H](N)C12CC3CC(CC(O)(C3)C1)C2,QGJUIPDUBHWZPV-SGTAVMJGSA-N,C18H25N3O2,315.42,23,True
DB06401,DB06401,DB06401,CC1=C(N(CC2=CC=C(OCCN3CCCCCC3)C=C2)C2=C1C=C(O)C=C2)C1=CC=C(O)C=C1,Cc1c(-c2ccc(O)cc2)n(Cc2ccc(OCCN3CCCCCC3)cc2)c2ccc(O)cc12,UCJGJABZCDBEDK-UHFFFAOYSA-N,C30H34N2O3,470.61,35,True
DB06402,DB06402,DB06402,CCCCCCCCCCNCCN[C@@]1(C)C[C@H](O[C@@H]2[C@@H](O)[C@H](O)[C@@H](CO)O[C@H]2OC2=C3OC4=CC=C(C=C4Cl)[C@@H](O)[C@@H](NC(=O)[C@@H](CC(C)C)NC)C(=O)N[C@@H](CC(N)=O)C(=O)N[C@@H]4C(C=C2OC2=C(Cl)C=C(C=C2)[C@@H](O)[C@@H]2NC(=O)[C@H](NC4=O)C4=CC(=C(O)C=C4)C4=C(O)C(CNCP(O)(O)=O)=C(O)C=C4[C@H](NC2=O)C(O)=O)=C3)O[C@@H](C)[C@H]1O,CCCCCCCCCCNCCN[C@@]1(C)C[C@H](O[C@H]2[C@H](Oc3c4cc5cc3Oc3ccc(cc3Cl)[C@@H](O)[C@@H](NC(=O)[C@@H](CC(C)C)NC)C(=O)N[C@@H](CC(N)=O)C(=O)N[C@H]5C(=O)N[C@H]3C(=O)N[C@H](C(=O)N[C@H](C(=O)O)c5cc(O)c(CNCP(=O)(O)O)c(O)c5-c5cc3ccc5O)[C@H](O)c3ccc(c(Cl)c3)O4)O[C@H](CO)[C@@H](O)[C@@H]2O)O[C@@H](C)[C@H]1O,ONUMZHGUFYIKPM-MXNFEBESSA-N,C80H106Cl2N11O27P,1755.66,121,True
DB06403,DB06403,DB06403,COC([C@H](OC1=NC(C)=CC(C)=N1)C(O)=O)(C1=CC=CC=C1)C1=CC=CC=C1,COC(c1ccccc1)(c1ccccc1)[C@H](Oc1nc(C)cc(C)n1)C(=O)O,OUJTZYPIHDYQMC-LJQANCHMSA-N,C22H22N2O4,378.43,28,True
DB06410,DB06410,DB06410,[H][C@@]1(CC[C@@]2([H])\C(CCC[C@]12C)=C\C=C1\C[C@@H](O)C[C@H](O)C1=C)[C@H](C)\C=C\[C@H](C)C(C)C,C=C1/C(=C\C=C2/CCC[C@]3(C)[C@@H]([C@H](C)/C=C/[C@H](C)C(C)C)CC[C@@H]23)C[C@@H](O)C[C@@H]1O,HKXBNHCUPKIYDM-CGMHZMFXSA-N,C28H44O2,412.66,30,True
DB06412,DB06412,DB06412,[H][C@@]12CC[C@](C)(O)[C@@]1(C)CC[C@@]1([H])[C@@]2([H])CC[C@@]2([H])CC(=O)\C(C[C@]12C)=C/O,C[C@]12C/C(=C/O)C(=O)C[C@@H]1CC[C@@H]1[C@@H]2CC[C@@]2(C)[C@H]1CC[C@]2(C)O,ICMWWNHDUZJFDW-DHODBPELSA-N,C21H32O3,332.48,24,True
DB06413,DB06413,DB06413,NC(=O)C[S@@](=O)C(C1=CC=CC=C1)C1=CC=CC=C1,NC(=O)C[S@@](=O)C(c1ccccc1)c1ccccc1,YFGHCGITMMYXAQ-LJQANCHMSA-N,C15H15NO2S,273.36,19,True
DB06414,DB06414,DB06414,CC1=CC(=CC(C)=C1OC1=C(Br)C(N)=NC(NC2=CC=C(C=C2)C#N)=N1)C#N,Cc1cc(C#N)cc(C)c1Oc1nc(Nc2ccc(C#N)cc2)nc(N)c1Br,PYGWGZALEOIKDF-UHFFFAOYSA-N,C20H15BrN6O,435.29,28,True
DB06441,DB06441,DB06441,CSCCNC1=C2N=CN([C@@H]3O[C@H](COP(O)(=O)OP(O)(=O)C(Cl)(Cl)P(O)(O)=O)[C@@H](O)[C@H]3O)C2=NC(SCCC(F)(F)F)=N1,CSCCNc1nc(SCCC(F)(F)F)nc2c1ncn2[C@@H]1O[C@H](COP(=O)(O)OP(=O)(O)C(Cl)(Cl)P(=O)(O)O)[C@@H](O)[C@H]1O,PAEBIVWUMLRPSK-IDTAVKCVSA-N,C17H25Cl2F3N5O12P3S2,776.37,44,True
DB06480,DB06480,DB06480,COCCCN1CCC(CC1)NC(=O)C1=C2OCCC2=C(N)C(Cl)=C1,COCCCN1CCC(NC(=O)c2cc(Cl)c(N)c3c2OCC3)CC1,ZPMNHBXQOOVQJL-UHFFFAOYSA-N,C18H26ClN3O3,367.88,25,True
DB06589,DB06589,DB06589,CN(C1=CC2=NN(C)C(C)=C2C=C1)C1=CC=NC(NC2=CC=C(C)C(=C2)S(N)(=O)=O)=N1,Cc1ccc(Nc2nccc(N(C)c3ccc4c(C)n(C)nc4c3)n2)cc1S(N)(=O)=O,CUIHSIWYWATEQL-UHFFFAOYSA-N,C21H23N7O2S,437.53,31,True
DB06594,DB06594,DB06594,COC1=CC2=C(C=CC=C2CCNC(C)=O)C=C1,COc1ccc2cccc(CCNC(C)=O)c2c1,YJYPHIXNFHFHND-UHFFFAOYSA-N,C15H17NO2,243.31,18,True
DB06595,DB06595,DB06595,CO[C@@H]1[C@@H](C[C@H]2O[C@]1(C)N1C3=C(C=CC=C3)C3=C1C1=C(C4=C(C=CC=C4)N21)C1=C3CNC1=O)N(C)C(=O)C1=CC=CC=C1,CO[C@@H]1[C@H](N(C)C(=O)c2ccccc2)C[C@H]2O[C@]1(C)n1c3ccccc3c3c4c(c5c6ccccc6n2c5c31)C(=O)NC4,BMGQWWVMWDBQGC-IIFHNQTCSA-N,C35H30N4O4,570.65,43,True
DB06603,DB06603,DB06603,CC1=C(CCNCC2=CC=C(\C=C\C(=O)NO)C=C2)C2=CC=CC=C2N1,Cc1[nH]c2ccccc2c1CCNCc1ccc(/C=C/C(=O)NO)cc1,FPOHNWQLNRZRFC-ZHACJKMWSA-N,C21H23N3O2,349.43,26,True
DB06605,DB06605,DB06605,COC1=CC=C(C=C1)N1N=C(C(N)=O)C2=C1C(=O)N(CC2)C1=CC=C(C=C1)N1CCCCC1=O,COc1ccc(-n2nc(C(N)=O)c3c2C(=O)N(c2ccc(N4CCCCC4=O)cc2)CC3)cc1,QNZCBYKSOIHPEH-UHFFFAOYSA-N,C25H25N5O4,459.51,34,True
DB06616,DB06616,DB06616,COC1=CC(NC2=C(C=NC3=CC(OCCCN4CCN(C)CC4)=C(OC)C=C23)C#N)=C(Cl)C=C1Cl,COc1cc(Nc2c(C#N)cnc3cc(OCCCN4CCN(C)CC4)c(OC)cc23)c(Cl)cc1Cl,UBPYILGKFZZVDX-UHFFFAOYSA-N,C26H29Cl2N5O3,530.46,36,True
DB06626,DB06626,DB06626,CNC(=O)C1=C(SC2=CC=C3C(NN=C3\C=C\C3=CC=CC=N3)=C2)C=CC=C1,CNC(=O)c1ccccc1Sc1ccc2c(/C=C/c3ccccn3)n[nH]c2c1,RITAVMQDGBJQJZ-FMIVXFBMSA-N,C22H18N4OS,386.48,28,True
DB06636,DB06636,DB06636,[H]C(C)(OC(=O)N(C)C1=C(COC(=O)CNC)C=CC=N1)[N+]1=CN(C[C@](O)(C2=C(F)C=CC(F)=C2)[C@@]([H])(C)C2=NC(=CS2)C2=CC=C(C=C2)C#N)N=C1,CNCC(=O)OCc1cccnc1N(C)C(=O)OC(C)[n+]1cnn(C[C@](O)(c2cc(F)ccc2F)[C@@H](C)c2nc(-c3ccc(C#N)cc3)cs2)c1,RSWOJTICKMKTER-QXLBVTBOSA-N,C35H35F2N8O5S+,717.78,51,True
DB06637,DB06637,DB06637,NC1=CC=NC=C1,Nc1ccncc1,NUKYPUAOHBNCPY-UHFFFAOYSA-N,C5H6N2,94.12,7,True
DB06654,DB06654,DB06654,C[C@H](NCC1=CC=C(OCC2=CC(F)=CC=C2)C=C1)C(N)=O,C[C@H](NCc1ccc(OCc2cccc(F)c2)cc1)C(N)=O,NEMGRZFTLSKBAP-LBPRGKRZSA-N,C17H19FN2O2,302.35,22,True
DB06663,DB06663,DB06663,NCCCC[C@@H]1NC(=O)[C@@H](CC2=CNC3=C2C=CC=C3)NC(=O)[C@@H](NC(=O)[C@@H]2C[C@H](CN2C(=O)[C@H](CC2=CC=CC=C2)NC(=O)[C@H](CC2=CC=C(OCC3=CC=CC=C3)C=C2)NC1=O)OC(=O)NCCN)C1=CC=CC=C1,NCCCC[C@@H]1NC(=O)[C@@H](Cc2c[nH]c3ccccc23)NC(=O)[C@H](c2ccccc2)NC(=O)[C@@H]2C[C@@H](OC(=O)NCCN)CN2C(=O)[C@H](Cc2ccccc2)NC(=O)[C@H](Cc2ccc(OCc3ccccc3)cc2)NC1=O,VMZMNAABQBOLAK-DBILLSOUSA-N,C58H66N10O9,1047.23,77,True
DB06684,DB06684,DB06684,NC(=O)C1=CC2=CC(=CC=C2O1)N1CCN(CCCCC2=CNC3=C2C=C(C=C3)C#N)CC1,N#Cc1ccc2[nH]cc(CCCCN3CCN(c4ccc5oc(C(N)=O)cc5c4)CC3)c2c1,SGEGOXDYSFKCPT-UHFFFAOYSA-N,C26H27N5O2,441.54,33,True
DB06689,DB06689,DB06689,NCCO.CCCCCCCC\C=C/CCCCCCCC(O)=O,CCCCCCCC/C=C\CCCCCCCC(=O)O.NCCO,KGWDUNBJIMUFAP-KVVVOXFISA-N,C20H41NO3,343.55,24,True
DB06690,DB06690,DB06690,[N-]=[N+]=O,[N-]=[N+]=O,GQPLMRYTRLFLPF-UHFFFAOYSA-N,N2O,44.01,3,True
DB06691,DB06691,DB06691,COC1=CC=C(CN(CCN(C)C)C2=NC=CC=C2)C=C1,COc1ccc(CN(CCN(C)C)c2ccccn2)cc1,YECBIJXISLIIDS-UHFFFAOYSA-N,C17H23N3O,285.39,21,True
DB06694,DB06694,DB06694,CC1=CC(=CC(C)=C1CC1=NCCN1)C(C)(C)C,Cc1cc(C(C)(C)C)cc(C)c1CC1=NCCN1,HUCJFAOMUPXHDK-UHFFFAOYSA-N,C16H24N2,244.38,18,True
DB06695,DB06695,DB06695,CCCCCCOC(=O)\N=C(\N)C1=CC=C(NCC2=NC3=C(C=CC(=C3)C(=O)N(CCC(=O)OCC)C3=NC=CC=C3)N2C)C=C1,CCCCCCOC(=O)/N=C(/N)c1ccc(NCc2nc3cc(C(=O)N(CCC(=O)OCC)c4ccccn4)ccc3n2C)cc1,KSGXQBZTULBEEQ-UHFFFAOYSA-N,C34H41N7O5,627.75,46,True
DB06696,DB06696,DB06696,NCC[C@H](O)C(=O)N[C@@H]1C[C@H](N)[C@@H](O[C@H]2O[C@H](CN)CC[C@H]2N)[C@H](O)[C@H]1O[C@H]1O[C@H](CO)[C@@H](O)[C@H](N)[C@H]1O,NCC[C@H](O)C(=O)N[C@@H]1C[C@H](N)[C@@H](O[C@H]2O[C@H](CN)CC[C@H]2N)[C@H](O)[C@H]1O[C@H]1O[C@H](CO)[C@@H](O)[C@H](N)[C@H]1O,MKKYBZZTJQGVCD-XTCKQBCOSA-N,C22H44N6O10,552.63,38,True
DB06697,DB06697,DB06697,[H][C@@]12CC[C@@H](C)[C@]3([H])CC[C@@]4(C)OO[C@@]13[C@]([H])(O[C@H](OC)[C@@H]2C)O4,CO[C@H]1O[C@@H]2O[C@@]3(C)CC[C@H]4[C@H](C)CC[C@@H]([C@H]1C)[C@@]24OO3,SXYIRMFQILZOAM-HVNFFKDJSA-N,C16H26O5,298.38,21,True
DB06698,DB06698,DB06698,CNCCC1=CC=CC=N1,CNCCc1ccccn1,UUQMNUMQCIQDMZ-UHFFFAOYSA-N,C8H12N2,136.2,10,True
DB06699,DB06699,DB06699,CC(C)C[C@H](NC(=O)[C@@H](CC1=CC=C(NC(N)=O)C=C1)NC(=O)[C@H](CC1=CC=C(NC(=O)[C@@H]2CC(=O)NC(=O)N2)C=C1)NC(=O)[C@H](CO)NC(=O)[C@@H](CC1=CC=CN=C1)NC(=O)[C@@H](CC1=CC=C(Cl)C=C1)NC(=O)[C@@H](CC1=CC=C2C=CC=CC2=C1)NC(C)=O)C(=O)N[C@@H](CCCCNC(C)C)C(=O)N1CCC[C@H]1C(=O)N[C@H](C)C(N)=O,CC(=O)N[C@H](Cc1ccc2ccccc2c1)C(=O)N[C@H](Cc1ccc(Cl)cc1)C(=O)N[C@H](Cc1cccnc1)C(=O)N[C@@H](CO)C(=O)N[C@@H](Cc1ccc(NC(=O)[C@@H]2CC(=O)NC(=O)N2)cc1)C(=O)N[C@H](Cc1ccc(NC(N)=O)cc1)C(=O)N[C@@H](CC(C)C)C(=O)N[C@@H](CCCCNC(C)C)C(=O)N1CCC[C@H]1C(=O)N[C@H](C)C(N)=O,MEUCPCLKGZSHTA-XYAYPHGZSA-N,C82H103ClN18O16,1632.29,117,True
DB06700,DB06700,DB06700,CN(C)CC(C1=CC=C(O)C=C1)C1(O)CCCCC1,CN(C)CC(c1ccc(O)cc1)C1(O)CCCCC1,KYYIDSXMWOZKMP-UHFFFAOYSA-N,C16H25NO2,263.38,19,True
DB06701,DB06701,DB06701,[H][C@@](C(=O)OC)(C1=CC=CC=C1)[C@@]1([H])CCCCN1,COC(=O)[C@H](c1ccccc1)[C@H]1CCCCN1,DUGOZIWVEXMGBE-CHWSQXEVSA-N,C14H19NO2,233.31,17,True
DB06702,DB06702,DB06702,CC(C)N(CC[C@H](C1=CC=CC=C1)C1=C(OC(=O)C(C)C)C=CC(CO)=C1)C(C)C,CC(C)C(=O)Oc1ccc(CO)cc1[C@H](CCN(C(C)C)C(C)C)c1ccccc1,DCCSDBARQIPTGU-HSZRJFAPSA-N,C26H37NO3,411.59,30,True
DB06704,DB06704,DB06704,NC(N)=NCC1=CC(I)=CC=C1,NC(N)=NCc1cccc(I)c1,PDWUPXJEEYOOTR-UHFFFAOYSA-N,C8H10IN3,275.09,12,True
DB06706,DB06706,DB06706,CNC(C)CCC=C(C)C,CNC(C)CCC=C(C)C,XVQUOJBERHHONY-UHFFFAOYSA-N,C9H19N,141.26,10,True
DB06707,DB06707,DB06707,C[C@H](N)[C@H](O)C1=CC(O)=C(O)C=C1,C[C@H](N)[C@H](O)c1ccc(O)c(O)c1,GEFQWZLICWMTKF-CDUCUWFYSA-N,C9H13NO3,183.21,13,True
DB06708,DB06708,DB06708,CCCCN(CCCC)CC(O)C1=C2C(=CC(Cl)=C1)\C(=C/C1=CC=C(Cl)C=C1)C1=C2C=CC(Cl)=C1,CCCCN(CCCC)CC(O)c1cc(Cl)cc2c1-c1ccc(Cl)cc1/C2=C/c1ccc(Cl)cc1,DYLGFOYVTXJFJP-MYYYXRDXSA-N,C30H32Cl3NO,528.95,35,True
DB06709,DB06709,DB06709,CC(C[N+](C)(C)C)OC(C)=O,CC(=O)OC(C)C[N+](C)(C)C,NZWOPGCLSHLLPA-UHFFFAOYSA-N,C8H18NO2+,160.24,11,True
DB06710,DB06710,DB06710,[H][C@@]12CC[C@](C)(O)[C@@]1(C)CC[C@@]1([H])[C@@]2([H])CCC2=CC(=O)CC[C@]12C,C[C@]12CCC(=O)C=C1CC[C@@H]1[C@@H]2CC[C@@]2(C)[C@H]1CC[C@]2(C)O,GCKMFJBGXUYNAG-HLXURNFRSA-N,C20H30O2,302.46,22,True
DB06711,DB06711,DB06711,C(C1=NCCN1)C1=CC=CC2=CC=CC=C12,c1ccc2c(CC3=NCCN3)cccc2c1,CNIIGCLFLJGOGP-UHFFFAOYSA-N,C14H14N2,210.28,16,True
DB06712,DB06712,DB06712,COC(=O)C1=C(NC(C)=C(C1C1=CC(=CC=C1)[N+]([O-])=O)C(=O)OC(C)C)C#N,COC(=O)C1=C(C#N)NC(C)=C(C(=O)OC(C)C)C1c1cccc([N+](=O)[O-])c1,FAIIFDPAEUKBEP-UHFFFAOYSA-N,C19H19N3O6,385.38,28,True
DB06713,DB06713,DB06713,[H][C@@]12CC[C@@](O)(C#C)[C@@]1(CC)CC[C@]1([H])[C@@]3([H])CCC(C=C3CC[C@@]21[H])=NO,C#C[C@]1(O)CC[C@H]2[C@@H]3CCC4=CC(=NO)CC[C@@H]4[C@H]3CC[C@@]21CC,ISHXLNHNDMZNMC-XUDSTZEESA-N,C21H29NO2,327.47,24,True
DB06715,DB06715,DB06715,[K+].[I-],[I-].[K+],NLKNQRATVPKPDG-UHFFFAOYSA-M,IK,166.0,2,True
DB06716,DB06716,DB06716,CC(C)C1=CC=CC(C(C)C)=C1OCOP(O)(O)=O,CC(C)c1cccc(C(C)C)c1OCOP(=O)(O)O,QVNNONOFASOXQV-UHFFFAOYSA-N,C13H21O5P,288.28,19,True
DB06717,DB06717,DB06717,C[C@@H](O[C@H]1OCCN(CC2=NC(=O)N(N2)P(O)(O)=O)[C@H]1C1=CC=C(F)C=C1)C1=CC(=CC(=C1)C(F)(F)F)C(F)(F)F,C[C@@H](O[C@H]1OCCN(Cc2nc(=O)n(P(=O)(O)O)[nH]2)[C@H]1c1ccc(F)cc1)c1cc(C(F)(F)F)cc(C(F)(F)F)c1,BARDROPHSZEBKC-OITMNORJSA-N,C23H22F7N4O6P,614.41,41,True
DB06718,DB06718,DB06718,[H][C@@]12CC[C@](C)(O)[C@@]1(C)CC[C@@]1([H])[C@@]2([H])CC[C@@]2([H])CC3=NNC=C3C[C@]12C,C[C@]12Cc3c[nH]nc3C[C@@H]1CC[C@@H]1[C@@H]2CC[C@@]2(C)[C@H]1CC[C@]2(C)O,LKAJKIOFIWVMDJ-IYRCEVNGSA-N,C21H32N2O,328.5,24,True
DB06723,DB06723,DB06723,[OH-].[OH-].[OH-].[Al+3],[Al+3].[OH-].[OH-].[OH-],WNROFYMDJYEPJX-UHFFFAOYSA-K,H3AlO3,78.0,4,True
DB06724,DB06724,DB06724,[Ca++].[O-]C([O-])=O,O=C([O-])[O-].[Ca+2],VTYYLEPIZMXCLO-UHFFFAOYSA-L,CCaO3,100.09,5,True
DB06725,DB06725,DB06725,CN1C(C(=O)NC2=CC=CC=N2)=C(O)C2=C(C=C(Cl)S2)S1(=O)=O,CN1C(C(=O)Nc2ccccn2)=C(O)c2sc(Cl)cc2S1(=O)=O,WLHQHAUOOXYABV-UHFFFAOYSA-N,C13H10ClN3O4S2,371.83,23,True
DB06729,DB06729,DB06729,NC1=CC=C(C=C1)S(=O)(=O)NC1=CC=NN1C1=CC=CC=C1,Nc1ccc(S(=O)(=O)Nc2ccnn2-c2ccccc2)cc1,QWCJHSGMANYXCW-UHFFFAOYSA-N,C15H14N4O2S,314.37,22,True
DB06730,DB06730,DB06730,CC[C@]12CC[C@H]3[C@@H](CCC4=CC(=O)CC[C@H]34)[C@@H]1C=C[C@@]2(O)C#C,C#C[C@]1(O)C=C[C@H]2[C@@H]3CCC4=CC(=O)CC[C@@H]4[C@H]3CC[C@@]21CC,SIGSPDASOTUPFS-XUDSTZEESA-N,C21H26O2,310.44,23,True
DB06736,DB06736,DB06736,OC(=O)COC(=O)CC1=CC=CC=C1NC1=C(Cl)C=CC=C1Cl,O=C(O)COC(=O)Cc1ccccc1Nc1c(Cl)cccc1Cl,MNIPYSSQXLZQLJ-UHFFFAOYSA-N,C16H13Cl2NO4,354.19,23,True
DB06737,DB06737,DB06737,CC(C(O)=O)C1=CC=C2SC3=C(C=CC=C3)C(=O)CC2=C1,CC(C(=O)O)c1ccc2c(c1)CC(=O)c1ccccc1S2,MUXFZBHBYYYLTH-UHFFFAOYSA-N,C17H14O3S,298.36,21,True
DB06738,DB06738,DB06738,CCC(=O)C1(CCN(C)CC1)C1=CC(O)=CC=C1,CCC(=O)C1(c2cccc(O)c2)CCN(C)CC1,ALFGKMXHOUSVAD-UHFFFAOYSA-N,C15H21NO2,247.34,18,True
DB06739,DB06739,DB06739,CC1=C(C)C(=O)C(C(CCCCCC(O)=O)C2=CC=CC=C2)=C(C)C1=O,CC1=C(C)C(=O)C(C(CCCCCC(=O)O)c2ccccc2)=C(C)C1=O,ZBVKEHDGYSLCCC-UHFFFAOYSA-N,C22H26O4,354.45,26,True
DB06742,DB06742,DB06742,NC1=C(Br)C=C(Br)C=C1CN[C@H]1CC[C@H](O)CC1,Nc1c(Br)cc(Br)cc1CN[C@H]1CC[C@H](O)CC1,JBDGDEWWOUBZPM-XYPYZODXSA-N,C13H18Br2N2O,378.11,18,True
DB06764,DB06764,DB06764,C1CN=C(N1)C1CCCC2=CC=CC=C12,c1ccc2c(c1)CCCC2C1=NCCN1,BYJAVTDNIXVSPW-UHFFFAOYSA-N,C13H16N2,200.28,15,True
DB06766,DB06766,DB06766,CN1CCC(CC1)=C1C2=NC=C(C=O)N2CCC2=CC=CC=C12,CN1CCC(=C2c3ccccc3CCn3c(C=O)cnc32)CC1,MWTBKTRZPHJQLH-UHFFFAOYSA-N,C19H21N3O,307.4,23,True
DB06767,DB06767,DB06767,[NH4+].[Cl-],[Cl-].[NH4+],NLXLAEXVIDQMFP-UHFFFAOYSA-N,H4ClN,53.49,2,True
DB06769,DB06769,DB06769,CN1C(CCCC(O)=O)=NC2=CC(=CC=C12)N(CCCl)CCCl,Cn1c(CCCC(=O)O)nc2cc(N(CCCl)CCCl)ccc21,YTKUWDBFDASYHO-UHFFFAOYSA-N,C16H21Cl2N3O2,358.27,23,True
DB06770,DB06770,DB06770,OCC1=CC=CC=C1,OCc1ccccc1,WVDDGKGOMKODPV-UHFFFAOYSA-N,C7H8O,108.14,8,True
DB06771,DB06771,DB06771,N[C@@H]1CCCCN(C1)C1=C(F)C=C2C(=O)C(=CN(C3CC3)C2=C1Cl)C(O)=O,N[C@@H]1CCCCN(c2c(F)cc3c(=O)c(C(=O)O)cn(C4CC4)c3c2Cl)C1,QFFGVLORLPOAEC-SNVBAGLBSA-N,C19H21ClFN3O3,393.85,27,True
DB06772,DB06772,DB06772,[H][C@]12[C@H](OC(=O)C3=CC=CC=C3)[C@]3(O)C[C@H](OC(=O)[C@H](O)[C@@H](NC(=O)OC(C)(C)C)C4=CC=CC=C4)C(C)=C([C@@H](OC)C(=O)[C@]1(C)[C@H](C[C@H]1OC[C@@]21OC(C)=O)OC)C3(C)C,CO[C@H]1C(=O)[C@]2(C)[C@@H](OC)C[C@H]3OC[C@@]3(OC(C)=O)[C@H]2[C@H](OC(=O)c2ccccc2)[C@]2(O)C[C@H](OC(=O)[C@H](O)[C@@H](NC(=O)OC(C)(C)C)c3ccccc3)C(C)=C1C2(C)C,BMQGVNUXMIRLCK-OAGWZNDDSA-N,C45H57NO14,835.94,60,True
DB06774,DB06774,DB06774,COC1=C(O)C=CC(CNC(=O)CCCC\C=C\C(C)C)=C1,COc1cc(CNC(=O)CCCC/C=C/C(C)C)ccc1O,YKPUWZUDDOIDPM-SOFGYWHQSA-N,C18H27NO3,305.42,22,True
DB06777,DB06777,DB06777,[H][C@@]1(CC[C@@]2([H])[C@]3([H])[C@H](O)C[C@]4([H])C[C@H](O)CC[C@]4(C)[C@@]3([H])CC[C@]12C)[C@H](C)CCC(O)=O,C[C@H](CCC(=O)O)[C@H]1CC[C@H]2[C@@H]3[C@H](O)C[C@@H]4C[C@H](O)CC[C@]4(C)[C@H]3CC[C@]12C,RUDATBOHQWOJDD-BSWAIDMHSA-N,C24H40O4,392.58,28,True
DB06781,DB06781,DB06781,[H][C@@]12CC[C@](OC(=O)CCC)(C(=O)COC(C)=O)[C@@]1(C)C[C@H](O)[C@@]1(F)[C@@]2([H])C[C@H](F)C2=CC(=O)C=C[C@]12C,CCCC(=O)O[C@]1(C(=O)COC(C)=O)CC[C@H]2[C@@H]3C[C@H](F)C4=CC(=O)C=C[C@]4(C)[C@@]3(F)[C@@H](O)C[C@@]21C,WYQPLTPSGFELIB-JTQPXKBDSA-N,C27H34F2O7,508.56,36,True
DB06782,DB06782,DB06782,OCC(S)CS,OCC(S)CS,WQABCVAJNWAXTE-UHFFFAOYSA-N,C3H8OS2,124.23,6,True
DB06786,DB06786,DB06786,[H][C@@]12C[C@H]3OC(C)(C)O[C@@]3(C(=O)CCl)[C@@]1(C)C[C@H](O)[C@@]1(F)[C@@]2([H])CCC2=CC(=O)CC[C@]12C,CC1(C)O[C@@H]2C[C@H]3[C@@H]4CCC5=CC(=O)CC[C@]5(C)[C@@]4(F)[C@@H](O)C[C@]3(C)[C@]2(C(=O)CCl)O1,MUQNGPZZQDCDFT-JNQJZLCISA-N,C24H32ClFO5,454.97,31,True
DB06788,DB06788,DB06788,CC(O)=O.CC(O)=O.CCNC(=O)[C@@H]1CCCN1C(=O)[C@H](CCCNC(N)=N)NC(=O)[C@H](CC(C)C)NC(=O)[C@@H](CC1=CN(CC2=CC=CC=C2)C=N1)NC(=O)[C@H](CC1=CC=C(O)C=C1)NC(=O)[C@H](CO)NC(=O)[C@H](CC1=CNC2=C1C=CC=C2)NC(=O)[C@H](CC1=CNC=N1)NC(=O)[C@@H]1CCC(=O)N1,CC(=O)O.CC(=O)O.CCNC(=O)[C@@H]1CCCN1C(=O)[C@H](CCCNC(=N)N)NC(=O)[C@H](CC(C)C)NC(=O)[C@@H](Cc1cn(Cc2ccccc2)cn1)NC(=O)[C@H](Cc1ccc(O)cc1)NC(=O)[C@H](CO)NC(=O)[C@H](Cc1c[nH]c2ccccc12)NC(=O)[C@H](Cc1c[nH]cn1)NC(=O)[C@@H]1CCC(=O)N1,BKEMVGVBBDMHKL-VYFXDUNUSA-N,C70H94N18O16,1443.63,104,True
DB06789,DB06789,DB06789,[H][C@@]12CC[C@](OC(=O)CCCCC)(C(C)=O)[C@@]1(C)CC[C@@]1([H])[C@@]2([H])CCC2=CC(=O)CC[C@]12C,CCCCCC(=O)O[C@]1(C(C)=O)CC[C@H]2[C@@H]3CCC4=CC(=O)CC[C@]4(C)[C@H]3CC[C@@]21C,DOMWKUIIPQCAJU-LJHIYBGHSA-N,C27H40O4,428.61,31,True
DB06791,DB06791,DB06791,[H]N([H])CCCCC1N([H])C(=O)C(CC2=CN([H])C3=CC=CC=C23)N([H])C(=O)C(CC2=CC=C(O)C=C2)N([H])C(=O)C(CSSCC(N([H])C(=O)C(N([H])C1=O)C(C)C)C(=O)N([H])C(C(C)O)C(=O)N([H])[H])N([H])C(=O)C(CC1=CC2=CC=CC=C2C=C1)N([H])[H],CC(C)C1NC(=O)C(CCCCN)NC(=O)C(Cc2c[nH]c3ccccc23)NC(=O)C(Cc2ccc(O)cc2)NC(=O)C(NC(=O)C(N)Cc2ccc3ccccc3c2)CSSCC(C(=O)NC(C(N)=O)C(C)O)NC1=O,PUDHBTGHUJUUFI-UHFFFAOYSA-N,C54H69N11O10S2,1096.35,77,True
DB06792,DB06792,DB06792,[La+3].[La+3].[O-]C([O-])=O.[O-]C([O-])=O.[O-]C([O-])=O,O=C([O-])[O-].O=C([O-])[O-].O=C([O-])[O-].[La+3].[La+3],NZPIUJUFIFZSPW-UHFFFAOYSA-H,C3La2O9,457.84,14,True
DB06794,DB06794,DB06794,OC(=O)C(=O)NC1=CC(=CC(NC(=O)C(O)=O)=C1Cl)C#N,N#Cc1cc(NC(=O)C(=O)O)c(Cl)c(NC(=O)C(=O)O)c1,RVGLGHVJXCETIO-UHFFFAOYSA-N,C11H6ClN3O6,311.64,21,True
DB06795,DB06795,DB06795,NCC1=CC=C(C=C1)S(N)(=O)=O,NCc1ccc(S(N)(=O)=O)cc1,TYMRLRRVMHJFTF-UHFFFAOYSA-N,C7H10N2O2S,186.24,12,True
DB06799,DB06799,DB06799,C1N2CN3CN1CN(C2)C3,C1N2CN3CN1CN(C2)C3,VKYKSIONXSXAKP-UHFFFAOYSA-N,C6H12N4,140.19,10,True
DB06800,DB06800,DB06800,C[N@+]1(CC2CC2)CC[C@]23[C@H]4OC5=C(O)C=CC(C[C@@H]1[C@]2(O)CCC4=O)=C35,C[N@+]1(CC2CC2)CC[C@]23c4c5ccc(O)c4O[C@H]2C(=O)CC[C@@]3(O)[C@H]1C5,JVLBPIPGETUEET-WIXLDOGYSA-O,C21H26NO4+,356.44,26,True
DB06802,DB06802,DB06802,NC(=O)CC1=CC=CC(C(=O)C2=CC=CC=C2)=C1N,NC(=O)Cc1cccc(C(=O)c2ccccc2)c1N,QEFAQIPZVLVERP-UHFFFAOYSA-N,C15H14N2O2,254.29,19,True
DB06803,DB06803,DB06803,OC1=C(C=C(Cl)C=C1)C(=O)NC1=C(Cl)C=C(C=C1)[N+]([O-])=O,O=C(Nc1ccc([N+](=O)[O-])cc1Cl)c1cc(Cl)ccc1O,RJMUSRYZPJIFPJ-UHFFFAOYSA-N,C13H8Cl2N2O4,327.12,21,True
DB06804,DB06804,DB06804,CCCCCCCCCC1=CC=C(OCCOCCOCCOCCOCCOCCOCCOCCOCCO)C=C1,CCCCCCCCCc1ccc(OCCOCCOCCOCCOCCOCCOCCOCCOCCO)cc1,FBWNMEQMRUMQSO-UHFFFAOYSA-N,C33H60O10,616.83,43,True
DB06810,DB06810,DB06810,CO[C@@H]([C@@H]1CC2=CC3=CC(O[C@H]4C[C@@H](O[C@H]5C[C@@H](O)[C@H](O)[C@@H](C)O5)[C@H](O)[C@@H](C)O4)=C(C)C(O)=C3C(O)=C2C(=O)[C@H]1O[C@H]1C[C@@H](O[C@H]2C[C@@H](O[C@H]3C[C@](C)(O)[C@H](O)[C@@H](C)O3)[C@@H](O)[C@@H](C)O2)[C@H](O)[C@@H](C)O1)C(=O)[C@@H](O)[C@@H](C)O,CO[C@H](C(=O)[C@@H](O)[C@@H](C)O)[C@@H]1Cc2cc3cc(O[C@H]4C[C@@H](O[C@H]5C[C@@H](O)[C@H](O)[C@@H](C)O5)[C@H](O)[C@@H](C)O4)c(C)c(O)c3c(O)c2C(=O)[C@H]1O[C@H]1C[C@@H](O[C@H]2C[C@@H](O[C@H]3C[C@](C)(O)[C@H](O)[C@@H](C)O3)[C@@H](O)[C@@H](C)O2)[C@H](O)[C@@H](C)O1,CFCUWKMKBJTWLW-BKHRDMLASA-N,C52H76O24,1085.16,76,True
DB06813,DB06813,DB06813,NC1=NC2=NC=C(CC(CC#C)C3=CC=C(C=C3)C(=O)N[C@@H](CCC(O)=O)C(O)=O)N=C2C(N)=N1,C#CCC(Cc1cnc2nc(N)nc(N)c2n1)c1ccc(C(=O)N[C@@H](CCC(=O)O)C(=O)O)cc1,OGSBUKJUDHAQEA-WMCAAGNKSA-N,C23H23N7O5,477.48,35,True
DB06816,DB06816,DB06816,CN(C)C1=CC2=C(C=C1)[N+](C)=C(\C=C\C1=C(C)N(C(C)=C1)C1=CC=CC=C1)C=C2,Cc1cc(/C=C/c2ccc3cc(N(C)C)ccc3[n+]2C)c(C)n1-c1ccccc1,QMHSXPLYMTVAMK-UHFFFAOYSA-N,C26H28N3+,382.53,29,True
DB06817,DB06817,DB06817,CN1C(=O)C(O)=C(N=C1C(C)(C)NC(=O)C1=NN=C(C)O1)C(=O)NCC1=CC=C(F)C=C1,Cc1nnc(C(=O)NC(C)(C)c2nc(C(=O)NCc3ccc(F)cc3)c(O)c(=O)n2C)o1,CZFFBEXEKNGXKS-UHFFFAOYSA-N,C20H21FN6O5,444.42,32,True
DB06819,DB06819,DB06819,OC(=O)CCCC1=CC=CC=C1,O=C(O)CCCc1ccccc1,OBKXEAXTFZPCHS-UHFFFAOYSA-N,C10H12O2,164.2,12,True
DB06820,DB06820,DB06820,ClC1=CC=C(CSC(CN2C=CN=C2)C2=C(Cl)C=C(Cl)C=C2)C=C1,Clc1ccc(CSC(Cn2ccnc2)c2ccc(Cl)cc2Cl)cc1,AFNXATANNDIXLG-UHFFFAOYSA-N,C18H15Cl3N2S,397.76,24,True
DB06824,DB06824,DB06824,NCCNCCNCCN,NCCNCCNCCN,VILCJCGEZXAXTO-UHFFFAOYSA-N,C6H18N4,146.24,10,True
DB06825,DB06825,DB06825,CC(C)C[C@H](NC(=O)[C@@H](CC1=CNC2=CC=CC=C12)NC(=O)[C@H](CC1=CC=C(O)C=C1)NC(=O)[C@H](CO)NC(=O)[C@H](CC1=CNC2=C1C=CC=C2)NC(=O)[C@H](CC1=CNC=N1)NC(=O)[C@@H]1CCC(=O)N1)C(=O)N[C@@H](CCCNC(N)=N)C(=O)N1CCC[C@H]1C(=O)NCC(N)=O,CC(C)C[C@H](NC(=O)[C@@H](Cc1c[nH]c2ccccc12)NC(=O)[C@H](Cc1ccc(O)cc1)NC(=O)[C@H](CO)NC(=O)[C@H](Cc1c[nH]c2ccccc12)NC(=O)[C@H](Cc1c[nH]cn1)NC(=O)[C@@H]1CCC(=O)N1)C(=O)N[C@@H](CCCNC(=N)N)C(=O)N1CCC[C@H]1C(=O)NCC(N)=O,VXKHXGOKWPXYNA-PGBVPBMZSA-N,C64H82N18O13,1311.47,95,True
DB06826,DB06826,DB06826,CCCCCCCC(=O)CC[C@H]1[C@H](O)C[C@H](O)[C@@H]1C\C=C/CCCC(O)=O,CCCCCCCC(=O)CC[C@@H]1[C@@H](C/C=C\CCCC(=O)O)[C@@H](O)C[C@H]1O,TVHAZVBUYQMHBC-SNHXEXRGSA-N,C22H38O5,382.54,27,True
DB06827,DB06827,DB06827,[H][C@@]1(C[C@H](O)NC(=N)N1)[C@]1([H])NC(=O)\C(NC(=O)[C@H](CO)NC(=O)[C@H](CO)NC(=O)[C@H](CNC1=O)NC(=O)C[C@@H](N)CCCN)=C\NC(N)=O,N=C1N[C@@H](O)C[C@H]([C@@H]2NC(=O)/C(=C/NC(N)=O)NC(=O)[C@H](CO)NC(=O)[C@H](CO)NC(=O)[C@@H](NC(=O)C[C@@H](N)CCCN)CNC2=O)N1,GXFAIFRPOKBQRV-GHXCTMGLSA-N,C25H43N13O10,685.7,48,True
DB07615,DB07615,DB07615,COC1=CC=C(\C=C\C(=O)NC2=CC=CC=C2C(O)=O)C=C1OC,COc1ccc(/C=C/C(=O)Nc2ccccc2C(=O)O)cc1OC,NZHGWWWHIYHZNX-CSKARUKUSA-N,C18H17NO5,327.34,24,True
DB08439,DB08439,DB08439,CCC(=O)NS(=O)(=O)C1=CC=C(C=C1)C1=C(C)ON=C1C1=CC=CC=C1,CCC(=O)NS(=O)(=O)c1ccc(-c2c(-c3ccccc3)noc2C)cc1,TZRHLKRLEZJVIJ-UHFFFAOYSA-N,C19H18N2O4S,370.43,26,True
DB08795,DB08795,DB08795,[H][C@]12SC(C)(C)[C@@H](N1C(=O)[C@H]2NC(=O)[C@H](N=[N+]=[N-])C1=CC=CC=C1)C(O)=O,CC1(C)S[C@@H]2[C@H](NC(=O)[C@H](N=[N+]=[N-])c3ccccc3)C(=O)N2[C@H]1C(=O)O,ODFHGIPNGIAMDK-NJBDSQKTSA-N,C16H17N5O4S,375.41,26,True
DB08796,DB08796,DB08796,O=C(OCCOCCN1CCCCC1)N1C2=CC=CC=C2SC2=C1N=CC=C2,O=C(OCCOCCN1CCCCC1)N1c2ccccc2Sc2cccnc21,DTVJXCOMJLLMAK-UHFFFAOYSA-N,C21H25N3O3S,399.52,28,True
DB08797,DB08797,DB08797,NC(=O)C1=CC=CC=C1O,NC(=O)c1ccccc1O,SKZKKFZAGNVIMN-UHFFFAOYSA-N,C7H7NO2,137.14,10,True
DB08798,DB08798,DB08798,CC1=C(C)N=C(NS(=O)(=O)C2=CC=C(N)C=C2)O1,Cc1nc(NS(=O)(=O)c2ccc(N)cc2)oc1C,CYFLXLSBHQBMFT-UHFFFAOYSA-N,C11H13N3O3S,267.31,18,True
DB08799,DB08799,DB08799,C(N(CC1=CC=CC=C1)C1=CC=CC=C1)C1=NCCN1,c1ccc(CN(CC2=NCCN2)c2ccccc2)cc1,REYFJDPCWQRWAA-UHFFFAOYSA-N,C17H19N3,265.36,20,True
DB08800,DB08800,DB08800,CN(C)CCN(CC1=CC=C(Cl)C=C1)C1=CC=CC=N1,CN(C)CCN(Cc1ccc(Cl)cc1)c1ccccn1,ICKFFNBDFNZJSX-UHFFFAOYSA-N,C16H20ClN3,289.81,20,True
DB08801,DB08801,DB08801,CC(C1=C(CCN(C)C)CC2=CC=CC=C12)C1=CC=CC=N1,CC(C1=C(CCN(C)C)Cc2ccccc21)c1ccccn1,MVMQESMQSYOVGV-UHFFFAOYSA-N,C20H24N2,292.43,22,True
DB08802,DB08802,DB08802,CC(CN1C2=CC=CC=C2SC2=C1N=CC=C2)N(C)C,CC(CN1c2ccccc2Sc2cccnc21)N(C)C,OQJBSDFFQWMKBQ-UHFFFAOYSA-N,C16H19N3S,285.42,20,True
DB08804,DB08804,DB08804,[H][C@@]12CC[C@H](OC(=O)CCCCCCCCC)[C@@]1(C)CC[C@]1([H])[C@@]3([H])CCC(=O)C=C3CC[C@@]21[H],CCCCCCCCCC(=O)O[C@H]1CC[C@H]2[C@@H]3CCC4=CC(=O)CC[C@@H]4[C@H]3CC[C@]12C,JKWKMORAXJQQSR-MOPIKTETSA-N,C28H44O3,428.66,31,True
DB08806,DB08806,DB08806,CC(=O)OCC(=O)NCCCOC1=CC=CC(CN2CCCCC2)=C1,CC(=O)OCC(=O)NCCCOc1cccc(CN2CCCCC2)c1,SMTZFNFIKUPEJC-UHFFFAOYSA-N,C19H28N2O4,348.44,25,True
DB08807,DB08807,DB08807,CC1=CC2=C(N1)C=CC=C2OCC(CNC(C)(C)C)OC(=O)C1=CC=CC=C1,Cc1cc2c(OCC(CNC(C)(C)C)OC(=O)c3ccccc3)cccc2[nH]1,UUOJIACWOAYWEZ-UHFFFAOYSA-N,C23H28N2O3,380.49,28,True
DB08808,DB08808,DB08808,CC1=CC(OCC(O)CNC(C)(C)C)=C(Cl)C=C1,Cc1ccc(Cl)c(OCC(O)CNC(C)(C)C)c1,HQIRNZOQPUAHHV-UHFFFAOYSA-N,C14H22ClNO2,271.79,18,True
DB08811,DB08811,DB08811,CCC1C2=CC(OC)=C(OC)C=C2C(=NN=C1C)C1=CC(OC)=C(OC)C=C1,CCC1C(C)=NN=C(c2ccc(OC)c(OC)c2)c2cc(OC)c(OC)cc21,RUJBDQSFYCKFAA-UHFFFAOYSA-N,C22H26N2O4,382.46,28,True
DB08814,DB08814,DB08814,CC(=O)OC1=C(C=CC(=C1)C(F)(F)F)C(O)=O,CC(=O)Oc1cc(C(F)(F)F)ccc1C(=O)O,RMWVZGDJPAKBDE-UHFFFAOYSA-N,C10H7F3O4,248.16,17,True
DB08815,DB08815,DB08815,[H][C@@]12[C@H]3CC[C@H](C3)[C@]1([H])C(=O)N(C[C@@H]1CCCC[C@H]1CN1CCN(CC1)C1=NSC3=CC=CC=C13)C2=O,O=C1[C@@H]2[C@H]3CC[C@H](C3)[C@@H]2C(=O)N1C[C@@H]1CCCC[C@H]1CN1CCN(c2nsc3ccccc23)CC1,PQXKDMSYBGKCJA-CVTJIBDQSA-N,C28H36N4O2S,492.69,35,True
DB08816,DB08816,DB08816,CCCSC1=NC2=C(N=NN2[C@@H]2C[C@H](OCCO)[C@@H](O)[C@H]2O)C(N[C@@H]2C[C@H]2C2=CC(F)=C(F)C=C2)=N1,CCCSc1nc(N[C@@H]2C[C@H]2c2ccc(F)c(F)c2)c2nnn([C@@H]3C[C@H](OCCO)[C@@H](O)[C@H]3O)c2n1,OEKWJQXRCDYSHL-FNOIDJSQSA-N,C23H28F2N6O4S,522.58,36,True
DB08819,DB08819,DB08819,CC(C)OC(=O)CCC\C=C/C[C@H]1[C@@H](O)C[C@@H](O)[C@@H]1\C=C\C(F)(F)COC1=CC=CC=C1,CC(C)OC(=O)CCC/C=C\C[C@@H]1[C@@H](/C=C/C(F)(F)COc2ccccc2)[C@H](O)C[C@@H]1O,WSNODXPBBALQOF-VEJSHDCNSA-N,C25H34F2O5,452.54,32,True
DB08820,DB08820,DB08820,CC(C)(C)C1=CC(=C(O)C=C1NC(=O)C1=CNC2=CC=CC=C2C1=O)C(C)(C)C,CC(C)(C)c1cc(C(C)(C)C)c(NC(=O)c2c[nH]c3ccccc3c2=O)cc1O,PURKAOJPTOLRMP-UHFFFAOYSA-N,C24H28N2O3,392.5,29,True
DB08822,DB08822,DB08822,CCOC1=NC2=C(N1CC1=CC=C(C=C1)C1=CC=CC=C1C1=NOC(=O)N1)C(=CC=C2)C(=O)OCC1=C(C)OC(=O)O1,CCOc1nc2cccc(C(=O)OCc3oc(=O)oc3C)c2n1Cc1ccc(-c2ccccc2-c2noc(=O)[nH]2)cc1,QJFSABGVXDWMIW-UHFFFAOYSA-N,C30H24N4O8,568.54,42,True
DB08824,DB08824,DB08824,[H][C@]12CC[C@]([H])([C@H]([C@H](C1)C1=CC=C([123I])C=C1)C(=O)OC)N2CCCF,COC(=O)[C@H]1[C@@H](c2ccc([123I])cc2)C[C@@H]2CC[C@H]1N2CCCF,HXWLAJVUJSVENX-HFIFKADTSA-N,C18H23FINO2,427.29,23,True
DB08826,DB08826,DB08826,CN1C=CC(=O)C(O)=C1C,Cc1c(O)c(=O)ccn1C,TZXKOCQBRNJULO-UHFFFAOYSA-N,C7H9NO2,139.15,10,True
DB08827,DB08827,DB08827,FC(F)(F)CNC(=O)C1(CCCCN2CCC(CC2)NC(=O)C2=C(C=CC=C2)C2=CC=C(C=C2)C(F)(F)F)C2=CC=CC=C2C2=CC=CC=C12,O=C(NC1CCN(CCCCC2(C(=O)NCC(F)(F)F)c3ccccc3-c3ccccc32)CC1)c1ccccc1-c1ccc(C(F)(F)F)cc1,MBBCVAKAJPKAKM-UHFFFAOYSA-N,C39H37F6N3O2,693.73,50,True
DB08828,DB08828,DB08828,CS(=O)(=O)C1=CC(Cl)=C(C=C1)C(=O)NC1=CC=C(Cl)C(=C1)C1=CC=CC=N1,CS(=O)(=O)c1ccc(C(=O)Nc2ccc(Cl)c(-c3ccccn3)c2)c(Cl)c1,BPQMGSKTAYIVFO-UHFFFAOYSA-N,C19H14Cl2N2O3S,421.31,27,True
DB08860,DB08860,DB08860,O[C@H](C[C@H](O)\C=C\C1=C(N=C2C=CC=CC2=C1C1=CC=C(F)C=C1)C1CC1)CC(O)=O,O=C(O)C[C@H](O)C[C@H](O)/C=C/c1c(C2CC2)nc2ccccc2c1-c1ccc(F)cc1,VGYFMXBACGZSIL-MCBHFWOFSA-N,C25H24FNO4,421.47,31,True
DB08864,DB08864,DB08864,CC1=CC(\C=C\C#N)=CC(C)=C1NC1=CC=NC(NC2=CC=C(C=C2)C#N)=N1,Cc1cc(/C=C/C#N)cc(C)c1Nc1ccnc(Nc2ccc(C#N)cc2)n1,YIBOMRUWOWDFLG-ONEGZZNKSA-N,C22H18N6,366.43,28,True
DB08865,DB08865,DB08865,C[C@@H](OC1=CC(=CN=C1N)C1=CN(N=C1)C1CCNCC1)C1=C(Cl)C=CC(F)=C1Cl,C[C@@H](Oc1cc(-c2cnn(C3CCNCC3)c2)cnc1N)c1c(Cl)ccc(F)c1Cl,KTEIFNKAUNYNJU-GFCCVEGCSA-N,C21H22Cl2FN5O,450.35,30,True
DB08867,DB08867,DB08867,CN(C)C1=CC=C(C=C1)[C@H]1C[C@@]2(C)[C@@H](CC[C@]2(O)C(C)=O)[C@@H]2CCC3=CC(=O)CCC3=C12,CC(=O)[C@@]1(O)CC[C@H]2[C@@H]3CCC4=CC(=O)CCC4=C3[C@@H](c3ccc(N(C)C)cc3)C[C@@]21C,HKDLNTKNLJPAIY-WKWWZUSTSA-N,C28H35NO3,433.59,32,True
DB08868,DB08868,DB08868,CCCCCCCCC1=CC=C(CCC(N)(CO)CO)C=C1,CCCCCCCCc1ccc(CCC(N)(CO)CO)cc1,KKGQTZUTZRNORY-UHFFFAOYSA-N,C19H33NO2,307.48,22,True
DB08869,DB08869,DB08869,CC\C=C\CC(=O)N[C@@H](CC1=CC=C(O)C=C1)C(=O)N[C@@H](C)C(=O)N[C@@H](CC(O)=O)C(=O)N[C@@H](C)C(=O)N[C@@H](C(C)CC)C(=O)N[C@@H](CC1=CC=CC=C1)C(=O)N[C@@H](C(C)O)C(=O)N[C@@H](CC(N)=O)C(=O)N[C@@H](CO)C(=O)N[C@@H](CC1=CC=C(O)C=C1)C(=O)N[C@@H](CCCNC(N)=N)C(=O)N[C@@H](CCCCN)C(=O)N[C@@H](C(C)C)C(=O)N[C@@H](CC(C)C)C(=O)NCC(=O)N[C@@H](CCC(N)=O)C(=O)N[C@@H](CC(C)C)C(=O)N[C@@H](CO)C(=O)N[C@@H](C)C(=O)N[C@@H](CCCNC(N)=N)C(=O)N[C@@H](CCCCN)C(=O)N[C@@H](CC(C)C)C(=O)N[C@@H](CC(C)C)C(=O)N[C@@H](CCC(N)=O)C(=O)N[C@@H](CC(O)=O)C(=O)N[C@@H](C(C)CC)C(=O)N[C@@H](CCSC)C(=O)N[C@@H](CO)C(=O)N[C@@H](CCCNC(N)=N)C(=O)N[C@@H](CCC(N)=O)C(=O)N[C@@H](CCC(N)=O)C(=O)NCC(=O)N[C@@H](CCC(N)=O)C(=O)N[C@@H](CO)C(=O)N[C@@H](CC(N)=O)C(=O)N[C@@H](CCC(N)=O)C(=O)N[C@@H](CCCNC(N)=N)C(=O)NCC(=O)N[C@@H](C)C(=O)N[C@@H](CCCNC(N)=N)C(=O)N[C@@H](C)C(=O)N[C@@H](CCCNC(N)=N)C(=O)N[C@@H](CC(C)C)C(N)=O,CC/C=C/CC(=O)N[C@@H](Cc1ccc(O)cc1)C(=O)N[C@@H](C)C(=O)N[C@@H](CC(=O)O)C(=O)N[C@@H](C)C(=O)N[C@H](C(=O)N[C@@H](Cc1ccccc1)C(=O)N[C@H](C(=O)N[C@@H](CC(N)=O)C(=O)N[C@@H](CO)C(=O)N[C@@H](Cc1ccc(O)cc1)C(=O)N[C@@H](CCCNC(=N)N)C(=O)N[C@@H](CCCCN)C(=O)N[C@H](C(=O)N[C@@H](CC(C)C)C(=O)NCC(=O)N[C@@H](CCC(N)=O)C(=O)N[C@@H](CC(C)C)C(=O)N[C@@H](CO)C(=O)N[C@@H](C)C(=O)N[C@@H](CCCNC(=N)N)C(=O)N[C@@H](CCCCN)C(=O)N[C@@H](CC(C)C)C(=O)N[C@@H](CC(C)C)C(=O)N[C@@H](CCC(N)=O)C(=O)N[C@@H](CC(=O)O)C(=O)N[C@H](C(=O)N[C@@H](CCSC)C(=O)N[C@@H](CO)C(=O)N[C@@H](CCCNC(=N)N)C(=O)N[C@@H](CCC(N)=O)C(=O)N[C@@H](CCC(N)=O)C(=O)NCC(=O)N[C@@H](CCC(N)=O)C(=O)N[C@@H](CO)C(=O)N[C@@H](CC(N)=O)C(=O)N[C@@H](CCC(N)=O)C(=O)N[C@@H](CCCNC(=N)N)C(=O)NCC(=O)N[C@@H](C)C(=O)N[C@@H](CCCNC(=N)N)C(=O)N[C@@H](C)C(=O)N[C@@H](CCCNC(=N)N)C(=O)N[C@@H](CC(C)C)C(N)=O)C(C)CC)C(C)C)C(C)O)C(C)CC,LAJJBLZKAIOLRM-YHAVXTEWSA-N,C216H360N72O63S,5005.76,352,True
DB08871,DB08871,DB08871,[H][C@@]12CC(=C)[C@]([H])(CC[C@@]3([H])C[C@@H](C)C(=C)[C@@]([H])(C[C@]4([H])O[C@H](C[C@H](O)CN)[C@H](OC)[C@@]4([H])CC(=O)C[C@@]4([H])CC[C@]5([H])O[C@@]6([H])[C@H]7O[C@@]8(C[C@]7([H])O[C@@]6([H])[C@@]([H])(O8)[C@@]5([H])O4)CC1)O3)O2,C=C1C[C@@H]2CC[C@@]34C[C@@H]5O[C@@H]6[C@@H](O[C@H]7CC[C@H](CC(=O)C[C@@H]8[C@@H](OC)[C@@H](C[C@H](O)CN)O[C@H]8C[C@H]8O[C@@H](CC[C@@H]1O2)C[C@@H](C)C8=C)O[C@@H]7[C@@H]6O3)[C@H]5O4,UFNVPOGXISZXJD-XJPMSQCNSA-N,C40H59NO11,729.91,52,True
DB08872,DB08872,DB08872,CC(C)C(=O)OC(C)OC(=O)NCC1(CC(O)=O)CCCCC1,CC(OC(=O)NCC1(CC(=O)O)CCCCC1)OC(=O)C(C)C,TZDUHAJSIBHXDL-UHFFFAOYSA-N,C16H27NO6,329.39,23,True
DB08873,DB08873,DB08873,[H][C@]12CN([C@H](C(=O)NC(CC3CCC3)C(=O)C(N)=O)[C@@]1([H])C2(C)C)C(=O)[C@@H](NC(=O)NC(C)(C)C)C(C)(C)C,CC(C)(C)NC(=O)N[C@H](C(=O)N1C[C@H]2[C@@H]([C@H]1C(=O)NC(CC1CCC1)C(=O)C(N)=O)C2(C)C)C(C)(C)C,LHHCSNFAOIFYRV-DOVBMPENSA-N,C27H45N5O5,519.69,37,True
DB08874,DB08874,DB08874,[H][C@@]1(O[C@@H]2[C@@H](CC)\C=C(C)\[C@@H](O)C\C=C\C=C(CO[C@@H]3O[C@H](C)[C@@H](OC(=O)C4=C(CC)C(Cl)=C(O)C(Cl)=C4O)[C@H](O)[C@@H]3OC)\C(=O)O[C@@H](C\C=C(/C)\C=C2/C)[C@@H](C)O)OC(C)(C)[C@@H](OC(=O)C(C)C)[C@H](O)[C@@H]1O,CCc1c(Cl)c(O)c(Cl)c(O)c1C(=O)O[C@H]1[C@H](O)[C@H](OC)[C@H](OC/C2=C\C=C\C[C@H](O)/C(C)=C/[C@H](CC)[C@@H](O[C@@H]3OC(C)(C)[C@@H](OC(=O)C(C)C)[C@H](O)[C@@H]3O)/C(C)=C/C(C)=C/C[C@@H]([C@@H](C)O)OC2=O)O[C@@H]1C,ZVGNESXIJDCBKN-UUEYKCAUSA-N,C52H74Cl2O18,1058.05,72,True
DB08875,DB08875,DB08875,COC1=CC2=C(C=C1OC)C(OC1=CC=C(NC(=O)C3(CC3)C(=O)NC3=CC=C(F)C=C3)C=C1)=CC=N2,COc1cc2nccc(Oc3ccc(NC(=O)C4(C(=O)Nc5ccc(F)cc5)CC4)cc3)c2cc1OC,ONIQOQHATWINJY-UHFFFAOYSA-N,C28H24FN3O5,501.51,37,True
DB08877,DB08877,DB08877,N#CC[C@H](C1CCCC1)N1C=C(C=N1)C1=C2C=CNC2=NC=N1,N#CC[C@H](C1CCCC1)n1cc(-c2ncnc3[nH]ccc23)cn1,HFNKQEVNSGCOJV-OAHLLOKOSA-N,C17H18N6,306.37,23,True
DB08880,DB08880,DB08880,C\C(O)=C(/C#N)C(=O)NC1=CC=C(C=C1)C(F)(F)F,C/C(O)=C(\C#N)C(=O)Nc1ccc(C(F)(F)F)cc1,UTNUDOFZCWSZMS-YFHOEESVSA-N,C12H9F3N2O2,270.21,19,True
DB08881,DB08881,DB08881,CCCS(=O)(=O)NC1=C(F)C(C(=O)C2=CNC3=NC=C(C=C23)C2=CC=C(Cl)C=C2)=C(F)C=C1,CCCS(=O)(=O)Nc1ccc(F)c(C(=O)c2c[nH]c3ncc(-c4ccc(Cl)cc4)cc23)c1F,GPXBXXGIAQBQNI-UHFFFAOYSA-N,C23H18ClF2N3O3S,489.93,33,True
DB08882,DB08882,DB08882,CC#CCN1C(=NC2=C1C(=O)N(CC1=NC3=C(C=CC=C3)C(C)=N1)C(=O)N2C)N1CCC[C@@H](N)C1,CC#CCn1c(N2CCC[C@@H](N)C2)nc2c1c(=O)n(Cc1nc(C)c3ccccc3n1)c(=O)n2C,LTXREWYXXSTFRX-QGZVFWFLSA-N,C25H28N8O2,472.55,35,True
DB08883,DB08883,DB08883,O=C1N(C=C(C=C1C1=CC=CC=C1C#N)C1=NC=CC=C1)C1=CC=CC=C1,N#Cc1ccccc1-c1cc(-c2ccccn2)cn(-c2ccccc2)c1=O,PRMWGUBFXWROHD-UHFFFAOYSA-N,C23H15N3O,349.39,27,True
DB08884,DB08884,DB08884,[Gd+3].[H][C@@](CN(CCN(CC([O-])=O)CC([O-])=O)CC([O-])=O)(CC1=CC=C(OCC)C=C1)N(CC(O)=O)CC(O)=O,CCOc1ccc(C[C@@H](CN(CCN(CC(=O)[O-])CC(=O)[O-])CC(=O)[O-])N(CC(=O)O)CC(=O)O)cc1.[Gd+3],PCZHWPSNPWAQNF-LMOVPXPDSA-K,C23H30GdN3O11,681.75,38,True
DB08887,DB08887,DB08887,CCOC(=O)CCC\C=C/C\C=C/C\C=C/C\C=C/C\C=C/CC,CC/C=C\C/C=C\C/C=C\C/C=C\C/C=C\CCCC(=O)OCC,SSQPWTVBQMWLSZ-AAQCHOMXSA-N,C22H34O2,330.51,24,True
DB08889,DB08889,DB08889,CC(C)C[C@H](NC(=O)[C@H](CCC1=CC=CC=C1)NC(=O)CN1CCOCC1)C(=O)N[C@@H](CC1=CC=CC=C1)C(=O)N[C@@H](CC(C)C)C(=O)[C@@]1(C)CO1,CC(C)C[C@H](NC(=O)[C@H](CCc1ccccc1)NC(=O)CN1CCOCC1)C(=O)N[C@@H](Cc1ccccc1)C(=O)N[C@@H](CC(C)C)C(=O)[C@@]1(C)CO1,BLMPQMFVWMYDKT-NZTKNTHTSA-N,C40H57N5O7,719.92,52,True
DB08893,DB08893,DB08893,NC1=NC(CC(=O)NC2=CC=C(CCNC[C@H](O)C3=CC=CC=C3)C=C2)=CS1,Nc1nc(CC(=O)Nc2ccc(CCNC[C@H](O)c3ccccc3)cc2)cs1,PBAPPPCECJKMCM-IBGZPJMESA-N,C21H24N4O2S,396.52,28,True
DB08895,DB08895,DB08895,[H][C@@]1(C)CCN(C[C@]1([H])N(C)C1=NC=NC2=C1C=CN2)C(=O)CC#N,C[C@@H]1CCN(C(=O)CC#N)C[C@@H]1N(C)c1ncnc2[nH]ccc12,UJLAWZDWDVHWOW-YPMHNXCESA-N,C16H20N6O,312.38,23,True
DB08896,DB08896,DB08896,CNC(=O)C1=CC(OC2=CC(F)=C(NC(=O)NC3=CC=C(Cl)C(=C3)C(F)(F)F)C=C2)=CC=N1,CNC(=O)c1cc(Oc2ccc(NC(=O)Nc3ccc(Cl)c(C(F)(F)F)c3)c(F)c2)ccn1,FNHKPVJBJVTLMP-UHFFFAOYSA-N,C21H15ClF4N4O3,482.82,33,True
DB08897,DB08897,DB08897,OC(C(=O)O[C@H]1C[N+]2(CCCOC3=CC=CC=C3)CCC1CC2)(C1=CC=CS1)C1=CC=CS1,O=C(O[C@H]1C[N+]2(CCCOc3ccccc3)CCC1CC2)C(O)(c1cccs1)c1cccs1,ASMXXROZKSBQIH-VITNCHFBSA-N,C26H30NO4S2+,484.66,33,True
DB08899,DB08899,DB08899,CNC(=O)C1=C(F)C=C(C=C1)N1C(=S)N(C(=O)C1(C)C)C1=CC=C(C#N)C(=C1)C(F)(F)F,CNC(=O)c1ccc(N2C(=S)N(c3ccc(C#N)c(C(F)(F)F)c3)C(=O)C2(C)C)cc1F,WXCXUHSOUPDCQV-UHFFFAOYSA-N,C21H16F4N4O2S,464.44,32,True
DB08901,DB08901,DB08901,CN1CCN(CC2=CC=C(NC(=O)C3=CC(C#CC4=CN=C5C=CC=NN45)=C(C)C=C3)C=C2C(F)(F)F)CC1,Cc1ccc(C(=O)Nc2ccc(CN3CCN(C)CC3)c(C(F)(F)F)c2)cc1C#Cc1cnc2cccnn12,PHXJVRSECIGDHY-UHFFFAOYSA-N,C29H27F3N6O,532.57,39,True
DB08903,DB08903,DB08903,COC1=NC2=C(C=C(Br)C=C2)C=C1[C@@H](C1=CC=CC=C1)[C@@](O)(CCN(C)C)C1=CC=CC2=C1C=CC=C2,COc1nc2ccc(Br)cc2cc1[C@@H](c1ccccc1)[C@@](O)(CCN(C)C)c1cccc2ccccc12,QUIJNHUBAXPXFS-XLJNKUFUSA-N,C32H31BrN2O2,555.52,37,True
DB08905,DB08905,DB08905,[H][C@@]12CCC(=O)[C@@]1(C)CC[C@@]1([H])[C@@]2([H])CCC2=C(O)C(=O)CC[C@]12C,C[C@]12CCC(=O)C(O)=C1CC[C@@H]1[C@@H]2CC[C@]2(C)C(=O)CC[C@@H]12,OSVMTWJCGUFAOD-KZQROQTASA-N,C19H26O3,302.41,22,True
DB08906,DB08906,DB08906,[H][C@@]12C[C@@H](C)[C@](OC(=O)C3=CC=CO3)(C(=O)SCF)[C@@]1(C)C[C@H](O)[C@@]1(F)[C@@]2([H])C[C@H](F)C2=CC(=O)C=C[C@]12C,C[C@@H]1C[C@H]2[C@@H]3C[C@H](F)C4=CC(=O)C=C[C@]4(C)[C@@]3(F)[C@@H](O)C[C@]2(C)[C@@]1(OC(=O)c1ccco1)C(=O)SCF,XTULMSXFIHGYFS-VLSRWLAYSA-N,C27H29F3O6S,538.58,37,True
DB08907,DB08907,DB08907,[H][C@]1(O[C@H](CO)[C@@H](O)[C@H](O)[C@H]1O)C1=CC=C(C)C(CC2=CC=C(S2)C2=CC=C(F)C=C2)=C1,Cc1ccc([C@@H]2O[C@H](CO)[C@@H](O)[C@H](O)[C@H]2O)cc1Cc1ccc(-c2ccc(F)cc2)s1,XTNGUQKDFGDXSJ-ZXGKGEBGSA-N,C24H25FO5S,444.52,31,True
DB08908,DB08908,DB08908,[H]\C(=C(\[H])C(=O)OC)C(=O)OC,COC(=O)/C=C/C(=O)OC,LDCRTTXIJACKKU-ONEGZZNKSA-N,C6H8O4,144.13,10,True
DB08909,DB08909,DB08909,O=C(CCCC1=CC=CC=C1)OCC(COC(=O)CCCC1=CC=CC=C1)OC(=O)CCCC1=CC=CC=C1,O=C(CCCc1ccccc1)OCC(COC(=O)CCCc1ccccc1)OC(=O)CCCc1ccccc1,ZSDBFLMJVAGKOU-UHFFFAOYSA-N,C33H38O6,530.66,39,True
DB08910,DB08910,DB08910,NC1=CC=CC2=C1C(=O)N(C1CCC(=O)NC1=O)C2=O,Nc1cccc2c1C(=O)N(C1CCC(=O)NC1=O)C2=O,UVSMNLNDYGZFPF-UHFFFAOYSA-N,C13H11N3O4,273.25,20,True
DB08911,DB08911,DB08911,CN1C(=O)C(C)=C2N(C(=O)N(C3CC3)C(=O)C2=C1NC1=CC=C(I)C=C1F)C1=CC(NC(C)=O)=CC=C1,CC(=O)Nc1cccc(-n2c(=O)n(C3CC3)c(=O)c3c(Nc4ccc(I)cc4F)n(C)c(=O)c(C)c32)c1,LIRYPHYGHXZJBZ-UHFFFAOYSA-N,C26H23FIN5O4,615.4,37,True
DB08912,DB08912,DB08912,CC(C)(C)C1=NC(=C(S1)C1=NC(N)=NC=C1)C1=C(F)C(NS(=O)(=O)C2=C(F)C=CC=C2F)=CC=C1,CC(C)(C)c1nc(-c2cccc(NS(=O)(=O)c3c(F)cccc3F)c2F)c(-c2ccnc(N)n2)s1,BFSMGDJOXZAERB-UHFFFAOYSA-N,C23H20F3N5O2S2,519.57,35,True
DB08913,DB08913,DB08913,[Cl-].[Cl-].[223Ra++],[223Ra+2].[Cl-].[Cl-],RWRDJVNMSZYMDV-SIUYXFDKSA-L,Cl2Ra,293.92,3,True
DB08916,DB08916,DB08916,CN(C)C\C=C\C(=O)NC1=C(O[C@H]2CCOC2)C=C2N=CN=C(NC3=CC(Cl)=C(F)C=C3)C2=C1,CN(C)C/C=C/C(=O)Nc1cc2c(Nc3ccc(F)c(Cl)c3)ncnc2cc1O[C@H]1CCOC1,ULXXDDBFHOBEHA-CWDCEQMOSA-N,C24H25ClFN5O3,485.95,34,True
DB08918,DB08918,DB08918,CCN(CC)C(=O)[C@]1(C[C@H]1CN)C1=CC=CC=C1,CCN(CC)C(=O)[C@@]1(c2ccccc2)C[C@H]1CN,GJJFMKBJSRMPLA-DZGCQCFKSA-N,C15H22N2O,246.35,18,True
DB08922,DB08922,DB08922,[H][C@@]12CCCC[C@]1([H])C(=O)N(CCCCN1CCN(CC1)C1=NSC3=CC=CC=C13)C2=O,O=C1[C@H]2CCCC[C@H]2C(=O)N1CCCCN1CCN(c2nsc3ccccc23)CC1,FBVFZWUMDDXLLG-HDICACEKSA-N,C23H30N4O2S,426.59,30,True
DB08930,DB08930,DB08930,[H][C@]12CN3C=C(C(=O)NCC4=CC=C(F)C=C4F)C(=O)C(O)=C3C(=O)N1[C@H](C)CCO2,C[C@@H]1CCO[C@H]2Cn3cc(C(=O)NCc4ccc(F)cc4F)c(=O)c(O)c3C(=O)N12,RHWKPHLQXYSBKR-BMIGLBTASA-N,C20H19F2N3O5,419.38,30,True
DB08931,DB08931,DB08931,COC(=O)N(C)C1=C(N)N=C(N=C1N)C1=NN(CC2=C(F)C=CC=C2)C2=C1C=CC=N2,COC(=O)N(C)c1c(N)nc(-c2nn(Cc3ccccc3F)c3ncccc23)nc1N,WXXSNCNJFUAIDG-UHFFFAOYSA-N,C20H19FN8O2,422.42,31,True
DB08932,DB08932,DB08932,CCCNS(=O)(=O)NC1=C(C(OCCOC2=NC=C(Br)C=N2)=NC=N1)C1=CC=C(Br)C=C1,CCCNS(=O)(=O)Nc1ncnc(OCCOc2ncc(Br)cn2)c1-c1ccc(Br)cc1,JGCMEBMXRHSZKX-UHFFFAOYSA-N,C19H20Br2N6O4S,588.28,32,True
DB08933,DB08933,DB08933,ClC1=CC(Cl)=C(C=C1)[C@@H]1CS\C(S1)=C(\C#N)N1C=CN=C1,N#C/C(=C1/SC[C@@H](c2ccc(Cl)cc2Cl)S1)n1ccnc1,YTAOBBFIOAEMLL-REQDGWNSSA-N,C14H9Cl2N3S2,354.29,21,True
DB08934,DB08934,DB08934,CC(C)OC(=O)[C@H](C)N[P@](=O)(OC[C@H]1O[C@@H](N2C=CC(=O)NC2=O)[C@](C)(F)[C@@H]1O)OC1=CC=CC=C1,CC(C)OC(=O)[C@H](C)N[P@](=O)(OC[C@H]1O[C@@H](n2ccc(=O)[nH]c2=O)[C@](C)(F)[C@@H]1O)Oc1ccccc1,TTZHDVOVKQGIBA-IQWMDFIBSA-N,C22H29FN3O9P,529.46,36,True
DB08938,DB08938,DB08938,O.[OH-].[OH-].[OH-].[OH-].[OH-].[OH-].[OH-].[OH-].[OH-].[OH-].[OH-].[OH-].[OH-].[OH-].[OH-].[OH-].[OH-].[OH-].[OH-].[OH-].[OH-].[OH-].[OH-].[OH-].[OH-].[OH-].[OH-].[OH-].[OH-].[OH-].[OH-].[Mg++].[Mg++].[Mg++].[Mg++].[Mg++].[Mg++].[Mg++].[Mg++].[Mg++].[Mg++].[Al+3].[Al+3].[Al+3].[Al+3].[Al+3].[O-]S([O-])(=O)=O.[O-]S([O-])(=O)=O,O.O=S(=O)([O-])[O-].O=S(=O)([O-])[O-].[Al+3].[Al+3].[Al+3].[Al+3].[Al+3].[Mg+2].[Mg+2].[Mg+2].[Mg+2].[Mg+2].[Mg+2].[Mg+2].[Mg+2].[Mg+2].[Mg+2].[OH-].[OH-].[OH-].[OH-].[OH-].[OH-].[OH-].[OH-].[OH-].[OH-].[OH-].[OH-].[OH-].[OH-].[OH-].[OH-].[OH-].[OH-].[OH-].[OH-].[OH-].[OH-].[OH-].[OH-].[OH-].[OH-].[OH-].[OH-].[OH-].[OH-].[OH-],SPPNVMTVMQOKSC-UHFFFAOYSA-A,H33Al5Mg10O40S2,1115.32,57,True
DB08941,DB08941,DB08941,C[C@H](COC1=CC=CC=C1)N[C@H](C)[C@@H](O)C1=CC=C(O)C=C1,C[C@H](COc1ccccc1)N[C@H](C)[C@@H](O)c1ccc(O)cc1,BMUKKTUHUDJSNZ-HBUWYVDXSA-N,C18H23NO3,301.39,22,True
DB08943,DB08943,DB08943,ClC1=CC(Cl)=C(C=C1)C(CN1C=CN=C1)OCC1=C(Cl)C=CC=C1Cl,Clc1ccc(C(Cn2ccnc2)OCc2c(Cl)cccc2Cl)c(Cl)c1,MPIPASJGOJYODL-UHFFFAOYSA-N,C18H14Cl4N2O,416.14,25,True
DB08947,DB08947,DB08947,C[C@H](O)C(=O)NC1=C(I)C(C(=O)NC(CO)CO)=C(I)C(C(=O)NC(CO)CO)=C1I,C[C@H](O)C(=O)Nc1c(I)c(C(=O)NC(CO)CO)c(I)c(C(=O)NC(CO)CO)c1I,XQZXYNRDCRIARQ-LURJTMIESA-N,C17H22I3N3O8,777.09,31,True
DB08954,DB08954,DB08954,CC(C(O)C1=CC=C(O)C=C1)N1CCC(CC2=CC=CC=C2)CC1,CC(C(O)c1ccc(O)cc1)N1CCC(Cc2ccccc2)CC1,UYNVMODNBIQBMV-UHFFFAOYSA-N,C21H27NO2,325.45,24,True
DB08957,DB08957,DB08957,OC(CNCCCCCCNCC(O)C1=CC(O)=C(O)C=C1)C1=CC(O)=C(O)C=C1,Oc1ccc(C(O)CNCCCCCCNCC(O)c2ccc(O)c(O)c2)cc1O,OXLZNBCNGJWPRV-UHFFFAOYSA-N,C22H32N2O6,420.51,30,True
DB08958,DB08958,DB08958,CCCCC(CC)CN1CN(CC(CC)CCCC)CC(C)(N)C1,CCCCC(CC)CN1CN(CC(CC)CCCC)CC(C)(N)C1,DTOUUUZOYKYHEP-UHFFFAOYSA-N,C21H45N3,339.61,24,True
DB08964,DB08964,DB08964,CCCCC(C)(C)[C@H](O)\C=C\[C@H]1[C@H](O)CC(=O)[C@@H]1CCCC\C=C\C(=O)OC,CCCCC(C)(C)[C@H](O)/C=C/[C@H]1[C@H](O)CC(=O)[C@@H]1CCCC/C=C/C(=O)OC,KYBOHGVERHWSSV-VNIVIJDLSA-N,C23H38O5,394.55,28,True
DB08965,DB08965,DB08965,[H]C1(OC(=O)[C@]([H])(C(C)C)N(C)C(=O)C([H])(OC(=O)[C@]([H])(C(C)C)N(C)C(=O)C([H])(OC(=O)[C@]([H])(C(C)C)N(C)C1=O)C(C)C)C(C)C)C(C)C,CC(C)C1OC(=O)[C@H](C(C)C)N(C)C(=O)C(C(C)C)OC(=O)[C@H](C(C)C)N(C)C(=O)C(C(C)C)OC(=O)[C@H](C(C)C)N(C)C1=O,MIZMDSVSLSIMSC-OGLSAIDSSA-N,C33H57N3O9,639.83,45,True
DB08967,DB08967,DB08967,CC(CN1C2=CC=CC=C2SC2=C1C=C(C=C2)S(=O)(=O)N(C)C)N(C)C,CC(CN1c2ccccc2Sc2ccc(S(=O)(=O)N(C)C)cc21)N(C)C,VWNWVCJGUMZDIU-UHFFFAOYSA-N,C19H25N3O2S2,391.56,26,True
DB08970,DB08970,DB08970,[H][C@@]12CC(=C)[C@](O)(C(=O)CO)[C@@]1(C)C[C@H](O)[C@@]1(F)[C@@]2([H])CCC2=CC(=O)C=C[C@]12C,C=C1C[C@H]2[C@@H]3CCC4=CC(=O)C=C[C@]4(C)[C@@]3(F)[C@@H](O)C[C@]2(C)[C@@]1(O)C(=O)CO,YVHXHNGGPURVOS-SBTDHBFYSA-N,C22H27FO5,390.45,28,True
DB08971,DB08971,DB08971,[H][C@@]1(C)C[C@@]2([H])[C@]3([H])C[C@]([H])(F)C4=CC(=O)C=C[C@]4(C)[C@@]3([H])[C@@]([H])(O)C[C@]2(C)[C@@]1([H])C(=O)CO,C[C@@H]1C[C@H]2[C@@H]3C[C@H](F)C4=CC(=O)C=C[C@]4(C)[C@H]3[C@@H](O)C[C@]2(C)[C@H]1C(=O)CO,GAKMQHDJQHZUTJ-ULHLPKEOSA-N,C22H29FO4,376.47,27,True
DB08974,DB08974,DB08974,COC(=O)NC1=NC2=C(N1)C=CC(=C2)C(=O)C1=CC=C(F)C=C1,COC(=O)Nc1nc2cc(C(=O)c3ccc(F)cc3)ccc2[nH]1,CPEUVMUXAHMANV-UHFFFAOYSA-N,C16H12FN3O3,313.29,23,True
DB08976,DB08976,DB08976,OCC(O)COC(=O)C1=CC=CC=C1NC1=CC=NC2=C(C=CC=C12)C(F)(F)F,O=C(OCC(O)CO)c1ccccc1Nc1ccnc2c(C(F)(F)F)cccc12,APQPGQGAWABJLN-UHFFFAOYSA-N,C20H17F3N2O4,406.36,29,True
DB08981,DB08981,DB08981,OC(=O)CCC(=O)C1=CC=C(C=C1)C1=CC=CC=C1,O=C(O)CCC(=O)c1ccc(-c2ccccc2)cc1,ZPAKPRAICRBAOD-UHFFFAOYSA-N,C16H14O3,254.29,19,True
DB08983,DB08983,DB08983,CC(C)(OC1=CC=C(Cl)C=C1)C(=O)OCCOC(=O)C1=CN=CC=C1,CC(C)(Oc1ccc(Cl)cc1)C(=O)OCCOC(=O)c1cccnc1,XXRVYAFBUDSLJX-UHFFFAOYSA-N,C18H18ClNO5,363.8,25,True
DB08984,DB08984,DB08984,OCCOCCOC(=O)C1=CC=CC=C1NC1=CC=CC(=C1)C(F)(F)F,O=C(OCCOCCO)c1ccccc1Nc1cccc(C(F)(F)F)c1,XILVEPYQJIOVNB-UHFFFAOYSA-N,C18H18F3NO4,369.34,26,True
DB08987,DB08987,DB08987,CCCN(CC)C(CC)C(=O)NC1=C(C)C=CC=C1C,CCCN(CC)C(CC)C(=O)Nc1c(C)cccc1C,VTUSIVBDOCDNHS-UHFFFAOYSA-N,C17H28N2O,276.42,20,True
DB08991,DB08991,DB08991,COC1=CC(C)=NN1C1=NC(C)=CC(OC)=N1,COc1cc(C)nc(-n2nc(C)cc2OC)n1,RHAXSHUQNIEUEY-UHFFFAOYSA-N,C11H14N4O2,234.26,17,True
DB08992,DB08992,DB08992,CCC1=CC=C(C=C1)C(=O)C(C)CN1CCCCC1,CCc1ccc(C(=O)C(C)CN2CCCCC2)cc1,SQUNAWUMZGQQJD-UHFFFAOYSA-N,C17H25NO,259.39,19,True
DB08993,DB08993,DB08993,[H][C@@]1(CCN=C(N)N1)[C@]1([H])NC(=O)\C(NC(=O)[C@H](CO)NC(=O)[C@H](CO)NC(=O)[C@H](CNC1=O)NC(=O)C[C@@H](N)[C@H](O)CCN)=C\NC(N)=O,NCC[C@@H](O)[C@H](N)CC(=O)N[C@H]1CNC(=O)[C@H]([C@H]2CCN=C(N)N2)NC(=O)/C(=C/NC(N)=O)NC(=O)[C@H](CO)NC(=O)[C@H](CO)NC1=O,HPWIIERXAFODPP-GHBBWTPBSA-N,C25H43N13O10,685.7,48,True
DB08994,DB08994,DB08994,OCCN(CCO)C1=NC(=C(O1)C1=CC=CC=C1)C1=CC=CC=C1,OCCN(CCO)c1nc(-c2ccccc2)c(-c2ccccc2)o1,UUCMDZWCRNZCOY-UHFFFAOYSA-N,C19H20N2O3,324.38,24,True
DB08996,DB08996,DB08996,CN(C)CCCN1C2=CC=CC=C2C(C)(C)C2=CC=CC=C12,CN(C)CCCN1c2ccccc2C(C)(C)c2ccccc21,RYQOGSFEJBUZBX-UHFFFAOYSA-N,C20H26N2,294.44,22,True
DB09000,DB09000,DB09000,CC(CN(C)C)CN1C2=CC=CC=C2SC2=C1C=C(C=C2)C#N,CC(CN(C)C)CN1c2ccccc2Sc2ccc(C#N)cc21,SLFGIOIONGJGRT-UHFFFAOYSA-N,C19H21N3S,323.47,23,True
DB09008,DB09008,DB09008,[H][C@]12SCC(C[N+]3=CC=CC=C3)=C(N1C(=O)[C@H]2NC(=O)CC1=CC=CS1)C([O-])=O,O=C(Cc1cccs1)N[C@@H]1C(=O)N2C(C(=O)[O-])=C(C[n+]3ccccc3)CS[C@H]12,CZTQZXZIADLWOZ-CRAIPNDOSA-N,C19H17N3O4S2,415.5,28,True
DB09009,DB09009,DB09009,CCCNC(C)C(=O)NC1=C(SC=C1C)C(=O)OC,CCCNC(C)C(=O)Nc1c(C)csc1C(=O)OC,QTGIAADRBBLJGA-UHFFFAOYSA-N,C13H20N2O3S,284.38,19,True
DB09014,DB09014,DB09014,CCCCSC1=CC=C(C=C1)C(SCCN(C)C)C1=CC=CC=C1,CCCCSc1ccc(C(SCCN(C)C)c2ccccc2)cc1,IZLPZXSZLLELBJ-UHFFFAOYSA-N,C21H29NS2,359.6,24,True
DB09015,DB09015,DB09015,[H][C@@]12CC[C@@](O)(CCC(O)=O)[C@@]1(C)CC[C@@]1([H])[C@@]2([H])C=CC2=CC(=O)CC[C@]12C,C[C@]12CCC(=O)C=C1C=C[C@@H]1[C@@H]2CC[C@@]2(C)[C@H]1CC[C@@]2(O)CCC(=O)O,PBKZPPIHUVSDNM-WNHSNXHDSA-N,C22H30O4,358.48,26,True
DB09017,DB09017,DB09017,CC1=NN=C2CN=C(C3=C(SC(Br)=C3)N12)C1=CC=CC=C1Cl,Cc1nnc2n1-c1sc(Br)cc1C(c1ccccc1Cl)=NC2,UMSGKTJDUHERQW-UHFFFAOYSA-N,C15H10BrClN4S,393.7,22,True
DB09018,DB09018,DB09018,CCN(CC)CCNC(=O)C1=CC(Br)=C(N)C=C1OC,CCN(CC)CCNC(=O)c1cc(Br)c(N)cc1OC,GIYAQDDTCWHPPL-UHFFFAOYSA-N,C14H22BrN3O2,344.25,20,True
DB09020,DB09020,DB09020,CC(=O)OC1=CC=C(C=C1)C(C1=CC=C(OC(C)=O)C=C1)C1=CC=CC=N1,CC(=O)Oc1ccc(C(c2ccc(OC(C)=O)cc2)c2ccccn2)cc1,KHOITXIGCFIULA-UHFFFAOYSA-N,C22H19NO4,361.4,27,True
DB09021,DB09021,DB09021,CNCC12CCC(C3=CC=CC=C13)C1=CC=CC=C21,CNCC12CCC(c3ccccc31)c1ccccc12,GNRXCIONJWKSEA-UHFFFAOYSA-N,C18H19N,249.36,19,True
DB09026,DB09026,DB09026,COCCCOC1=C(OC)C=CC(C[C@@H](C[C@H](N)[C@@H](O)C[C@@H](C(C)C)C(=O)NCC(C)(C)C(N)=O)C(C)C)=C1,COCCCOc1cc(C[C@@H](C[C@H](N)[C@@H](O)C[C@H](C(=O)NCC(C)(C)C(N)=O)C(C)C)C(C)C)ccc1OC,UXOWGYHJODZGMF-QORCZRPOSA-N,C30H53N3O6,551.77,39,True
DB09027,DB09027,DB09027,COC(=O)N[C@@H](C(C)C)C(=O)N1CC2(CC2)C[C@H]1C1=NC(=CN1)C1=CC=C2C3=CC=C(C=C3C(F)(F)C2=C1)C1=CC=C2NC(=NC2=C1)[C@@H]1[C@H]2CC[C@H](C2)N1C(=O)[C@@H](NC(=O)OC)C(C)C,COC(=O)N[C@H](C(=O)N1CC2(CC2)C[C@H]1c1nc(-c2ccc3c(c2)C(F)(F)c2cc(-c4ccc5[nH]c([C@@H]6[C@H]7CC[C@H](C7)N6C(=O)[C@@H](NC(=O)OC)C(C)C)nc5c4)ccc2-3)c[nH]1)C(C)C,VRTWBAAJJOHBQU-KMWAZVGDSA-N,C49H54F2N8O6,889.02,65,True
DB09030,DB09030,DB09030,[H][C@@]12C[C@]3([H])C[C@@H](CC[C@@]3([H])[C@H](\C=C\C3=CC=C(C=N3)C3=CC(F)=CC=C3)[C@]1([H])[C@@H](C)OC2=O)NC(=O)OCC,CCOC(=O)N[C@@H]1CC[C@@H]2[C@@H](C1)C[C@H]1C(=O)O[C@H](C)[C@H]1[C@H]2/C=C/c1ccc(-c2cccc(F)c2)cn1,ZBGXUVOIWDMMJE-QHNZEKIYSA-N,C29H33FN2O4,492.59,36,True
DB09031,DB09031,DB09031,CCCCCCCCCCCCCCCCOP([O-])(=O)OCC[N+](C)(C)C,CCCCCCCCCCCCCCCCOP(=O)([O-])OCC[N+](C)(C)C,PQLXHQMOHUQAKB-UHFFFAOYSA-N,C21H46NO4P,407.58,27,True
DB09034,DB09034,DB09034,[H][C@@]1(C)CCN(CCN1C(=O)C1=C(C=CC(C)=C1)N1N=CC=N1)C1=NC2=C(O1)C=CC(Cl)=C2,Cc1ccc(-n2nccn2)c(C(=O)N2CCN(c3nc4cc(Cl)ccc4o3)CC[C@H]2C)c1,JYTNQNCOQXFQPK-MRXNPFEDSA-N,C23H23ClN6O2,450.93,32,True
DB09038,DB09038,DB09038,OC[C@H]1O[C@H]([C@H](O)[C@@H](O)[C@@H]1O)C1=CC=C(Cl)C(CC2=CC=C(O[C@H]3CCOC3)C=C2)=C1,OC[C@H]1O[C@@H](c2ccc(Cl)c(Cc3ccc(O[C@H]4CCOC4)cc3)c2)[C@H](O)[C@@H](O)[C@@H]1O,OBWASQILIWPZMG-QZMOQZSNSA-N,C23H27ClO7,450.92,31,True
DB09039,DB09039,DB09039,CCCCCCCC(=O)N[C@H](CN1CCCC1)[C@H](O)C1=CC=C2OCCOC2=C1,CCCCCCCC(=O)N[C@H](CN1CCCC1)[C@H](O)c1ccc2c(c1)OCCO2,FJZZPCZKBUKGGU-AUSIDOKSSA-N,C23H36N2O4,404.55,29,True
DB09040,DB09040,DB09040,C[C@@H](N1CCC(=C)CC1)[C@](O)(CN1C=NC=N1)C1=C(F)C=C(F)C=C1,C=C1CCN([C@H](C)[C@](O)(Cn2cncn2)c2ccc(F)cc2F)CC1,NFEZZTICAUWDHU-RDTXWAMCSA-N,C18H22F2N4O,348.4,25,True
DB09041,DB09041,DB09041,OB1OCC2=CC(F)=CC=C12,OB1OCc2cc(F)ccc21,LFQDNHWZDQTITF-UHFFFAOYSA-N,C7H6BFO2,151.93,11,True
DB09042,DB09042,DB09042,CN1N=NC(=N1)C1=CC=C(C=N1)C1=CC=C(C=C1F)N1C[C@H](COP(O)(O)=O)OC1=O,Cn1nnc(-c2ccc(-c3ccc(N4C[C@H](COP(=O)(O)O)OC4=O)cc3F)cn2)n1,QCGUSIANLFXSGE-GFCCVEGCSA-N,C17H16FN6O6P,450.32,31,True
DB09047,DB09047,DB09047,[H][C@]12CN(C[C@]1([H])OCCN2)C1=C(F)C=C2C(=O)C(=CN(C3CC3)C2=C1C#N)C(O)=O,N#Cc1c(N2C[C@@H]3NCCO[C@H]3C2)c(F)cc2c(=O)c(C(=O)O)cn(C3CC3)c12,FYMHQCNFKNMJAV-HOTGVXAUSA-N,C20H19FN4O4,398.39,29,True
DB09048,DB09048,DB09048,CN(C(=O)C(C)(C)C1=CC(=CC(=C1)C(F)(F)F)C(F)(F)F)C1=CN=C(C=C1C1=CC=CC=C1C)N1CCN(C)CC1,Cc1ccccc1-c1cc(N2CCN(C)CC2)ncc1N(C)C(=O)C(C)(C)c1cc(C(F)(F)F)cc(C(F)(F)F)c1,WAXQNWCZJDTGBU-UHFFFAOYSA-N,C30H32F6N4O,578.6,41,True
DB09049,DB09049,DB09049,COCCOCCOCCOCCOCCOCCOCCO[C@H]1CC[C@@]2(O)[C@H]3CC4=CC=C(O)C5=C4[C@@]2(CCN3CC=C)[C@H]1O5,C=CCN1CC[C@]23c4c5ccc(O)c4O[C@H]2[C@@H](OCCOCCOCCOCCOCCOCCOCCOC)CC[C@@]3(O)[C@H]1C5,XNKCCCKFOQNXKV-ZRSCBOBOSA-N,C34H53NO11,651.79,46,True
DB09053,DB09053,DB09053,NC1=NC=NC2=C1C(=NN2[C@@H]1CCCN(C1)C(=O)C=C)C1=CC=C(OC2=CC=CC=C2)C=C1,C=CC(=O)N1CCC[C@@H](n2nc(-c3ccc(Oc4ccccc4)cc3)c3c(N)ncnc32)C1,XYFPWWZEPKGCCK-GOSISDBHSA-N,C25H24N6O2,440.51,33,True
DB09054,DB09054,DB09054,[H][C@@](CC)(NC1=NC=NC2=C1N=CN2)C1=NC2=CC=CC(F)=C2C(=O)N1C1=CC=CC=C1,CC[C@H](Nc1ncnc2[nH]cnc12)c1nc2cccc(F)c2c(=O)n1-c1ccccc1,IFSDAJWBUCMOAH-HNNXBMFYSA-N,C22H18FN7O,415.43,31,True
DB09055,DB09055,DB09055,CC1=[N+]([O-])C=C(N=C1)C(O)=O,Cc1cnc(C(=O)O)c[n+]1[O-],DJQOOSBJCLSSEY-UHFFFAOYSA-N,C6H6N2O3,154.12,11,True
DB09060,DB09060,DB09060,NC(=O)[C@@H]1CC[C@@H]2CN1C(=O)N2OS(O)(=O)=O,NC(=O)[C@@H]1CC[C@@H]2CN1C(=O)N2OS(=O)(=O)O,NDCUAPJVLWFHHB-UHNVWZDZSA-N,C7H11N3O6S,265.25,17,True
DB09061,DB09061,DB09061,CCCCCC1=CC(O)=C([C@@H]2C=C(C)CC[C@H]2C(C)=C)C(O)=C1,C=C(C)[C@@H]1CCC(C)=C[C@H]1c1c(O)cc(CCCCC)cc1O,QHMBSVQNZZTUGM-ZWKOTPCHSA-N,C21H30O2,314.47,23,True
DB09063,DB09063,DB09063,CC(C)OC1=C(NC2=NC=C(Cl)C(N2)=NC2=CC=CC=C2S(=O)(=O)C(C)C)C=C(C)C(=C1)C1CCNCC1,Cc1cc(Nc2ncc(Cl)c(=Nc3ccccc3S(=O)(=O)C(C)C)[nH]2)c(OC(C)C)cc1C1CCNCC1,VERWOWGGCGHDQE-UHFFFAOYSA-N,C28H36ClN5O3S,558.15,38,True
DB09065,DB09065,DB09065,CC(C)C1=NC(CN(C)C(=O)N[C@@H](CCN2CCOCC2)C(=O)N[C@H](CC[C@H](CC2=CC=CC=C2)NC(=O)OCC2=CN=CS2)CC2=CC=CC=C2)=CS1,CC(C)c1nc(CN(C)C(=O)N[C@@H](CCN2CCOCC2)C(=O)N[C@H](CC[C@H](Cc2ccccc2)NC(=O)OCc2cncs2)Cc2ccccc2)cs1,ZCIGNRJZKPOIKD-CQXVEOKZSA-N,C40H53N7O5S2,776.04,54,True
DB09067,DB09067,DB09067,CC[C@H](C)[C@H](NC(=O)[C@H](CC(O)=O)NC(=O)[C@H](CC(C)C)NC(=O)[C@H](CC(C)C)NC(=O)[C@H](CCCCN)NC(=O)[C@H](CCCNC(N)=N)NC(=O)[C@H](CC(N)=O)NC(=O)[C@H](CO)NC(=O)[C@H](CC1=CN=CN1)NC(=O)[C@H](C)NC(=O)[C@H](CCC(N)=O)NC(=O)[C@H](CCC(N)=O)NC(=O)[C@H](C)NC(=O)[C@H](CC(C)C)NC(=O)[C@H](CCC(N)=O)NC(=O)[C@H](CC(O)=O)NC(=O)[C@H](C)NC(=O)[C@H](CCCCN)NC(=O)[C@@H](NC(=O)[C@H](CCSC)NC(=O)[C@H](CCC(O)=O)NC(=O)[C@H](CC(C)C)NC(=O)[C@@H](NC(=O)[C@H](CCC(O)=O)NC(=O)[C@H](CCCNC(N)=N)NC(=O)[C@H](CC(C)C)NC(=O)[C@H](CC(C)C)NC(=O)[C@H](CC1=CN=CN1)NC(=O)[C@H](CC1=CC=CC=C1)NC(=O)[C@@H](NC(=O)[C@H](CC(C)C)NC(=O)[C@H](CC(O)=O)NC(=O)[C@H](CC(C)C)NC(=O)[C@H](CO)NC(=O)[C@@H](NC(=O)[C@@H]1CCCN1C(=O)[C@@H]1CCCN1C(=O)[C@H](CCC(O)=O)NC(=O)[C@H](CCC(N)=O)NC(=O)[C@@H](N)CO)[C@@H](C)CC)[C@@H](C)O)C(C)C)[C@@H](C)O)C(=O)N[C@@H](C)C(N)=O,CC[C@H](C)[C@H](NC(=O)[C@H](CC(=O)O)NC(=O)[C@H](CC(C)C)NC(=O)[C@H](CC(C)C)NC(=O)[C@H](CCCCN)NC(=O)[C@H](CCCNC(=N)N)NC(=O)[C@H](CC(N)=O)NC(=O)[C@H](CO)NC(=O)[C@H](Cc1cnc[nH]1)NC(=O)[C@H](C)NC(=O)[C@H](CCC(N)=O)NC(=O)[C@H](CCC(N)=O)NC(=O)[C@H](C)NC(=O)[C@H](CC(C)C)NC(=O)[C@H](CCC(N)=O)NC(=O)[C@H](CC(=O)O)NC(=O)[C@H](C)NC(=O)[C@H](CCCCN)NC(=O)[C@@H](NC(=O)[C@H](CCSC)NC(=O)[C@H](CCC(=O)O)NC(=O)[C@H](CC(C)C)NC(=O)[C@@H](NC(=O)[C@H](CCC(=O)O)NC(=O)[C@H](CCCNC(=N)N)NC(=O)[C@H](CC(C)C)NC(=O)[C@H](CC(C)C)NC(=O)[C@H](Cc1cnc[nH]1)NC(=O)[C@H](Cc1ccccc1)NC(=O)[C@@H](NC(=O)[C@H](CC(C)C)NC(=O)[C@H](CC(=O)O)NC(=O)[C@H](CC(C)C)NC(=O)[C@H](CO)NC(=O)[C@@H](NC(=O)[C@@H]1CCCN1C(=O)[C@@H]1CCCN1C(=O)[C@H](CCC(=O)O)NC(=O)[C@H](CCC(N)=O)NC(=O)[C@@H](N)CO)[C@@H](C)CC)[C@@H](C)O)C(C)C)[C@@H](C)O)C(=O)N[C@@H](C)C(N)=O,QEEJLLNYQOBRRM-KSHGRFHLSA-N,C205H339N59O63S,4670.38,328,True
DB09068,DB09068,DB09068,CC1=CC=C(SC2=CC=CC=C2N2CCNCC2)C(C)=C1,Cc1ccc(Sc2ccccc2N2CCNCC2)c(C)c1,YQNWZWMKLDQSAC-UHFFFAOYSA-N,C18H22N2S,298.46,21,True
DB09069,DB09069,DB09069,COC1=C(OC)C(OC)=C(CN2CCNCC2)C=C1,COc1ccc(CN2CCNCC2)c(OC)c1OC,UHWVSEOVJBQKBE-UHFFFAOYSA-N,C14H22N2O3,266.34,19,True
DB09070,DB09070,DB09070,[H][C@@]12CC[C@@](O)(C#C)[C@@]1(C)CC[C@]1([H])C3=C(CC(=O)CC3)C[C@@]([H])(C)[C@@]21[H],C#C[C@]1(O)CC[C@H]2[C@@H]3[C@H](C)CC4=C(CCC(=O)C4)[C@H]3CC[C@@]21C,WZDGZWOAQTVYBX-XOINTXKNSA-N,C21H28O2,312.45,23,True
DB09071,DB09071,DB09071,CCC(=O)NC[C@@H]1C[C@H]1C1=CC=CC2=C1CCO2,CCC(=O)NC[C@@H]1C[C@H]1c1cccc2c1CCO2,PTOIAAWZLUQTIO-GXFFZTMASA-N,C15H19NO2,245.32,18,True
DB09072,DB09072,DB09072,[Na+].OCCCC([O-])=O,O=C([O-])CCCO.[Na+],XYGBKMMCQDZQOZ-UHFFFAOYSA-M,C4H7NaO3,126.09,8,True
DB09073,DB09073,DB09073,CC(=O)C1=C(C)C2=CN=C(NC3=NC=C(C=C3)N3CCNCC3)N=C2N(C2CCCC2)C1=O,CC(=O)c1c(C)c2cnc(Nc3ccc(N4CCNCC4)cn3)nc2n(C2CCCC2)c1=O,AHJRHEGDXFFMBM-UHFFFAOYSA-N,C24H29N7O2,447.54,33,True
DB09074,DB09074,DB09074,FC1=CC=C(CC2=NNC(=O)C3=CC=CC=C23)C=C1C(=O)N1CCN(CC1)C(=O)C1CC1,O=C(c1cc(Cc2n[nH]c(=O)c3ccccc23)ccc1F)N1CCN(C(=O)C2CC2)CC1,FDLYAMZZIXQODN-UHFFFAOYSA-N,C24H23FN4O3,434.47,32,True
DB09075,DB09075,DB09075,CN(C)C(=O)[C@H]1CC[C@H](NC(=O)C(=O)NC2=NC=C(Cl)C=C2)[C@@H](C1)NC(=O)C1=NC2=C(CN(C)CC2)S1,CN1CCc2nc(C(=O)N[C@@H]3C[C@@H](C(=O)N(C)C)CC[C@@H]3NC(=O)C(=O)Nc3ccc(Cl)cn3)sc2C1,HGVDHZBSSITLCT-JLJPHGGASA-N,C24H30ClN7O4S,548.07,37,True
DB09076,DB09076,DB09076,OC(C1=CC=CC=C1)(C1=CC=CC=C1)C12CC[N+](CCOCC3=CC=CC=C3)(CC1)CC2,OC(c1ccccc1)(c1ccccc1)C12CC[N+](CCOCc3ccccc3)(CC1)CC2,FVTWTVQXNAJTQP-UHFFFAOYSA-N,C29H34NO2+,428.6,32,True
DB09078,DB09078,DB09078,COC1=C(C=C2C(OC3=CC=C(NC(=O)NC4CC4)C(Cl)=C3)=CC=NC2=C1)C(N)=O,COc1cc2nccc(Oc3ccc(NC(=O)NC4CC4)c(Cl)c3)c2cc1C(N)=O,WOSKHXYHFSIKNG-UHFFFAOYSA-N,C21H19ClN4O4,426.86,30,True
DB09079,DB09079,DB09079,COC(=O)C1=CC=C2C(NC(=O)\C2=C(/NC2=CC=C(C=C2)N(C)C(=O)CN2CCN(C)CC2)C2=CC=CC=C2)=C1,COC(=O)c1ccc2c(c1)NC(=O)/C2=C(\Nc1ccc(N(C)C(=O)CN2CCN(C)CC2)cc1)c1ccccc1,XZXHXSATPCNXJR-ZIADKAODSA-N,C31H33N5O4,539.64,40,True
DB09080,DB09080,DB09080,COC1=CC=C(CC(C)(C)NC[C@H](O)C2=C3OCC(=O)NC3=CC(O)=C2)C=C1,COc1ccc(CC(C)(C)NC[C@H](O)c2cc(O)cc3c2OCC(=O)N3)cc1,COUYJEVMBVSIHV-SFHVURJKSA-N,C21H26N2O5,386.45,28,True
DB09082,DB09082,DB09082,OCC1=C(O)C=CC(=C1)[C@@H](O)CNCCCCCCOCCOCC1=C(Cl)C=CC=C1Cl,OCc1cc([C@@H](O)CNCCCCCCOCCOCc2c(Cl)cccc2Cl)ccc1O,DAFYYTQWSAWIGS-DEOSSOPVSA-N,C24H33Cl2NO5,486.44,32,True
DB09083,DB09083,DB09083,COC1=C(OC)C=C2[C@@H](CN(C)CCCN3CCC4=CC(OC)=C(OC)C=C4CC3=O)CC2=C1,COc1cc2c(cc1OC)CC(=O)N(CCCN(C)C[C@H]1Cc3cc(OC)c(OC)cc31)CC2,ACRHBAYQBXXRTO-OAQYLSRUSA-N,C27H36N2O5,468.59,34,True
DB09084,DB09084,DB09084,CN(C)CCCOC1=NN(CC2=CC=CC=C2)C2=CC=CC=C12,CN(C)CCCOc1nn(Cc2ccccc2)c2ccccc12,CNBGNNVCVSKAQZ-UHFFFAOYSA-N,C19H23N3O,309.41,23,True
DB09085,DB09085,DB09085,CCCCNC1=CC=C(C=C1)C(=O)OCCN(C)C,CCCCNc1ccc(C(=O)OCCN(C)C)cc1,GKCBAIGFKIBETG-UHFFFAOYSA-N,C15H24N2O2,264.37,19,True
DB09087,DB09087,DB09087,[Al+3].[K+].[O-]S([O-])(=O)=O.[O-]S([O-])(=O)=O,O=S(=O)([O-])[O-].O=S(=O)([O-])[O-].[Al+3].[K+],GRLPQNLYRHEGIJ-UHFFFAOYSA-J,AlKO8S2,258.21,12,True
DB09090,DB09090,DB09090,COC1=C(OC)C=C(C[N+]2(CCOCCC3CCC4CC3C4(C)C)CCOCC2)C(Br)=C1,COc1cc(Br)c(C[N+]2(CCOCCC3CCC4CC3C4(C)C)CCOCC2)cc1OC,DDHUTBKXLWCZCO-UHFFFAOYSA-N,C26H41BrNO4+,511.52,32,True
DB09091,DB09091,DB09091,[H][C@@]12CC[C@](O)(C(=O)CS)[C@@]1(C)C[C@H](O)[C@@]1([H])[C@@]2([H])CCC2=CC(=O)CC[C@]12C,C[C@]12CCC(=O)C=C1CC[C@@H]1[C@@H]2[C@@H](O)C[C@@]2(C)[C@H]1CC[C@]2(O)C(=O)CS,YWDBSCORAARPPF-VWUMJDOOSA-N,C21H30O4S,378.53,26,True
DB09093,DB09093,DB09093,[H][C@@]12C[C@@]3([H])C(=C(O)[C@]1(O)C(=O)C(C(N)=O)=C(O)[C@H]2N(C)C)C(=O)C1=C(O)C=CC(Cl)=C1[C@@]3(C)O,CN(C)[C@@H]1C(O)=C(C(N)=O)C(=O)[C@@]2(O)C(O)=C3C(=O)c4c(O)ccc(Cl)c4[C@@](C)(O)[C@H]3C[C@@H]12,CYDMQBQPVICBEU-XRNKAMNCSA-N,C22H23ClN2O8,478.89,33,True
DB09094,DB09094,DB09094,COC1=CC(=CC(OC)=C1OC)C1C2C(COC2=O)C(O)C2=CC3=C(OCO3)C=C12.COC1=CC(=CC(OC)=C1OC)C1C2C(COC2=O)C(O)C2=CC3=C(OCO3)C=C12.COC1=CC(=CC(OC)=C1OC)C1C(C(CO)C(O)C2=CC3=C(OCO3)C=C12)C(O)=O.COC1=CC(=CC(OC)=C1OC)C1C(C(CO)C(O)C2=CC3=C(OCO3)C=C12)C(O)=O,COc1cc(C2c3cc4c(cc3C(O)C(CO)C2C(=O)O)OCO4)cc(OC)c1OC.COc1cc(C2c3cc4c(cc3C(O)C(CO)C2C(=O)O)OCO4)cc(OC)c1OC.COc1cc(C2c3cc4c(cc3C(O)C3COC(=O)C23)OCO4)cc(OC)c1OC.COc1cc(C2c3cc4c(cc3C(O)C3COC(=O)C23)OCO4)cc(OC)c1OC,KOUZYZCESNTXJO-UHFFFAOYSA-N,C88H92O34,1693.67,122,True
DB09095,DB09095,DB09095,[H][C@@]12C[C@@H](C)[C@H](C(=O)CO)[C@@]1(C)C[C@H](O)[C@@]1(F)[C@@]2([H])C[C@H](F)C2=CC(=O)C=C[C@]12C,C[C@@H]1C[C@H]2[C@@H]3C[C@H](F)C4=CC(=O)C=C[C@]4(C)[C@@]3(F)[C@@H](O)C[C@]2(C)[C@H]1C(=O)CO,OGPWIDANBSLJPC-RFPWEZLHSA-N,C22H28F2O4,394.46,28,True
DB09096,DB09096,DB09096,O=C(OOC(=O)C1=CC=CC=C1)C1=CC=CC=C1,O=C(OOC(=O)c1ccccc1)c1ccccc1,OMPJBNCRMGITSC-UHFFFAOYSA-N,C14H10O4,242.23,18,True
DB09097,DB09097,DB09097,[H][C@]12C[C@@H](CN(CCC)[C@]1([H])CC1=CC=CC(O)=C1C2)NS(=O)(=O)N(CC)CC,CCCN1C[C@@H](NS(=O)(=O)N(CC)CC)C[C@@H]2Cc3c(O)cccc3C[C@H]21,GDFGTRDCCWFXTG-ZIFCJYIRSA-N,C20H33N3O3S,395.57,27,True
DB09099,DB09099,DB09099,C[C@@H](O)[C@@H]1NC(=O)[C@H](CC2=CC=CC=C2)NC(=O)[C@@H](NC(=O)[C@H](CCCCN)NC(=O)[C@H](CC2=CNC3=C2C=CC=C3)NC(=O)[C@H](CC2=CC=CC=C2)NC(=O)[C@H](CC2=CC=CC=C2)NC(=O)[C@H](CC(N)=O)NC(=O)[C@H](CCCCN)NC(=O)[C@H](CSSC[C@H](NC(=O)[C@H](CO)NC1=O)C(O)=O)NC(=O)CNC(=O)[C@H](C)N)[C@@H](C)O,C[C@H](N)C(=O)NCC(=O)N[C@H]1CSSC[C@@H](C(=O)O)NC(=O)[C@H](CO)NC(=O)[C@H]([C@@H](C)O)NC(=O)[C@H](Cc2ccccc2)NC(=O)[C@H]([C@@H](C)O)NC(=O)[C@H](CCCCN)NC(=O)[C@H](Cc2c[nH]c3ccccc23)NC(=O)[C@H](Cc2ccccc2)NC(=O)[C@H](Cc2ccccc2)NC(=O)[C@H](CC(N)=O)NC(=O)[C@H](CCCCN)NC1=O,NHXLMOGPVYXJNR-ATOGVRKGSA-N,C76H104N18O19S2,1637.91,115,True
DB09101,DB09101,DB09101,[H][C@@](CO)(C(C)C)N1C=C(C(O)=O)C(=O)C2=C1C=C(OC)C(CC1=C(F)C(Cl)=CC=C1)=C2,COc1cc2c(cc1Cc1cccc(Cl)c1F)c(=O)c(C(=O)O)cn2[C@H](CO)C(C)C,JUZYLCPPVHEVSV-LJQANCHMSA-N,C23H23ClFNO5,447.89,31,True
DB09102,DB09102,DB09102,COC(=O)N[C@@H](C(C)C)C(=O)N1CCC[C@H]1C1=NC=C(N1)C1=CC=C(C=C1)C1=CC=C(C=C1)C1=CN=C(N1)[C@@H]1CCCN1C(=O)[C@@H](NC(=O)OC)C(C)C,COC(=O)N[C@H](C(=O)N1CCC[C@H]1c1ncc(-c2ccc(-c3ccc(-c4cnc([C@@H]5CCCN5C(=O)[C@@H](NC(=O)OC)C(C)C)[nH]4)cc3)cc2)[nH]1)C(C)C,FKRSSPOQAMALKA-CUPIEXAXSA-N,C40H50N8O6,738.89,54,True
DB09104,DB09104,DB09104,[OH-].[OH-].[Mg++],[Mg+2].[OH-].[OH-],VTHJTEIRLNZDEV-UHFFFAOYSA-L,H2MgO2,58.32,3,True
DB09112,DB09112,DB09112,ON=O,O=NO,IOVCWXUNBOPUCH-UHFFFAOYSA-N,HNO2,47.01,3,True
DB09117,DB09117,DB09117,CC1OC(C)OC(C)O1,CC1OC(C)OC(C)O1,SQYNKIJPMDEDEG-UHFFFAOYSA-N,C6H12O3,132.16,9,True
DB09118,DB09118,DB09118,CC(C)(C)C(O)\C=C\C1=CC2=C(OCO2)C=C1,CC(C)(C)C(O)/C=C/c1ccc2c(c1)OCO2,IBLNKMRFIPWSOY-FNORWQNLSA-N,C14H18O3,234.29,17,True
DB09119,DB09119,DB09119,CC(=O)O[C@H]1CC2=CC=CC=C2N(C(N)=O)C2=CC=CC=C12,CC(=O)O[C@H]1Cc2ccccc2N(C(N)=O)c2ccccc21,QIALRBLEEWJACW-INIZCTEOSA-N,C17H16N2O3,296.33,22,True
DB09120,DB09120,DB09120,COC1=C(O)C=CC(CNC(=O)CCCC\C=C/C(C)C)=C1,COc1cc(CNC(=O)CCCC/C=C\C(C)C)ccc1O,YKPUWZUDDOIDPM-VURMDHGXSA-N,C18H27NO3,305.42,22,True
DB09123,DB09123,DB09123,[H][C@@]12CC[C@@](O)(CC#N)[C@@]1(C)CCC1=C3CCC(=O)C=C3CC[C@@]21[H],C[C@]12CCC3=C4CCC(=O)C=C4CC[C@H]3[C@@H]1CC[C@@]2(O)CC#N,AZFLJNIPTRTECV-FUMNGEBKSA-N,C20H25NO2,311.43,23,True
DB09124,DB09124,DB09124,[H][C@@]12CC[C@](C)(C(C)=O)[C@@]1(C)CC[C@@]1([H])[C@@]2([H])C=C(C)C2=CC(=O)CC[C@]12C,CC(=O)[C@@]1(C)CC[C@H]2[C@@H]3C=C(C)C4=CC(=O)CC[C@]4(C)[C@H]3CC[C@@]21C,HCFSGRMEEXUOSS-JXEXPEPMSA-N,C23H32O2,340.51,25,True
DB09125,DB09125,DB09125,[K+].[K+].[K+].OC(CC([O-])=O)(CC([O-])=O)C([O-])=O,O=C([O-])CC(O)(CC(=O)[O-])C(=O)[O-].[K+].[K+].[K+],QEEAPRPFLLJWCF-UHFFFAOYSA-K,C6H5K3O7,306.39,16,True
DB09128,DB09128,DB09128,O=C1NC2=CC(OCCCCN3CCN(CC3)C3=C4C=CSC4=CC=C3)=CC=C2C=C1,O=c1ccc2ccc(OCCCCN3CCN(c4cccc5sccc45)CC3)cc2[nH]1,ZKIAIYBUSXZPLP-UHFFFAOYSA-N,C25H27N3O2S,433.58,31,True
DB09130,DB09130,DB09130,[Cu],[Cu],RYGMFSIKBFXOCR-UHFFFAOYSA-N,Cu,63.55,1,True
DB09134,DB09134,DB09134,OCCN(C(=O)CO)C1=C(I)C(C(=O)NCC(O)CO)=C(I)C(C(=O)NCC(O)CO)=C1I,O=C(NCC(O)CO)c1c(I)c(C(=O)NCC(O)CO)c(I)c(N(CCO)C(=O)CO)c1I,AMDBBAQNWSUWGN-UHFFFAOYSA-N,C18H24I3N3O9,807.11,33,True
DB09135,DB09135,DB09135,CC(=O)N(CC(O)CO)C1=C(I)C(C(=O)NCC(O)CO)=C(I)C(C(=O)NCCO)=C1I,CC(=O)N(CC(O)CO)c1c(I)c(C(=O)NCCO)c(I)c(C(=O)NCC(O)CO)c1I,UUMLTINZBQPNGF-UHFFFAOYSA-N,C18H24I3N3O8,791.12,32,True
DB09137,DB09137,DB09137,[99Tc].[H]OC(=O)C([H])([H])N(C([H])([H])C(=O)O[H])C([H])([H])C(=O)N([H])C1=C(C(Br)=C(C([H])=C1C([H])([H])[H])C([H])([H])[H])C([H])([H])[H],Cc1cc(C)c(NC(=O)CN(CC(=O)O)CC(=O)O)c(C)c1Br.[99Tc],JLJSYHOPCNWUNE-IEOVAKBOSA-N,C15H19BrN2O5Tc,486.14,24,True
DB09138,DB09138,DB09138,O.O.[98Tc+4].[O-]P([O-])(=O)CP([O-])([O-])=O,O.O.O=P([O-])([O-])CP(=O)([O-])[O-].[98Tc+4],IUPNVOAUFBLQME-LDYDCSBASA-J,CH6O8P2Tc,305.91,12,True
DB09143,DB09143,DB09143,[H][C@]1(C)CN(C[C@@]([H])(C)O1)C1=CC=C(NC(=O)C2=CC=CC(=C2C)C2=CC=C(OC(F)(F)F)C=C2)C=N1,Cc1c(C(=O)Nc2ccc(N3C[C@@H](C)O[C@@H](C)C3)nc2)cccc1-c1ccc(OC(F)(F)F)cc1,VZZJRYRQSPEMTK-CALCHBBNSA-N,C26H26F3N3O3,485.51,35,True
DB09146,DB09146,DB09146,O.O.O.[OH-].[O--].[O--].[O--].[O--].[O--].[O--].[O--].[O--].[Na+].[Na+].[Fe+3].[Fe+3].[Fe+3].[Fe+3].[Fe+3].OC[C@H]1O[C@@](CO)(O[C@H]2O[C@H](CO)[C@@H](O)[C@H](O)[C@H]2O)[C@@H](O)[C@@H]1O,O.O.O.OC[C@H]1O[C@@](CO)(O[C@H]2O[C@H](CO)[C@@H](O)[C@H](O)[C@H]2O)[C@@H](O)[C@@H]1O.[Fe+3].[Fe+3].[Fe+3].[Fe+3].[Fe+3].[Na+].[Na+].[O-2].[O-2].[O-2].[O-2].[O-2].[O-2].[O-2].[O-2].[OH-],FWZTTZUKDVJDCM-CEJAUHOTSA-M,C12H29Fe5Na2O23,866.55,42,True
DB09147,DB09147,DB09147,[Fe+3].[Fe+3].[Fe+3].[Fe+3].[O-]P([O-])(=O)OP([O-])([O-])=O.[O-]P([O-])(=O)OP([O-])([O-])=O.[O-]P([O-])(=O)OP([O-])([O-])=O,O=P([O-])([O-])OP(=O)([O-])[O-].O=P([O-])([O-])OP(=O)([O-])[O-].O=P([O-])([O-])OP(=O)([O-])[O-].[Fe+3].[Fe+3].[Fe+3].[Fe+3],CADNYOZXMIKYPR-UHFFFAOYSA-B,Fe4O21P6,745.2,31,True
DB09153,DB09153,DB09153,[Na+].[Cl-],[Cl-].[Na+],FAPWRFPIFSIZLT-UHFFFAOYSA-M,ClNa,58.44,2,True
DB09154,DB09154,DB09154,[Na+].[Na+].[Na+].OC(CC([O-])=O)(CC([O-])=O)C([O-])=O,O=C([O-])CC(O)(CC(=O)[O-])C(=O)[O-].[Na+].[Na+].[Na+],HRXKRNGNAMMEHJ-UHFFFAOYSA-K,C6H5Na3O7,258.07,16,True
DB09156,DB09156,DB09156,COCC(=O)NC1=C(I)C(C(=O)N(C)CC(O)CO)=C(I)C(C(=O)NCC(O)CO)=C1I,COCC(=O)Nc1c(I)c(C(=O)NCC(O)CO)c(I)c(C(=O)N(C)CC(O)CO)c1I,DGAIEPBNLOQYER-UHFFFAOYSA-N,C18H24I3N3O8,791.12,32,True
DB09161,DB09161,DB09161,[Tc+].COC(C)(C)C[N+]#[C-].COC(C)(C)C[N+]#[C-].COC(C)(C)C[N+]#[C-].COC(C)(C)C[N+]#[C-].COC(C)(C)C[N+]#[C-].COC(C)(C)C[N+]#[C-],[C-]#[N+]CC(C)(C)OC.[C-]#[N+]CC(C)(C)OC.[C-]#[N+]CC(C)(C)OC.[C-]#[N+]CC(C)(C)OC.[C-]#[N+]CC(C)(C)OC.[C-]#[N+]CC(C)(C)OC.[Tc+],ZBTQTVSNLRPJHI-UHFFFAOYSA-N,C36H66N6O6Tc+,776.96,49,True
DB09162,DB09162,DB09162,[Fe+3].OC(CC([O-])=O)(CC([O-])=O)C([O-])=O,O=C([O-])CC(O)(CC(=O)[O-])C(=O)[O-].[Fe+3],NPFOYSMITVOQOS-UHFFFAOYSA-K,C6H5FeO7,244.94,14,True
DB09166,DB09166,DB09166,CCC1=CC2=C(S1)N1C(C)=NN=C1CN=C2C1=CC=CC=C1Cl,CCc1cc2c(s1)-n1c(C)nnc1CN=C2c1ccccc1Cl,VMZUTJCNQWMAGF-UHFFFAOYSA-N,C17H15ClN4S,342.86,23,True
DB09167,DB09167,DB09167,CN(C)CC\C=C1/C2=CC=CC=C2CSC2=CC=CC=C12,CN(C)CC/C=C1\c2ccccc2CSc2ccccc21,PHTUQLWOUWZIMZ-GZTJUZNOSA-N,C19H21NS,295.45,21,True
DB09183,DB09183,DB09183,COC1=C(C=C(C=C1C1=CC2=CC=C(NS(C)(=O)=O)C=C2C=C1)N1C=CC(=O)NC1=O)C(C)(C)C,COc1c(-c2ccc3cc(NS(C)(=O)=O)ccc3c2)cc(-n2ccc(=O)[nH]c2=O)cc1C(C)(C)C,NBRBXGKOEOGLOI-UHFFFAOYSA-N,C26H27N3O5S,493.59,35,True
DB09185,DB09185,DB09185,CCOC1=CC=CC=C1OCC1CNCCO1,CCOc1ccccc1OCC1CNCCO1,YWPHCCPCQOJSGZ-UHFFFAOYSA-N,C13H19NO3,237.3,17,True
DB09198,DB09198,DB09198,COC1=CC=C(OC2=NC=NC(=C2)N(C)CCOC2=CC=C(CC3SC(=O)NC3=O)C=C2)C=C1,COc1ccc(Oc2cc(N(C)CCOc3ccc(CC4SC(=O)NC4=O)cc3)ncn2)cc1,CHHXEZSCHQVSRE-UHFFFAOYSA-N,C24H24N4O5S,480.55,34,True
DB09204,DB09204,DB09204,CC(C)(C)NCC(O)CSC1=NC(=CS1)C1=CC=C(S1)C(N)=O,CC(C)(C)NCC(O)CSc1nc(-c2ccc(C(N)=O)s2)cs1,BHIAIPWSVYSKJS-UHFFFAOYSA-N,C15H21N3O2S3,371.55,23,True
DB09209,DB09209,DB09209,[H][C@@]12OC3=C(OCCN4CCOCC4)C=CC4=C3[C@@]11CCN(C)[C@]([H])(C4)[C@]1([H])C=C[C@@H]2O,CN1CC[C@]23c4c5ccc(OCCN6CCOCC6)c4O[C@H]2[C@@H](O)C=C[C@H]3[C@H]1C5,GPFAJKDEDBRFOS-FKQDBXSBSA-N,C23H30N2O4,398.5,29,True
DB09210,DB09210,DB09210,NC(=O)CN1CCCC1=O,NC(=O)CN1CCCC1=O,GMZVRMREEHBGGF-UHFFFAOYSA-N,C6H10N2O2,142.16,10,True
DB09211,DB09211,DB09211,CCCC[C@H](C)C[C@H](O)\C=C\[C@H]1[C@H](O)CC(=O)[C@@H]1CCCC\C=C\C(O)=O,CCCC[C@H](C)C[C@H](O)/C=C/[C@H]1[C@H](O)CC(=O)[C@@H]1CCCC/C=C/C(=O)O,OJZYRQPMEIEQFC-UAWLTFRCSA-N,C22H36O5,380.53,27,True
DB09212,DB09212,DB09212,CC(C(O)=O)C1=CC=C(CC2CCCC2=O)C=C1,CC(C(=O)O)c1ccc(CC2CCCC2=O)cc1,YMBXTVYHTMGZDW-UHFFFAOYSA-N,C15H18O3,246.31,18,True
DB09214,DB09214,DB09214,[H][C@@](C)(C(O)=O)C1=CC(=CC=C1)C(=O)C1=CC=CC=C1,C[C@H](C(=O)O)c1cccc(C(=O)c2ccccc2)c1,DKYWVDODHFEZIM-NSHDSACASA-N,C16H14O3,254.28,19,True
DB09215,DB09215,DB09215,CN1C2=C(OC(=O)N(C2=O)C2=CC=CC=N2)C2=CC=CC=C2S1(=O)=O,CN1c2c(oc(=O)n(-c3ccccn3)c2=O)-c2ccccc2S1(=O)=O,OEHFRZLKGRKFAS-UHFFFAOYSA-N,C16H11N3O5S,357.35,25,True
DB09216,DB09216,DB09216,CC1=C(Cl)C=CC=C1NC1=CC=CC=C1C(O)=O,Cc1c(Cl)cccc1Nc1ccccc1C(=O)O,YEZNLOUZAIOMLT-UHFFFAOYSA-N,C14H12ClNO2,261.71,18,True
DB09218,DB09218,DB09218,CC1=C(NC2=C(C=CC=N2)C(O)=O)C=CC=C1Cl,Cc1c(Cl)cccc1Nc1ncccc1C(=O)O,CLOMYZFHNHFSIQ-UHFFFAOYSA-N,C13H11ClN2O2,262.7,18,True
DB09220,DB09220,DB09220,[O-][N+](=O)OCCNC(=O)C1=CC=CN=C1,O=C(NCCO[N+](=O)[O-])c1cccnc1,LBHIOVVIQHSOQN-UHFFFAOYSA-N,C8H9N3O4,211.18,15,True
DB09221,DB09221,DB09221,NCCC(=O)N1[Zn]OC(=O)[C@@H]1CC1=CN=CN1,NCCC(=O)[N]1[Zn][O]C(=O)[C@@H]1Cc1cnc[nH]1,IGXZLYMCFZHNKW-FJXQXJEOSA-L,C9H12N4O3Zn,289.61,17,True
DB09223,DB09223,DB09223,CCN1CCN(CC1)C1=NC2=C(CCCCCC2)C(=C1)C1=CC=C(F)C=C1,CCN1CCN(c2cc(-c3ccc(F)cc3)c3c(n2)CCCCCC3)CC1,XVGOZDAJGBALKS-UHFFFAOYSA-N,C23H30FN3,367.51,27,True
DB09224,DB09224,DB09224,CC1CCN(CCCC(=O)C2=CC=C(F)C=C2)CC1,CC1CCN(CCCC(=O)c2ccc(F)cc2)CC1,DKMFBWQBDIGMHM-UHFFFAOYSA-N,C16H22FNO,263.36,19,True
DB09225,DB09225,DB09225,CN(C)CCOC1=CC2=CC=CC=C2SC2=CC=C(Cl)C=C12,CN(C)CCOC1=Cc2ccccc2Sc2ccc(Cl)cc21,HDOZVRUNCMBHFH-UHFFFAOYSA-N,C18H18ClNOS,331.87,22,True
DB09227,DB09227,DB09227,COC(=O)C1=C(C)NC(C)=C([C@H]1C1=CC(=CC=C1)[N+]([O-])=O)C(=O)O[C@H]1CCN(CC2=CC=CC=C2)C1,COC(=O)C1=C(C)NC(C)=C(C(=O)O[C@H]2CCN(Cc3ccccc3)C2)[C@H]1c1cccc([N+](=O)[O-])c1,VXMOONUMYLCFJD-DHLKQENFSA-N,C27H29N3O6,491.54,36,True
DB09230,DB09230,DB09230,CC(C)OC(=O)C1=C(C)NC(N)=C(C1C1=CC=CC(=C1)[N+]([O-])=O)C(=O)OC1CN(C1)C(C1=CC=CC=C1)C1=CC=CC=C1,CC1=C(C(=O)OC(C)C)C(c2cccc([N+](=O)[O-])c2)C(C(=O)OC2CN(C(c3ccccc3)c3ccccc3)C2)=C(N)N1,ZKFQEACEUNWPMT-UHFFFAOYSA-N,C33H34N4O6,582.66,43,True
DB09231,DB09231,DB09231,COC(=O)C1=C(C)NC(C)=C([C@@H]1C1=CC=CC(=C1)[N+]([O-])=O)C(=O)O[C@@H]1CCCN(CC2=CC=CC=C2)C1,COC(=O)C1=C(C)NC(C)=C(C(=O)O[C@@H]2CCCN(Cc3ccccc3)C2)[C@@H]1c1cccc([N+](=O)[O-])c1,QZVNQOLPLYWLHQ-ZEQKJWHPSA-N,C28H31N3O6,505.57,37,True
DB09232,DB09232,DB09232,COCCOC(=O)C1=C(C)NC(C)=C(C1C1=CC=CC(=C1)[N+]([O-])=O)C(=O)OC\C=C\C1=CC=CC=C1,COCCOC(=O)C1=C(C)NC(C)=C(C(=O)OC/C=C/c2ccccc2)C1c1cccc([N+](=O)[O-])c1,KJEBULYHNRNJTE-DHZHZOJOSA-N,C27H28N2O7,492.53,36,True
DB09235,DB09235,DB09235,CC1=C(C(C2=CC=CC(=C2)[N+]([O-])=O)C(=C(C)N1)P1(=O)OCC(C)(C)CO1)C(=O)OCCN(CC1=CC=CC=C1)C1=CC=CC=C1,CC1=C(C(=O)OCCN(Cc2ccccc2)c2ccccc2)C(c2cccc([N+](=O)[O-])c2)C(P2(=O)OCC(C)(C)CO2)=C(C)N1,NSVFSAJIGAJDMR-UHFFFAOYSA-N,C34H38N3O7P,631.67,45,True
DB09236,DB09236,DB09236,CCOC(=O)C1=C(C)NC(C)=C(C1C1=CC=CC=C1\C=C\C(=O)OC(C)(C)C)C(=O)OCC,CCOC(=O)C1=C(C)NC(C)=C(C(=O)OCC)C1c1ccccc1/C=C/C(=O)OC(C)(C)C,GKQPCPXONLDCMU-CCEZHUSRSA-N,C26H33NO6,455.55,33,True
DB09238,DB09238,DB09238,COC(=O)C1=C(C)NC(C)=C(C1C1=CC(=CC=C1)N(=O)=O)C(=O)OCCN1CCN(CC1)C(C1=CC=CC=C1)C1=CC=CC=C1,COC(=O)C1=C(C)NC(C)=C(C(=O)OCCN2CCN(C(c3ccccc3)c3ccccc3)CC2)C1c1cccc([N+](=O)[O-])c1,ANEBWFXPVPTEET-UHFFFAOYSA-N,C35H38N4O6,610.71,45,True
DB09241,DB09241,DB09241,[Cl-].CN(C)C1=CC2=[S+]C3=C(C=CC(=C3)N(C)C)N=C2C=C1,CN(C)c1ccc2nc3ccc(N(C)C)cc3[s+]c2c1.[Cl-],CXKWCBBOMKCUKX-UHFFFAOYSA-M,C16H18ClN3S,319.86,21,True
DB09242,DB09242,DB09242,COC1=NC(C)=NC(Cl)=C1NC1=NCCN1,COc1nc(C)nc(Cl)c1NC1=NCCN1,WPNJAUFVNXKLIM-UHFFFAOYSA-N,C9H12ClN5O,241.68,16,True
DB09244,DB09244,DB09244,CC1=CC=C2N3CCNC4CCCC(=C34)C2=C1,Cc1ccc2c(c1)c1c3n2CCNC3CCC1,IWVRVEIKCBFZNF-UHFFFAOYSA-N,C15H18N2,226.32,17,True
DB09245,DB09245,DB09245,CC1=CC(=CC=C1)N1CC(CO)OC1=O,Cc1cccc(N2CC(CO)OC2=O)c1,MXUNKHLAEDCYJL-UHFFFAOYSA-N,C11H13NO3,207.23,15,True
DB09256,DB09256,DB09256,FC1=CN(C2CCCO2)C(=O)NC1=O,O=c1[nH]c(=O)n(C2CCCO2)cc1F,WFWLQNSHRPWKFK-UHFFFAOYSA-N,C8H9FN2O3,200.17,14,True
DB09257,DB09257,DB09257,OC1=CC(=O)NC=C1Cl,O=c1cc(O)c(Cl)c[nH]1,ZPLQIPFOCGIIHV-UHFFFAOYSA-N,C5H4ClNO2,145.54,9,True
DB09262,DB09262,DB09262,CC1=NC=CN1CCC(C(N)=O)(C1=CC=CC=C1)C1=CC=CC=C1,Cc1nccn1CCC(C(N)=O)(c1ccccc1)c1ccccc1,SQKXYSGRELMAAU-UHFFFAOYSA-N,C20H21N3O,319.41,24,True
DB09265,DB09265,DB09265,CC[C@H](C)[C@H](NC(=O)[C@H](CC1=CC=CC=C1)NC(=O)[C@H](CC(C)C)NC(=O)[C@H](CCCNC(N)=N)NC(=O)[C@@H](NC(=O)[C@H](C)NC(=O)[C@H](CCC(O)=O)NC(=O)[C@H](CCC(O)=O)NC(=O)[C@H](CCC(O)=O)NC(=O)[C@H](CCSC)NC(=O)[C@H](CCC(N)=O)NC(=O)[C@H](CCCCN)NC(=O)[C@H](CO)NC(=O)[C@H](CC(C)C)NC(=O)[C@H](CC(O)=O)NC(=O)[C@H](CO)NC(=O)[C@@H](NC(=O)[C@H](CC1=CC=CC=C1)NC(=O)[C@@H](NC(=O)CNC(=O)[C@H](CCC(O)=O)NC(=O)CNC(=O)[C@@H](N)CC1=CNC=N1)[C@@H](C)O)[C@@H](C)O)C(C)C)C(=O)N[C@@H](CCC(O)=O)C(=O)N[C@@H](CC1=CNC2=C1C=CC=C2)C(=O)N[C@@H](CC(C)C)C(=O)N[C@@H](CCCCN)C(=O)N[C@@H](CC(N)=O)C(=O)NCC(=O)NCC(=O)N1CCC[C@H]1C(=O)N[C@@H](CO)C(=O)N[C@@H](CO)C(=O)NCC(=O)N[C@@H](C)C(=O)N1CCC[C@H]1C(=O)N1CCC[C@H]1C(=O)N[C@@H](CO)C(=O)N[C@@H](CCCCN)C(=O)N[C@@H](CCCCN)C(=O)N[C@@H](CCCCN)C(=O)N[C@@H](CCCCN)C(=O)N[C@@H](CCCCN)C(=O)N[C@@H](CCCCN)C(N)=O,CC[C@H](C)[C@H](NC(=O)[C@H](Cc1ccccc1)NC(=O)[C@H](CC(C)C)NC(=O)[C@H](CCCNC(=N)N)NC(=O)[C@@H](NC(=O)[C@H](C)NC(=O)[C@H](CCC(=O)O)NC(=O)[C@H](CCC(=O)O)NC(=O)[C@H](CCC(=O)O)NC(=O)[C@H](CCSC)NC(=O)[C@H](CCC(N)=O)NC(=O)[C@H](CCCCN)NC(=O)[C@H](CO)NC(=O)[C@H](CC(C)C)NC(=O)[C@H](CC(=O)O)NC(=O)[C@H](CO)NC(=O)[C@@H](NC(=O)[C@H](Cc1ccccc1)NC(=O)[C@@H](NC(=O)CNC(=O)[C@H](CCC(=O)O)NC(=O)CNC(=O)[C@@H](N)Cc1c[nH]cn1)[C@@H](C)O)[C@@H](C)O)C(C)C)C(=O)N[C@@H](CCC(=O)O)C(=O)N[C@@H](Cc1c[nH]c2ccccc12)C(=O)N[C@@H](CC(C)C)C(=O)N[C@@H](CCCCN)C(=O)N[C@@H](CC(N)=O)C(=O)NCC(=O)NCC(=O)N1CCC[C@H]1C(=O)N[C@@H](CO)C(=O)N[C@@H](CO)C(=O)NCC(=O)N[C@@H](C)C(=O)N1CCC[C@H]1C(=O)N1CCC[C@H]1C(=O)N[C@@H](CO)C(=O)N[C@@H](CCCCN)C(=O)N[C@@H](CCCCN)C(=O)N[C@@H](CCCCN)C(=O)N[C@@H](CCCCN)C(=O)N[C@@H](CCCCN)C(=O)N[C@@H](CCCCN)C(N)=O,XVVOERDUTLJJHN-IAEQDCLQSA-N,C215H347N61O65S,4858.57,342,True
DB09267,DB09267,DB09267,[Sr++].[Sr++].[O-]C(=O)CN(CC([O-])=O)C1=C(C#N)C(CC([O-])=O)=C(S1)C([O-])=O,N#Cc1c(N(CC(=O)[O-])CC(=O)[O-])sc(C(=O)[O-])c1CC(=O)[O-].[Sr+2].[Sr+2],XXUZFRDUEGQHOV-UHFFFAOYSA-J,C12H6N2O8SSr2,513.49,25,True
DB09268,DB09268,DB09268,OS(=O)(=O)OC1=CC=C(C=C1)C(C1=CC=C(OS(O)(=O)=O)C=C1)C1=CC=CC=N1,O=S(=O)(O)Oc1ccc(C(c2ccc(OS(=O)(=O)O)cc2)c2ccccn2)cc1,UJIDKYTZIQTXPM-UHFFFAOYSA-N,C18H15NO8S2,437.45,29,True
DB09269,DB09269,DB09269,OC(=O)CC1=CC=CC=C1,O=C(O)Cc1ccccc1,WLJVXDMOQOGPHL-UHFFFAOYSA-N,C8H8O2,136.15,10,True
DB09270,DB09270,DB09270,COC1=C(OC)C(=O)C(C\C=C(/C)CC\C=C(/C)CC\C=C(/C)CC\C=C(/C)CC\C=C(/C)CC\C=C(/C)CC\C=C(/C)CC\C=C(/C)CC\C=C(/C)CCC=C(C)C)=C(C)C1=O,COC1=C(OC)C(=O)C(C/C=C(\C)CC/C=C(\C)CC/C=C(\C)CC/C=C(\C)CC/C=C(\C)CC/C=C(\C)CC/C=C(\C)CC/C=C(\C)CC/C=C(\C)CCC=C(C)C)=C(C)C1=O,ACTIUHUUMQJHFO-UPTCCGCDSA-N,C59H90O4,863.36,63,True
DB09272,DB09272,DB09272,COC1=CC=C(CN([C@@H](C)C2=NC(=CN2)C2=CC=CC=C2)C(=O)[C@@H](N)CC2=C(C)C=C(C=C2C)C(N)=O)C=C1C(O)=O,COc1ccc(CN(C(=O)[C@@H](N)Cc2c(C)cc(C(N)=O)cc2C)[C@@H](C)c2nc(-c3ccccc3)c[nH]2)cc1C(=O)O,QFNHIDANIVGXPE-FNZWTVRRSA-N,C32H35N5O5,569.66,42,True
DB09273,DB09273,DB09273,CN1C2=C(N(CC3OCCO3)C=N2)C(=O)N(C)C1=O,Cn1c(=O)c2c(ncn2CC2OCCO2)n(C)c1=O,HWXIGFIVGWUZAO-UHFFFAOYSA-N,C11H14N4O4,266.26,19,True
DB09274,DB09274,DB09274,[H][C@@]12CC[C@@H](C)[C@]3([H])CC[C@@]4(C)OO[C@@]13[C@]([H])(O[C@@H](OC(=O)CCC(O)=O)[C@@H]2C)O4,C[C@H]1[C@H](OC(=O)CCC(=O)O)O[C@@H]2O[C@@]3(C)CC[C@H]4[C@H](C)CC[C@@H]1[C@@]24OO3,FIHJKUPKCHIPAT-AHIGJZGOSA-N,C19H28O8,384.43,27,True
DB09275,DB09275,DB09275,[K+].[K+].[K+].[K+].[K+].[Bi+3].[O-]C(=O)CC([O-])(CC([O-])=O)C([O-])=O.[O-]C(=O)CC([O-])(CC([O-])=O)C([O-])=O,O=C([O-])CC([O-])(CC(=O)[O-])C(=O)[O-].O=C([O-])CC([O-])(CC(=O)[O-])C(=O)[O-].[Bi+3].[K+].[K+].[K+].[K+].[K+],YDDTTXDPCSCLKY-UHFFFAOYSA-H,C12H8BiK5O14,780.65,32,True
DB09276,DB09276,DB09276,[Na+].[Na+].[O-]C(=O)CC(S[Au])C([O-])=O,O=C([O-])CC([S][Au])C(=O)[O-].[Na+].[Na+],VXIHRIQNJCRFQX-UHFFFAOYSA-K,C4H3AuNa2O4S,390.08,12,True
DB09277,DB09277,DB09277,[Cl-].C[N+](C)([11CH3])CCO,C[N+](C)([11CH3])CCO.[Cl-],SGMZJAMFUVOLNK-ULWFUOSBSA-M,C5H14ClNO,138.63,8,True
DB09278,DB09278,DB09278,[C],[C],OKTJSMMVPCPJKN-UHFFFAOYSA-N,C,12.01,1,True
DB09279,DB09279,DB09279,CCCCC1=NC(C)=C(CC(=S)N(C)C)C(=O)N1CC1=CC=C(C=C1)C1=C(C=CC=C1)C1=NN=NN1,CCCCc1nc(C)c(CC(=S)N(C)C)c(=O)n1Cc1ccc(-c2ccccc2-c2nnn[nH]2)cc1,AMEROGPZOLAFBN-UHFFFAOYSA-N,C27H31N7OS,501.66,36,True
DB09280,DB09280,DB09280,CC1=CC=C(NC(=O)C2(CC2)C2=CC=C3OC(F)(F)OC3=C2)N=C1C1=CC(=CC=C1)C(O)=O,Cc1ccc(NC(=O)C2(c3ccc4c(c3)OC(F)(F)O4)CC2)nc1-c1cccc(C(=O)O)c1,UFSKUSARDNFIRC-UHFFFAOYSA-N,C24H18F2N2O5,452.41,33,True
DB09281,DB09281,DB09281,[Mg++].[Mg++].[O-][Si](=O)O[Si]([O-])([O-])O[Si]([O-])=O,O=[Si]([O-])O[Si]([O-])([O-])O[Si](=O)[O-].[Mg+2].[Mg+2],GXGAKHNRMVGRPK-UHFFFAOYSA-N,Mg2O8Si3,260.86,13,True
DB09282,DB09282,DB09282,CCOC(=O)[N-]C1=C[N+](=NO1)N1CCOCC1,CCOC(=O)[N-]c1c[n+](N2CCOCC2)no1,XLFWDASMENKTKL-UHFFFAOYSA-N,C9H14N4O4,242.23,17,True
DB09283,DB09283,DB09283,CCN(CC)C1=CC(C)=NC2=NC=NN12,CCN(CC)c1cc(C)nc2ncnn12,GSNOZLZNQMLSKJ-UHFFFAOYSA-N,C10H15N5,205.26,15,True
DB09285,DB09285,DB09285,FC(F)(F)C1=CC(NC2=C(C=CC=N2)C(=O)OCCN2CCOCC2)=CC=C1,O=C(OCCN1CCOCC1)c1cccnc1Nc1cccc(C(F)(F)F)c1,LDXSPUSKBDTEKA-UHFFFAOYSA-N,C19H20F3N3O3,395.38,28,True
DB09286,DB09286,DB09286,NC(=O)C1(CCN(CCCC(=O)C2=CC=C(F)C=C2)CC1)N1CCCCC1,NC(=O)C1(N2CCCCC2)CCN(CCCC(=O)c2ccc(F)cc2)CC1,AXKPFOAXAHJUAG-UHFFFAOYSA-N,C21H30FN3O2,375.49,27,True
DB09288,DB09288,DB09288,CCN(CC)CC(=O)OC1=CC=C(NC(C)=O)C=C1,CCN(CC)CC(=O)Oc1ccc(NC(C)=O)cc1,QTGAJCQTLIRCFL-UHFFFAOYSA-N,C14H20N2O3,264.32,19,True
DB09289,DB09289,DB09289,CN1C2=CC=CC=C2C(NCCCCCCC(O)=O)C2=C(C=C(Cl)C=C2)S1(=O)=O,CN1c2ccccc2C(NCCCCCCC(=O)O)c2ccc(Cl)cc2S1(=O)=O,JICJBGPOMZQUBB-UHFFFAOYSA-N,C21H25ClN2O4S,436.96,29,True
DB09290,DB09290,DB09290,CN1C=C(C(=O)[C@@H]2CCC3=C(C2)N=CN3)C2=C1C=CC=C2,Cn1cc(C(=O)[C@@H]2CCc3[nH]cnc3C2)c2ccccc21,NTHPAPBPFQJABD-LLVKDONJSA-N,C17H17N3O,279.34,21,True
DB09291,DB09291,DB09291,C[C@@H](OC[C@]1(CC[C@]2(CCC(=O)N2)CN1)C1=CC=CC=C1)C1=CC(=CC(=C1)C(F)(F)F)C(F)(F)F,C[C@@H](OC[C@@]1(c2ccccc2)CC[C@]2(CCC(=O)N2)CN1)c1cc(C(F)(F)F)cc(C(F)(F)F)c1,FIVSJYGQAIEMOC-ZGNKEGEESA-N,C25H26F6N2O2,500.48,35,True
DB09292,DB09292,DB09292,CCOC(=O)[C@H](C)C[C@@H](CC1=CC=C(C=C1)C1=CC=CC=C1)NC(=O)CCC(O)=O,CCOC(=O)[C@H](C)C[C@@H](Cc1ccc(-c2ccccc2)cc1)NC(=O)CCC(=O)O,PYNXFZCZUAOOQC-UTKZUKDTSA-N,C24H29NO5,411.5,30,True
DB09293,DB09293,DB09293,[131I-],[131I-],XMBWDFGMSWQBCA-RNFDNDRNSA-M,I-,130.91,1,True
DB09295,DB09295,DB09295,FC(F)(F)C1=CC(NC2=C(C=CC=N2)C(=O)OC2OC(=O)C3=CC=CC=C23)=CC=C1,O=C1OC(OC(=O)c2cccnc2Nc2cccc(C(F)(F)F)c2)c2ccccc21,ANMLJLFWUCQGKZ-UHFFFAOYSA-N,C21H13F3N2O4,414.34,30,True
DB09296,DB09296,DB09296,COC(=O)N[C@@H](C(C)C)C(=O)N1CCC[C@H]1C(=O)NC1=CC=C(C=C1)[C@@H]1CC[C@H](N1C1=CC=C(C=C1)C(C)(C)C)C1=CC=C(NC(=O)[C@@H]2CCCN2C(=O)[C@@H](NC(=O)OC)C(C)C)C=C1,COC(=O)N[C@H](C(=O)N1CCC[C@H]1C(=O)Nc1ccc([C@@H]2CC[C@@H](c3ccc(NC(=O)[C@@H]4CCCN4C(=O)[C@@H](NC(=O)OC)C(C)C)cc3)N2c2ccc(C(C)(C)C)cc2)cc1)C(C)C,PIDFDZJZLOTZTM-KHVQSSSXSA-N,C50H67N7O8,894.13,65,True
DB09297,DB09297,DB09297,[H][C@@]12C[C@]1(NC(=O)[C@]1([H])C[C@H](CN1C(=O)[C@H](CCCCC\C=C/2)NC(=O)C1=CN=C(C)C=N1)OC1=NC2=C(C=CC=C2)C2=C1C=CC=C2)C(=O)NS(=O)(=O)C1CC1,Cc1cnc(C(=O)N[C@H]2CCCCC/C=C\[C@@H]3C[C@@]3(C(=O)NS(=O)(=O)C3CC3)NC(=O)[C@@H]3C[C@@H](Oc4nc5ccccc5c5ccccc45)CN3C2=O)cn1,UAUIUKWPKRJZJV-QPLHLKROSA-N,C40H43N7O7S,765.89,55,True
DB09300,DB09300,DB09300,CCCC[N+]1(C)[C@H]2C[C@@H](C[C@@H]1[C@H]1O[C@@H]21)OC(=O)[C@H](CO)C1=CC=CC=C1,CCCC[N+]1(C)[C@@H]2C[C@@H](OC(=O)[C@H](CO)c3ccccc3)C[C@H]1[C@@H]1O[C@@H]12,YBCNXCRZPWQOBR-WVHCHWADSA-N,C21H30NO4+,360.47,26,True
DB09320,DB09320,DB09320,CCN(CC)CCOC(=O)C1=CC=C(N)C=C1.[H][C@]12SC(C)(C)[C@@H](N1C(=O)[C@H]2NC(=O)CC1=CC=CC=C1)C(O)=O,CC1(C)S[C@@H]2[C@H](NC(=O)Cc3ccccc3)C(=O)N2[C@H]1C(=O)O.CCN(CC)CCOC(=O)c1ccc(N)cc1,WHRVRSCEWKLAHX-LQDWTQKMSA-N,C29H38N4O6S,570.71,40,True
DB09321,DB09321,DB09321,O=[Zn],[O]=[Zn],XLOMVQKBTHCTTD-UHFFFAOYSA-N,OZn,81.39,2,True
DB09322,DB09322,DB09322,[Zn++].[O-]S([O-])(=O)=O,O=S(=O)([O-])[O-].[Zn+2],NWONKYPBYAMBJT-UHFFFAOYSA-L,O4SZn,161.45,6,True
DB09323,DB09323,DB09323,O.O.O.O.C(CNCC1=CC=CC=C1)NCC1=CC=CC=C1.[H][C@]12SC(C)(C)[C@@H](N1C(=O)[C@H]2NC(=O)CC1=CC=CC=C1)C(O)=O.[H][C@]12SC(C)(C)[C@@H](N1C(=O)[C@H]2NC(=O)CC1=CC=CC=C1)C(O)=O,CC1(C)S[C@@H]2[C@H](NC(=O)Cc3ccccc3)C(=O)N2[C@H]1C(=O)O.CC1(C)S[C@@H]2[C@H](NC(=O)Cc3ccccc3)C(=O)N2[C@H]1C(=O)O.O.O.O.O.c1ccc(CNCCNCc2ccccc2)cc1,WIDKTXGNSOORHA-CJHXQPGBSA-N,C48H64N6O12S2,981.2,68,True
DB09324,DB09324,DB09324,[H][C@@]12CC(=O)N1[C@@]([H])(C(O)=O)C(C)(C)S2(=O)=O,CC1(C)[C@H](C(=O)O)N2C(=O)C[C@H]2S1(=O)=O,FKENQMMABCRJMK-RITPCOANSA-N,C8H11NO5S,233.24,15,True
DB09330,DB09330,DB09330,COC1=C(NC2=NC=CC(=N2)C2=CN(C)C3=C2C=CC=C3)C=C(NC(=O)C=C)C(=C1)N(C)CCN(C)C,C=CC(=O)Nc1cc(Nc2nccc(-c3cn(C)c4ccccc34)n2)c(OC)cc1N(C)CCN(C)C,DUYJMQONPNNFPI-UHFFFAOYSA-N,C28H33N7O2,499.62,37,True
DB09338,DB09338,DB09338,COC(CNC(=O)C1=CC=CC=C1OCC(O)=O)C[Hg]O,COC(CNC(=O)c1ccccc1OCC(=O)O)[CH2][Hg][OH],HQRSUIDICNOLPX-UHFFFAOYSA-M,C13H17HgNO6,483.87,21,True
DB09342,DB09342,DB09342,CCCOC1=CC(N)=CC=C1C(=O)OCCN(CC)CC,CCCOc1cc(N)ccc1C(=O)OCCN(CC)CC,CAJIGINSTLKQMM-UHFFFAOYSA-N,C16H26N2O3,294.4,21,True
DB09343,DB09343,DB09343,ClC1=C(CN2CCCC2=N)NC(=O)NC1=O,N=C1CCCN1Cc1[nH]c(=O)[nH]c(=O)c1Cl,QQHMKNYGKVVGCZ-UHFFFAOYSA-N,C9H11ClN4O2,242.67,16,True
DB09345,DB09345,DB09345,CCCCOC1=CC=C(OCCCN2CCOCC2)C=C1,CCCCOc1ccc(OCCCN2CCOCC2)cc1,DQKXQSGTHWVTAD-UHFFFAOYSA-N,C17H27NO3,293.41,21,True
DB09352,DB09352,DB09352,CC(N)CC1=CC=C(O)C=C1,CC(N)Cc1ccc(O)cc1,GIKNHHRFLCDOEU-UHFFFAOYSA-N,C9H13NO,151.21,11,True
DB09389,DB09389,DB09389,CCC12CCC3C(CCC4=CC(=O)CCC34)C1CCC2(O)C#C,C#CC1(O)CCC2C3CCC4=CC(=O)CCC4C3CCC21CC,WWYNJERNGUHSAO-UHFFFAOYSA-N,C21H28O2,312.45,23,True
DB09396,DB09396,DB09396,O.OS(=O)(=O)C1=CC2=CC=CC=C2C=C1.CCC(=O)O[C@@](CC1=CC=CC=C1)([C@H](C)CN(C)C)C1=CC=CC=C1,CCC(=O)O[C@](Cc1ccccc1)(c1ccccc1)[C@H](C)CN(C)C.O.O=S(=O)(O)c1ccc2ccccc2c1,GBKONKCASNNUQD-VGHSCWAPSA-N,C32H39NO6S,565.73,40,True
DB09414,DB09414,DB09414,[K+].[K+].OP([O-])([O-])=O,O=P([O-])([O-])O.[K+].[K+],ZPWVASYFFYYZEW-UHFFFAOYSA-L,HK2O4P,174.17,7,True
DB09449,DB09449,DB09449,[Na+].OP(O)([O-])=O,O=P([O-])(O)O.[Na+],AJPJDKMHJJGVTQ-UHFFFAOYSA-M,H2NaO4P,119.98,6,True
DB09462,DB09462,DB09462,OCC(O)CO,OCC(O)CO,PEDCQBHIVMGVHV-UHFFFAOYSA-N,C3H8O3,92.09,6,True
DB09477,DB09477,DB09477,[H][C@@](C)(N[C@@]([H])(CCC1=CC=CC=C1)C(O)=O)C(=O)N1CCC[C@@]1([H])C(O)=O,C[C@H](N[C@@H](CCc1ccccc1)C(=O)O)C(=O)N1CCC[C@H]1C(=O)O,LZFZMUMEGBBDTC-QEJZJMRPSA-N,C18H24N2O5,348.4,25,True
DB09488,DB09488,DB09488,[H]\C(CN1CCCC1)=C(\C1=CC=C(C)C=C1)C1=CC=CC(=N1)C(\[H])=C(/[H])C(O)=O,Cc1ccc(/C(=C\CN2CCCC2)c2cccc(/C=C/C(=O)O)n2)cc1,PWACSDKDOHSSQD-IUTFFREVSA-N,C22H24N2O2,348.45,26,True
DB09499,DB09499,DB09499,OS(O)(=O)=S,O=S(O)(O)=S,DHCDFWKWKRSZHF-UHFFFAOYSA-N,H2O3S2,114.15,5,True
DB09516,DB09516,DB09516,COC1=CC=C(O)C=C1,COc1ccc(O)cc1,NWVVVBRKAWDGAB-UHFFFAOYSA-N,C7H8O2,124.14,9,True
DB09536,DB09536,DB09536,O=[Ti]=O,[O]=[Ti]=[O],GWEVSGVZZGPLCZ-UHFFFAOYSA-N,O2Ti,79.86,3,True
DB09543,DB09543,DB09543,COC(=O)C1=CC=CC=C1O,COC(=O)c1ccccc1O,OSWPMRLSEDHDFF-UHFFFAOYSA-N,C8H8O3,152.15,11,True
DB09555,DB09555,DB09555,OC(=O)\C=C/C(O)=O.CN(C)CC[C@@H](C1=CC=C(Cl)C=C1)C1=CC=CC=N1,CN(C)CC[C@@H](c1ccc(Cl)cc1)c1ccccn1.O=C(O)/C=C\C(=O)O,DBAKFASWICGISY-DASCVMRKSA-N,C20H23ClN2O4,390.87,27,True
DB09561,DB09561,DB09561,[Na+].[Na+].OCC(O)COP([O-])([O-])=O,O=P([O-])([O-])OCC(O)CO.[Na+].[Na+],GEKBIENFFVFKRG-UHFFFAOYSA-L,C3H7Na2O6P,216.04,12,True
DB09570,DB09570,DB09570,CC(C)C[C@H](NC(=O)CNC(=O)C1=CC(Cl)=CC=C1Cl)B(O)O,CC(C)C[C@H](NC(=O)CNC(=O)c1cc(Cl)ccc1Cl)B(O)O,MXAYKZJJDUDWDS-LBPRGKRZSA-N,C14H19BCl2N2O4,361.03,23,True
DB11079,DB11079,DB11079,OCCN(CCO)CCO.OC(=O)C1=CC=CC=C1O,O=C(O)c1ccccc1O.OCCN(CCO)CCO,UEVAMYPIMMOEFW-UHFFFAOYSA-N,C13H21NO6,287.31,20,True
DB11093,DB11093,DB11093,[Ca++].[Ca++].[Ca++].OC(CC([O-])=O)(CC([O-])=O)C([O-])=O.OC(CC([O-])=O)(CC([O-])=O)C([O-])=O,O=C([O-])CC(O)(CC(=O)[O-])C(=O)[O-].O=C([O-])CC(O)(CC(=O)[O-])C(=O)[O-].[Ca+2].[Ca+2].[Ca+2],FNAQSUUGMSOBHW-UHFFFAOYSA-H,C12H10Ca3O14,498.43,29,True
DB11106,DB11106,DB11106,CC(C)(N)CO.CN1C2=C(NC(Br)=N2)C(=O)N(C)C1=O,CC(C)(N)CO.Cn1c(=O)c2[nH]c(Br)nc2n(C)c1=O,ATOTUUBRFJHZQG-UHFFFAOYSA-N,C11H18BrN5O3,348.2,20,True
DB11121,DB11121,DB11121,CC1=CC(O)=CC(C)=C1Cl,Cc1cc(O)cc(C)c1Cl,OSDLLIBGSJNGJE-UHFFFAOYSA-N,C8H9ClO,156.61,10,True
DB11126,DB11126,DB11126,[Ca++].[H][C@@](O)(CO)[C@@]([H])(O)[C@]([H])(O)[C@@]([H])(O)C([O-])=O.[H][C@@](O)(CO)[C@@]([H])(O)[C@]([H])(O)[C@@]([H])(O)C([O-])=O,O=C([O-])[C@H](O)[C@@H](O)[C@H](O)[C@H](O)CO.O=C([O-])[C@H](O)[C@@H](O)[C@H](O)[C@H](O)CO.[Ca+2],NEEHYRZPVYRGPP-IYEMJOQQSA-L,C12H22CaO14,430.37,27,True
DB11135,DB11135,DB11135,[Se],[Se],BUGBHKTXTAQXES-UHFFFAOYSA-N,Se,78.96,1,True
DB11136,DB11136,DB11136,[Cr],[Cr],VYZAMTAEIAYCRO-UHFFFAOYSA-N,Cr,52.0,1,True
DB11148,DB11148,DB11148,CCCCOC(=O)C1=CC=C(N)C=C1,CCCCOC(=O)c1ccc(N)cc1,IUWVALYLNVXWKX-UHFFFAOYSA-N,C11H15NO2,193.25,14,True
DB11156,DB11156,DB11156,[H]\C(=C(\[H])C1=NCCCN1C)C1=CC=CS1,CN1CCCN=C1/C=C/c1cccs1,YSAUAVHXTIETRK-AATRIKPKSA-N,C11H14N2S,206.31,14,True
DB11231,DB11231,DB11231,CC(C)=CCC\C(C)=C\C=C\C(\C)=C\C=C\C(\C)=C\C=C\C=C(/C)\C=C\C=C(/C)\C=C\C=C(/C)CCC=C(C)C,CC(C)=CCC/C(C)=C/C=C/C(C)=C/C=C/C(C)=C/C=C/C=C(C)/C=C/C=C(C)/C=C/C=C(\C)CCC=C(C)C,OAIJSZIZWZSQBC-GYZMGTAESA-N,C40H56,536.89,40,True
DB11235,DB11235,DB11235,COC1=CC=C(CN(CCN(C)C)C2=NC=CC=N2)C=C1,COc1ccc(CN(CCN(C)C)c2ncccn2)cc1,GULNIHOSWFYMRN-UHFFFAOYSA-N,C16H22N4O,286.38,21,True
DB11239,DB11239,DB11239,[Al+3].[Al+3].[O-]S([O-])(=O)=O.[O-]S([O-])(=O)=O.[O-]S([O-])(=O)=O,O=S(=O)([O-])[O-].O=S(=O)([O-])[O-].O=S(=O)([O-])[O-].[Al+3].[Al+3],DIZPMCHEQGEION-UHFFFAOYSA-H,Al2O12S3,342.15,17,True
DB11254,DB11254,DB11254,CCCCCCC1=C(O)C=C(O)C=C1,CCCCCCc1ccc(O)cc1O,WFJIVOKAWHGMBH-UHFFFAOYSA-N,C12H18O2,194.27,14,True
DB11256,DB11256,DB11256,CN1[C@@H](CNC2=CC=C(C=C2)C(=O)N[C@@H](CCC(O)=O)C(O)=O)CNC2=C1C(=O)N=C(N)N2,CN1c2c([nH]c(N)nc2=O)NC[C@@H]1CNc1ccc(C(=O)N[C@@H](CCC(=O)O)C(=O)O)cc1,ZNOVTXRBGFNYRX-STQMWFEESA-N,C20H25N7O6,459.46,33,True
DB11268,DB11268,DB11268,[H]C(=O)C1=CC(O)=C(O)C=C1,O=Cc1ccc(O)c(O)c1,IBGBGRVKPALMCQ-UHFFFAOYSA-N,C7H6O3,138.12,10,True
DB11315,DB11315,DB11315,C[N+]1(C)[C@H]2C[C@@H](C[C@@H]1[C@H]1O[C@@H]21)OC(=O)[C@H](CO)C1=CC=CC=C1,C[N+]1(C)[C@@H]2C[C@@H](OC(=O)[C@H](CO)c3ccccc3)C[C@H]1[C@@H]1O[C@@H]12,LZCOQTDXKCNBEE-IKIFYQGPSA-N,C18H24NO4+,318.39,23,True
DB11342,DB11342,DB11342,[O--].[O--].[O--].[Al+3].[Al+3],[Al+3].[Al+3].[O-2].[O-2].[O-2],PNEYBMLMFCGWSK-UHFFFAOYSA-N,Al2O3,101.96,5,True
DB11348,DB11348,DB11348,[Ca++].[Ca++].[Ca++].[O-]P([O-])([O-])=O.[O-]P([O-])([O-])=O,O=P([O-])([O-])[O-].O=P([O-])([O-])[O-].[Ca+2].[Ca+2].[Ca+2],QORWJWZARLRLPR-UHFFFAOYSA-H,Ca3O8P2,310.17,13,True
DB11362,DB11362,DB11362,CC(C)N(CCCCOCC(=O)NS(C)(=O)=O)C1=NC(C2=CC=CC=C2)=C(N=C1)C1=CC=CC=C1,CC(C)N(CCCCOCC(=O)NS(C)(=O)=O)c1cnc(-c2ccccc2)c(-c2ccccc2)n1,QXWZQTURMXZVHJ-UHFFFAOYSA-N,C26H32N4O4S,496.63,35,True
DB11363,DB11363,DB11363,CCC1=CC2=C(C=C1N1CCC(CC1)N1CCOCC1)C(C)(C)C1=C(C3=CC=C(C=C3N1)C#N)C2=O,CCc1cc2c(cc1N1CCC(N3CCOCC3)CC1)C(C)(C)c1[nH]c3cc(C#N)ccc3c1C2=O,KDGFLJKFZUIJMX-UHFFFAOYSA-N,C30H34N4O2,482.63,36,True
DB11560,DB11560,DB11560,OC(=O)CSC1=NN=C(Br)N1C1=CC=C(C2CC2)C2=C1C=CC=C2,O=C(O)CSc1nnc(Br)n1-c1ccc(C2CC2)c2ccccc12,FGQFOYHRJSUHMR-UHFFFAOYSA-N,C17H14BrN3O2S,404.29,24,True
DB11574,DB11574,DB11574,[H][C@]1(CCCN1C(=O)[C@@H](NC(=O)OC)C(C)C)C1=NC=C(N1)C1=CC2=C(C=C1)N1[C@@H](OC3=C(C=CC(=C3)C3=CN=C(N3)[C@]3([H])CCCN3C(=O)[C@@H](NC(=O)OC)C(C)C)C1=C2)C1=CC=CC=C1,COC(=O)N[C@H](C(=O)N1CCC[C@H]1c1ncc(-c2ccc3c(c2)O[C@@H](c2ccccc2)n2c-3cc3cc(-c4cnc([C@@H]5CCCN5C(=O)[C@@H](NC(=O)OC)C(C)C)[nH]4)ccc32)[nH]1)C(C)C,BVAZQCUMNICBAQ-PZHYSIFUSA-N,C49H55N9O7,882.03,65,True
DB11575,DB11575,DB11575,COC1=CC2=NC3=C(CCCCC[C@@H]4C[C@H]4OC(=O)N[C@H](C(=O)N4C[C@@H](C[C@H]4C(=O)N[C@@]4(C[C@H]4C=C)C(=O)NS(=O)(=O)C4CC4)O3)C(C)(C)C)N=C2C=C1,C=C[C@@H]1C[C@]1(NC(=O)[C@@H]1C[C@@H]2CN1C(=O)[C@H](C(C)(C)C)NC(=O)O[C@@H]1C[C@H]1CCCCCc1nc3ccc(OC)cc3nc1O2)C(=O)NS(=O)(=O)C1CC1,OBMNJSNZOWALQB-NCQNOWPTSA-N,C38H50N6O9S,766.92,54,True
DB11581,DB11581,DB11581,CC1(C)CCC(CN2CCN(CC2)C2=CC=C(C(=O)NS(=O)(=O)C3=CC=C(NCC4CCOCC4)C(=C3)[N+]([O-])=O)C(OC3=CN=C4NC=CC4=C3)=C2)=C(C1)C1=CC=C(Cl)C=C1,CC1(C)CCC(CN2CCN(c3ccc(C(=O)NS(=O)(=O)c4ccc(NCC5CCOCC5)c([N+](=O)[O-])c4)c(Oc4cnc5[nH]ccc5c4)c3)CC2)=C(c2ccc(Cl)cc2)C1,LQBVNQSMGBZMKD-UHFFFAOYSA-N,C45H50ClN7O7S,868.46,61,True
DB11586,DB11586,DB11586,COC1=CN=C(O[C@@H]2C[C@H](N(C2)C(=O)[C@@H](NC(=O)OC(C)(C)C)C(C)(C)C)C(=O)N[C@@]2(C[C@H]2C=C)C(=O)NS(=O)(=O)C2CC2)C2=C1C=CC(Cl)=C2,C=C[C@@H]1C[C@]1(NC(=O)[C@@H]1C[C@@H](Oc2ncc(OC)c3ccc(Cl)cc23)CN1C(=O)[C@@H](NC(=O)OC(C)(C)C)C(C)(C)C)C(=O)NS(=O)(=O)C1CC1,XRWSZZJLZRKHHD-WVWIJVSJSA-N,C35H46ClN5O9S,748.3,51,True
DB11596,DB11596,DB11596,NC1=NC(=O)C2=C(NC[C@H](CNC3=CC=C(C=C3)C(=O)N[C@@H](CCC(O)=O)C(O)=O)N2C=O)N1,Nc1nc(=O)c2c([nH]1)NC[C@H](CNc1ccc(C(=O)N[C@@H](CCC(=O)O)C(=O)O)cc1)N2C=O,VVIAGPKUTFNRDU-STQMWFEESA-N,C20H23N7O7,473.45,34,True
DB11609,DB11609,DB11609,CCC(=O)C(CCN(C)C)(C1=CC=CC=C1)C1=CC=CC=C1,CCC(=O)C(CCN(C)C)(c1ccccc1)c1ccccc1,WCJFBSYALHQBSK-UHFFFAOYSA-N,C20H25NO,295.43,22,True
DB11610,DB11610,DB11610,[H][C@@](C)(NC)[C@]([H])(O)C1=CC=C(O)C=C1,CN[C@@H](C)[C@H](O)c1ccc(O)cc1,OXFGTKPPFSCSMA-XVKPBYJWSA-N,C10H15NO2,181.23,13,True
DB11613,DB11613,DB11613,COC[C@H]1C[C@H](N(C1)C(=O)[C@H](NC(=O)OC)C1=CC=CC=C1)C1=NC=C(N1)C1=CC=C2C(COC3=CC4=C(C=CC5=C4NC(=N5)[C@@H]4CC[C@H](C)N4C(=O)[C@@H](NC(=O)OC)C(C)C)C=C23)=C1,COC[C@H]1C[C@@H](c2ncc(-c3ccc4c(c3)COc3cc5c(ccc6nc([C@@H]7CC[C@H](C)N7C(=O)[C@@H](NC(=O)OC)C(C)C)[nH]c65)cc3-4)[nH]2)N(C(=O)[C@H](NC(=O)OC)c2ccccc2)C1,FHCUMDQMBHQXKK-CDIODLITSA-N,C49H54N8O8,883.02,65,True
DB11614,DB11614,DB11614,CC1=CC(CN2CCC(CC2)=C2C3=CC=C(Cl)C=C3CCC3=C2N=CC=C3)=CN=C1,Cc1cncc(CN2CCC(=C3c4ccc(Cl)cc4CCc4cccnc43)CC2)c1,WUZYKBABMWJHDL-UHFFFAOYSA-N,C26H26ClN3,415.97,30,True
DB11619,DB11619,DB11619,[H][C@@]12CC[C@@](O)(C#C)[C@@]1(CC)C=CC1=C3CCC(=O)C=C3CC[C@@]21[H],C#C[C@]1(O)CC[C@H]2[C@@H]3CCC4=CC(=O)CCC4=C3C=C[C@@]21CC,BJJXHLWLUDYTGC-ANULTFPQSA-N,C21H24O2,308.42,23,True
DB11633,DB11633,DB11633,C[C@@H](C1=NC(=CS1)C1=CC=C(C=C1)C#N)[C@](O)(CN1C=NC=N1)C1=C(F)C=CC(F)=C1,C[C@@H](c1nc(-c2ccc(C#N)cc2)cs1)[C@](O)(Cn1cncn1)c1cc(F)ccc1F,DDFOUSQFMYRUQK-RCDICMHDSA-N,C22H17F2N5OS,437.48,31,True
DB11636,DB11636,DB11636,CC(=O)[C@@]1(O)CC[C@H]2[C@@H]3C=C(C)C4=CC(=O)CC[C@@H]4[C@H]3CC[C@]12C,CC(=O)[C@@]1(O)CC[C@H]2[C@@H]3C=C(C)C4=CC(=O)CC[C@@H]4[C@H]3CC[C@@]21C,KZUIYQJTUIACIG-YBZCJVABSA-N,C21H28O3,328.45,24,True
DB11641,DB11641,DB11641,CC[C@@]12C=CCN3CC[C@@]4([C@H]13)[C@@H](N(C)C1=CC(OC)=C(C=C41)[C@]1(C[C@@H]3C[C@H](C[N@@](C3)CC3=C1NC1=CC=CC=C31)C(C)(F)F)C(=O)OC)[C@](O)([C@@H]2OC(C)=O)C(=O)OC,CC[C@]12C=CCN3CC[C@@]4(c5cc([C@@]6(C(=O)OC)C[C@@H]7C[C@@H](C(C)(F)F)C[N@](Cc8c6[nH]c6ccccc86)C7)c(OC)cc5N(C)[C@H]4[C@@](O)(C(=O)OC)[C@@H]1OC(C)=O)[C@@H]32,NMDYYWFGPIMTKO-KLCPSUAYSA-N,C45H54F2N4O8,816.94,59,True
DB11660,DB11660,DB11660,O[C@H](CC[C@H]1[C@H](O)C[C@H](O)[C@@H]1C\C=C/CCCC(=O)OCCCCO[N+]([O-])=O)CCC1=CC=CC=C1,O=C(CCC/C=C\C[C@@H]1[C@@H](CC[C@@H](O)CCc2ccccc2)[C@H](O)C[C@@H]1O)OCCCCO[N+](=O)[O-],LOVMMUBRQUFEAH-UIEAZXIASA-N,C27H41NO8,507.62,36,True
DB11691,DB11691,DB11691,[H][C@@]12OC3=C4C(C[C@@]5([H])N(CC6CC6)CC[C@@]14[C@@]5(O)CC(C(=O)NC(C)(C)C1=NC(=NO1)C1=CC=CC=C1)=C2O)=CC=C3O,CC(C)(NC(=O)C1=C(O)[C@@H]2Oc3c(O)ccc4c3[C@@]23CCN(CC2CC2)[C@H](C4)[C@]3(O)C1)c1nc(-c2ccccc2)no1,AXQACEQYCPKDMV-RZAWKFBISA-N,C32H34N4O6,570.65,42,True
DB11699,DB11699,DB11699,[H][C@]12CC[C@]([H])(C[C@@]([H])(C1)OC(=O)C1=CNC3=CC=CC=C13)N2C,CN1[C@@H]2CC[C@H]1C[C@@H](OC(=O)c1c[nH]c3ccccc13)C2,ZNRGQMMCGHDTEI-ITGUQSILSA-N,C17H20N2O2,284.36,21,True
DB11730,DB11730,DB11730,CN(C)C(=O)C1=CC2=CN=C(NC3=CC=C(C=N3)N3CCNCC3)N=C2N1C1CCCC1,CN(C)C(=O)c1cc2cnc(Nc3ccc(N4CCNCC4)cn3)nc2n1C1CCCC1,RHXHGRAEPCAFML-UHFFFAOYSA-N,C23H30N8O,434.55,32,True
DB11737,DB11737,DB11737,C#CC1=CC=CC(NC2=NC=NC3=CC4=C(OCCOCCOCCO4)C=C23)=C1,C#Cc1cccc(Nc2ncnc3cc4c(cc23)OCCOCCOCCO4)c1,QQLKULDARVNMAL-UHFFFAOYSA-N,C22H21N3O4,391.43,29,True
DB11793,DB11793,DB11793,NC(=O)C1=CC=CC2=CN(N=C12)C1=CC=C(C=C1)[C@@H]1CCCNC1,NC(=O)c1cccc2cn(-c3ccc([C@@H]4CCCNC4)cc3)nc12,PCHKPVIQAHNQLW-CQSZACIVSA-N,C19H20N4O,320.4,24,True
DB11817,DB11817,DB11817,CCS(=O)(=O)N1CC(CC#N)(C1)N1C=C(C=N1)C1=C2C=CNC2=NC=N1,CCS(=O)(=O)N1CC(CC#N)(n2cc(-c3ncnc4[nH]ccc34)cn2)C1,XUZMWHLSFXCVMG-UHFFFAOYSA-N,C16H17N7O2S,371.43,26,True
DB11828,DB11828,DB11828,CCOC1=C(NC(=O)\C=C\CN(C)C)C=C2C(NC3=CC=C(OCC4=CC=CC=N4)C(Cl)=C3)=C(C=NC2=C1)C#N,CCOc1cc2ncc(C#N)c(Nc3ccc(OCc4ccccn4)c(Cl)c3)c2cc1NC(=O)/C=C/CN(C)C,JWNPDZNEKVCWMY-VQHVLOKHSA-N,C30H29ClN6O3,557.05,40,True
DB11915,DB11915,DB11915,COC1=C(OC)C=C2[C@H]3C[C@@H](OC(=O)[C@@H](N)C(C)C)[C@H](CC(C)C)CN3CCC2=C1,COc1cc2c(cc1OC)[C@H]1C[C@@H](OC(=O)[C@@H](N)C(C)C)[C@H](CC(C)C)CN1CC2,GEJDGVNQKABXKG-CFKGEZKQSA-N,C24H38N2O4,418.58,30,True
DB11921,DB11921,DB11921,[H][C@@]12C[C@@]3([H])[C@]4([H])CCC5=CC(=O)C=C[C@]5(C)[C@@]4([H])[C@@]([H])(O)C[C@]3(C)[C@@]1(N=C(C)O2)C(=O)COC(C)=O,CC(=O)OCC(=O)[C@@]12N=C(C)O[C@@H]1C[C@H]1[C@@H]3CCC4=CC(=O)C=C[C@]4(C)[C@H]3[C@@H](O)C[C@@]12C,FBHSPRKOSMHSIF-GRMWVWQJSA-N,C25H31NO6,441.52,32,True
DB11943,DB11943,DB11943,NC1=NC(N2C=C(C(O)=O)C(=O)C3=CC(F)=C(N4CC(O)C4)C(Cl)=C23)=C(F)C=C1F,Nc1nc(-n2cc(C(=O)O)c(=O)c3cc(F)c(N4CC(O)C4)c(Cl)c32)c(F)cc1F,DYDCPNMLZGFQTM-UHFFFAOYSA-N,C18H12ClF3N4O4,440.77,30,True
DB11989,DB11989,DB11989,[O-][N+](=O)C1=NC=CN1CC(=O)NCC1=CC=CC=C1,O=C(Cn1ccnc1[N+](=O)[O-])NCc1ccccc1,CULUWZNBISUWAS-UHFFFAOYSA-N,C12H12N4O3,260.25,19,True
DB11994,DB11994,DB11994,CC(=O)OC1=CC=CC2=C1C(=O)C1=C(OC(C)=O)C=C(C=C1C2=O)C(O)=O,CC(=O)Oc1cccc2c1C(=O)c1c(OC(C)=O)cc(C(=O)O)cc1C2=O,TYNLGDBUJLVSMA-UHFFFAOYSA-N,C19H12O8,368.3,27,True
DB12001,DB12001,DB12001,CCN1CCN(CC2=CC=C(NC3=NC=C(F)C(=N3)C3=CC(F)=C4N=C(C)N(C(C)C)C4=C3)N=C2)CC1,CCN1CCN(Cc2ccc(Nc3ncc(F)c(-c4cc(F)c5nc(C)n(C(C)C)c5c4)n3)nc2)CC1,UZWDCWONPYILKI-UHFFFAOYSA-N,C27H32F2N8,506.61,37,True
DB12026,DB12026,DB12026,CC[C@@H]1[C@@H]2CN([C@@H]1C(=O)N[C@@]1(C[C@H]1C(F)F)C(=O)NS(=O)(=O)C1(C)CC1)C(=O)[C@@H](NC(=O)O[C@@H]1C[C@H]1CCCCC(F)(F)C1=C(O2)N=C2C=C(OC)C=CC2=N1)C(C)(C)C,CC[C@@H]1[C@@H]2CN(C(=O)[C@H](C(C)(C)C)NC(=O)O[C@@H]3C[C@H]3CCCCC(F)(F)c3nc4ccc(OC)cc4nc3O2)[C@@H]1C(=O)N[C@]1(C(=O)NS(=O)(=O)C2(C)CC2)C[C@H]1C(F)F,MZBLZLWXUBZHSL-FZNJKFJKSA-N,C40H52F4N6O9S,868.95,60,True
DB12070,DB12070,DB12070,COC1=CC=CC(=C1)N1CCN(CC1)C1=NC2=C(C=CC=C2F)[C@H](CC(O)=O)N1C1=CC(=CC=C1OC)C(F)(F)F,COc1cccc(N2CCN(C3=Nc4c(F)cccc4[C@H](CC(=O)O)N3c3cc(C(F)(F)F)ccc3OC)CC2)c1,FWYSMLBETOMXAG-QHCPKHFHSA-N,C29H28F4N4O4,572.56,41,True
DB12161,DB12161,DB12161,[2H]C([2H])([2H])OC1=CC2=C(C=C1OC([2H])([2H])[2H])[C@@H]1CC(=O)[C@@H](CC(C)C)CN1CC2,[2H]C([2H])([2H])Oc1cc2c(cc1OC([2H])([2H])[2H])[C@@H]1CC(=O)[C@@H](CC(C)C)CN1CC2,MKJIEFSOBYUXJB-WEZHFFAMSA-N,C19H27NO3,323.47,23,True
DB12267,DB12267,DB12267,COC1=CC(=CC=C1NC1=NC=C(Cl)C(NC2=CC=CC=C2P(C)(C)=O)=N1)N1CCC(CC1)N1CCN(C)CC1,COc1cc(N2CCC(N3CCN(C)CC3)CC2)ccc1Nc1ncc(Cl)c(Nc2ccccc2P(C)(C)=O)n1,AILRADAXUVEEIR-UHFFFAOYSA-N,C29H39ClN7O2P,584.11,40,True
DB12278,DB12278,DB12278,CCCOC(C(=O)OC1CCN(C)CC1)(C1=CC=CC=C1)C1=CC=CC=C1,CCCOC(C(=O)OC1CCN(C)CC1)(c1ccccc1)c1ccccc1,QPCVHQBVMYCJOM-UHFFFAOYSA-N,C23H29NO3,367.49,27,True
DB12332,DB12332,DB12332,CNCC1=CC=C(C=C1)C1=C2CCNC(=O)C3=C2C(N1)=CC(F)=C3,CNCc1ccc(-c2[nH]c3cc(F)cc4c3c2CCNC4=O)cc1,HMABYWSNWIZPAG-UHFFFAOYSA-N,C19H18FN3O,323.37,24,True
DB12364,DB12364,DB12364,COC1=CC=C(NC(=O)C2=CC=C(C=C2)C(=N)N(C)C)C(=C1)C(=O)NC1=CC=C(Cl)C=N1,COc1ccc(NC(=O)c2ccc(C(=N)N(C)C)cc2)c(C(=O)Nc2ccc(Cl)cn2)c1,XHOLNRLADUSQLD-UHFFFAOYSA-N,C23H22ClN5O3,451.91,32,True
DB12483,DB12483,DB12483,COC1=C(OCCCN2CCOCC2)C=CC2=C1N=C(NC(=O)C1=CN=C(N)N=C1)N1CCN=C21,COc1c(OCCCN2CCOCC2)ccc2c1N=C(NC(=O)c1cnc(N)nc1)N1CCN=C21,PZBCKZWLPGJMAO-UHFFFAOYSA-N,C23H28N8O4,480.53,35,True
DB12532,DB12532,DB12532,CN(C(=O)CN(CCO)CC(=O)N(C)C(C)(C)CC1=CC=CC=C1)C(C)(C)CC1=CC=CC=C1,CN(C(=O)CN(CCO)CC(=O)N(C)C(C)(C)Cc1ccccc1)C(C)(C)Cc1ccccc1,FTLDJPRFCGDUFH-UHFFFAOYSA-N,C28H41N3O3,467.65,34,True
DB12598,DB12598,DB12598,NC(=N)NC1=CC=C(C=C1)C(=O)OC1=CC2=C(C=C1)C=C(C=C2)C(N)=N,N=C(N)Nc1ccc(C(=O)Oc2ccc3cc(C(=N)N)ccc3c2)cc1,MQQNFDZXWVTQEH-UHFFFAOYSA-N,C19H17N5O2,347.38,26,True
DB12924,DB12924,DB12924,CNC1=NC=C(C=C1C)C1=CC=C2C(=O)C(=CN(C3CC3)C2=C1C)C(O)=O,CNc1ncc(-c2ccc3c(=O)c(C(=O)O)cn(C4CC4)c3c2C)cc1C,XPIJWUTXQAGSLK-UHFFFAOYSA-N,C21H21N3O3,363.42,27,True
DB13025,DB13025,DB13025,CCN(CC)CCNC(=O)C1=CC(=CC=C1OC)S(C)(=O)=O,CCN(CC)CCNC(=O)c1cc(S(C)(=O)=O)ccc1OC,JTVPZMFULRWINT-UHFFFAOYSA-N,C15H24N2O4S,328.43,22,True
DB13139,DB13139,DB13139,CC(C)(C)NC[C@H](O)C1=CC(CO)=C(O)C=C1,CC(C)(C)NC[C@H](O)c1ccc(O)c(CO)c1,NDAUXUAQIAJITI-LBPRGKRZSA-N,C13H21NO3,239.31,17,True
DB13142,DB13142,DB13142,OC[C@@H](O)[C@@H](O)[C@H](O)[C@@H](O)C(=O)O[Ca]OC(=O)[C@H](O)[C@@H](O)[C@H](O[C@@H]1O[C@H](CO)[C@H](O)[C@H](O)[C@H]1O)[C@H](O)CO,O=C([O][Ca][O]C(=O)[C@H](O)[C@@H](O)[C@H](O[C@@H]1O[C@H](CO)[C@H](O)[C@H](O)[C@H]1O)[C@H](O)CO)[C@H](O)[C@@H](O)[C@H](O)[C@H](O)CO,YPCRNBPOUVJVMU-LCGAVOCYSA-L,C18H32CaO19,592.51,38,True
DB13145,DB13145,DB13145,[H][N]([H])([H])[Pt]1(OCC(=O)O1)[N]([H])([H])[H],[NH3]->[Pt]1(<-[NH3])[O]CC(=O)[O]1,,C2H8N2O3Pt,303.18,8,True
DB13146,DB13146,DB13146,N[C@]1(C[C@H]([18F])C1)C(O)=O,N[C@]1(C(=O)O)C[C@@H]([18F])C1,NTEDWGYJNHZKQW-DGMDOPGDSA-N,C5H8FNO2,132.12,9,True
DB13153,DB13153,DB13153,[H][C@@]1(CCC(C)=CC1)[C@@](C)(O)CCC=C(C)C,CC(C)=CCC[C@](C)(O)[C@@H]1CC=C(C)CC1,RGZSQWQPBWRIAQ-CABCVRRESA-N,C15H26O,222.37,16,True
DB13158,DB13158,DB13158,[H][C@]1(C)C[C@@]2([H])[C@]3([H])CCC4=CC(=O)C=C[C@]4(C)[C@@]3(F)C(=O)C[C@]2(C)[C@@]1(O)C(=O)CCl,C[C@H]1C[C@H]2[C@@H]3CCC4=CC(=O)C=C[C@]4(C)[C@@]3(F)C(=O)C[C@]2(C)[C@@]1(O)C(=O)CCl,XXIFVOHLGBURIG-OZCCCYNHSA-N,C22H26ClFO4,408.9,28,True
DB13167,DB13167,DB13167,OC(=O)CC1=CC(Cl)=C(OCC=C)C=C1,C=CCOc1ccc(CC(=O)O)cc1Cl,ARHWPKZXBHOEEE-UHFFFAOYSA-N,C11H11ClO3,226.66,15,True
DB13179,DB13179,DB13179,CO[C@H]1C[C@H](O[C@H]2[C@H](C)[C@@H](O[C@@H]3O[C@H](C)C[C@@H]([C@H]3OC(C)=O)N(C)C)[C@@H](C)C[C@@]3(CO3)C(=O)[C@H](C)[C@@H](OC(C)=O)[C@@H](C)[C@@H](C)OC(=O)[C@@H]2C)O[C@@H](C)[C@@H]1OC(C)=O,CO[C@H]1C[C@H](O[C@H]2[C@H](C)[C@@H](O[C@@H]3O[C@H](C)C[C@H](N(C)C)[C@H]3OC(C)=O)[C@@H](C)C[C@@]3(CO3)C(=O)[C@H](C)[C@@H](OC(C)=O)[C@@H](C)[C@@H](C)OC(=O)[C@@H]2C)O[C@@H](C)[C@@H]1OC(C)=O,LQCLVBQBTUVCEQ-QTFUVMRISA-N,C41H67NO15,813.98,57,True
DB13231,DB13231,DB13231,[Ca++].CC(O)C([O-])=O.CC(O)C([O-])=O,CC(O)C(=O)[O-].CC(O)C(=O)[O-].[Ca+2],MKJXYGKVIBWPFZ-UHFFFAOYSA-L,C6H10CaO6,218.22,13,True
DB13323,DB13323,DB13323,ClC=C(Cl)Cl,ClC=C(Cl)Cl,XSTXAVWGXDQKEL-UHFFFAOYSA-N,C2HCl3,131.39,5,True
DB13450,DB13450,DB13450,[O-]S(=O)(=O)C1=CC=CC=C1.[O-]S(=O)(=O)C1=CC=CC=C1.COC1=CC2=C(C=C1OC)[C@@H](CC1=CC(OC)=C(OC)C=C1)[N@@+](C)(CCC(=O)OCCCCCOC(=O)CC[N@@+]1(C)CCC3=C(C=C(OC)C(OC)=C3)[C@H]1CC1=CC(OC)=C(OC)C=C1)CC2,COc1ccc(C[C@@H]2c3cc(OC)c(OC)cc3CC[N@+]2(C)CCC(=O)OCCCCCOC(=O)CC[N@@+]2(C)CCc3cc(OC)c(OC)cc3[C@H]2Cc2ccc(OC)c(OC)c2)cc1OC.O=S(=O)([O-])c1ccccc1.O=S(=O)([O-])c1ccccc1,XXZSQOVSEBAPGS-DONVQRBFSA-L,C65H82N2O18S2,1243.5,87,True
DB13595,DB13595,DB13595,O.[Mg++].[Al+3].[Al+3].[O-][Si]([O-])([O-])[O-].[O-][Si]([O-])([O-])[O-],O.[Al+3].[Al+3].[Mg+2].[O-][Si]([O-])([O-])[O-].[O-][Si]([O-])([O-])[O-],XFKLULFTFNRQOX-UHFFFAOYSA-N,H2Al2MgO9Si2,280.45,14,True
DB13747,DB13747,DB13747,OCCN(CCO)CCO,OCCN(CCO)CCO,GSEJCLTVZPLZKY-UHFFFAOYSA-N,C6H15NO3,149.19,10,True
DB13783,DB13783,DB13783,COC1=CC2=C(C=C1)N(C(=O)C1=CC=C(Cl)C=C1)C(C)=C2CC(=O)OCC(O)=O,COc1ccc2c(c1)c(CC(=O)OCC(=O)O)c(C)n2C(=O)c1ccc(Cl)cc1,FSQKKOOTNAMONP-UHFFFAOYSA-N,C21H18ClNO6,415.83,29,True
DB13872,DB13872,DB13872,CN1C2=C(C=C(Cl)C=C2)C(=NC(O)C1=O)C1=CC=CC=C1Cl,CN1C(=O)C(O)N=C(c2ccccc2Cl)c2cc(Cl)ccc21,FJIKWRGCXUCUIG-UHFFFAOYSA-N,C16H12Cl2N2O2,335.19,22,True
DB13873,DB13873,DB13873,CC(C)(OC1=CC=C(C=C1)C(=O)C1=CC=C(Cl)C=C1)C(O)=O,CC(C)(Oc1ccc(C(=O)c2ccc(Cl)cc2)cc1)C(=O)O,MQOBSOSZFYZQOK-UHFFFAOYSA-N,C17H15ClO4,318.76,22,True
DB13874,DB13874,DB13874,CC(C)(O)CNC1=NC(=NC(NC2=CC(=NC=C2)C(F)(F)F)=N1)C1=NC(=CC=C1)C(F)(F)F,CC(C)(O)CNc1nc(Nc2ccnc(C(F)(F)F)c2)nc(-c2cccc(C(F)(F)F)n2)n1,DYLUUSLLRIQKOE-UHFFFAOYSA-N,C19H17F6N7O,473.38,33,True
DB13878,DB13878,DB13878,CO[C@H](C)[C@H](NC(=O)OC)C(=O)N1CCC[C@H]1C1=NC2=C(N1)C=C(F)C(=C2)[C@H]1CC[C@@H](N1C1=CC(F)=C(N2CCC(CC2)C2=CC=C(F)C=C2)C(F)=C1)C1=CC2=C(NC(=N2)[C@@H]2CCCN2C(=O)[C@@H](NC(=O)OC)[C@@H](C)OC)C=C1F,COC(=O)N[C@H](C(=O)N1CCC[C@H]1c1nc2cc([C@H]3CC[C@H](c4cc5nc([C@@H]6CCCN6C(=O)[C@@H](NC(=O)OC)[C@@H](C)OC)[nH]c5cc4F)N3c3cc(F)c(N4CCC(c5ccc(F)cc5)CC4)c(F)c3)c(F)cc2[nH]1)[C@@H](C)OC,VJYSBPDEJWLKKJ-NLIMODCCSA-N,C57H65F5N10O8,1113.2,80,True
DB13879,DB13879,DB13879,[H][C@@]12CN(C(=O)[C@@]([H])(NC(=O)O[C@]3([H])CCC[C@@]3([H])OC\C=C\C(F)(F)C3=NC4=C(C=CC=C4)N=C3O1)C(C)(C)C)[C@@]([H])(C2)C(=O)N[C@@]1(C[C@H]1C(F)F)C(=O)NS(=O)(=O)C1(C)CC1,CC(C)(C)[C@@H]1NC(=O)O[C@@H]2CCC[C@H]2OC/C=C/C(F)(F)c2nc3ccccc3nc2O[C@@H]2C[C@@H](C(=O)N[C@]3(C(=O)NS(=O)(=O)C4(C)CC4)C[C@H]3C(F)F)N(C2)C1=O,MLSQGNCUYAMAHD-ITNVBOSISA-N,C38H46F4N6O9S,838.88,58,True
DB13925,DB13925,DB13925,[68Ga+3].C[C@@H](O)[C@H](NC(=O)[C@@H]1CSSC[C@H](NC(=O)[C@@H](CC2=CC=CC=C2)NC(=O)CN2CCN(CC([O-])=O)CCN(CC([O-])=O)CCN(CC([O-])=O)CC2)C(=O)N[C@@H](CC2=CC=C(O)C=C2)C(=O)N[C@H](CC2=CNC3=C2C=CC=C3)C(=O)N[C@@H](CCCCN)C(=O)N[C@@H]([C@@H](C)O)C(=O)N1)C(O)=O,C[C@@H](O)[C@H](NC(=O)[C@@H]1CSSC[C@H](NC(=O)[C@@H](Cc2ccccc2)NC(=O)CN2CCN(CC(=O)[O-])CCN(CC(=O)[O-])CCN(CC(=O)[O-])CC2)C(=O)N[C@@H](Cc2ccc(O)cc2)C(=O)N[C@H](Cc2c[nH]c3ccccc23)C(=O)N[C@@H](CCCCN)C(=O)N[C@@H]([C@@H](C)O)C(=O)N1)C(=O)O.[68Ga+3],XBJPSVQFCQFGDC-WSCOIBMGSA-K,C65H87GaN14O19S2,1500.55,101,True
