rank,drug_a,drug_b,label,baseline_prediction,drug_side,ablated_drug,modality,entity_id,ablated_prediction,delta_probability,abs_delta_probability
1,DB00006,DB00244,1,1.0,A,DB00006,pathway,160,1.0,0.0,0.0
1,DB00006,DB00244,1,1.0,A,DB00006,pathway,161,1.0,0.0,0.0
1,DB00006,DB00244,1,1.0,A,DB00006,pathway,162,1.0,0.0,0.0
1,DB00006,DB00244,1,1.0,A,DB00006,pathway,399,1.0,0.0,0.0
1,DB00006,DB00244,1,1.0,A,DB00006,pathway,620,1.0,0.0,0.0
1,DB00006,DB00244,1,1.0,A,DB00006,pathway,646,1.0,0.0,0.0
1,DB00006,DB00244,1,1.0,A,DB00006,pathway,704,1.0,0.0,0.0
1,DB00006,DB00244,1,1.0,A,DB00006,pathway,811,1.0,0.0,0.0
1,DB00006,DB00244,1,1.0,A,DB00006,pathway,1116,1.0,0.0,0.0
1,DB00006,DB00244,1,1.0,A,DB00006,pathway,1250,1.0,0.0,0.0
1,DB00006,DB00244,1,1.0,A,DB00006,pathway,1351,1.0,0.0,0.0
1,DB00006,DB00244,1,1.0,A,DB00006,pathway,1574,1.0,0.0,0.0
1,DB00006,DB00244,1,1.0,A,DB00006,pathway,1616,1.0,0.0,0.0
1,DB00006,DB00244,1,1.0,A,DB00006,pathway,1777,1.0,0.0,0.0
1,DB00006,DB00244,1,1.0,A,DB00006,pathway,1778,1.0,0.0,0.0
1,DB00006,DB00244,1,1.0,A,DB00006,pathway,1779,1.0,0.0,0.0
1,DB00006,DB00244,1,1.0,A,DB00006,pathway,1780,1.0,0.0,0.0
1,DB00006,DB00244,1,1.0,A,DB00006,pathway,1788,1.0,0.0,0.0
1,DB00006,DB00244,1,1.0,A,DB00006,pathway,1892,1.0,0.0,0.0
1,DB00006,DB00244,1,1.0,B,DB00244,pathway,4,1.0,0.0,0.0
1,DB00006,DB00244,1,1.0,B,DB00244,pathway,10,1.0,0.0,0.0
1,DB00006,DB00244,1,1.0,B,DB00244,pathway,11,1.0,0.0,0.0
1,DB00006,DB00244,1,1.0,B,DB00244,pathway,12,1.0,0.0,0.0
1,DB00006,DB00244,1,1.0,B,DB00244,pathway,20,1.0,0.0,0.0
1,DB00006,DB00244,1,1.0,B,DB00244,pathway,21,1.0,0.0,0.0
1,DB00006,DB00244,1,1.0,B,DB00244,pathway,22,1.0,0.0,0.0
1,DB00006,DB00244,1,1.0,B,DB00244,pathway,23,1.0,0.0,0.0
1,DB00006,DB00244,1,1.0,B,DB00244,pathway,24,1.0,0.0,0.0
1,DB00006,DB00244,1,1.0,B,DB00244,pathway,54,1.0,0.0,0.0
1,DB00006,DB00244,1,1.0,B,DB00244,pathway,58,1.0,0.0,0.0
1,DB00006,DB00244,1,1.0,B,DB00244,pathway,61,1.0,0.0,0.0
1,DB00006,DB00244,1,1.0,B,DB00244,pathway,63,1.0,0.0,0.0
1,DB00006,DB00244,1,1.0,B,DB00244,pathway,64,1.0,0.0,0.0
1,DB00006,DB00244,1,1.0,B,DB00244,pathway,65,1.0,0.0,0.0
1,DB00006,DB00244,1,1.0,B,DB00244,pathway,69,1.0,0.0,0.0
1,DB00006,DB00244,1,1.0,B,DB00244,pathway,110,1.0,0.0,0.0
1,DB00006,DB00244,1,1.0,B,DB00244,pathway,144,1.0,0.0,0.0
1,DB00006,DB00244,1,1.0,B,DB00244,pathway,159,1.0,0.0,0.0
1,DB00006,DB00244,1,1.0,B,DB00244,pathway,164,1.0,0.0,0.0
1,DB00006,DB00244,1,1.0,B,DB00244,pathway,165,1.0,0.0,0.0
1,DB00006,DB00244,1,1.0,B,DB00244,pathway,237,1.0,0.0,0.0
1,DB00006,DB00244,1,1.0,B,DB00244,pathway,238,1.0,0.0,0.0
1,DB00006,DB00244,1,1.0,B,DB00244,pathway,294,1.0,0.0,0.0
1,DB00006,DB00244,1,1.0,B,DB00244,pathway,315,1.0,0.0,0.0
1,DB00006,DB00244,1,1.0,B,DB00244,pathway,329,1.0,0.0,0.0
1,DB00006,DB00244,1,1.0,B,DB00244,pathway,362,1.0,0.0,0.0
1,DB00006,DB00244,1,1.0,B,DB00244,pathway,368,1.0,0.0,0.0
1,DB00006,DB00244,1,1.0,B,DB00244,pathway,374,1.0,0.0,0.0
1,DB00006,DB00244,1,1.0,B,DB00244,pathway,393,1.0,0.0,0.0
1,DB00006,DB00244,1,1.0,B,DB00244,pathway,417,1.0,0.0,0.0
1,DB00006,DB00244,1,1.0,B,DB00244,pathway,418,1.0,0.0,0.0
1,DB00006,DB00244,1,1.0,B,DB00244,pathway,426,1.0,0.0,0.0
1,DB00006,DB00244,1,1.0,B,DB00244,pathway,427,1.0,0.0,0.0
1,DB00006,DB00244,1,1.0,B,DB00244,pathway,439,1.0,0.0,0.0
1,DB00006,DB00244,1,1.0,B,DB00244,pathway,444,1.0,0.0,0.0
1,DB00006,DB00244,1,1.0,B,DB00244,pathway,446,1.0,0.0,0.0
1,DB00006,DB00244,1,1.0,B,DB00244,pathway,447,1.0,0.0,0.0
1,DB00006,DB00244,1,1.0,B,DB00244,pathway,455,1.0,0.0,0.0
1,DB00006,DB00244,1,1.0,B,DB00244,pathway,456,1.0,0.0,0.0
1,DB00006,DB00244,1,1.0,B,DB00244,pathway,457,1.0,0.0,0.0
1,DB00006,DB00244,1,1.0,B,DB00244,pathway,459,1.0,0.0,0.0
1,DB00006,DB00244,1,1.0,B,DB00244,pathway,460,1.0,0.0,0.0
1,DB00006,DB00244,1,1.0,B,DB00244,pathway,462,1.0,0.0,0.0
1,DB00006,DB00244,1,1.0,B,DB00244,pathway,464,1.0,0.0,0.0
1,DB00006,DB00244,1,1.0,B,DB00244,pathway,473,1.0,0.0,0.0
1,DB00006,DB00244,1,1.0,B,DB00244,pathway,513,1.0,0.0,0.0
1,DB00006,DB00244,1,1.0,B,DB00244,pathway,521,1.0,0.0,0.0
1,DB00006,DB00244,1,1.0,B,DB00244,pathway,524,1.0,0.0,0.0
1,DB00006,DB00244,1,1.0,B,DB00244,pathway,533,1.0,0.0,0.0
1,DB00006,DB00244,1,1.0,B,DB00244,pathway,536,1.0,0.0,0.0
1,DB00006,DB00244,1,1.0,B,DB00244,pathway,552,1.0,0.0,0.0
1,DB00006,DB00244,1,1.0,B,DB00244,pathway,557,1.0,0.0,0.0
1,DB00006,DB00244,1,1.0,B,DB00244,pathway,559,1.0,0.0,0.0
1,DB00006,DB00244,1,1.0,B,DB00244,pathway,589,1.0,0.0,0.0
1,DB00006,DB00244,1,1.0,B,DB00244,pathway,594,1.0,0.0,0.0
1,DB00006,DB00244,1,1.0,B,DB00244,pathway,645,1.0,0.0,0.0
1,DB00006,DB00244,1,1.0,B,DB00244,pathway,651,1.0,0.0,0.0
1,DB00006,DB00244,1,1.0,B,DB00244,pathway,680,1.0,0.0,0.0
1,DB00006,DB00244,1,1.0,B,DB00244,pathway,703,1.0,0.0,0.0
1,DB00006,DB00244,1,1.0,B,DB00244,pathway,744,1.0,0.0,0.0
1,DB00006,DB00244,1,1.0,B,DB00244,pathway,789,1.0,0.0,0.0
1,DB00006,DB00244,1,1.0,B,DB00244,pathway,797,1.0,0.0,0.0
1,DB00006,DB00244,1,1.0,B,DB00244,pathway,840,1.0,0.0,0.0
1,DB00006,DB00244,1,1.0,B,DB00244,pathway,853,1.0,0.0,0.0
1,DB00006,DB00244,1,1.0,B,DB00244,pathway,854,1.0,0.0,0.0
1,DB00006,DB00244,1,1.0,B,DB00244,pathway,855,1.0,0.0,0.0
1,DB00006,DB00244,1,1.0,B,DB00244,pathway,866,1.0,0.0,0.0
1,DB00006,DB00244,1,1.0,B,DB00244,pathway,870,1.0,0.0,0.0
1,DB00006,DB00244,1,1.0,B,DB00244,pathway,913,1.0,0.0,0.0
1,DB00006,DB00244,1,1.0,B,DB00244,pathway,914,1.0,0.0,0.0
1,DB00006,DB00244,1,1.0,B,DB00244,pathway,915,1.0,0.0,0.0
1,DB00006,DB00244,1,1.0,B,DB00244,pathway,918,1.0,0.0,0.0
1,DB00006,DB00244,1,1.0,B,DB00244,pathway,920,1.0,0.0,0.0
1,DB00006,DB00244,1,1.0,B,DB00244,pathway,940,1.0,0.0,0.0
1,DB00006,DB00244,1,1.0,B,DB00244,pathway,959,1.0,0.0,0.0
1,DB00006,DB00244,1,1.0,B,DB00244,pathway,965,1.0,0.0,0.0
1,DB00006,DB00244,1,1.0,B,DB00244,pathway,968,1.0,0.0,0.0
1,DB00006,DB00244,1,1.0,B,DB00244,pathway,977,1.0,0.0,0.0
1,DB00006,DB00244,1,1.0,B,DB00244,pathway,981,1.0,0.0,0.0
1,DB00006,DB00244,1,1.0,B,DB00244,pathway,989,1.0,0.0,0.0
1,DB00006,DB00244,1,1.0,B,DB00244,pathway,1018,1.0,0.0,0.0
1,DB00006,DB00244,1,1.0,B,DB00244,pathway,1020,1.0,0.0,0.0
1,DB00006,DB00244,1,1.0,B,DB00244,pathway,1040,1.0,0.0,0.0
1,DB00006,DB00244,1,1.0,B,DB00244,pathway,1046,1.0,0.0,0.0
1,DB00006,DB00244,1,1.0,B,DB00244,pathway,1050,1.0,0.0,0.0
1,DB00006,DB00244,1,1.0,B,DB00244,pathway,1063,1.0,0.0,0.0
1,DB00006,DB00244,1,1.0,B,DB00244,pathway,1064,1.0,0.0,0.0
1,DB00006,DB00244,1,1.0,B,DB00244,pathway,1066,1.0,0.0,0.0
1,DB00006,DB00244,1,1.0,B,DB00244,pathway,1073,1.0,0.0,0.0
1,DB00006,DB00244,1,1.0,B,DB00244,pathway,1075,1.0,0.0,0.0
1,DB00006,DB00244,1,1.0,B,DB00244,pathway,1079,1.0,0.0,0.0
1,DB00006,DB00244,1,1.0,B,DB00244,pathway,1080,1.0,0.0,0.0
1,DB00006,DB00244,1,1.0,B,DB00244,pathway,1081,1.0,0.0,0.0
1,DB00006,DB00244,1,1.0,B,DB00244,pathway,1082,1.0,0.0,0.0
1,DB00006,DB00244,1,1.0,B,DB00244,pathway,1083,1.0,0.0,0.0
1,DB00006,DB00244,1,1.0,B,DB00244,pathway,1084,1.0,0.0,0.0
1,DB00006,DB00244,1,1.0,B,DB00244,pathway,1085,1.0,0.0,0.0
1,DB00006,DB00244,1,1.0,B,DB00244,pathway,1089,1.0,0.0,0.0
1,DB00006,DB00244,1,1.0,B,DB00244,pathway,1090,1.0,0.0,0.0
1,DB00006,DB00244,1,1.0,B,DB00244,pathway,1099,1.0,0.0,0.0
1,DB00006,DB00244,1,1.0,B,DB00244,pathway,1100,1.0,0.0,0.0
1,DB00006,DB00244,1,1.0,B,DB00244,pathway,1102,1.0,0.0,0.0
1,DB00006,DB00244,1,1.0,B,DB00244,pathway,1103,1.0,0.0,0.0
1,DB00006,DB00244,1,1.0,B,DB00244,pathway,1106,1.0,0.0,0.0
1,DB00006,DB00244,1,1.0,B,DB00244,pathway,1108,1.0,0.0,0.0
1,DB00006,DB00244,1,1.0,B,DB00244,pathway,1109,1.0,0.0,0.0
1,DB00006,DB00244,1,1.0,B,DB00244,pathway,1114,1.0,0.0,0.0
1,DB00006,DB00244,1,1.0,B,DB00244,pathway,1116,1.0,0.0,0.0
1,DB00006,DB00244,1,1.0,B,DB00244,pathway,1126,1.0,0.0,0.0
1,DB00006,DB00244,1,1.0,B,DB00244,pathway,1134,1.0,0.0,0.0
1,DB00006,DB00244,1,1.0,B,DB00244,pathway,1138,1.0,0.0,0.0
1,DB00006,DB00244,1,1.0,B,DB00244,pathway,1177,1.0,0.0,0.0
1,DB00006,DB00244,1,1.0,B,DB00244,pathway,1189,1.0,0.0,0.0
1,DB00006,DB00244,1,1.0,B,DB00244,pathway,1192,1.0,0.0,0.0
1,DB00006,DB00244,1,1.0,B,DB00244,pathway,1200,1.0,0.0,0.0
1,DB00006,DB00244,1,1.0,B,DB00244,pathway,1218,1.0,0.0,0.0
1,DB00006,DB00244,1,1.0,B,DB00244,pathway,1224,1.0,0.0,0.0
1,DB00006,DB00244,1,1.0,B,DB00244,pathway,1225,1.0,0.0,0.0
1,DB00006,DB00244,1,1.0,B,DB00244,pathway,1246,1.0,0.0,0.0
1,DB00006,DB00244,1,1.0,B,DB00244,pathway,1262,1.0,0.0,0.0
1,DB00006,DB00244,1,1.0,B,DB00244,pathway,1263,1.0,0.0,0.0
1,DB00006,DB00244,1,1.0,B,DB00244,pathway,1264,1.0,0.0,0.0
1,DB00006,DB00244,1,1.0,B,DB00244,pathway,1268,1.0,0.0,0.0
1,DB00006,DB00244,1,1.0,B,DB00244,pathway,1278,1.0,0.0,0.0
1,DB00006,DB00244,1,1.0,B,DB00244,pathway,1292,1.0,0.0,0.0
1,DB00006,DB00244,1,1.0,B,DB00244,pathway,1300,1.0,0.0,0.0
1,DB00006,DB00244,1,1.0,B,DB00244,pathway,1314,1.0,0.0,0.0
1,DB00006,DB00244,1,1.0,B,DB00244,pathway,1329,1.0,0.0,0.0
1,DB00006,DB00244,1,1.0,B,DB00244,pathway,1348,1.0,0.0,0.0
1,DB00006,DB00244,1,1.0,B,DB00244,pathway,1353,1.0,0.0,0.0
1,DB00006,DB00244,1,1.0,B,DB00244,pathway,1356,1.0,0.0,0.0
1,DB00006,DB00244,1,1.0,B,DB00244,pathway,1366,1.0,0.0,0.0
1,DB00006,DB00244,1,1.0,B,DB00244,pathway,1370,1.0,0.0,0.0
1,DB00006,DB00244,1,1.0,B,DB00244,pathway,1372,1.0,0.0,0.0
1,DB00006,DB00244,1,1.0,B,DB00244,pathway,1388,1.0,0.0,0.0
1,DB00006,DB00244,1,1.0,B,DB00244,pathway,1401,1.0,0.0,0.0
1,DB00006,DB00244,1,1.0,B,DB00244,pathway,1406,1.0,0.0,0.0
1,DB00006,DB00244,1,1.0,B,DB00244,pathway,1423,1.0,0.0,0.0
1,DB00006,DB00244,1,1.0,B,DB00244,pathway,1424,1.0,0.0,0.0
1,DB00006,DB00244,1,1.0,B,DB00244,pathway,1429,1.0,0.0,0.0
1,DB00006,DB00244,1,1.0,B,DB00244,pathway,1430,1.0,0.0,0.0
1,DB00006,DB00244,1,1.0,B,DB00244,pathway,1431,1.0,0.0,0.0
1,DB00006,DB00244,1,1.0,B,DB00244,pathway,1432,1.0,0.0,0.0
1,DB00006,DB00244,1,1.0,B,DB00244,pathway,1433,1.0,0.0,0.0
1,DB00006,DB00244,1,1.0,B,DB00244,pathway,1434,1.0,0.0,0.0
1,DB00006,DB00244,1,1.0,B,DB00244,pathway,1435,1.0,0.0,0.0
1,DB00006,DB00244,1,1.0,B,DB00244,pathway,1438,1.0,0.0,0.0
1,DB00006,DB00244,1,1.0,B,DB00244,pathway,1448,1.0,0.0,0.0
1,DB00006,DB00244,1,1.0,B,DB00244,pathway,1450,1.0,0.0,0.0
1,DB00006,DB00244,1,1.0,B,DB00244,pathway,1453,1.0,0.0,0.0
1,DB00006,DB00244,1,1.0,B,DB00244,pathway,1454,1.0,0.0,0.0
1,DB00006,DB00244,1,1.0,B,DB00244,pathway,1455,1.0,0.0,0.0
1,DB00006,DB00244,1,1.0,B,DB00244,pathway,1456,1.0,0.0,0.0
1,DB00006,DB00244,1,1.0,B,DB00244,pathway,1458,1.0,0.0,0.0
1,DB00006,DB00244,1,1.0,B,DB00244,pathway,1467,1.0,0.0,0.0
1,DB00006,DB00244,1,1.0,B,DB00244,pathway,1468,1.0,0.0,0.0
1,DB00006,DB00244,1,1.0,B,DB00244,pathway,1479,1.0,0.0,0.0
1,DB00006,DB00244,1,1.0,B,DB00244,pathway,1488,1.0,0.0,0.0
1,DB00006,DB00244,1,1.0,B,DB00244,pathway,1489,1.0,0.0,0.0
1,DB00006,DB00244,1,1.0,B,DB00244,pathway,1500,1.0,0.0,0.0
1,DB00006,DB00244,1,1.0,B,DB00244,pathway,1501,1.0,0.0,0.0
1,DB00006,DB00244,1,1.0,B,DB00244,pathway,1505,1.0,0.0,0.0
1,DB00006,DB00244,1,1.0,B,DB00244,pathway,1506,1.0,0.0,0.0
1,DB00006,DB00244,1,1.0,B,DB00244,pathway,1518,1.0,0.0,0.0
1,DB00006,DB00244,1,1.0,B,DB00244,pathway,1522,1.0,0.0,0.0
1,DB00006,DB00244,1,1.0,B,DB00244,pathway,1551,1.0,0.0,0.0
1,DB00006,DB00244,1,1.0,B,DB00244,pathway,1562,1.0,0.0,0.0
1,DB00006,DB00244,1,1.0,B,DB00244,pathway,1577,1.0,0.0,0.0
1,DB00006,DB00244,1,1.0,B,DB00244,pathway,1583,1.0,0.0,0.0
1,DB00006,DB00244,1,1.0,B,DB00244,pathway,1652,1.0,0.0,0.0
1,DB00006,DB00244,1,1.0,B,DB00244,pathway,1663,1.0,0.0,0.0
1,DB00006,DB00244,1,1.0,B,DB00244,pathway,1665,1.0,0.0,0.0
1,DB00006,DB00244,1,1.0,B,DB00244,pathway,1666,1.0,0.0,0.0
1,DB00006,DB00244,1,1.0,B,DB00244,pathway,1685,1.0,0.0,0.0
1,DB00006,DB00244,1,1.0,B,DB00244,pathway,1686,1.0,0.0,0.0
1,DB00006,DB00244,1,1.0,B,DB00244,pathway,1688,1.0,0.0,0.0
1,DB00006,DB00244,1,1.0,B,DB00244,pathway,1700,1.0,0.0,0.0
1,DB00006,DB00244,1,1.0,B,DB00244,pathway,1701,1.0,0.0,0.0
1,DB00006,DB00244,1,1.0,B,DB00244,pathway,1721,1.0,0.0,0.0
1,DB00006,DB00244,1,1.0,B,DB00244,pathway,1730,1.0,0.0,0.0
1,DB00006,DB00244,1,1.0,B,DB00244,pathway,1733,1.0,0.0,0.0
1,DB00006,DB00244,1,1.0,B,DB00244,pathway,1737,1.0,0.0,0.0
1,DB00006,DB00244,1,1.0,B,DB00244,pathway,1744,1.0,0.0,0.0
1,DB00006,DB00244,1,1.0,B,DB00244,pathway,1746,1.0,0.0,0.0
1,DB00006,DB00244,1,1.0,B,DB00244,pathway,1751,1.0,0.0,0.0
1,DB00006,DB00244,1,1.0,B,DB00244,pathway,1752,1.0,0.0,0.0
1,DB00006,DB00244,1,1.0,B,DB00244,pathway,1784,1.0,0.0,0.0
1,DB00006,DB00244,1,1.0,B,DB00244,pathway,1790,1.0,0.0,0.0
1,DB00006,DB00244,1,1.0,B,DB00244,pathway,1791,1.0,0.0,0.0
1,DB00006,DB00244,1,1.0,B,DB00244,pathway,1802,1.0,0.0,0.0
1,DB00006,DB00244,1,1.0,B,DB00244,pathway,1817,1.0,0.0,0.0
1,DB00006,DB00244,1,1.0,B,DB00244,pathway,1833,1.0,0.0,0.0
1,DB00006,DB00244,1,1.0,B,DB00244,pathway,1839,1.0,0.0,0.0
1,DB00006,DB00244,1,1.0,B,DB00244,pathway,1853,1.0,0.0,0.0
1,DB00006,DB00244,1,1.0,B,DB00244,pathway,1854,1.0,0.0,0.0
1,DB00006,DB00244,1,1.0,B,DB00244,pathway,1871,1.0,0.0,0.0
1,DB00006,DB00244,1,1.0,B,DB00244,pathway,1872,1.0,0.0,0.0
1,DB00006,DB00244,1,1.0,B,DB00244,pathway,1877,1.0,0.0,0.0
1,DB00006,DB00244,1,1.0,B,DB00244,pathway,1879,1.0,0.0,0.0
1,DB00006,DB00244,1,1.0,B,DB00244,pathway,1897,1.0,0.0,0.0
1,DB00006,DB00244,1,1.0,B,DB00244,pathway,1903,1.0,0.0,0.0
1,DB00006,DB00244,1,1.0,B,DB00244,pathway,1905,1.0,0.0,0.0
1,DB00006,DB00244,1,1.0,B,DB00244,pathway,1932,1.0,0.0,0.0
1,DB00006,DB00244,1,1.0,B,DB00244,pathway,1935,1.0,0.0,0.0
1,DB00006,DB00244,1,1.0,B,DB00244,pathway,1958,1.0,0.0,0.0
1,DB00006,DB00244,1,1.0,B,DB00244,pathway,1959,1.0,0.0,0.0
1,DB00006,DB00244,1,1.0,B,DB00244,pathway,1964,1.0,0.0,0.0
1,DB00006,DB00244,1,1.0,B,DB00244,pathway,1965,1.0,0.0,0.0
2,DB00006,DB00712,1,1.0,A,DB00006,pathway,160,1.0,0.0,0.0
2,DB00006,DB00712,1,1.0,A,DB00006,pathway,161,1.0,0.0,0.0
2,DB00006,DB00712,1,1.0,A,DB00006,pathway,162,1.0,0.0,0.0
2,DB00006,DB00712,1,1.0,A,DB00006,pathway,399,1.0,0.0,0.0
2,DB00006,DB00712,1,1.0,A,DB00006,pathway,620,1.0,0.0,0.0
2,DB00006,DB00712,1,1.0,A,DB00006,pathway,646,1.0,0.0,0.0
2,DB00006,DB00712,1,1.0,A,DB00006,pathway,704,0.9999998807907104,1.1920928955078125e-07,1.1920928955078125e-07
2,DB00006,DB00712,1,1.0,A,DB00006,pathway,811,1.0,0.0,0.0
2,DB00006,DB00712,1,1.0,A,DB00006,pathway,1116,1.0,0.0,0.0
2,DB00006,DB00712,1,1.0,A,DB00006,pathway,1250,1.0,0.0,0.0
2,DB00006,DB00712,1,1.0,A,DB00006,pathway,1351,0.9999998807907104,1.1920928955078125e-07,1.1920928955078125e-07
2,DB00006,DB00712,1,1.0,A,DB00006,pathway,1574,1.0,0.0,0.0
2,DB00006,DB00712,1,1.0,A,DB00006,pathway,1616,0.9999998807907104,1.1920928955078125e-07,1.1920928955078125e-07
2,DB00006,DB00712,1,1.0,A,DB00006,pathway,1777,1.0,0.0,0.0
2,DB00006,DB00712,1,1.0,A,DB00006,pathway,1778,1.0,0.0,0.0
2,DB00006,DB00712,1,1.0,A,DB00006,pathway,1779,1.0,0.0,0.0
2,DB00006,DB00712,1,1.0,A,DB00006,pathway,1780,1.0,0.0,0.0
2,DB00006,DB00712,1,1.0,A,DB00006,pathway,1788,0.9999998807907104,1.1920928955078125e-07,1.1920928955078125e-07
2,DB00006,DB00712,1,1.0,A,DB00006,pathway,1892,0.9999998807907104,1.1920928955078125e-07,1.1920928955078125e-07
2,DB00006,DB00712,1,1.0,B,DB00712,pathway,2,1.0,0.0,0.0
2,DB00006,DB00712,1,1.0,B,DB00712,pathway,26,1.0,0.0,0.0
2,DB00006,DB00712,1,1.0,B,DB00712,pathway,29,1.0,0.0,0.0
2,DB00006,DB00712,1,1.0,B,DB00712,pathway,31,1.0,0.0,0.0
2,DB00006,DB00712,1,1.0,B,DB00712,pathway,39,1.0,0.0,0.0
2,DB00006,DB00712,1,1.0,B,DB00712,pathway,43,1.0,0.0,0.0
2,DB00006,DB00712,1,1.0,B,DB00712,pathway,44,1.0,0.0,0.0
2,DB00006,DB00712,1,1.0,B,DB00712,pathway,51,1.0,0.0,0.0
2,DB00006,DB00712,1,1.0,B,DB00712,pathway,52,1.0,0.0,0.0
2,DB00006,DB00712,1,1.0,B,DB00712,pathway,53,1.0,0.0,0.0
2,DB00006,DB00712,1,1.0,B,DB00712,pathway,55,1.0,0.0,0.0
2,DB00006,DB00712,1,1.0,B,DB00712,pathway,57,1.0,0.0,0.0
2,DB00006,DB00712,1,1.0,B,DB00712,pathway,62,1.0,0.0,0.0
2,DB00006,DB00712,1,1.0,B,DB00712,pathway,66,1.0,0.0,0.0
2,DB00006,DB00712,1,1.0,B,DB00712,pathway,67,1.0,0.0,0.0
2,DB00006,DB00712,1,1.0,B,DB00712,pathway,72,1.0,0.0,0.0
2,DB00006,DB00712,1,1.0,B,DB00712,pathway,74,1.0,0.0,0.0
2,DB00006,DB00712,1,1.0,B,DB00712,pathway,75,1.0,0.0,0.0
2,DB00006,DB00712,1,1.0,B,DB00712,pathway,78,1.0,0.0,0.0
2,DB00006,DB00712,1,1.0,B,DB00712,pathway,79,1.0,0.0,0.0
2,DB00006,DB00712,1,1.0,B,DB00712,pathway,81,1.0,0.0,0.0
2,DB00006,DB00712,1,1.0,B,DB00712,pathway,84,1.0,0.0,0.0
2,DB00006,DB00712,1,1.0,B,DB00712,pathway,91,1.0,0.0,0.0
2,DB00006,DB00712,1,1.0,B,DB00712,pathway,98,1.0,0.0,0.0
2,DB00006,DB00712,1,1.0,B,DB00712,pathway,100,1.0,0.0,0.0
2,DB00006,DB00712,1,1.0,B,DB00712,pathway,110,1.0,0.0,0.0
2,DB00006,DB00712,1,1.0,B,DB00712,pathway,113,1.0,0.0,0.0
2,DB00006,DB00712,1,1.0,B,DB00712,pathway,116,1.0,0.0,0.0
2,DB00006,DB00712,1,1.0,B,DB00712,pathway,117,1.0,0.0,0.0
2,DB00006,DB00712,1,1.0,B,DB00712,pathway,119,1.0,0.0,0.0
2,DB00006,DB00712,1,1.0,B,DB00712,pathway,121,1.0,0.0,0.0
2,DB00006,DB00712,1,1.0,B,DB00712,pathway,123,0.9999998807907104,1.1920928955078125e-07,1.1920928955078125e-07
2,DB00006,DB00712,1,1.0,B,DB00712,pathway,124,1.0,0.0,0.0
2,DB00006,DB00712,1,1.0,B,DB00712,pathway,136,1.0,0.0,0.0
2,DB00006,DB00712,1,1.0,B,DB00712,pathway,141,1.0,0.0,0.0
2,DB00006,DB00712,1,1.0,B,DB00712,pathway,143,1.0,0.0,0.0
2,DB00006,DB00712,1,1.0,B,DB00712,pathway,146,1.0,0.0,0.0
2,DB00006,DB00712,1,1.0,B,DB00712,pathway,158,1.0,0.0,0.0
2,DB00006,DB00712,1,1.0,B,DB00712,pathway,159,1.0,0.0,0.0
2,DB00006,DB00712,1,1.0,B,DB00712,pathway,172,1.0,0.0,0.0
2,DB00006,DB00712,1,1.0,B,DB00712,pathway,179,1.0,0.0,0.0
2,DB00006,DB00712,1,1.0,B,DB00712,pathway,191,1.0,0.0,0.0
2,DB00006,DB00712,1,1.0,B,DB00712,pathway,227,1.0,0.0,0.0
2,DB00006,DB00712,1,1.0,B,DB00712,pathway,237,1.0,0.0,0.0
2,DB00006,DB00712,1,1.0,B,DB00712,pathway,245,1.0,0.0,0.0
2,DB00006,DB00712,1,1.0,B,DB00712,pathway,247,1.0,0.0,0.0
2,DB00006,DB00712,1,1.0,B,DB00712,pathway,250,1.0,0.0,0.0
2,DB00006,DB00712,1,1.0,B,DB00712,pathway,281,1.0,0.0,0.0
2,DB00006,DB00712,1,1.0,B,DB00712,pathway,283,1.0,0.0,0.0
2,DB00006,DB00712,1,1.0,B,DB00712,pathway,285,0.9999998807907104,1.1920928955078125e-07,1.1920928955078125e-07
2,DB00006,DB00712,1,1.0,B,DB00712,pathway,286,1.0,0.0,0.0
2,DB00006,DB00712,1,1.0,B,DB00712,pathway,287,1.0,0.0,0.0
2,DB00006,DB00712,1,1.0,B,DB00712,pathway,296,0.9999998807907104,1.1920928955078125e-07,1.1920928955078125e-07
2,DB00006,DB00712,1,1.0,B,DB00712,pathway,297,1.0,0.0,0.0
2,DB00006,DB00712,1,1.0,B,DB00712,pathway,308,1.0,0.0,0.0
2,DB00006,DB00712,1,1.0,B,DB00712,pathway,314,1.0,0.0,0.0
2,DB00006,DB00712,1,1.0,B,DB00712,pathway,315,1.0,0.0,0.0
2,DB00006,DB00712,1,1.0,B,DB00712,pathway,340,1.0,0.0,0.0
2,DB00006,DB00712,1,1.0,B,DB00712,pathway,345,0.9999998807907104,1.1920928955078125e-07,1.1920928955078125e-07
2,DB00006,DB00712,1,1.0,B,DB00712,pathway,346,1.0,0.0,0.0
2,DB00006,DB00712,1,1.0,B,DB00712,pathway,350,1.0,0.0,0.0
2,DB00006,DB00712,1,1.0,B,DB00712,pathway,353,1.0,0.0,0.0
2,DB00006,DB00712,1,1.0,B,DB00712,pathway,356,1.0,0.0,0.0
2,DB00006,DB00712,1,1.0,B,DB00712,pathway,358,1.0,0.0,0.0
2,DB00006,DB00712,1,1.0,B,DB00712,pathway,359,1.0,0.0,0.0
2,DB00006,DB00712,1,1.0,B,DB00712,pathway,371,1.0,0.0,0.0
2,DB00006,DB00712,1,1.0,B,DB00712,pathway,374,1.0,0.0,0.0
2,DB00006,DB00712,1,1.0,B,DB00712,pathway,385,1.0,0.0,0.0
2,DB00006,DB00712,1,1.0,B,DB00712,pathway,386,1.0,0.0,0.0
2,DB00006,DB00712,1,1.0,B,DB00712,pathway,387,1.0,0.0,0.0
2,DB00006,DB00712,1,1.0,B,DB00712,pathway,393,1.0,0.0,0.0
2,DB00006,DB00712,1,1.0,B,DB00712,pathway,394,1.0,0.0,0.0
2,DB00006,DB00712,1,1.0,B,DB00712,pathway,395,1.0,0.0,0.0
2,DB00006,DB00712,1,1.0,B,DB00712,pathway,396,1.0,0.0,0.0
2,DB00006,DB00712,1,1.0,B,DB00712,pathway,397,1.0,0.0,0.0
2,DB00006,DB00712,1,1.0,B,DB00712,pathway,398,1.0,0.0,0.0
2,DB00006,DB00712,1,1.0,B,DB00712,pathway,399,1.0,0.0,0.0
2,DB00006,DB00712,1,1.0,B,DB00712,pathway,401,1.0,0.0,0.0
2,DB00006,DB00712,1,1.0,B,DB00712,pathway,402,1.0,0.0,0.0
2,DB00006,DB00712,1,1.0,B,DB00712,pathway,429,1.0,0.0,0.0
2,DB00006,DB00712,1,1.0,B,DB00712,pathway,430,1.0,0.0,0.0
2,DB00006,DB00712,1,1.0,B,DB00712,pathway,438,1.0,0.0,0.0
2,DB00006,DB00712,1,1.0,B,DB00712,pathway,439,1.0,0.0,0.0
2,DB00006,DB00712,1,1.0,B,DB00712,pathway,440,1.0,0.0,0.0
2,DB00006,DB00712,1,1.0,B,DB00712,pathway,441,1.0,0.0,0.0
2,DB00006,DB00712,1,1.0,B,DB00712,pathway,443,1.0,0.0,0.0
2,DB00006,DB00712,1,1.0,B,DB00712,pathway,444,1.0,0.0,0.0
2,DB00006,DB00712,1,1.0,B,DB00712,pathway,446,1.0,0.0,0.0
2,DB00006,DB00712,1,1.0,B,DB00712,pathway,447,1.0,0.0,0.0
2,DB00006,DB00712,1,1.0,B,DB00712,pathway,452,1.0,0.0,0.0
2,DB00006,DB00712,1,1.0,B,DB00712,pathway,455,1.0,0.0,0.0
2,DB00006,DB00712,1,1.0,B,DB00712,pathway,461,0.9999998807907104,1.1920928955078125e-07,1.1920928955078125e-07
2,DB00006,DB00712,1,1.0,B,DB00712,pathway,462,1.0,0.0,0.0
2,DB00006,DB00712,1,1.0,B,DB00712,pathway,464,1.0,0.0,0.0
2,DB00006,DB00712,1,1.0,B,DB00712,pathway,467,1.0,0.0,0.0
2,DB00006,DB00712,1,1.0,B,DB00712,pathway,473,1.0,0.0,0.0
2,DB00006,DB00712,1,1.0,B,DB00712,pathway,474,1.0,0.0,0.0
2,DB00006,DB00712,1,1.0,B,DB00712,pathway,480,1.0,0.0,0.0
2,DB00006,DB00712,1,1.0,B,DB00712,pathway,481,1.0,0.0,0.0
2,DB00006,DB00712,1,1.0,B,DB00712,pathway,482,1.0,0.0,0.0
2,DB00006,DB00712,1,1.0,B,DB00712,pathway,488,1.0,0.0,0.0
2,DB00006,DB00712,1,1.0,B,DB00712,pathway,498,1.0,0.0,0.0
2,DB00006,DB00712,1,1.0,B,DB00712,pathway,511,1.0,0.0,0.0
2,DB00006,DB00712,1,1.0,B,DB00712,pathway,512,1.0,0.0,0.0
2,DB00006,DB00712,1,1.0,B,DB00712,pathway,513,1.0,0.0,0.0
2,DB00006,DB00712,1,1.0,B,DB00712,pathway,515,1.0,0.0,0.0
2,DB00006,DB00712,1,1.0,B,DB00712,pathway,521,1.0,0.0,0.0
2,DB00006,DB00712,1,1.0,B,DB00712,pathway,528,1.0,0.0,0.0
2,DB00006,DB00712,1,1.0,B,DB00712,pathway,530,1.0,0.0,0.0
2,DB00006,DB00712,1,1.0,B,DB00712,pathway,531,1.0,0.0,0.0
2,DB00006,DB00712,1,1.0,B,DB00712,pathway,532,1.0,0.0,0.0
2,DB00006,DB00712,1,1.0,B,DB00712,pathway,536,1.0,0.0,0.0
2,DB00006,DB00712,1,1.0,B,DB00712,pathway,542,1.0,0.0,0.0
2,DB00006,DB00712,1,1.0,B,DB00712,pathway,544,0.9999998807907104,1.1920928955078125e-07,1.1920928955078125e-07
2,DB00006,DB00712,1,1.0,B,DB00712,pathway,587,1.0,0.0,0.0
2,DB00006,DB00712,1,1.0,B,DB00712,pathway,588,1.0,0.0,0.0
2,DB00006,DB00712,1,1.0,B,DB00712,pathway,589,1.0,0.0,0.0
2,DB00006,DB00712,1,1.0,B,DB00712,pathway,594,1.0,0.0,0.0
2,DB00006,DB00712,1,1.0,B,DB00712,pathway,614,0.9999998807907104,1.1920928955078125e-07,1.1920928955078125e-07
2,DB00006,DB00712,1,1.0,B,DB00712,pathway,617,1.0,0.0,0.0
2,DB00006,DB00712,1,1.0,B,DB00712,pathway,619,1.0,0.0,0.0
2,DB00006,DB00712,1,1.0,B,DB00712,pathway,620,1.0,0.0,0.0
2,DB00006,DB00712,1,1.0,B,DB00712,pathway,622,1.0,0.0,0.0
2,DB00006,DB00712,1,1.0,B,DB00712,pathway,625,1.0,0.0,0.0
2,DB00006,DB00712,1,1.0,B,DB00712,pathway,626,0.9999998807907104,1.1920928955078125e-07,1.1920928955078125e-07
2,DB00006,DB00712,1,1.0,B,DB00712,pathway,627,1.0,0.0,0.0
2,DB00006,DB00712,1,1.0,B,DB00712,pathway,630,1.0,0.0,0.0
2,DB00006,DB00712,1,1.0,B,DB00712,pathway,631,1.0,0.0,0.0
2,DB00006,DB00712,1,1.0,B,DB00712,pathway,636,0.9999998807907104,1.1920928955078125e-07,1.1920928955078125e-07
2,DB00006,DB00712,1,1.0,B,DB00712,pathway,637,1.0,0.0,0.0
2,DB00006,DB00712,1,1.0,B,DB00712,pathway,646,1.0,0.0,0.0
2,DB00006,DB00712,1,1.0,B,DB00712,pathway,647,0.9999998807907104,1.1920928955078125e-07,1.1920928955078125e-07
2,DB00006,DB00712,1,1.0,B,DB00712,pathway,650,0.9999998807907104,1.1920928955078125e-07,1.1920928955078125e-07
2,DB00006,DB00712,1,1.0,B,DB00712,pathway,651,1.0,0.0,0.0
2,DB00006,DB00712,1,1.0,B,DB00712,pathway,652,1.0,0.0,0.0
2,DB00006,DB00712,1,1.0,B,DB00712,pathway,654,1.0,0.0,0.0
2,DB00006,DB00712,1,1.0,B,DB00712,pathway,655,1.0,0.0,0.0
2,DB00006,DB00712,1,1.0,B,DB00712,pathway,656,1.0,0.0,0.0
2,DB00006,DB00712,1,1.0,B,DB00712,pathway,658,1.0,0.0,0.0
2,DB00006,DB00712,1,1.0,B,DB00712,pathway,664,1.0,0.0,0.0
2,DB00006,DB00712,1,1.0,B,DB00712,pathway,670,1.0,0.0,0.0
2,DB00006,DB00712,1,1.0,B,DB00712,pathway,671,1.0,0.0,0.0
2,DB00006,DB00712,1,1.0,B,DB00712,pathway,672,0.9999998807907104,1.1920928955078125e-07,1.1920928955078125e-07
2,DB00006,DB00712,1,1.0,B,DB00712,pathway,673,0.9999998807907104,1.1920928955078125e-07,1.1920928955078125e-07
2,DB00006,DB00712,1,1.0,B,DB00712,pathway,674,1.0,0.0,0.0
2,DB00006,DB00712,1,1.0,B,DB00712,pathway,677,1.0,0.0,0.0
2,DB00006,DB00712,1,1.0,B,DB00712,pathway,679,1.0,0.0,0.0
2,DB00006,DB00712,1,1.0,B,DB00712,pathway,685,1.0,0.0,0.0
2,DB00006,DB00712,1,1.0,B,DB00712,pathway,686,1.0,0.0,0.0
2,DB00006,DB00712,1,1.0,B,DB00712,pathway,687,1.0,0.0,0.0
2,DB00006,DB00712,1,1.0,B,DB00712,pathway,688,1.0,0.0,0.0
2,DB00006,DB00712,1,1.0,B,DB00712,pathway,691,1.0,0.0,0.0
2,DB00006,DB00712,1,1.0,B,DB00712,pathway,692,1.0,0.0,0.0
2,DB00006,DB00712,1,1.0,B,DB00712,pathway,693,1.0,0.0,0.0
2,DB00006,DB00712,1,1.0,B,DB00712,pathway,694,0.9999998807907104,1.1920928955078125e-07,1.1920928955078125e-07
2,DB00006,DB00712,1,1.0,B,DB00712,pathway,695,1.0,0.0,0.0
2,DB00006,DB00712,1,1.0,B,DB00712,pathway,701,1.0,0.0,0.0
2,DB00006,DB00712,1,1.0,B,DB00712,pathway,703,1.0,0.0,0.0
2,DB00006,DB00712,1,1.0,B,DB00712,pathway,704,1.0,0.0,0.0
2,DB00006,DB00712,1,1.0,B,DB00712,pathway,705,1.0,0.0,0.0
2,DB00006,DB00712,1,1.0,B,DB00712,pathway,707,1.0,0.0,0.0
2,DB00006,DB00712,1,1.0,B,DB00712,pathway,708,1.0,0.0,0.0
2,DB00006,DB00712,1,1.0,B,DB00712,pathway,709,1.0,0.0,0.0
2,DB00006,DB00712,1,1.0,B,DB00712,pathway,711,1.0,0.0,0.0
2,DB00006,DB00712,1,1.0,B,DB00712,pathway,715,1.0,0.0,0.0
2,DB00006,DB00712,1,1.0,B,DB00712,pathway,716,1.0,0.0,0.0
2,DB00006,DB00712,1,1.0,B,DB00712,pathway,717,1.0,0.0,0.0
2,DB00006,DB00712,1,1.0,B,DB00712,pathway,718,1.0,0.0,0.0
2,DB00006,DB00712,1,1.0,B,DB00712,pathway,719,0.9999998807907104,1.1920928955078125e-07,1.1920928955078125e-07
2,DB00006,DB00712,1,1.0,B,DB00712,pathway,728,1.0,0.0,0.0
2,DB00006,DB00712,1,1.0,B,DB00712,pathway,730,1.0,0.0,0.0
2,DB00006,DB00712,1,1.0,B,DB00712,pathway,732,1.0,0.0,0.0
2,DB00006,DB00712,1,1.0,B,DB00712,pathway,764,1.0,0.0,0.0
2,DB00006,DB00712,1,1.0,B,DB00712,pathway,765,0.9999998807907104,1.1920928955078125e-07,1.1920928955078125e-07
2,DB00006,DB00712,1,1.0,B,DB00712,pathway,772,1.0,0.0,0.0
2,DB00006,DB00712,1,1.0,B,DB00712,pathway,775,1.0,0.0,0.0
2,DB00006,DB00712,1,1.0,B,DB00712,pathway,776,1.0,0.0,0.0
2,DB00006,DB00712,1,1.0,B,DB00712,pathway,777,1.0,0.0,0.0
2,DB00006,DB00712,1,1.0,B,DB00712,pathway,783,1.0,0.0,0.0
2,DB00006,DB00712,1,1.0,B,DB00712,pathway,784,0.9999998807907104,1.1920928955078125e-07,1.1920928955078125e-07
2,DB00006,DB00712,1,1.0,B,DB00712,pathway,787,0.9999998807907104,1.1920928955078125e-07,1.1920928955078125e-07
2,DB00006,DB00712,1,1.0,B,DB00712,pathway,788,1.0,0.0,0.0
2,DB00006,DB00712,1,1.0,B,DB00712,pathway,789,0.9999998807907104,1.1920928955078125e-07,1.1920928955078125e-07
2,DB00006,DB00712,1,1.0,B,DB00712,pathway,797,1.0,0.0,0.0
2,DB00006,DB00712,1,1.0,B,DB00712,pathway,799,1.0,0.0,0.0
2,DB00006,DB00712,1,1.0,B,DB00712,pathway,801,1.0,0.0,0.0
2,DB00006,DB00712,1,1.0,B,DB00712,pathway,805,1.0,0.0,0.0
2,DB00006,DB00712,1,1.0,B,DB00712,pathway,806,1.0,0.0,0.0
2,DB00006,DB00712,1,1.0,B,DB00712,pathway,811,1.0,0.0,0.0
2,DB00006,DB00712,1,1.0,B,DB00712,pathway,830,1.0,0.0,0.0
2,DB00006,DB00712,1,1.0,B,DB00712,pathway,837,1.0,0.0,0.0
2,DB00006,DB00712,1,1.0,B,DB00712,pathway,845,1.0,0.0,0.0
2,DB00006,DB00712,1,1.0,B,DB00712,pathway,866,0.9999998807907104,1.1920928955078125e-07,1.1920928955078125e-07
2,DB00006,DB00712,1,1.0,B,DB00712,pathway,870,1.0,0.0,0.0
2,DB00006,DB00712,1,1.0,B,DB00712,pathway,877,1.0,0.0,0.0
2,DB00006,DB00712,1,1.0,B,DB00712,pathway,890,1.0,0.0,0.0
2,DB00006,DB00712,1,1.0,B,DB00712,pathway,896,1.0,0.0,0.0
2,DB00006,DB00712,1,1.0,B,DB00712,pathway,910,1.0,0.0,0.0
2,DB00006,DB00712,1,1.0,B,DB00712,pathway,919,1.0,0.0,0.0
2,DB00006,DB00712,1,1.0,B,DB00712,pathway,922,1.0,0.0,0.0
2,DB00006,DB00712,1,1.0,B,DB00712,pathway,940,1.0,0.0,0.0
2,DB00006,DB00712,1,1.0,B,DB00712,pathway,948,1.0,0.0,0.0
2,DB00006,DB00712,1,1.0,B,DB00712,pathway,955,1.0,0.0,0.0
2,DB00006,DB00712,1,1.0,B,DB00712,pathway,958,1.0,0.0,0.0
2,DB00006,DB00712,1,1.0,B,DB00712,pathway,965,1.0,0.0,0.0
2,DB00006,DB00712,1,1.0,B,DB00712,pathway,968,1.0,0.0,0.0
2,DB00006,DB00712,1,1.0,B,DB00712,pathway,969,1.0,0.0,0.0
2,DB00006,DB00712,1,1.0,B,DB00712,pathway,970,1.0,0.0,0.0
2,DB00006,DB00712,1,1.0,B,DB00712,pathway,986,1.0,0.0,0.0
2,DB00006,DB00712,1,1.0,B,DB00712,pathway,987,1.0,0.0,0.0
2,DB00006,DB00712,1,1.0,B,DB00712,pathway,990,0.9999998807907104,1.1920928955078125e-07,1.1920928955078125e-07
2,DB00006,DB00712,1,1.0,B,DB00712,pathway,1009,1.0,0.0,0.0
2,DB00006,DB00712,1,1.0,B,DB00712,pathway,1010,1.0,0.0,0.0
2,DB00006,DB00712,1,1.0,B,DB00712,pathway,1011,1.0,0.0,0.0
2,DB00006,DB00712,1,1.0,B,DB00712,pathway,1012,1.0,0.0,0.0
2,DB00006,DB00712,1,1.0,B,DB00712,pathway,1031,1.0,0.0,0.0
2,DB00006,DB00712,1,1.0,B,DB00712,pathway,1037,1.0,0.0,0.0
2,DB00006,DB00712,1,1.0,B,DB00712,pathway,1041,1.0,0.0,0.0
2,DB00006,DB00712,1,1.0,B,DB00712,pathway,1044,1.0,0.0,0.0
2,DB00006,DB00712,1,1.0,B,DB00712,pathway,1045,1.0,0.0,0.0
2,DB00006,DB00712,1,1.0,B,DB00712,pathway,1047,1.0,0.0,0.0
2,DB00006,DB00712,1,1.0,B,DB00712,pathway,1048,1.0,0.0,0.0
2,DB00006,DB00712,1,1.0,B,DB00712,pathway,1062,0.9999998807907104,1.1920928955078125e-07,1.1920928955078125e-07
2,DB00006,DB00712,1,1.0,B,DB00712,pathway,1073,1.0,0.0,0.0
2,DB00006,DB00712,1,1.0,B,DB00712,pathway,1074,1.0,0.0,0.0
2,DB00006,DB00712,1,1.0,B,DB00712,pathway,1103,1.0,0.0,0.0
2,DB00006,DB00712,1,1.0,B,DB00712,pathway,1107,1.0,0.0,0.0
2,DB00006,DB00712,1,1.0,B,DB00712,pathway,1108,0.9999998807907104,1.1920928955078125e-07,1.1920928955078125e-07
2,DB00006,DB00712,1,1.0,B,DB00712,pathway,1116,1.0,0.0,0.0
2,DB00006,DB00712,1,1.0,B,DB00712,pathway,1119,1.0,0.0,0.0
2,DB00006,DB00712,1,1.0,B,DB00712,pathway,1120,1.0,0.0,0.0
2,DB00006,DB00712,1,1.0,B,DB00712,pathway,1121,1.0,0.0,0.0
2,DB00006,DB00712,1,1.0,B,DB00712,pathway,1122,1.0,0.0,0.0
2,DB00006,DB00712,1,1.0,B,DB00712,pathway,1123,1.0,0.0,0.0
2,DB00006,DB00712,1,1.0,B,DB00712,pathway,1126,1.0,0.0,0.0
2,DB00006,DB00712,1,1.0,B,DB00712,pathway,1134,1.0,0.0,0.0
2,DB00006,DB00712,1,1.0,B,DB00712,pathway,1154,1.0,0.0,0.0
2,DB00006,DB00712,1,1.0,B,DB00712,pathway,1182,1.0,0.0,0.0
2,DB00006,DB00712,1,1.0,B,DB00712,pathway,1190,1.0,0.0,0.0
2,DB00006,DB00712,1,1.0,B,DB00712,pathway,1217,1.0,0.0,0.0
2,DB00006,DB00712,1,1.0,B,DB00712,pathway,1230,1.0,0.0,0.0
2,DB00006,DB00712,1,1.0,B,DB00712,pathway,1245,1.0,0.0,0.0
2,DB00006,DB00712,1,1.0,B,DB00712,pathway,1249,1.0,0.0,0.0
2,DB00006,DB00712,1,1.0,B,DB00712,pathway,1262,1.0,0.0,0.0
2,DB00006,DB00712,1,1.0,B,DB00712,pathway,1263,1.0,0.0,0.0
2,DB00006,DB00712,1,1.0,B,DB00712,pathway,1264,1.0,0.0,0.0
2,DB00006,DB00712,1,1.0,B,DB00712,pathway,1265,1.0,0.0,0.0
2,DB00006,DB00712,1,1.0,B,DB00712,pathway,1267,1.0,0.0,0.0
2,DB00006,DB00712,1,1.0,B,DB00712,pathway,1268,1.0,0.0,0.0
2,DB00006,DB00712,1,1.0,B,DB00712,pathway,1270,1.0,0.0,0.0
2,DB00006,DB00712,1,1.0,B,DB00712,pathway,1272,1.0,0.0,0.0
2,DB00006,DB00712,1,1.0,B,DB00712,pathway,1278,1.0,0.0,0.0
2,DB00006,DB00712,1,1.0,B,DB00712,pathway,1291,1.0,0.0,0.0
2,DB00006,DB00712,1,1.0,B,DB00712,pathway,1298,1.0,0.0,0.0
2,DB00006,DB00712,1,1.0,B,DB00712,pathway,1299,1.0,0.0,0.0
2,DB00006,DB00712,1,1.0,B,DB00712,pathway,1300,1.0,0.0,0.0
2,DB00006,DB00712,1,1.0,B,DB00712,pathway,1301,1.0,0.0,0.0
2,DB00006,DB00712,1,1.0,B,DB00712,pathway,1302,1.0,0.0,0.0
2,DB00006,DB00712,1,1.0,B,DB00712,pathway,1305,1.0,0.0,0.0
2,DB00006,DB00712,1,1.0,B,DB00712,pathway,1312,1.0,0.0,0.0
2,DB00006,DB00712,1,1.0,B,DB00712,pathway,1329,1.0,0.0,0.0
2,DB00006,DB00712,1,1.0,B,DB00712,pathway,1333,1.0,0.0,0.0
2,DB00006,DB00712,1,1.0,B,DB00712,pathway,1339,1.0,0.0,0.0
2,DB00006,DB00712,1,1.0,B,DB00712,pathway,1346,1.0,0.0,0.0
2,DB00006,DB00712,1,1.0,B,DB00712,pathway,1347,1.0,0.0,0.0
2,DB00006,DB00712,1,1.0,B,DB00712,pathway,1348,1.0,0.0,0.0
2,DB00006,DB00712,1,1.0,B,DB00712,pathway,1356,1.0,0.0,0.0
2,DB00006,DB00712,1,1.0,B,DB00712,pathway,1372,1.0,0.0,0.0
2,DB00006,DB00712,1,1.0,B,DB00712,pathway,1373,1.0,0.0,0.0
2,DB00006,DB00712,1,1.0,B,DB00712,pathway,1385,1.0,0.0,0.0
2,DB00006,DB00712,1,1.0,B,DB00712,pathway,1401,1.0,0.0,0.0
2,DB00006,DB00712,1,1.0,B,DB00712,pathway,1402,1.0,0.0,0.0
2,DB00006,DB00712,1,1.0,B,DB00712,pathway,1405,1.0,0.0,0.0
2,DB00006,DB00712,1,1.0,B,DB00712,pathway,1414,1.0,0.0,0.0
2,DB00006,DB00712,1,1.0,B,DB00712,pathway,1419,1.0,0.0,0.0
2,DB00006,DB00712,1,1.0,B,DB00712,pathway,1422,1.0,0.0,0.0
2,DB00006,DB00712,1,1.0,B,DB00712,pathway,1428,1.0,0.0,0.0
2,DB00006,DB00712,1,1.0,B,DB00712,pathway,1430,1.0,0.0,0.0
2,DB00006,DB00712,1,1.0,B,DB00712,pathway,1431,1.0,0.0,0.0
2,DB00006,DB00712,1,1.0,B,DB00712,pathway,1432,1.0,0.0,0.0
2,DB00006,DB00712,1,1.0,B,DB00712,pathway,1436,1.0,0.0,0.0
2,DB00006,DB00712,1,1.0,B,DB00712,pathway,1446,1.0,0.0,0.0
2,DB00006,DB00712,1,1.0,B,DB00712,pathway,1453,1.0,0.0,0.0
2,DB00006,DB00712,1,1.0,B,DB00712,pathway,1467,1.0,0.0,0.0
2,DB00006,DB00712,1,1.0,B,DB00712,pathway,1468,1.0,0.0,0.0
2,DB00006,DB00712,1,1.0,B,DB00712,pathway,1488,0.9999998807907104,1.1920928955078125e-07,1.1920928955078125e-07
2,DB00006,DB00712,1,1.0,B,DB00712,pathway,1491,1.0,0.0,0.0
2,DB00006,DB00712,1,1.0,B,DB00712,pathway,1500,0.9999998807907104,1.1920928955078125e-07,1.1920928955078125e-07
2,DB00006,DB00712,1,1.0,B,DB00712,pathway,1513,1.0,0.0,0.0
2,DB00006,DB00712,1,1.0,B,DB00712,pathway,1514,1.0,0.0,0.0
2,DB00006,DB00712,1,1.0,B,DB00712,pathway,1518,1.0,0.0,0.0
2,DB00006,DB00712,1,1.0,B,DB00712,pathway,1521,1.0,0.0,0.0
2,DB00006,DB00712,1,1.0,B,DB00712,pathway,1522,1.0,0.0,0.0
2,DB00006,DB00712,1,1.0,B,DB00712,pathway,1531,0.9999998807907104,1.1920928955078125e-07,1.1920928955078125e-07
2,DB00006,DB00712,1,1.0,B,DB00712,pathway,1533,0.9999998807907104,1.1920928955078125e-07,1.1920928955078125e-07
2,DB00006,DB00712,1,1.0,B,DB00712,pathway,1534,1.0,0.0,0.0
2,DB00006,DB00712,1,1.0,B,DB00712,pathway,1544,1.0,0.0,0.0
2,DB00006,DB00712,1,1.0,B,DB00712,pathway,1547,1.0,0.0,0.0
2,DB00006,DB00712,1,1.0,B,DB00712,pathway,1548,1.0,0.0,0.0
2,DB00006,DB00712,1,1.0,B,DB00712,pathway,1549,1.0,0.0,0.0
2,DB00006,DB00712,1,1.0,B,DB00712,pathway,1562,1.0,0.0,0.0
2,DB00006,DB00712,1,1.0,B,DB00712,pathway,1567,1.0,0.0,0.0
2,DB00006,DB00712,1,1.0,B,DB00712,pathway,1568,1.0,0.0,0.0
2,DB00006,DB00712,1,1.0,B,DB00712,pathway,1569,1.0,0.0,0.0
2,DB00006,DB00712,1,1.0,B,DB00712,pathway,1570,1.0,0.0,0.0
2,DB00006,DB00712,1,1.0,B,DB00712,pathway,1571,1.0,0.0,0.0
2,DB00006,DB00712,1,1.0,B,DB00712,pathway,1577,1.0,0.0,0.0
2,DB00006,DB00712,1,1.0,B,DB00712,pathway,1582,1.0,0.0,0.0
2,DB00006,DB00712,1,1.0,B,DB00712,pathway,1584,1.0,0.0,0.0
2,DB00006,DB00712,1,1.0,B,DB00712,pathway,1585,1.0,0.0,0.0
2,DB00006,DB00712,1,1.0,B,DB00712,pathway,1586,1.0,0.0,0.0
2,DB00006,DB00712,1,1.0,B,DB00712,pathway,1587,1.0,0.0,0.0
2,DB00006,DB00712,1,1.0,B,DB00712,pathway,1589,1.0,0.0,0.0
2,DB00006,DB00712,1,1.0,B,DB00712,pathway,1590,1.0,0.0,0.0
2,DB00006,DB00712,1,1.0,B,DB00712,pathway,1591,1.0,0.0,0.0
2,DB00006,DB00712,1,1.0,B,DB00712,pathway,1592,1.0,0.0,0.0
2,DB00006,DB00712,1,1.0,B,DB00712,pathway,1593,1.0,0.0,0.0
2,DB00006,DB00712,1,1.0,B,DB00712,pathway,1594,1.0,0.0,0.0
2,DB00006,DB00712,1,1.0,B,DB00712,pathway,1595,1.0,0.0,0.0
2,DB00006,DB00712,1,1.0,B,DB00712,pathway,1596,1.0,0.0,0.0
2,DB00006,DB00712,1,1.0,B,DB00712,pathway,1597,1.0,0.0,0.0
2,DB00006,DB00712,1,1.0,B,DB00712,pathway,1598,1.0,0.0,0.0
2,DB00006,DB00712,1,1.0,B,DB00712,pathway,1599,1.0,0.0,0.0
2,DB00006,DB00712,1,1.0,B,DB00712,pathway,1613,1.0,0.0,0.0
2,DB00006,DB00712,1,1.0,B,DB00712,pathway,1637,1.0,0.0,0.0
2,DB00006,DB00712,1,1.0,B,DB00712,pathway,1640,1.0,0.0,0.0
2,DB00006,DB00712,1,1.0,B,DB00712,pathway,1652,1.0,0.0,0.0
2,DB00006,DB00712,1,1.0,B,DB00712,pathway,1692,1.0,0.0,0.0
2,DB00006,DB00712,1,1.0,B,DB00712,pathway,1694,1.0,0.0,0.0
2,DB00006,DB00712,1,1.0,B,DB00712,pathway,1713,1.0,0.0,0.0
2,DB00006,DB00712,1,1.0,B,DB00712,pathway,1719,1.0,0.0,0.0
2,DB00006,DB00712,1,1.0,B,DB00712,pathway,1729,1.0,0.0,0.0
2,DB00006,DB00712,1,1.0,B,DB00712,pathway,1730,1.0,0.0,0.0
2,DB00006,DB00712,1,1.0,B,DB00712,pathway,1737,0.9999998807907104,1.1920928955078125e-07,1.1920928955078125e-07
2,DB00006,DB00712,1,1.0,B,DB00712,pathway,1744,1.0,0.0,0.0
2,DB00006,DB00712,1,1.0,B,DB00712,pathway,1750,0.9999998807907104,1.1920928955078125e-07,1.1920928955078125e-07
2,DB00006,DB00712,1,1.0,B,DB00712,pathway,1751,1.0,0.0,0.0
2,DB00006,DB00712,1,1.0,B,DB00712,pathway,1770,1.0,0.0,0.0
2,DB00006,DB00712,1,1.0,B,DB00712,pathway,1774,1.0,0.0,0.0
2,DB00006,DB00712,1,1.0,B,DB00712,pathway,1776,1.0,0.0,0.0
2,DB00006,DB00712,1,1.0,B,DB00712,pathway,1779,1.0,0.0,0.0
2,DB00006,DB00712,1,1.0,B,DB00712,pathway,1783,1.0,0.0,0.0
2,DB00006,DB00712,1,1.0,B,DB00712,pathway,1788,0.9999998807907104,1.1920928955078125e-07,1.1920928955078125e-07
2,DB00006,DB00712,1,1.0,B,DB00712,pathway,1791,1.0,0.0,0.0
2,DB00006,DB00712,1,1.0,B,DB00712,pathway,1805,1.0,0.0,0.0
2,DB00006,DB00712,1,1.0,B,DB00712,pathway,1812,1.0,0.0,0.0
2,DB00006,DB00712,1,1.0,B,DB00712,pathway,1818,1.0,0.0,0.0
2,DB00006,DB00712,1,1.0,B,DB00712,pathway,1837,1.0,0.0,0.0
2,DB00006,DB00712,1,1.0,B,DB00712,pathway,1848,1.0,0.0,0.0
2,DB00006,DB00712,1,1.0,B,DB00712,pathway,1850,1.0,0.0,0.0
2,DB00006,DB00712,1,1.0,B,DB00712,pathway,1865,1.0,0.0,0.0
2,DB00006,DB00712,1,1.0,B,DB00712,pathway,1867,1.0,0.0,0.0
2,DB00006,DB00712,1,1.0,B,DB00712,pathway,1880,1.0,0.0,0.0
2,DB00006,DB00712,1,1.0,B,DB00712,pathway,1892,0.9999998807907104,1.1920928955078125e-07,1.1920928955078125e-07
2,DB00006,DB00712,1,1.0,B,DB00712,pathway,1898,1.0,0.0,0.0
2,DB00006,DB00712,1,1.0,B,DB00712,pathway,1903,1.0,0.0,0.0
2,DB00006,DB00712,1,1.0,B,DB00712,pathway,1904,1.0,0.0,0.0
2,DB00006,DB00712,1,1.0,B,DB00712,pathway,1905,1.0,0.0,0.0
2,DB00006,DB00712,1,1.0,B,DB00712,pathway,1925,0.9999998807907104,1.1920928955078125e-07,1.1920928955078125e-07
2,DB00006,DB00712,1,1.0,B,DB00712,pathway,1926,1.0,0.0,0.0
2,DB00006,DB00712,1,1.0,B,DB00712,pathway,1932,1.0,0.0,0.0
2,DB00006,DB00712,1,1.0,B,DB00712,pathway,1933,1.0,0.0,0.0
2,DB00006,DB00712,1,1.0,B,DB00712,pathway,1958,1.0,0.0,0.0
2,DB00006,DB00712,1,1.0,B,DB00712,pathway,1959,1.0,0.0,0.0
2,DB00006,DB00712,1,1.0,B,DB00712,pathway,1965,1.0,0.0,0.0
3,DB00035,DB00244,1,1.0,A,DB00035,pathway,110,1.0,0.0,0.0
3,DB00035,DB00244,1,1.0,A,DB00035,pathway,462,1.0,0.0,0.0
3,DB00035,DB00244,1,1.0,A,DB00035,pathway,473,1.0,0.0,0.0
3,DB00035,DB00244,1,1.0,A,DB00035,pathway,652,1.0,0.0,0.0
3,DB00035,DB00244,1,1.0,A,DB00035,pathway,704,0.9999455213546753,5.447864532470703e-05,5.447864532470703e-05
3,DB00035,DB00244,1,1.0,A,DB00035,pathway,716,1.0,0.0,0.0
3,DB00035,DB00244,1,1.0,A,DB00035,pathway,762,1.0,0.0,0.0
3,DB00035,DB00244,1,1.0,A,DB00035,pathway,955,1.0,0.0,0.0
3,DB00035,DB00244,1,1.0,A,DB00035,pathway,1103,1.0,0.0,0.0
3,DB00035,DB00244,1,1.0,A,DB00035,pathway,1108,0.9992183446884155,0.0007816553115844727,0.0007816553115844727
3,DB00035,DB00244,1,1.0,A,DB00035,pathway,1298,1.0,0.0,0.0
3,DB00035,DB00244,1,1.0,A,DB00035,pathway,1299,1.0,0.0,0.0
3,DB00035,DB00244,1,1.0,A,DB00035,pathway,1430,1.0,0.0,0.0
3,DB00035,DB00244,1,1.0,A,DB00035,pathway,1431,1.0,0.0,0.0
3,DB00035,DB00244,1,1.0,A,DB00035,pathway,1453,1.0,0.0,0.0
3,DB00035,DB00244,1,1.0,A,DB00035,pathway,1468,1.0,0.0,0.0
3,DB00035,DB00244,1,1.0,A,DB00035,pathway,1487,1.0,0.0,0.0
3,DB00035,DB00244,1,1.0,B,DB00244,pathway,4,1.0,0.0,0.0
3,DB00035,DB00244,1,1.0,B,DB00244,pathway,10,1.0,0.0,0.0
3,DB00035,DB00244,1,1.0,B,DB00244,pathway,11,1.0,0.0,0.0
3,DB00035,DB00244,1,1.0,B,DB00244,pathway,12,1.0,0.0,0.0
3,DB00035,DB00244,1,1.0,B,DB00244,pathway,20,1.0,0.0,0.0
3,DB00035,DB00244,1,1.0,B,DB00244,pathway,21,1.0,0.0,0.0
3,DB00035,DB00244,1,1.0,B,DB00244,pathway,22,1.0,0.0,0.0
3,DB00035,DB00244,1,1.0,B,DB00244,pathway,23,1.0,0.0,0.0
3,DB00035,DB00244,1,1.0,B,DB00244,pathway,24,1.0,0.0,0.0
3,DB00035,DB00244,1,1.0,B,DB00244,pathway,54,1.0,0.0,0.0
3,DB00035,DB00244,1,1.0,B,DB00244,pathway,58,1.0,0.0,0.0
3,DB00035,DB00244,1,1.0,B,DB00244,pathway,61,1.0,0.0,0.0
3,DB00035,DB00244,1,1.0,B,DB00244,pathway,63,1.0,0.0,0.0
3,DB00035,DB00244,1,1.0,B,DB00244,pathway,64,1.0,0.0,0.0
3,DB00035,DB00244,1,1.0,B,DB00244,pathway,65,1.0,0.0,0.0
3,DB00035,DB00244,1,1.0,B,DB00244,pathway,69,1.0,0.0,0.0
3,DB00035,DB00244,1,1.0,B,DB00244,pathway,110,1.0,0.0,0.0
3,DB00035,DB00244,1,1.0,B,DB00244,pathway,144,1.0,0.0,0.0
3,DB00035,DB00244,1,1.0,B,DB00244,pathway,159,1.0,0.0,0.0
3,DB00035,DB00244,1,1.0,B,DB00244,pathway,164,1.0,0.0,0.0
3,DB00035,DB00244,1,1.0,B,DB00244,pathway,165,1.0,0.0,0.0
3,DB00035,DB00244,1,1.0,B,DB00244,pathway,237,1.0,0.0,0.0
3,DB00035,DB00244,1,1.0,B,DB00244,pathway,238,1.0,0.0,0.0
3,DB00035,DB00244,1,1.0,B,DB00244,pathway,294,1.0,0.0,0.0
3,DB00035,DB00244,1,1.0,B,DB00244,pathway,315,1.0,0.0,0.0
3,DB00035,DB00244,1,1.0,B,DB00244,pathway,329,1.0,0.0,0.0
3,DB00035,DB00244,1,1.0,B,DB00244,pathway,362,1.0,0.0,0.0
3,DB00035,DB00244,1,1.0,B,DB00244,pathway,368,1.0,0.0,0.0
3,DB00035,DB00244,1,1.0,B,DB00244,pathway,374,1.0,0.0,0.0
3,DB00035,DB00244,1,1.0,B,DB00244,pathway,393,1.0,0.0,0.0
3,DB00035,DB00244,1,1.0,B,DB00244,pathway,417,1.0,0.0,0.0
3,DB00035,DB00244,1,1.0,B,DB00244,pathway,418,1.0,0.0,0.0
3,DB00035,DB00244,1,1.0,B,DB00244,pathway,426,1.0,0.0,0.0
3,DB00035,DB00244,1,1.0,B,DB00244,pathway,427,1.0,0.0,0.0
3,DB00035,DB00244,1,1.0,B,DB00244,pathway,439,1.0,0.0,0.0
3,DB00035,DB00244,1,1.0,B,DB00244,pathway,444,1.0,0.0,0.0
3,DB00035,DB00244,1,1.0,B,DB00244,pathway,446,1.0,0.0,0.0
3,DB00035,DB00244,1,1.0,B,DB00244,pathway,447,1.0,0.0,0.0
3,DB00035,DB00244,1,1.0,B,DB00244,pathway,455,1.0,0.0,0.0
3,DB00035,DB00244,1,1.0,B,DB00244,pathway,456,1.0,0.0,0.0
3,DB00035,DB00244,1,1.0,B,DB00244,pathway,457,1.0,0.0,0.0
3,DB00035,DB00244,1,1.0,B,DB00244,pathway,459,1.0,0.0,0.0
3,DB00035,DB00244,1,1.0,B,DB00244,pathway,460,1.0,0.0,0.0
3,DB00035,DB00244,1,1.0,B,DB00244,pathway,462,1.0,0.0,0.0
3,DB00035,DB00244,1,1.0,B,DB00244,pathway,464,1.0,0.0,0.0
3,DB00035,DB00244,1,1.0,B,DB00244,pathway,473,1.0,0.0,0.0
3,DB00035,DB00244,1,1.0,B,DB00244,pathway,513,1.0,0.0,0.0
3,DB00035,DB00244,1,1.0,B,DB00244,pathway,521,1.0,0.0,0.0
3,DB00035,DB00244,1,1.0,B,DB00244,pathway,524,1.0,0.0,0.0
3,DB00035,DB00244,1,1.0,B,DB00244,pathway,533,1.0,0.0,0.0
3,DB00035,DB00244,1,1.0,B,DB00244,pathway,536,1.0,0.0,0.0
3,DB00035,DB00244,1,1.0,B,DB00244,pathway,552,1.0,0.0,0.0
3,DB00035,DB00244,1,1.0,B,DB00244,pathway,557,1.0,0.0,0.0
3,DB00035,DB00244,1,1.0,B,DB00244,pathway,559,1.0,0.0,0.0
3,DB00035,DB00244,1,1.0,B,DB00244,pathway,589,1.0,0.0,0.0
3,DB00035,DB00244,1,1.0,B,DB00244,pathway,594,1.0,0.0,0.0
3,DB00035,DB00244,1,1.0,B,DB00244,pathway,645,1.0,0.0,0.0
3,DB00035,DB00244,1,1.0,B,DB00244,pathway,651,1.0,0.0,0.0
3,DB00035,DB00244,1,1.0,B,DB00244,pathway,680,1.0,0.0,0.0
3,DB00035,DB00244,1,1.0,B,DB00244,pathway,703,1.0,0.0,0.0
3,DB00035,DB00244,1,1.0,B,DB00244,pathway,744,1.0,0.0,0.0
3,DB00035,DB00244,1,1.0,B,DB00244,pathway,789,1.0,0.0,0.0
3,DB00035,DB00244,1,1.0,B,DB00244,pathway,797,1.0,0.0,0.0
3,DB00035,DB00244,1,1.0,B,DB00244,pathway,840,1.0,0.0,0.0
3,DB00035,DB00244,1,1.0,B,DB00244,pathway,853,1.0,0.0,0.0
3,DB00035,DB00244,1,1.0,B,DB00244,pathway,854,1.0,0.0,0.0
3,DB00035,DB00244,1,1.0,B,DB00244,pathway,855,1.0,0.0,0.0
3,DB00035,DB00244,1,1.0,B,DB00244,pathway,866,1.0,0.0,0.0
3,DB00035,DB00244,1,1.0,B,DB00244,pathway,870,1.0,0.0,0.0
3,DB00035,DB00244,1,1.0,B,DB00244,pathway,913,1.0,0.0,0.0
3,DB00035,DB00244,1,1.0,B,DB00244,pathway,914,1.0,0.0,0.0
3,DB00035,DB00244,1,1.0,B,DB00244,pathway,915,1.0,0.0,0.0
3,DB00035,DB00244,1,1.0,B,DB00244,pathway,918,1.0,0.0,0.0
3,DB00035,DB00244,1,1.0,B,DB00244,pathway,920,1.0,0.0,0.0
3,DB00035,DB00244,1,1.0,B,DB00244,pathway,940,1.0,0.0,0.0
3,DB00035,DB00244,1,1.0,B,DB00244,pathway,959,1.0,0.0,0.0
3,DB00035,DB00244,1,1.0,B,DB00244,pathway,965,1.0,0.0,0.0
3,DB00035,DB00244,1,1.0,B,DB00244,pathway,968,1.0,0.0,0.0
3,DB00035,DB00244,1,1.0,B,DB00244,pathway,977,1.0,0.0,0.0
3,DB00035,DB00244,1,1.0,B,DB00244,pathway,981,1.0,0.0,0.0
3,DB00035,DB00244,1,1.0,B,DB00244,pathway,989,1.0,0.0,0.0
3,DB00035,DB00244,1,1.0,B,DB00244,pathway,1018,1.0,0.0,0.0
3,DB00035,DB00244,1,1.0,B,DB00244,pathway,1020,1.0,0.0,0.0
3,DB00035,DB00244,1,1.0,B,DB00244,pathway,1040,1.0,0.0,0.0
3,DB00035,DB00244,1,1.0,B,DB00244,pathway,1046,1.0,0.0,0.0
3,DB00035,DB00244,1,1.0,B,DB00244,pathway,1050,1.0,0.0,0.0
3,DB00035,DB00244,1,1.0,B,DB00244,pathway,1063,1.0,0.0,0.0
3,DB00035,DB00244,1,1.0,B,DB00244,pathway,1064,1.0,0.0,0.0
3,DB00035,DB00244,1,1.0,B,DB00244,pathway,1066,1.0,0.0,0.0
3,DB00035,DB00244,1,1.0,B,DB00244,pathway,1073,1.0,0.0,0.0
3,DB00035,DB00244,1,1.0,B,DB00244,pathway,1075,1.0,0.0,0.0
3,DB00035,DB00244,1,1.0,B,DB00244,pathway,1079,1.0,0.0,0.0
3,DB00035,DB00244,1,1.0,B,DB00244,pathway,1080,1.0,0.0,0.0
3,DB00035,DB00244,1,1.0,B,DB00244,pathway,1081,1.0,0.0,0.0
3,DB00035,DB00244,1,1.0,B,DB00244,pathway,1082,1.0,0.0,0.0
3,DB00035,DB00244,1,1.0,B,DB00244,pathway,1083,1.0,0.0,0.0
3,DB00035,DB00244,1,1.0,B,DB00244,pathway,1084,1.0,0.0,0.0
3,DB00035,DB00244,1,1.0,B,DB00244,pathway,1085,1.0,0.0,0.0
3,DB00035,DB00244,1,1.0,B,DB00244,pathway,1089,1.0,0.0,0.0
3,DB00035,DB00244,1,1.0,B,DB00244,pathway,1090,1.0,0.0,0.0
3,DB00035,DB00244,1,1.0,B,DB00244,pathway,1099,1.0,0.0,0.0
3,DB00035,DB00244,1,1.0,B,DB00244,pathway,1100,1.0,0.0,0.0
3,DB00035,DB00244,1,1.0,B,DB00244,pathway,1102,1.0,0.0,0.0
3,DB00035,DB00244,1,1.0,B,DB00244,pathway,1103,1.0,0.0,0.0
3,DB00035,DB00244,1,1.0,B,DB00244,pathway,1106,1.0,0.0,0.0
3,DB00035,DB00244,1,1.0,B,DB00244,pathway,1108,1.0,0.0,0.0
3,DB00035,DB00244,1,1.0,B,DB00244,pathway,1109,1.0,0.0,0.0
3,DB00035,DB00244,1,1.0,B,DB00244,pathway,1114,1.0,0.0,0.0
3,DB00035,DB00244,1,1.0,B,DB00244,pathway,1116,1.0,0.0,0.0
3,DB00035,DB00244,1,1.0,B,DB00244,pathway,1126,1.0,0.0,0.0
3,DB00035,DB00244,1,1.0,B,DB00244,pathway,1134,1.0,0.0,0.0
3,DB00035,DB00244,1,1.0,B,DB00244,pathway,1138,1.0,0.0,0.0
3,DB00035,DB00244,1,1.0,B,DB00244,pathway,1177,1.0,0.0,0.0
3,DB00035,DB00244,1,1.0,B,DB00244,pathway,1189,1.0,0.0,0.0
3,DB00035,DB00244,1,1.0,B,DB00244,pathway,1192,1.0,0.0,0.0
3,DB00035,DB00244,1,1.0,B,DB00244,pathway,1200,1.0,0.0,0.0
3,DB00035,DB00244,1,1.0,B,DB00244,pathway,1218,1.0,0.0,0.0
3,DB00035,DB00244,1,1.0,B,DB00244,pathway,1224,1.0,0.0,0.0
3,DB00035,DB00244,1,1.0,B,DB00244,pathway,1225,1.0,0.0,0.0
3,DB00035,DB00244,1,1.0,B,DB00244,pathway,1246,1.0,0.0,0.0
3,DB00035,DB00244,1,1.0,B,DB00244,pathway,1262,1.0,0.0,0.0
3,DB00035,DB00244,1,1.0,B,DB00244,pathway,1263,1.0,0.0,0.0
3,DB00035,DB00244,1,1.0,B,DB00244,pathway,1264,1.0,0.0,0.0
3,DB00035,DB00244,1,1.0,B,DB00244,pathway,1268,1.0,0.0,0.0
3,DB00035,DB00244,1,1.0,B,DB00244,pathway,1278,1.0,0.0,0.0
3,DB00035,DB00244,1,1.0,B,DB00244,pathway,1292,1.0,0.0,0.0
3,DB00035,DB00244,1,1.0,B,DB00244,pathway,1300,1.0,0.0,0.0
3,DB00035,DB00244,1,1.0,B,DB00244,pathway,1314,1.0,0.0,0.0
3,DB00035,DB00244,1,1.0,B,DB00244,pathway,1329,1.0,0.0,0.0
3,DB00035,DB00244,1,1.0,B,DB00244,pathway,1348,1.0,0.0,0.0
3,DB00035,DB00244,1,1.0,B,DB00244,pathway,1353,1.0,0.0,0.0
3,DB00035,DB00244,1,1.0,B,DB00244,pathway,1356,1.0,0.0,0.0
3,DB00035,DB00244,1,1.0,B,DB00244,pathway,1366,1.0,0.0,0.0
3,DB00035,DB00244,1,1.0,B,DB00244,pathway,1370,1.0,0.0,0.0
3,DB00035,DB00244,1,1.0,B,DB00244,pathway,1372,1.0,0.0,0.0
3,DB00035,DB00244,1,1.0,B,DB00244,pathway,1388,1.0,0.0,0.0
3,DB00035,DB00244,1,1.0,B,DB00244,pathway,1401,1.0,0.0,0.0
3,DB00035,DB00244,1,1.0,B,DB00244,pathway,1406,1.0,0.0,0.0
3,DB00035,DB00244,1,1.0,B,DB00244,pathway,1423,1.0,0.0,0.0
3,DB00035,DB00244,1,1.0,B,DB00244,pathway,1424,1.0,0.0,0.0
3,DB00035,DB00244,1,1.0,B,DB00244,pathway,1429,1.0,0.0,0.0
3,DB00035,DB00244,1,1.0,B,DB00244,pathway,1430,1.0,0.0,0.0
3,DB00035,DB00244,1,1.0,B,DB00244,pathway,1431,1.0,0.0,0.0
3,DB00035,DB00244,1,1.0,B,DB00244,pathway,1432,1.0,0.0,0.0
3,DB00035,DB00244,1,1.0,B,DB00244,pathway,1433,1.0,0.0,0.0
3,DB00035,DB00244,1,1.0,B,DB00244,pathway,1434,1.0,0.0,0.0
3,DB00035,DB00244,1,1.0,B,DB00244,pathway,1435,1.0,0.0,0.0
3,DB00035,DB00244,1,1.0,B,DB00244,pathway,1438,1.0,0.0,0.0
3,DB00035,DB00244,1,1.0,B,DB00244,pathway,1448,1.0,0.0,0.0
3,DB00035,DB00244,1,1.0,B,DB00244,pathway,1450,1.0,0.0,0.0
3,DB00035,DB00244,1,1.0,B,DB00244,pathway,1453,1.0,0.0,0.0
3,DB00035,DB00244,1,1.0,B,DB00244,pathway,1454,1.0,0.0,0.0
3,DB00035,DB00244,1,1.0,B,DB00244,pathway,1455,1.0,0.0,0.0
3,DB00035,DB00244,1,1.0,B,DB00244,pathway,1456,1.0,0.0,0.0
3,DB00035,DB00244,1,1.0,B,DB00244,pathway,1458,1.0,0.0,0.0
3,DB00035,DB00244,1,1.0,B,DB00244,pathway,1467,1.0,0.0,0.0
3,DB00035,DB00244,1,1.0,B,DB00244,pathway,1468,1.0,0.0,0.0
3,DB00035,DB00244,1,1.0,B,DB00244,pathway,1479,1.0,0.0,0.0
3,DB00035,DB00244,1,1.0,B,DB00244,pathway,1488,1.0,0.0,0.0
3,DB00035,DB00244,1,1.0,B,DB00244,pathway,1489,1.0,0.0,0.0
3,DB00035,DB00244,1,1.0,B,DB00244,pathway,1500,1.0,0.0,0.0
3,DB00035,DB00244,1,1.0,B,DB00244,pathway,1501,1.0,0.0,0.0
3,DB00035,DB00244,1,1.0,B,DB00244,pathway,1505,1.0,0.0,0.0
3,DB00035,DB00244,1,1.0,B,DB00244,pathway,1506,1.0,0.0,0.0
3,DB00035,DB00244,1,1.0,B,DB00244,pathway,1518,1.0,0.0,0.0
3,DB00035,DB00244,1,1.0,B,DB00244,pathway,1522,1.0,0.0,0.0
3,DB00035,DB00244,1,1.0,B,DB00244,pathway,1551,1.0,0.0,0.0
3,DB00035,DB00244,1,1.0,B,DB00244,pathway,1562,1.0,0.0,0.0
3,DB00035,DB00244,1,1.0,B,DB00244,pathway,1577,1.0,0.0,0.0
3,DB00035,DB00244,1,1.0,B,DB00244,pathway,1583,1.0,0.0,0.0
3,DB00035,DB00244,1,1.0,B,DB00244,pathway,1652,1.0,0.0,0.0
3,DB00035,DB00244,1,1.0,B,DB00244,pathway,1663,1.0,0.0,0.0
3,DB00035,DB00244,1,1.0,B,DB00244,pathway,1665,1.0,0.0,0.0
3,DB00035,DB00244,1,1.0,B,DB00244,pathway,1666,1.0,0.0,0.0
3,DB00035,DB00244,1,1.0,B,DB00244,pathway,1685,1.0,0.0,0.0
3,DB00035,DB00244,1,1.0,B,DB00244,pathway,1686,1.0,0.0,0.0
3,DB00035,DB00244,1,1.0,B,DB00244,pathway,1688,1.0,0.0,0.0
3,DB00035,DB00244,1,1.0,B,DB00244,pathway,1700,1.0,0.0,0.0
3,DB00035,DB00244,1,1.0,B,DB00244,pathway,1701,1.0,0.0,0.0
3,DB00035,DB00244,1,1.0,B,DB00244,pathway,1721,1.0,0.0,0.0
3,DB00035,DB00244,1,1.0,B,DB00244,pathway,1730,1.0,0.0,0.0
3,DB00035,DB00244,1,1.0,B,DB00244,pathway,1733,1.0,0.0,0.0
3,DB00035,DB00244,1,1.0,B,DB00244,pathway,1737,1.0,0.0,0.0
3,DB00035,DB00244,1,1.0,B,DB00244,pathway,1744,1.0,0.0,0.0
3,DB00035,DB00244,1,1.0,B,DB00244,pathway,1746,1.0,0.0,0.0
3,DB00035,DB00244,1,1.0,B,DB00244,pathway,1751,1.0,0.0,0.0
3,DB00035,DB00244,1,1.0,B,DB00244,pathway,1752,1.0,0.0,0.0
3,DB00035,DB00244,1,1.0,B,DB00244,pathway,1784,1.0,0.0,0.0
3,DB00035,DB00244,1,1.0,B,DB00244,pathway,1790,1.0,0.0,0.0
3,DB00035,DB00244,1,1.0,B,DB00244,pathway,1791,1.0,0.0,0.0
3,DB00035,DB00244,1,1.0,B,DB00244,pathway,1802,1.0,0.0,0.0
3,DB00035,DB00244,1,1.0,B,DB00244,pathway,1817,1.0,0.0,0.0
3,DB00035,DB00244,1,1.0,B,DB00244,pathway,1833,1.0,0.0,0.0
3,DB00035,DB00244,1,1.0,B,DB00244,pathway,1839,1.0,0.0,0.0
3,DB00035,DB00244,1,1.0,B,DB00244,pathway,1853,1.0,0.0,0.0
3,DB00035,DB00244,1,1.0,B,DB00244,pathway,1854,1.0,0.0,0.0
3,DB00035,DB00244,1,1.0,B,DB00244,pathway,1871,1.0,0.0,0.0
3,DB00035,DB00244,1,1.0,B,DB00244,pathway,1872,1.0,0.0,0.0
3,DB00035,DB00244,1,1.0,B,DB00244,pathway,1877,1.0,0.0,0.0
3,DB00035,DB00244,1,1.0,B,DB00244,pathway,1879,1.0,0.0,0.0
3,DB00035,DB00244,1,1.0,B,DB00244,pathway,1897,1.0,0.0,0.0
3,DB00035,DB00244,1,1.0,B,DB00244,pathway,1903,1.0,0.0,0.0
3,DB00035,DB00244,1,1.0,B,DB00244,pathway,1905,1.0,0.0,0.0
3,DB00035,DB00244,1,1.0,B,DB00244,pathway,1932,1.0,0.0,0.0
3,DB00035,DB00244,1,1.0,B,DB00244,pathway,1935,1.0,0.0,0.0
3,DB00035,DB00244,1,1.0,B,DB00244,pathway,1958,1.0,0.0,0.0
3,DB00035,DB00244,1,1.0,B,DB00244,pathway,1959,1.0,0.0,0.0
3,DB00035,DB00244,1,1.0,B,DB00244,pathway,1964,1.0,0.0,0.0
3,DB00035,DB00244,1,1.0,B,DB00244,pathway,1965,1.0,0.0,0.0
4,DB00035,DB00712,1,1.0,A,DB00035,pathway,110,1.0,0.0,0.0
4,DB00035,DB00712,1,1.0,A,DB00035,pathway,462,1.0,0.0,0.0
4,DB00035,DB00712,1,1.0,A,DB00035,pathway,473,1.0,0.0,0.0
4,DB00035,DB00712,1,1.0,A,DB00035,pathway,652,1.0,0.0,0.0
4,DB00035,DB00712,1,1.0,A,DB00035,pathway,704,0.9999995231628418,4.76837158203125e-07,4.76837158203125e-07
4,DB00035,DB00712,1,1.0,A,DB00035,pathway,716,1.0,0.0,0.0
4,DB00035,DB00712,1,1.0,A,DB00035,pathway,762,1.0,0.0,0.0
4,DB00035,DB00712,1,1.0,A,DB00035,pathway,955,1.0,0.0,0.0
4,DB00035,DB00712,1,1.0,A,DB00035,pathway,1103,1.0,0.0,0.0
4,DB00035,DB00712,1,1.0,A,DB00035,pathway,1108,0.9999570846557617,4.291534423828125e-05,4.291534423828125e-05
4,DB00035,DB00712,1,1.0,A,DB00035,pathway,1298,1.0,0.0,0.0
4,DB00035,DB00712,1,1.0,A,DB00035,pathway,1299,1.0,0.0,0.0
4,DB00035,DB00712,1,1.0,A,DB00035,pathway,1430,1.0,0.0,0.0
4,DB00035,DB00712,1,1.0,A,DB00035,pathway,1431,1.0,0.0,0.0
4,DB00035,DB00712,1,1.0,A,DB00035,pathway,1453,1.0,0.0,0.0
4,DB00035,DB00712,1,1.0,A,DB00035,pathway,1468,1.0,0.0,0.0
4,DB00035,DB00712,1,1.0,A,DB00035,pathway,1487,1.0,0.0,0.0
4,DB00035,DB00712,1,1.0,B,DB00712,pathway,2,1.0,0.0,0.0
4,DB00035,DB00712,1,1.0,B,DB00712,pathway,26,1.0,0.0,0.0
4,DB00035,DB00712,1,1.0,B,DB00712,pathway,29,1.0,0.0,0.0
4,DB00035,DB00712,1,1.0,B,DB00712,pathway,31,1.0,0.0,0.0
4,DB00035,DB00712,1,1.0,B,DB00712,pathway,39,1.0,0.0,0.0
4,DB00035,DB00712,1,1.0,B,DB00712,pathway,43,1.0,0.0,0.0
4,DB00035,DB00712,1,1.0,B,DB00712,pathway,44,1.0,0.0,0.0
4,DB00035,DB00712,1,1.0,B,DB00712,pathway,51,1.0,0.0,0.0
4,DB00035,DB00712,1,1.0,B,DB00712,pathway,52,1.0,0.0,0.0
4,DB00035,DB00712,1,1.0,B,DB00712,pathway,53,1.0,0.0,0.0
4,DB00035,DB00712,1,1.0,B,DB00712,pathway,55,1.0,0.0,0.0
4,DB00035,DB00712,1,1.0,B,DB00712,pathway,57,1.0,0.0,0.0
4,DB00035,DB00712,1,1.0,B,DB00712,pathway,62,1.0,0.0,0.0
4,DB00035,DB00712,1,1.0,B,DB00712,pathway,66,1.0,0.0,0.0
4,DB00035,DB00712,1,1.0,B,DB00712,pathway,67,1.0,0.0,0.0
4,DB00035,DB00712,1,1.0,B,DB00712,pathway,72,1.0,0.0,0.0
4,DB00035,DB00712,1,1.0,B,DB00712,pathway,74,1.0,0.0,0.0
4,DB00035,DB00712,1,1.0,B,DB00712,pathway,75,1.0,0.0,0.0
4,DB00035,DB00712,1,1.0,B,DB00712,pathway,78,1.0,0.0,0.0
4,DB00035,DB00712,1,1.0,B,DB00712,pathway,79,1.0,0.0,0.0
4,DB00035,DB00712,1,1.0,B,DB00712,pathway,81,1.0,0.0,0.0
4,DB00035,DB00712,1,1.0,B,DB00712,pathway,84,1.0,0.0,0.0
4,DB00035,DB00712,1,1.0,B,DB00712,pathway,91,1.0,0.0,0.0
4,DB00035,DB00712,1,1.0,B,DB00712,pathway,98,1.0,0.0,0.0
4,DB00035,DB00712,1,1.0,B,DB00712,pathway,100,1.0,0.0,0.0
4,DB00035,DB00712,1,1.0,B,DB00712,pathway,110,1.0,0.0,0.0
4,DB00035,DB00712,1,1.0,B,DB00712,pathway,113,1.0,0.0,0.0
4,DB00035,DB00712,1,1.0,B,DB00712,pathway,116,1.0,0.0,0.0
4,DB00035,DB00712,1,1.0,B,DB00712,pathway,117,1.0,0.0,0.0
4,DB00035,DB00712,1,1.0,B,DB00712,pathway,119,1.0,0.0,0.0
4,DB00035,DB00712,1,1.0,B,DB00712,pathway,121,1.0,0.0,0.0
4,DB00035,DB00712,1,1.0,B,DB00712,pathway,123,1.0,0.0,0.0
4,DB00035,DB00712,1,1.0,B,DB00712,pathway,124,1.0,0.0,0.0
4,DB00035,DB00712,1,1.0,B,DB00712,pathway,136,1.0,0.0,0.0
4,DB00035,DB00712,1,1.0,B,DB00712,pathway,141,1.0,0.0,0.0
4,DB00035,DB00712,1,1.0,B,DB00712,pathway,143,1.0,0.0,0.0
4,DB00035,DB00712,1,1.0,B,DB00712,pathway,146,1.0,0.0,0.0
4,DB00035,DB00712,1,1.0,B,DB00712,pathway,158,1.0,0.0,0.0
4,DB00035,DB00712,1,1.0,B,DB00712,pathway,159,1.0,0.0,0.0
4,DB00035,DB00712,1,1.0,B,DB00712,pathway,172,1.0,0.0,0.0
4,DB00035,DB00712,1,1.0,B,DB00712,pathway,179,1.0,0.0,0.0
4,DB00035,DB00712,1,1.0,B,DB00712,pathway,191,1.0,0.0,0.0
4,DB00035,DB00712,1,1.0,B,DB00712,pathway,227,1.0,0.0,0.0
4,DB00035,DB00712,1,1.0,B,DB00712,pathway,237,1.0,0.0,0.0
4,DB00035,DB00712,1,1.0,B,DB00712,pathway,245,1.0,0.0,0.0
4,DB00035,DB00712,1,1.0,B,DB00712,pathway,247,1.0,0.0,0.0
4,DB00035,DB00712,1,1.0,B,DB00712,pathway,250,1.0,0.0,0.0
4,DB00035,DB00712,1,1.0,B,DB00712,pathway,281,1.0,0.0,0.0
4,DB00035,DB00712,1,1.0,B,DB00712,pathway,283,1.0,0.0,0.0
4,DB00035,DB00712,1,1.0,B,DB00712,pathway,285,1.0,0.0,0.0
4,DB00035,DB00712,1,1.0,B,DB00712,pathway,286,1.0,0.0,0.0
4,DB00035,DB00712,1,1.0,B,DB00712,pathway,287,1.0,0.0,0.0
4,DB00035,DB00712,1,1.0,B,DB00712,pathway,296,1.0,0.0,0.0
4,DB00035,DB00712,1,1.0,B,DB00712,pathway,297,1.0,0.0,0.0
4,DB00035,DB00712,1,1.0,B,DB00712,pathway,308,1.0,0.0,0.0
4,DB00035,DB00712,1,1.0,B,DB00712,pathway,314,1.0,0.0,0.0
4,DB00035,DB00712,1,1.0,B,DB00712,pathway,315,1.0,0.0,0.0
4,DB00035,DB00712,1,1.0,B,DB00712,pathway,340,1.0,0.0,0.0
4,DB00035,DB00712,1,1.0,B,DB00712,pathway,345,1.0,0.0,0.0
4,DB00035,DB00712,1,1.0,B,DB00712,pathway,346,1.0,0.0,0.0
4,DB00035,DB00712,1,1.0,B,DB00712,pathway,350,1.0,0.0,0.0
4,DB00035,DB00712,1,1.0,B,DB00712,pathway,353,1.0,0.0,0.0
4,DB00035,DB00712,1,1.0,B,DB00712,pathway,356,1.0,0.0,0.0
4,DB00035,DB00712,1,1.0,B,DB00712,pathway,358,1.0,0.0,0.0
4,DB00035,DB00712,1,1.0,B,DB00712,pathway,359,1.0,0.0,0.0
4,DB00035,DB00712,1,1.0,B,DB00712,pathway,371,1.0,0.0,0.0
4,DB00035,DB00712,1,1.0,B,DB00712,pathway,374,1.0,0.0,0.0
4,DB00035,DB00712,1,1.0,B,DB00712,pathway,385,1.0,0.0,0.0
4,DB00035,DB00712,1,1.0,B,DB00712,pathway,386,1.0,0.0,0.0
4,DB00035,DB00712,1,1.0,B,DB00712,pathway,387,1.0,0.0,0.0
4,DB00035,DB00712,1,1.0,B,DB00712,pathway,393,1.0,0.0,0.0
4,DB00035,DB00712,1,1.0,B,DB00712,pathway,394,1.0,0.0,0.0
4,DB00035,DB00712,1,1.0,B,DB00712,pathway,395,1.0,0.0,0.0
4,DB00035,DB00712,1,1.0,B,DB00712,pathway,396,1.0,0.0,0.0
4,DB00035,DB00712,1,1.0,B,DB00712,pathway,397,1.0,0.0,0.0
4,DB00035,DB00712,1,1.0,B,DB00712,pathway,398,1.0,0.0,0.0
4,DB00035,DB00712,1,1.0,B,DB00712,pathway,399,1.0,0.0,0.0
4,DB00035,DB00712,1,1.0,B,DB00712,pathway,401,1.0,0.0,0.0
4,DB00035,DB00712,1,1.0,B,DB00712,pathway,402,1.0,0.0,0.0
4,DB00035,DB00712,1,1.0,B,DB00712,pathway,429,1.0,0.0,0.0
4,DB00035,DB00712,1,1.0,B,DB00712,pathway,430,1.0,0.0,0.0
4,DB00035,DB00712,1,1.0,B,DB00712,pathway,438,1.0,0.0,0.0
4,DB00035,DB00712,1,1.0,B,DB00712,pathway,439,1.0,0.0,0.0
4,DB00035,DB00712,1,1.0,B,DB00712,pathway,440,1.0,0.0,0.0
4,DB00035,DB00712,1,1.0,B,DB00712,pathway,441,1.0,0.0,0.0
4,DB00035,DB00712,1,1.0,B,DB00712,pathway,443,1.0,0.0,0.0
4,DB00035,DB00712,1,1.0,B,DB00712,pathway,444,1.0,0.0,0.0
4,DB00035,DB00712,1,1.0,B,DB00712,pathway,446,1.0,0.0,0.0
4,DB00035,DB00712,1,1.0,B,DB00712,pathway,447,1.0,0.0,0.0
4,DB00035,DB00712,1,1.0,B,DB00712,pathway,452,1.0,0.0,0.0
4,DB00035,DB00712,1,1.0,B,DB00712,pathway,455,1.0,0.0,0.0
4,DB00035,DB00712,1,1.0,B,DB00712,pathway,461,1.0,0.0,0.0
4,DB00035,DB00712,1,1.0,B,DB00712,pathway,462,1.0,0.0,0.0
4,DB00035,DB00712,1,1.0,B,DB00712,pathway,464,1.0,0.0,0.0
4,DB00035,DB00712,1,1.0,B,DB00712,pathway,467,1.0,0.0,0.0
4,DB00035,DB00712,1,1.0,B,DB00712,pathway,473,1.0,0.0,0.0
4,DB00035,DB00712,1,1.0,B,DB00712,pathway,474,1.0,0.0,0.0
4,DB00035,DB00712,1,1.0,B,DB00712,pathway,480,1.0,0.0,0.0
4,DB00035,DB00712,1,1.0,B,DB00712,pathway,481,1.0,0.0,0.0
4,DB00035,DB00712,1,1.0,B,DB00712,pathway,482,1.0,0.0,0.0
4,DB00035,DB00712,1,1.0,B,DB00712,pathway,488,1.0,0.0,0.0
4,DB00035,DB00712,1,1.0,B,DB00712,pathway,498,1.0,0.0,0.0
4,DB00035,DB00712,1,1.0,B,DB00712,pathway,511,1.0,0.0,0.0
4,DB00035,DB00712,1,1.0,B,DB00712,pathway,512,1.0,0.0,0.0
4,DB00035,DB00712,1,1.0,B,DB00712,pathway,513,1.0,0.0,0.0
4,DB00035,DB00712,1,1.0,B,DB00712,pathway,515,1.0,0.0,0.0
4,DB00035,DB00712,1,1.0,B,DB00712,pathway,521,1.0,0.0,0.0
4,DB00035,DB00712,1,1.0,B,DB00712,pathway,528,1.0,0.0,0.0
4,DB00035,DB00712,1,1.0,B,DB00712,pathway,530,1.0,0.0,0.0
4,DB00035,DB00712,1,1.0,B,DB00712,pathway,531,1.0,0.0,0.0
4,DB00035,DB00712,1,1.0,B,DB00712,pathway,532,1.0,0.0,0.0
4,DB00035,DB00712,1,1.0,B,DB00712,pathway,536,1.0,0.0,0.0
4,DB00035,DB00712,1,1.0,B,DB00712,pathway,542,1.0,0.0,0.0
4,DB00035,DB00712,1,1.0,B,DB00712,pathway,544,1.0,0.0,0.0
4,DB00035,DB00712,1,1.0,B,DB00712,pathway,587,1.0,0.0,0.0
4,DB00035,DB00712,1,1.0,B,DB00712,pathway,588,1.0,0.0,0.0
4,DB00035,DB00712,1,1.0,B,DB00712,pathway,589,1.0,0.0,0.0
4,DB00035,DB00712,1,1.0,B,DB00712,pathway,594,1.0,0.0,0.0
4,DB00035,DB00712,1,1.0,B,DB00712,pathway,614,1.0,0.0,0.0
4,DB00035,DB00712,1,1.0,B,DB00712,pathway,617,1.0,0.0,0.0
4,DB00035,DB00712,1,1.0,B,DB00712,pathway,619,1.0,0.0,0.0
4,DB00035,DB00712,1,1.0,B,DB00712,pathway,620,1.0,0.0,0.0
4,DB00035,DB00712,1,1.0,B,DB00712,pathway,622,1.0,0.0,0.0
4,DB00035,DB00712,1,1.0,B,DB00712,pathway,625,1.0,0.0,0.0
4,DB00035,DB00712,1,1.0,B,DB00712,pathway,626,1.0,0.0,0.0
4,DB00035,DB00712,1,1.0,B,DB00712,pathway,627,1.0,0.0,0.0
4,DB00035,DB00712,1,1.0,B,DB00712,pathway,630,1.0,0.0,0.0
4,DB00035,DB00712,1,1.0,B,DB00712,pathway,631,1.0,0.0,0.0
4,DB00035,DB00712,1,1.0,B,DB00712,pathway,636,1.0,0.0,0.0
4,DB00035,DB00712,1,1.0,B,DB00712,pathway,637,1.0,0.0,0.0
4,DB00035,DB00712,1,1.0,B,DB00712,pathway,646,1.0,0.0,0.0
4,DB00035,DB00712,1,1.0,B,DB00712,pathway,647,1.0,0.0,0.0
4,DB00035,DB00712,1,1.0,B,DB00712,pathway,650,1.0,0.0,0.0
4,DB00035,DB00712,1,1.0,B,DB00712,pathway,651,1.0,0.0,0.0
4,DB00035,DB00712,1,1.0,B,DB00712,pathway,652,1.0,0.0,0.0
4,DB00035,DB00712,1,1.0,B,DB00712,pathway,654,1.0,0.0,0.0
4,DB00035,DB00712,1,1.0,B,DB00712,pathway,655,1.0,0.0,0.0
4,DB00035,DB00712,1,1.0,B,DB00712,pathway,656,1.0,0.0,0.0
4,DB00035,DB00712,1,1.0,B,DB00712,pathway,658,1.0,0.0,0.0
4,DB00035,DB00712,1,1.0,B,DB00712,pathway,664,1.0,0.0,0.0
4,DB00035,DB00712,1,1.0,B,DB00712,pathway,670,1.0,0.0,0.0
4,DB00035,DB00712,1,1.0,B,DB00712,pathway,671,1.0,0.0,0.0
4,DB00035,DB00712,1,1.0,B,DB00712,pathway,672,1.0,0.0,0.0
4,DB00035,DB00712,1,1.0,B,DB00712,pathway,673,1.0,0.0,0.0
4,DB00035,DB00712,1,1.0,B,DB00712,pathway,674,1.0,0.0,0.0
4,DB00035,DB00712,1,1.0,B,DB00712,pathway,677,1.0,0.0,0.0
4,DB00035,DB00712,1,1.0,B,DB00712,pathway,679,1.0,0.0,0.0
4,DB00035,DB00712,1,1.0,B,DB00712,pathway,685,1.0,0.0,0.0
4,DB00035,DB00712,1,1.0,B,DB00712,pathway,686,1.0,0.0,0.0
4,DB00035,DB00712,1,1.0,B,DB00712,pathway,687,1.0,0.0,0.0
4,DB00035,DB00712,1,1.0,B,DB00712,pathway,688,1.0,0.0,0.0
4,DB00035,DB00712,1,1.0,B,DB00712,pathway,691,1.0,0.0,0.0
4,DB00035,DB00712,1,1.0,B,DB00712,pathway,692,1.0,0.0,0.0
4,DB00035,DB00712,1,1.0,B,DB00712,pathway,693,1.0,0.0,0.0
4,DB00035,DB00712,1,1.0,B,DB00712,pathway,694,1.0,0.0,0.0
4,DB00035,DB00712,1,1.0,B,DB00712,pathway,695,1.0,0.0,0.0
4,DB00035,DB00712,1,1.0,B,DB00712,pathway,701,1.0,0.0,0.0
4,DB00035,DB00712,1,1.0,B,DB00712,pathway,703,1.0,0.0,0.0
4,DB00035,DB00712,1,1.0,B,DB00712,pathway,704,1.0,0.0,0.0
4,DB00035,DB00712,1,1.0,B,DB00712,pathway,705,1.0,0.0,0.0
4,DB00035,DB00712,1,1.0,B,DB00712,pathway,707,1.0,0.0,0.0
4,DB00035,DB00712,1,1.0,B,DB00712,pathway,708,1.0,0.0,0.0
4,DB00035,DB00712,1,1.0,B,DB00712,pathway,709,1.0,0.0,0.0
4,DB00035,DB00712,1,1.0,B,DB00712,pathway,711,1.0,0.0,0.0
4,DB00035,DB00712,1,1.0,B,DB00712,pathway,715,1.0,0.0,0.0
4,DB00035,DB00712,1,1.0,B,DB00712,pathway,716,1.0,0.0,0.0
4,DB00035,DB00712,1,1.0,B,DB00712,pathway,717,1.0,0.0,0.0
4,DB00035,DB00712,1,1.0,B,DB00712,pathway,718,1.0,0.0,0.0
4,DB00035,DB00712,1,1.0,B,DB00712,pathway,719,1.0,0.0,0.0
4,DB00035,DB00712,1,1.0,B,DB00712,pathway,728,1.0,0.0,0.0
4,DB00035,DB00712,1,1.0,B,DB00712,pathway,730,1.0,0.0,0.0
4,DB00035,DB00712,1,1.0,B,DB00712,pathway,732,1.0,0.0,0.0
4,DB00035,DB00712,1,1.0,B,DB00712,pathway,764,1.0,0.0,0.0
4,DB00035,DB00712,1,1.0,B,DB00712,pathway,765,1.0,0.0,0.0
4,DB00035,DB00712,1,1.0,B,DB00712,pathway,772,1.0,0.0,0.0
4,DB00035,DB00712,1,1.0,B,DB00712,pathway,775,1.0,0.0,0.0
4,DB00035,DB00712,1,1.0,B,DB00712,pathway,776,1.0,0.0,0.0
4,DB00035,DB00712,1,1.0,B,DB00712,pathway,777,1.0,0.0,0.0
4,DB00035,DB00712,1,1.0,B,DB00712,pathway,783,1.0,0.0,0.0
4,DB00035,DB00712,1,1.0,B,DB00712,pathway,784,1.0,0.0,0.0
4,DB00035,DB00712,1,1.0,B,DB00712,pathway,787,1.0,0.0,0.0
4,DB00035,DB00712,1,1.0,B,DB00712,pathway,788,1.0,0.0,0.0
4,DB00035,DB00712,1,1.0,B,DB00712,pathway,789,1.0,0.0,0.0
4,DB00035,DB00712,1,1.0,B,DB00712,pathway,797,1.0,0.0,0.0
4,DB00035,DB00712,1,1.0,B,DB00712,pathway,799,1.0,0.0,0.0
4,DB00035,DB00712,1,1.0,B,DB00712,pathway,801,1.0,0.0,0.0
4,DB00035,DB00712,1,1.0,B,DB00712,pathway,805,1.0,0.0,0.0
4,DB00035,DB00712,1,1.0,B,DB00712,pathway,806,1.0,0.0,0.0
4,DB00035,DB00712,1,1.0,B,DB00712,pathway,811,1.0,0.0,0.0
4,DB00035,DB00712,1,1.0,B,DB00712,pathway,830,1.0,0.0,0.0
4,DB00035,DB00712,1,1.0,B,DB00712,pathway,837,1.0,0.0,0.0
4,DB00035,DB00712,1,1.0,B,DB00712,pathway,845,1.0,0.0,0.0
4,DB00035,DB00712,1,1.0,B,DB00712,pathway,866,1.0,0.0,0.0
4,DB00035,DB00712,1,1.0,B,DB00712,pathway,870,1.0,0.0,0.0
4,DB00035,DB00712,1,1.0,B,DB00712,pathway,877,1.0,0.0,0.0
4,DB00035,DB00712,1,1.0,B,DB00712,pathway,890,1.0,0.0,0.0
4,DB00035,DB00712,1,1.0,B,DB00712,pathway,896,1.0,0.0,0.0
4,DB00035,DB00712,1,1.0,B,DB00712,pathway,910,1.0,0.0,0.0
4,DB00035,DB00712,1,1.0,B,DB00712,pathway,919,1.0,0.0,0.0
4,DB00035,DB00712,1,1.0,B,DB00712,pathway,922,1.0,0.0,0.0
4,DB00035,DB00712,1,1.0,B,DB00712,pathway,940,1.0,0.0,0.0
4,DB00035,DB00712,1,1.0,B,DB00712,pathway,948,1.0,0.0,0.0
4,DB00035,DB00712,1,1.0,B,DB00712,pathway,955,1.0,0.0,0.0
4,DB00035,DB00712,1,1.0,B,DB00712,pathway,958,1.0,0.0,0.0
4,DB00035,DB00712,1,1.0,B,DB00712,pathway,965,1.0,0.0,0.0
4,DB00035,DB00712,1,1.0,B,DB00712,pathway,968,1.0,0.0,0.0
4,DB00035,DB00712,1,1.0,B,DB00712,pathway,969,1.0,0.0,0.0
4,DB00035,DB00712,1,1.0,B,DB00712,pathway,970,1.0,0.0,0.0
4,DB00035,DB00712,1,1.0,B,DB00712,pathway,986,1.0,0.0,0.0
4,DB00035,DB00712,1,1.0,B,DB00712,pathway,987,1.0,0.0,0.0
4,DB00035,DB00712,1,1.0,B,DB00712,pathway,990,1.0,0.0,0.0
4,DB00035,DB00712,1,1.0,B,DB00712,pathway,1009,1.0,0.0,0.0
4,DB00035,DB00712,1,1.0,B,DB00712,pathway,1010,1.0,0.0,0.0
4,DB00035,DB00712,1,1.0,B,DB00712,pathway,1011,1.0,0.0,0.0
4,DB00035,DB00712,1,1.0,B,DB00712,pathway,1012,1.0,0.0,0.0
4,DB00035,DB00712,1,1.0,B,DB00712,pathway,1031,1.0,0.0,0.0
4,DB00035,DB00712,1,1.0,B,DB00712,pathway,1037,1.0,0.0,0.0
4,DB00035,DB00712,1,1.0,B,DB00712,pathway,1041,1.0,0.0,0.0
4,DB00035,DB00712,1,1.0,B,DB00712,pathway,1044,1.0,0.0,0.0
4,DB00035,DB00712,1,1.0,B,DB00712,pathway,1045,1.0,0.0,0.0
4,DB00035,DB00712,1,1.0,B,DB00712,pathway,1047,1.0,0.0,0.0
4,DB00035,DB00712,1,1.0,B,DB00712,pathway,1048,1.0,0.0,0.0
4,DB00035,DB00712,1,1.0,B,DB00712,pathway,1062,1.0,0.0,0.0
4,DB00035,DB00712,1,1.0,B,DB00712,pathway,1073,1.0,0.0,0.0
4,DB00035,DB00712,1,1.0,B,DB00712,pathway,1074,1.0,0.0,0.0
4,DB00035,DB00712,1,1.0,B,DB00712,pathway,1103,1.0,0.0,0.0
4,DB00035,DB00712,1,1.0,B,DB00712,pathway,1107,1.0,0.0,0.0
4,DB00035,DB00712,1,1.0,B,DB00712,pathway,1108,1.0,0.0,0.0
4,DB00035,DB00712,1,1.0,B,DB00712,pathway,1116,1.0,0.0,0.0
4,DB00035,DB00712,1,1.0,B,DB00712,pathway,1119,1.0,0.0,0.0
4,DB00035,DB00712,1,1.0,B,DB00712,pathway,1120,1.0,0.0,0.0
4,DB00035,DB00712,1,1.0,B,DB00712,pathway,1121,1.0,0.0,0.0
4,DB00035,DB00712,1,1.0,B,DB00712,pathway,1122,1.0,0.0,0.0
4,DB00035,DB00712,1,1.0,B,DB00712,pathway,1123,1.0,0.0,0.0
4,DB00035,DB00712,1,1.0,B,DB00712,pathway,1126,1.0,0.0,0.0
4,DB00035,DB00712,1,1.0,B,DB00712,pathway,1134,1.0,0.0,0.0
4,DB00035,DB00712,1,1.0,B,DB00712,pathway,1154,1.0,0.0,0.0
4,DB00035,DB00712,1,1.0,B,DB00712,pathway,1182,1.0,0.0,0.0
4,DB00035,DB00712,1,1.0,B,DB00712,pathway,1190,1.0,0.0,0.0
4,DB00035,DB00712,1,1.0,B,DB00712,pathway,1217,1.0,0.0,0.0
4,DB00035,DB00712,1,1.0,B,DB00712,pathway,1230,1.0,0.0,0.0
4,DB00035,DB00712,1,1.0,B,DB00712,pathway,1245,1.0,0.0,0.0
4,DB00035,DB00712,1,1.0,B,DB00712,pathway,1249,1.0,0.0,0.0
4,DB00035,DB00712,1,1.0,B,DB00712,pathway,1262,1.0,0.0,0.0
4,DB00035,DB00712,1,1.0,B,DB00712,pathway,1263,1.0,0.0,0.0
4,DB00035,DB00712,1,1.0,B,DB00712,pathway,1264,1.0,0.0,0.0
4,DB00035,DB00712,1,1.0,B,DB00712,pathway,1265,1.0,0.0,0.0
4,DB00035,DB00712,1,1.0,B,DB00712,pathway,1267,1.0,0.0,0.0
4,DB00035,DB00712,1,1.0,B,DB00712,pathway,1268,1.0,0.0,0.0
4,DB00035,DB00712,1,1.0,B,DB00712,pathway,1270,1.0,0.0,0.0
4,DB00035,DB00712,1,1.0,B,DB00712,pathway,1272,1.0,0.0,0.0
4,DB00035,DB00712,1,1.0,B,DB00712,pathway,1278,1.0,0.0,0.0
4,DB00035,DB00712,1,1.0,B,DB00712,pathway,1291,1.0,0.0,0.0
4,DB00035,DB00712,1,1.0,B,DB00712,pathway,1298,1.0,0.0,0.0
4,DB00035,DB00712,1,1.0,B,DB00712,pathway,1299,1.0,0.0,0.0
4,DB00035,DB00712,1,1.0,B,DB00712,pathway,1300,1.0,0.0,0.0
4,DB00035,DB00712,1,1.0,B,DB00712,pathway,1301,1.0,0.0,0.0
4,DB00035,DB00712,1,1.0,B,DB00712,pathway,1302,1.0,0.0,0.0
4,DB00035,DB00712,1,1.0,B,DB00712,pathway,1305,1.0,0.0,0.0
4,DB00035,DB00712,1,1.0,B,DB00712,pathway,1312,1.0,0.0,0.0
4,DB00035,DB00712,1,1.0,B,DB00712,pathway,1329,1.0,0.0,0.0
4,DB00035,DB00712,1,1.0,B,DB00712,pathway,1333,1.0,0.0,0.0
4,DB00035,DB00712,1,1.0,B,DB00712,pathway,1339,1.0,0.0,0.0
4,DB00035,DB00712,1,1.0,B,DB00712,pathway,1346,1.0,0.0,0.0
4,DB00035,DB00712,1,1.0,B,DB00712,pathway,1347,1.0,0.0,0.0
4,DB00035,DB00712,1,1.0,B,DB00712,pathway,1348,1.0,0.0,0.0
4,DB00035,DB00712,1,1.0,B,DB00712,pathway,1356,1.0,0.0,0.0
4,DB00035,DB00712,1,1.0,B,DB00712,pathway,1372,1.0,0.0,0.0
4,DB00035,DB00712,1,1.0,B,DB00712,pathway,1373,1.0,0.0,0.0
4,DB00035,DB00712,1,1.0,B,DB00712,pathway,1385,1.0,0.0,0.0
4,DB00035,DB00712,1,1.0,B,DB00712,pathway,1401,1.0,0.0,0.0
4,DB00035,DB00712,1,1.0,B,DB00712,pathway,1402,1.0,0.0,0.0
4,DB00035,DB00712,1,1.0,B,DB00712,pathway,1405,1.0,0.0,0.0
4,DB00035,DB00712,1,1.0,B,DB00712,pathway,1414,1.0,0.0,0.0
4,DB00035,DB00712,1,1.0,B,DB00712,pathway,1419,1.0,0.0,0.0
4,DB00035,DB00712,1,1.0,B,DB00712,pathway,1422,1.0,0.0,0.0
4,DB00035,DB00712,1,1.0,B,DB00712,pathway,1428,1.0,0.0,0.0
4,DB00035,DB00712,1,1.0,B,DB00712,pathway,1430,1.0,0.0,0.0
4,DB00035,DB00712,1,1.0,B,DB00712,pathway,1431,1.0,0.0,0.0
4,DB00035,DB00712,1,1.0,B,DB00712,pathway,1432,1.0,0.0,0.0
4,DB00035,DB00712,1,1.0,B,DB00712,pathway,1436,1.0,0.0,0.0
4,DB00035,DB00712,1,1.0,B,DB00712,pathway,1446,1.0,0.0,0.0
4,DB00035,DB00712,1,1.0,B,DB00712,pathway,1453,1.0,0.0,0.0
4,DB00035,DB00712,1,1.0,B,DB00712,pathway,1467,1.0,0.0,0.0
4,DB00035,DB00712,1,1.0,B,DB00712,pathway,1468,1.0,0.0,0.0
4,DB00035,DB00712,1,1.0,B,DB00712,pathway,1488,1.0,0.0,0.0
4,DB00035,DB00712,1,1.0,B,DB00712,pathway,1491,1.0,0.0,0.0
4,DB00035,DB00712,1,1.0,B,DB00712,pathway,1500,1.0,0.0,0.0
4,DB00035,DB00712,1,1.0,B,DB00712,pathway,1513,1.0,0.0,0.0
4,DB00035,DB00712,1,1.0,B,DB00712,pathway,1514,1.0,0.0,0.0
4,DB00035,DB00712,1,1.0,B,DB00712,pathway,1518,1.0,0.0,0.0
4,DB00035,DB00712,1,1.0,B,DB00712,pathway,1521,1.0,0.0,0.0
4,DB00035,DB00712,1,1.0,B,DB00712,pathway,1522,1.0,0.0,0.0
4,DB00035,DB00712,1,1.0,B,DB00712,pathway,1531,1.0,0.0,0.0
4,DB00035,DB00712,1,1.0,B,DB00712,pathway,1533,1.0,0.0,0.0
4,DB00035,DB00712,1,1.0,B,DB00712,pathway,1534,1.0,0.0,0.0
4,DB00035,DB00712,1,1.0,B,DB00712,pathway,1544,1.0,0.0,0.0
4,DB00035,DB00712,1,1.0,B,DB00712,pathway,1547,1.0,0.0,0.0
4,DB00035,DB00712,1,1.0,B,DB00712,pathway,1548,1.0,0.0,0.0
4,DB00035,DB00712,1,1.0,B,DB00712,pathway,1549,1.0,0.0,0.0
4,DB00035,DB00712,1,1.0,B,DB00712,pathway,1562,1.0,0.0,0.0
4,DB00035,DB00712,1,1.0,B,DB00712,pathway,1567,1.0,0.0,0.0
4,DB00035,DB00712,1,1.0,B,DB00712,pathway,1568,1.0,0.0,0.0
4,DB00035,DB00712,1,1.0,B,DB00712,pathway,1569,1.0,0.0,0.0
4,DB00035,DB00712,1,1.0,B,DB00712,pathway,1570,1.0,0.0,0.0
4,DB00035,DB00712,1,1.0,B,DB00712,pathway,1571,1.0,0.0,0.0
4,DB00035,DB00712,1,1.0,B,DB00712,pathway,1577,1.0,0.0,0.0
4,DB00035,DB00712,1,1.0,B,DB00712,pathway,1582,1.0,0.0,0.0
4,DB00035,DB00712,1,1.0,B,DB00712,pathway,1584,1.0,0.0,0.0
4,DB00035,DB00712,1,1.0,B,DB00712,pathway,1585,1.0,0.0,0.0
4,DB00035,DB00712,1,1.0,B,DB00712,pathway,1586,1.0,0.0,0.0
4,DB00035,DB00712,1,1.0,B,DB00712,pathway,1587,1.0,0.0,0.0
4,DB00035,DB00712,1,1.0,B,DB00712,pathway,1589,1.0,0.0,0.0
4,DB00035,DB00712,1,1.0,B,DB00712,pathway,1590,1.0,0.0,0.0
4,DB00035,DB00712,1,1.0,B,DB00712,pathway,1591,1.0,0.0,0.0
4,DB00035,DB00712,1,1.0,B,DB00712,pathway,1592,1.0,0.0,0.0
4,DB00035,DB00712,1,1.0,B,DB00712,pathway,1593,1.0,0.0,0.0
4,DB00035,DB00712,1,1.0,B,DB00712,pathway,1594,1.0,0.0,0.0
4,DB00035,DB00712,1,1.0,B,DB00712,pathway,1595,1.0,0.0,0.0
4,DB00035,DB00712,1,1.0,B,DB00712,pathway,1596,1.0,0.0,0.0
4,DB00035,DB00712,1,1.0,B,DB00712,pathway,1597,1.0,0.0,0.0
4,DB00035,DB00712,1,1.0,B,DB00712,pathway,1598,1.0,0.0,0.0
4,DB00035,DB00712,1,1.0,B,DB00712,pathway,1599,1.0,0.0,0.0
4,DB00035,DB00712,1,1.0,B,DB00712,pathway,1613,1.0,0.0,0.0
4,DB00035,DB00712,1,1.0,B,DB00712,pathway,1637,1.0,0.0,0.0
4,DB00035,DB00712,1,1.0,B,DB00712,pathway,1640,1.0,0.0,0.0
4,DB00035,DB00712,1,1.0,B,DB00712,pathway,1652,1.0,0.0,0.0
4,DB00035,DB00712,1,1.0,B,DB00712,pathway,1692,1.0,0.0,0.0
4,DB00035,DB00712,1,1.0,B,DB00712,pathway,1694,1.0,0.0,0.0
4,DB00035,DB00712,1,1.0,B,DB00712,pathway,1713,1.0,0.0,0.0
4,DB00035,DB00712,1,1.0,B,DB00712,pathway,1719,1.0,0.0,0.0
4,DB00035,DB00712,1,1.0,B,DB00712,pathway,1729,1.0,0.0,0.0
4,DB00035,DB00712,1,1.0,B,DB00712,pathway,1730,1.0,0.0,0.0
4,DB00035,DB00712,1,1.0,B,DB00712,pathway,1737,1.0,0.0,0.0
4,DB00035,DB00712,1,1.0,B,DB00712,pathway,1744,1.0,0.0,0.0
4,DB00035,DB00712,1,1.0,B,DB00712,pathway,1750,1.0,0.0,0.0
4,DB00035,DB00712,1,1.0,B,DB00712,pathway,1751,1.0,0.0,0.0
4,DB00035,DB00712,1,1.0,B,DB00712,pathway,1770,1.0,0.0,0.0
4,DB00035,DB00712,1,1.0,B,DB00712,pathway,1774,1.0,0.0,0.0
4,DB00035,DB00712,1,1.0,B,DB00712,pathway,1776,1.0,0.0,0.0
4,DB00035,DB00712,1,1.0,B,DB00712,pathway,1779,1.0,0.0,0.0
4,DB00035,DB00712,1,1.0,B,DB00712,pathway,1783,1.0,0.0,0.0
4,DB00035,DB00712,1,1.0,B,DB00712,pathway,1788,1.0,0.0,0.0
4,DB00035,DB00712,1,1.0,B,DB00712,pathway,1791,1.0,0.0,0.0
4,DB00035,DB00712,1,1.0,B,DB00712,pathway,1805,1.0,0.0,0.0
4,DB00035,DB00712,1,1.0,B,DB00712,pathway,1812,1.0,0.0,0.0
4,DB00035,DB00712,1,1.0,B,DB00712,pathway,1818,1.0,0.0,0.0
4,DB00035,DB00712,1,1.0,B,DB00712,pathway,1837,1.0,0.0,0.0
4,DB00035,DB00712,1,1.0,B,DB00712,pathway,1848,1.0,0.0,0.0
4,DB00035,DB00712,1,1.0,B,DB00712,pathway,1850,1.0,0.0,0.0
4,DB00035,DB00712,1,1.0,B,DB00712,pathway,1865,1.0,0.0,0.0
4,DB00035,DB00712,1,1.0,B,DB00712,pathway,1867,1.0,0.0,0.0
4,DB00035,DB00712,1,1.0,B,DB00712,pathway,1880,1.0,0.0,0.0
4,DB00035,DB00712,1,1.0,B,DB00712,pathway,1892,1.0,0.0,0.0
4,DB00035,DB00712,1,1.0,B,DB00712,pathway,1898,1.0,0.0,0.0
4,DB00035,DB00712,1,1.0,B,DB00712,pathway,1903,1.0,0.0,0.0
4,DB00035,DB00712,1,1.0,B,DB00712,pathway,1904,1.0,0.0,0.0
4,DB00035,DB00712,1,1.0,B,DB00712,pathway,1905,1.0,0.0,0.0
4,DB00035,DB00712,1,1.0,B,DB00712,pathway,1925,1.0,0.0,0.0
4,DB00035,DB00712,1,1.0,B,DB00712,pathway,1926,1.0,0.0,0.0
4,DB00035,DB00712,1,1.0,B,DB00712,pathway,1932,1.0,0.0,0.0
4,DB00035,DB00712,1,1.0,B,DB00712,pathway,1933,1.0,0.0,0.0
4,DB00035,DB00712,1,1.0,B,DB00712,pathway,1958,1.0,0.0,0.0
4,DB00035,DB00712,1,1.0,B,DB00712,pathway,1959,1.0,0.0,0.0
4,DB00035,DB00712,1,1.0,B,DB00712,pathway,1965,1.0,0.0,0.0
5,DB00091,DB00199,1,1.0,A,DB00091,pathway,0,1.0,0.0,0.0
5,DB00091,DB00199,1,1.0,A,DB00091,pathway,2,1.0,0.0,0.0
5,DB00091,DB00199,1,1.0,A,DB00091,pathway,4,1.0,0.0,0.0
5,DB00091,DB00199,1,1.0,A,DB00091,pathway,10,0.9999998807907104,1.1920928955078125e-07,1.1920928955078125e-07
5,DB00091,DB00199,1,1.0,A,DB00091,pathway,11,1.0,0.0,0.0
5,DB00091,DB00199,1,1.0,A,DB00091,pathway,12,1.0,0.0,0.0
5,DB00091,DB00199,1,1.0,A,DB00091,pathway,13,0.9999998807907104,1.1920928955078125e-07,1.1920928955078125e-07
5,DB00091,DB00199,1,1.0,A,DB00091,pathway,15,1.0,0.0,0.0
5,DB00091,DB00199,1,1.0,A,DB00091,pathway,26,1.0,0.0,0.0
5,DB00091,DB00199,1,1.0,A,DB00091,pathway,29,1.0,0.0,0.0
5,DB00091,DB00199,1,1.0,A,DB00091,pathway,31,1.0,0.0,0.0
5,DB00091,DB00199,1,1.0,A,DB00091,pathway,39,1.0,0.0,0.0
5,DB00091,DB00199,1,1.0,A,DB00091,pathway,43,1.0,0.0,0.0
5,DB00091,DB00199,1,1.0,A,DB00091,pathway,44,1.0,0.0,0.0
5,DB00091,DB00199,1,1.0,A,DB00091,pathway,51,1.0,0.0,0.0
5,DB00091,DB00199,1,1.0,A,DB00091,pathway,52,1.0,0.0,0.0
5,DB00091,DB00199,1,1.0,A,DB00091,pathway,53,1.0,0.0,0.0
5,DB00091,DB00199,1,1.0,A,DB00091,pathway,55,1.0,0.0,0.0
5,DB00091,DB00199,1,1.0,A,DB00091,pathway,57,1.0,0.0,0.0
5,DB00091,DB00199,1,1.0,A,DB00091,pathway,62,1.0,0.0,0.0
5,DB00091,DB00199,1,1.0,A,DB00091,pathway,66,1.0,0.0,0.0
5,DB00091,DB00199,1,1.0,A,DB00091,pathway,67,1.0,0.0,0.0
5,DB00091,DB00199,1,1.0,A,DB00091,pathway,72,1.0,0.0,0.0
5,DB00091,DB00199,1,1.0,A,DB00091,pathway,74,1.0,0.0,0.0
5,DB00091,DB00199,1,1.0,A,DB00091,pathway,75,1.0,0.0,0.0
5,DB00091,DB00199,1,1.0,A,DB00091,pathway,78,1.0,0.0,0.0
5,DB00091,DB00199,1,1.0,A,DB00091,pathway,79,1.0,0.0,0.0
5,DB00091,DB00199,1,1.0,A,DB00091,pathway,81,1.0,0.0,0.0
5,DB00091,DB00199,1,1.0,A,DB00091,pathway,82,1.0,0.0,0.0
5,DB00091,DB00199,1,1.0,A,DB00091,pathway,84,1.0,0.0,0.0
5,DB00091,DB00199,1,1.0,A,DB00091,pathway,91,0.9999998807907104,1.1920928955078125e-07,1.1920928955078125e-07
5,DB00091,DB00199,1,1.0,A,DB00091,pathway,98,1.0,0.0,0.0
5,DB00091,DB00199,1,1.0,A,DB00091,pathway,100,1.0,0.0,0.0
5,DB00091,DB00199,1,1.0,A,DB00091,pathway,104,1.0,0.0,0.0
5,DB00091,DB00199,1,1.0,A,DB00091,pathway,110,1.0,0.0,0.0
5,DB00091,DB00199,1,1.0,A,DB00091,pathway,113,1.0,0.0,0.0
5,DB00091,DB00199,1,1.0,A,DB00091,pathway,116,1.0,0.0,0.0
5,DB00091,DB00199,1,1.0,A,DB00091,pathway,117,1.0,0.0,0.0
5,DB00091,DB00199,1,1.0,A,DB00091,pathway,119,1.0,0.0,0.0
5,DB00091,DB00199,1,1.0,A,DB00091,pathway,121,1.0,0.0,0.0
5,DB00091,DB00199,1,1.0,A,DB00091,pathway,123,1.0,0.0,0.0
5,DB00091,DB00199,1,1.0,A,DB00091,pathway,124,1.0,0.0,0.0
5,DB00091,DB00199,1,1.0,A,DB00091,pathway,136,1.0,0.0,0.0
5,DB00091,DB00199,1,1.0,A,DB00091,pathway,141,1.0,0.0,0.0
5,DB00091,DB00199,1,1.0,A,DB00091,pathway,143,1.0,0.0,0.0
5,DB00091,DB00199,1,1.0,A,DB00091,pathway,158,1.0,0.0,0.0
5,DB00091,DB00199,1,1.0,A,DB00091,pathway,159,1.0,0.0,0.0
5,DB00091,DB00199,1,1.0,A,DB00091,pathway,168,1.0,0.0,0.0
5,DB00091,DB00199,1,1.0,A,DB00091,pathway,169,1.0,0.0,0.0
5,DB00091,DB00199,1,1.0,A,DB00091,pathway,170,1.0,0.0,0.0
5,DB00091,DB00199,1,1.0,A,DB00091,pathway,171,1.0,0.0,0.0
5,DB00091,DB00199,1,1.0,A,DB00091,pathway,172,1.0,0.0,0.0
5,DB00091,DB00199,1,1.0,A,DB00091,pathway,176,1.0,0.0,0.0
5,DB00091,DB00199,1,1.0,A,DB00091,pathway,187,1.0,0.0,0.0
5,DB00091,DB00199,1,1.0,A,DB00091,pathway,188,1.0,0.0,0.0
5,DB00091,DB00199,1,1.0,A,DB00091,pathway,191,1.0,0.0,0.0
5,DB00091,DB00199,1,1.0,A,DB00091,pathway,193,1.0,0.0,0.0
5,DB00091,DB00199,1,1.0,A,DB00091,pathway,195,1.0,0.0,0.0
5,DB00091,DB00199,1,1.0,A,DB00091,pathway,205,1.0,0.0,0.0
5,DB00091,DB00199,1,1.0,A,DB00091,pathway,208,1.0,0.0,0.0
5,DB00091,DB00199,1,1.0,A,DB00091,pathway,209,1.0,0.0,0.0
5,DB00091,DB00199,1,1.0,A,DB00091,pathway,227,1.0,0.0,0.0
5,DB00091,DB00199,1,1.0,A,DB00091,pathway,237,1.0,0.0,0.0
5,DB00091,DB00199,1,1.0,A,DB00091,pathway,245,1.0,0.0,0.0
5,DB00091,DB00199,1,1.0,A,DB00091,pathway,247,1.0,0.0,0.0
5,DB00091,DB00199,1,1.0,A,DB00091,pathway,250,1.0,0.0,0.0
5,DB00091,DB00199,1,1.0,A,DB00091,pathway,263,1.0,0.0,0.0
5,DB00091,DB00199,1,1.0,A,DB00091,pathway,269,1.0,0.0,0.0
5,DB00091,DB00199,1,1.0,A,DB00091,pathway,281,1.0,0.0,0.0
5,DB00091,DB00199,1,1.0,A,DB00091,pathway,283,1.0,0.0,0.0
5,DB00091,DB00199,1,1.0,A,DB00091,pathway,285,1.0,0.0,0.0
5,DB00091,DB00199,1,1.0,A,DB00091,pathway,286,1.0,0.0,0.0
5,DB00091,DB00199,1,1.0,A,DB00091,pathway,287,1.0,0.0,0.0
5,DB00091,DB00199,1,1.0,A,DB00091,pathway,290,1.0,0.0,0.0
5,DB00091,DB00199,1,1.0,A,DB00091,pathway,296,1.0,0.0,0.0
5,DB00091,DB00199,1,1.0,A,DB00091,pathway,297,1.0,0.0,0.0
5,DB00091,DB00199,1,1.0,A,DB00091,pathway,308,1.0,0.0,0.0
5,DB00091,DB00199,1,1.0,A,DB00091,pathway,314,1.0,0.0,0.0
5,DB00091,DB00199,1,1.0,A,DB00091,pathway,315,1.0,0.0,0.0
5,DB00091,DB00199,1,1.0,A,DB00091,pathway,329,1.0,0.0,0.0
5,DB00091,DB00199,1,1.0,A,DB00091,pathway,332,1.0,0.0,0.0
5,DB00091,DB00199,1,1.0,A,DB00091,pathway,333,1.0,0.0,0.0
5,DB00091,DB00199,1,1.0,A,DB00091,pathway,340,1.0,0.0,0.0
5,DB00091,DB00199,1,1.0,A,DB00091,pathway,346,1.0,0.0,0.0
5,DB00091,DB00199,1,1.0,A,DB00091,pathway,350,1.0,0.0,0.0
5,DB00091,DB00199,1,1.0,A,DB00091,pathway,353,1.0,0.0,0.0
5,DB00091,DB00199,1,1.0,A,DB00091,pathway,358,1.0,0.0,0.0
5,DB00091,DB00199,1,1.0,A,DB00091,pathway,359,1.0,0.0,0.0
5,DB00091,DB00199,1,1.0,A,DB00091,pathway,362,1.0,0.0,0.0
5,DB00091,DB00199,1,1.0,A,DB00091,pathway,371,1.0,0.0,0.0
5,DB00091,DB00199,1,1.0,A,DB00091,pathway,374,0.9999998807907104,1.1920928955078125e-07,1.1920928955078125e-07
5,DB00091,DB00199,1,1.0,A,DB00091,pathway,379,1.0,0.0,0.0
5,DB00091,DB00199,1,1.0,A,DB00091,pathway,385,1.0,0.0,0.0
5,DB00091,DB00199,1,1.0,A,DB00091,pathway,386,1.0,0.0,0.0
5,DB00091,DB00199,1,1.0,A,DB00091,pathway,387,1.0,0.0,0.0
5,DB00091,DB00199,1,1.0,A,DB00091,pathway,393,1.0,0.0,0.0
5,DB00091,DB00199,1,1.0,A,DB00091,pathway,394,1.0,0.0,0.0
5,DB00091,DB00199,1,1.0,A,DB00091,pathway,395,1.0,0.0,0.0
5,DB00091,DB00199,1,1.0,A,DB00091,pathway,396,1.0,0.0,0.0
5,DB00091,DB00199,1,1.0,A,DB00091,pathway,397,1.0,0.0,0.0
5,DB00091,DB00199,1,1.0,A,DB00091,pathway,398,1.0,0.0,0.0
5,DB00091,DB00199,1,1.0,A,DB00091,pathway,399,1.0,0.0,0.0
5,DB00091,DB00199,1,1.0,A,DB00091,pathway,401,1.0,0.0,0.0
5,DB00091,DB00199,1,1.0,A,DB00091,pathway,402,1.0,0.0,0.0
5,DB00091,DB00199,1,1.0,A,DB00091,pathway,427,1.0,0.0,0.0
5,DB00091,DB00199,1,1.0,A,DB00091,pathway,429,1.0,0.0,0.0
5,DB00091,DB00199,1,1.0,A,DB00091,pathway,430,1.0,0.0,0.0
5,DB00091,DB00199,1,1.0,A,DB00091,pathway,438,1.0,0.0,0.0
5,DB00091,DB00199,1,1.0,A,DB00091,pathway,439,1.0,0.0,0.0
5,DB00091,DB00199,1,1.0,A,DB00091,pathway,440,1.0,0.0,0.0
5,DB00091,DB00199,1,1.0,A,DB00091,pathway,441,1.0,0.0,0.0
5,DB00091,DB00199,1,1.0,A,DB00091,pathway,442,1.0,0.0,0.0
5,DB00091,DB00199,1,1.0,A,DB00091,pathway,443,1.0,0.0,0.0
5,DB00091,DB00199,1,1.0,A,DB00091,pathway,444,1.0,0.0,0.0
5,DB00091,DB00199,1,1.0,A,DB00091,pathway,446,1.0,0.0,0.0
5,DB00091,DB00199,1,1.0,A,DB00091,pathway,447,1.0,0.0,0.0
5,DB00091,DB00199,1,1.0,A,DB00091,pathway,452,1.0,0.0,0.0
5,DB00091,DB00199,1,1.0,A,DB00091,pathway,455,1.0,0.0,0.0
5,DB00091,DB00199,1,1.0,A,DB00091,pathway,457,1.0,0.0,0.0
5,DB00091,DB00199,1,1.0,A,DB00091,pathway,462,1.0,0.0,0.0
5,DB00091,DB00199,1,1.0,A,DB00091,pathway,464,1.0,0.0,0.0
5,DB00091,DB00199,1,1.0,A,DB00091,pathway,466,1.0,0.0,0.0
5,DB00091,DB00199,1,1.0,A,DB00091,pathway,467,1.0,0.0,0.0
5,DB00091,DB00199,1,1.0,A,DB00091,pathway,471,1.0,0.0,0.0
5,DB00091,DB00199,1,1.0,A,DB00091,pathway,473,1.0,0.0,0.0
5,DB00091,DB00199,1,1.0,A,DB00091,pathway,478,1.0,0.0,0.0
5,DB00091,DB00199,1,1.0,A,DB00091,pathway,479,1.0,0.0,0.0
5,DB00091,DB00199,1,1.0,A,DB00091,pathway,480,0.9999998807907104,1.1920928955078125e-07,1.1920928955078125e-07
5,DB00091,DB00199,1,1.0,A,DB00091,pathway,481,1.0,0.0,0.0
5,DB00091,DB00199,1,1.0,A,DB00091,pathway,482,1.0,0.0,0.0
5,DB00091,DB00199,1,1.0,A,DB00091,pathway,488,1.0,0.0,0.0
5,DB00091,DB00199,1,1.0,A,DB00091,pathway,498,1.0,0.0,0.0
5,DB00091,DB00199,1,1.0,A,DB00091,pathway,499,1.0,0.0,0.0
5,DB00091,DB00199,1,1.0,A,DB00091,pathway,511,1.0,0.0,0.0
5,DB00091,DB00199,1,1.0,A,DB00091,pathway,512,1.0,0.0,0.0
5,DB00091,DB00199,1,1.0,A,DB00091,pathway,513,1.0,0.0,0.0
5,DB00091,DB00199,1,1.0,A,DB00091,pathway,515,1.0,0.0,0.0
5,DB00091,DB00199,1,1.0,A,DB00091,pathway,521,1.0,0.0,0.0
5,DB00091,DB00199,1,1.0,A,DB00091,pathway,524,0.9999998807907104,1.1920928955078125e-07,1.1920928955078125e-07
5,DB00091,DB00199,1,1.0,A,DB00091,pathway,527,0.9999998807907104,1.1920928955078125e-07,1.1920928955078125e-07
5,DB00091,DB00199,1,1.0,A,DB00091,pathway,528,1.0,0.0,0.0
5,DB00091,DB00199,1,1.0,A,DB00091,pathway,530,1.0,0.0,0.0
5,DB00091,DB00199,1,1.0,A,DB00091,pathway,531,1.0,0.0,0.0
5,DB00091,DB00199,1,1.0,A,DB00091,pathway,532,1.0,0.0,0.0
5,DB00091,DB00199,1,1.0,A,DB00091,pathway,536,1.0,0.0,0.0
5,DB00091,DB00199,1,1.0,A,DB00091,pathway,542,1.0,0.0,0.0
5,DB00091,DB00199,1,1.0,A,DB00091,pathway,544,1.0,0.0,0.0
5,DB00091,DB00199,1,1.0,A,DB00091,pathway,552,1.0,0.0,0.0
5,DB00091,DB00199,1,1.0,A,DB00091,pathway,557,1.0,0.0,0.0
5,DB00091,DB00199,1,1.0,A,DB00091,pathway,559,1.0,0.0,0.0
5,DB00091,DB00199,1,1.0,A,DB00091,pathway,587,1.0,0.0,0.0
5,DB00091,DB00199,1,1.0,A,DB00091,pathway,588,1.0,0.0,0.0
5,DB00091,DB00199,1,1.0,A,DB00091,pathway,589,1.0,0.0,0.0
5,DB00091,DB00199,1,1.0,A,DB00091,pathway,590,1.0,0.0,0.0
5,DB00091,DB00199,1,1.0,A,DB00091,pathway,591,1.0,0.0,0.0
5,DB00091,DB00199,1,1.0,A,DB00091,pathway,594,1.0,0.0,0.0
5,DB00091,DB00199,1,1.0,A,DB00091,pathway,602,0.9999998807907104,1.1920928955078125e-07,1.1920928955078125e-07
5,DB00091,DB00199,1,1.0,A,DB00091,pathway,612,1.0,0.0,0.0
5,DB00091,DB00199,1,1.0,A,DB00091,pathway,614,1.0,0.0,0.0
5,DB00091,DB00199,1,1.0,A,DB00091,pathway,617,1.0,0.0,0.0
5,DB00091,DB00199,1,1.0,A,DB00091,pathway,619,1.0,0.0,0.0
5,DB00091,DB00199,1,1.0,A,DB00091,pathway,620,1.0,0.0,0.0
5,DB00091,DB00199,1,1.0,A,DB00091,pathway,625,1.0,0.0,0.0
5,DB00091,DB00199,1,1.0,A,DB00091,pathway,626,1.0,0.0,0.0
5,DB00091,DB00199,1,1.0,A,DB00091,pathway,627,1.0,0.0,0.0
5,DB00091,DB00199,1,1.0,A,DB00091,pathway,630,0.9999998807907104,1.1920928955078125e-07,1.1920928955078125e-07
5,DB00091,DB00199,1,1.0,A,DB00091,pathway,631,1.0,0.0,0.0
5,DB00091,DB00199,1,1.0,A,DB00091,pathway,636,1.0,0.0,0.0
5,DB00091,DB00199,1,1.0,A,DB00091,pathway,637,1.0,0.0,0.0
5,DB00091,DB00199,1,1.0,A,DB00091,pathway,638,1.0,0.0,0.0
5,DB00091,DB00199,1,1.0,A,DB00091,pathway,640,1.0,0.0,0.0
5,DB00091,DB00199,1,1.0,A,DB00091,pathway,641,1.0,0.0,0.0
5,DB00091,DB00199,1,1.0,A,DB00091,pathway,642,1.0,0.0,0.0
5,DB00091,DB00199,1,1.0,A,DB00091,pathway,643,1.0,0.0,0.0
5,DB00091,DB00199,1,1.0,A,DB00091,pathway,644,1.0,0.0,0.0
5,DB00091,DB00199,1,1.0,A,DB00091,pathway,645,1.0,0.0,0.0
5,DB00091,DB00199,1,1.0,A,DB00091,pathway,646,1.0,0.0,0.0
5,DB00091,DB00199,1,1.0,A,DB00091,pathway,647,1.0,0.0,0.0
5,DB00091,DB00199,1,1.0,A,DB00091,pathway,650,1.0,0.0,0.0
5,DB00091,DB00199,1,1.0,A,DB00091,pathway,651,1.0,0.0,0.0
5,DB00091,DB00199,1,1.0,A,DB00091,pathway,652,1.0,0.0,0.0
5,DB00091,DB00199,1,1.0,A,DB00091,pathway,654,1.0,0.0,0.0
5,DB00091,DB00199,1,1.0,A,DB00091,pathway,655,1.0,0.0,0.0
5,DB00091,DB00199,1,1.0,A,DB00091,pathway,656,1.0,0.0,0.0
5,DB00091,DB00199,1,1.0,A,DB00091,pathway,658,1.0,0.0,0.0
5,DB00091,DB00199,1,1.0,A,DB00091,pathway,664,1.0,0.0,0.0
5,DB00091,DB00199,1,1.0,A,DB00091,pathway,668,0.9999998807907104,1.1920928955078125e-07,1.1920928955078125e-07
5,DB00091,DB00199,1,1.0,A,DB00091,pathway,670,1.0,0.0,0.0
5,DB00091,DB00199,1,1.0,A,DB00091,pathway,671,1.0,0.0,0.0
5,DB00091,DB00199,1,1.0,A,DB00091,pathway,672,1.0,0.0,0.0
5,DB00091,DB00199,1,1.0,A,DB00091,pathway,673,1.0,0.0,0.0
5,DB00091,DB00199,1,1.0,A,DB00091,pathway,674,1.0,0.0,0.0
5,DB00091,DB00199,1,1.0,A,DB00091,pathway,677,1.0,0.0,0.0
5,DB00091,DB00199,1,1.0,A,DB00091,pathway,679,1.0,0.0,0.0
5,DB00091,DB00199,1,1.0,A,DB00091,pathway,683,0.9999998807907104,1.1920928955078125e-07,1.1920928955078125e-07
5,DB00091,DB00199,1,1.0,A,DB00091,pathway,685,1.0,0.0,0.0
5,DB00091,DB00199,1,1.0,A,DB00091,pathway,686,1.0,0.0,0.0
5,DB00091,DB00199,1,1.0,A,DB00091,pathway,687,1.0,0.0,0.0
5,DB00091,DB00199,1,1.0,A,DB00091,pathway,688,1.0,0.0,0.0
5,DB00091,DB00199,1,1.0,A,DB00091,pathway,691,1.0,0.0,0.0
5,DB00091,DB00199,1,1.0,A,DB00091,pathway,692,1.0,0.0,0.0
5,DB00091,DB00199,1,1.0,A,DB00091,pathway,693,1.0,0.0,0.0
5,DB00091,DB00199,1,1.0,A,DB00091,pathway,694,1.0,0.0,0.0
5,DB00091,DB00199,1,1.0,A,DB00091,pathway,695,1.0,0.0,0.0
5,DB00091,DB00199,1,1.0,A,DB00091,pathway,696,1.0,0.0,0.0
5,DB00091,DB00199,1,1.0,A,DB00091,pathway,701,1.0,0.0,0.0
5,DB00091,DB00199,1,1.0,A,DB00091,pathway,703,1.0,0.0,0.0
5,DB00091,DB00199,1,1.0,A,DB00091,pathway,704,1.0,0.0,0.0
5,DB00091,DB00199,1,1.0,A,DB00091,pathway,705,1.0,0.0,0.0
5,DB00091,DB00199,1,1.0,A,DB00091,pathway,707,1.0,0.0,0.0
5,DB00091,DB00199,1,1.0,A,DB00091,pathway,708,1.0,0.0,0.0
5,DB00091,DB00199,1,1.0,A,DB00091,pathway,709,1.0,0.0,0.0
5,DB00091,DB00199,1,1.0,A,DB00091,pathway,711,1.0,0.0,0.0
5,DB00091,DB00199,1,1.0,A,DB00091,pathway,715,1.0,0.0,0.0
5,DB00091,DB00199,1,1.0,A,DB00091,pathway,716,1.0,0.0,0.0
5,DB00091,DB00199,1,1.0,A,DB00091,pathway,717,1.0,0.0,0.0
5,DB00091,DB00199,1,1.0,A,DB00091,pathway,718,1.0,0.0,0.0
5,DB00091,DB00199,1,1.0,A,DB00091,pathway,719,1.0,0.0,0.0
5,DB00091,DB00199,1,1.0,A,DB00091,pathway,728,1.0,0.0,0.0
5,DB00091,DB00199,1,1.0,A,DB00091,pathway,730,1.0,0.0,0.0
5,DB00091,DB00199,1,1.0,A,DB00091,pathway,732,1.0,0.0,0.0
5,DB00091,DB00199,1,1.0,A,DB00091,pathway,733,1.0,0.0,0.0
5,DB00091,DB00199,1,1.0,A,DB00091,pathway,744,1.0,0.0,0.0
5,DB00091,DB00199,1,1.0,A,DB00091,pathway,764,1.0,0.0,0.0
5,DB00091,DB00199,1,1.0,A,DB00091,pathway,765,1.0,0.0,0.0
5,DB00091,DB00199,1,1.0,A,DB00091,pathway,772,1.0,0.0,0.0
5,DB00091,DB00199,1,1.0,A,DB00091,pathway,775,1.0,0.0,0.0
5,DB00091,DB00199,1,1.0,A,DB00091,pathway,776,1.0,0.0,0.0
5,DB00091,DB00199,1,1.0,A,DB00091,pathway,777,1.0,0.0,0.0
5,DB00091,DB00199,1,1.0,A,DB00091,pathway,783,1.0,0.0,0.0
5,DB00091,DB00199,1,1.0,A,DB00091,pathway,784,1.0,0.0,0.0
5,DB00091,DB00199,1,1.0,A,DB00091,pathway,787,1.0,0.0,0.0
5,DB00091,DB00199,1,1.0,A,DB00091,pathway,788,1.0,0.0,0.0
5,DB00091,DB00199,1,1.0,A,DB00091,pathway,789,1.0,0.0,0.0
5,DB00091,DB00199,1,1.0,A,DB00091,pathway,797,1.0,0.0,0.0
5,DB00091,DB00199,1,1.0,A,DB00091,pathway,798,1.0,0.0,0.0
5,DB00091,DB00199,1,1.0,A,DB00091,pathway,799,1.0,0.0,0.0
5,DB00091,DB00199,1,1.0,A,DB00091,pathway,801,1.0,0.0,0.0
5,DB00091,DB00199,1,1.0,A,DB00091,pathway,805,1.0,0.0,0.0
5,DB00091,DB00199,1,1.0,A,DB00091,pathway,806,1.0,0.0,0.0
5,DB00091,DB00199,1,1.0,A,DB00091,pathway,811,1.0,0.0,0.0
5,DB00091,DB00199,1,1.0,A,DB00091,pathway,826,1.0,0.0,0.0
5,DB00091,DB00199,1,1.0,A,DB00091,pathway,830,1.0,0.0,0.0
5,DB00091,DB00199,1,1.0,A,DB00091,pathway,836,1.0,0.0,0.0
5,DB00091,DB00199,1,1.0,A,DB00091,pathway,837,1.0,0.0,0.0
5,DB00091,DB00199,1,1.0,A,DB00091,pathway,840,1.0,0.0,0.0
5,DB00091,DB00199,1,1.0,A,DB00091,pathway,845,1.0,0.0,0.0
5,DB00091,DB00199,1,1.0,A,DB00091,pathway,853,1.0,0.0,0.0
5,DB00091,DB00199,1,1.0,A,DB00091,pathway,854,1.0,0.0,0.0
5,DB00091,DB00199,1,1.0,A,DB00091,pathway,855,1.0,0.0,0.0
5,DB00091,DB00199,1,1.0,A,DB00091,pathway,863,1.0,0.0,0.0
5,DB00091,DB00199,1,1.0,A,DB00091,pathway,870,1.0,0.0,0.0
5,DB00091,DB00199,1,1.0,A,DB00091,pathway,874,1.0,0.0,0.0
5,DB00091,DB00199,1,1.0,A,DB00091,pathway,877,0.9999998807907104,1.1920928955078125e-07,1.1920928955078125e-07
5,DB00091,DB00199,1,1.0,A,DB00091,pathway,883,1.0,0.0,0.0
5,DB00091,DB00199,1,1.0,A,DB00091,pathway,896,1.0,0.0,0.0
5,DB00091,DB00199,1,1.0,A,DB00091,pathway,910,1.0,0.0,0.0
5,DB00091,DB00199,1,1.0,A,DB00091,pathway,919,1.0,0.0,0.0
5,DB00091,DB00199,1,1.0,A,DB00091,pathway,922,1.0,0.0,0.0
5,DB00091,DB00199,1,1.0,A,DB00091,pathway,927,1.0,0.0,0.0
5,DB00091,DB00199,1,1.0,A,DB00091,pathway,940,1.0,0.0,0.0
5,DB00091,DB00199,1,1.0,A,DB00091,pathway,948,1.0,0.0,0.0
5,DB00091,DB00199,1,1.0,A,DB00091,pathway,955,1.0,0.0,0.0
5,DB00091,DB00199,1,1.0,A,DB00091,pathway,958,1.0,0.0,0.0
5,DB00091,DB00199,1,1.0,A,DB00091,pathway,959,1.0,0.0,0.0
5,DB00091,DB00199,1,1.0,A,DB00091,pathway,965,1.0,0.0,0.0
5,DB00091,DB00199,1,1.0,A,DB00091,pathway,968,1.0,0.0,0.0
5,DB00091,DB00199,1,1.0,A,DB00091,pathway,969,1.0,0.0,0.0
5,DB00091,DB00199,1,1.0,A,DB00091,pathway,970,1.0,0.0,0.0
5,DB00091,DB00199,1,1.0,A,DB00091,pathway,973,1.0,0.0,0.0
5,DB00091,DB00199,1,1.0,A,DB00091,pathway,981,1.0,0.0,0.0
5,DB00091,DB00199,1,1.0,A,DB00091,pathway,986,1.0,0.0,0.0
5,DB00091,DB00199,1,1.0,A,DB00091,pathway,987,1.0,0.0,0.0
5,DB00091,DB00199,1,1.0,A,DB00091,pathway,988,1.0,0.0,0.0
5,DB00091,DB00199,1,1.0,A,DB00091,pathway,989,1.0,0.0,0.0
5,DB00091,DB00199,1,1.0,A,DB00091,pathway,1009,1.0,0.0,0.0
5,DB00091,DB00199,1,1.0,A,DB00091,pathway,1010,1.0,0.0,0.0
5,DB00091,DB00199,1,1.0,A,DB00091,pathway,1011,1.0,0.0,0.0
5,DB00091,DB00199,1,1.0,A,DB00091,pathway,1012,1.0,0.0,0.0
5,DB00091,DB00199,1,1.0,A,DB00091,pathway,1018,1.0,0.0,0.0
5,DB00091,DB00199,1,1.0,A,DB00091,pathway,1019,1.0,0.0,0.0
5,DB00091,DB00199,1,1.0,A,DB00091,pathway,1020,1.0,0.0,0.0
5,DB00091,DB00199,1,1.0,A,DB00091,pathway,1031,1.0,0.0,0.0
5,DB00091,DB00199,1,1.0,A,DB00091,pathway,1037,1.0,0.0,0.0
5,DB00091,DB00199,1,1.0,A,DB00091,pathway,1041,1.0,0.0,0.0
5,DB00091,DB00199,1,1.0,A,DB00091,pathway,1044,1.0,0.0,0.0
5,DB00091,DB00199,1,1.0,A,DB00091,pathway,1045,1.0,0.0,0.0
5,DB00091,DB00199,1,1.0,A,DB00091,pathway,1046,1.0,0.0,0.0
5,DB00091,DB00199,1,1.0,A,DB00091,pathway,1047,1.0,0.0,0.0
5,DB00091,DB00199,1,1.0,A,DB00091,pathway,1048,1.0,0.0,0.0
5,DB00091,DB00199,1,1.0,A,DB00091,pathway,1054,1.0,0.0,0.0
5,DB00091,DB00199,1,1.0,A,DB00091,pathway,1057,0.9999998807907104,1.1920928955078125e-07,1.1920928955078125e-07
5,DB00091,DB00199,1,1.0,A,DB00091,pathway,1062,1.0,0.0,0.0
5,DB00091,DB00199,1,1.0,A,DB00091,pathway,1064,1.0,0.0,0.0
5,DB00091,DB00199,1,1.0,A,DB00091,pathway,1066,1.0,0.0,0.0
5,DB00091,DB00199,1,1.0,A,DB00091,pathway,1073,1.0,0.0,0.0
5,DB00091,DB00199,1,1.0,A,DB00091,pathway,1074,1.0,0.0,0.0
5,DB00091,DB00199,1,1.0,A,DB00091,pathway,1079,1.0,0.0,0.0
5,DB00091,DB00199,1,1.0,A,DB00091,pathway,1080,1.0,0.0,0.0
5,DB00091,DB00199,1,1.0,A,DB00091,pathway,1081,1.0,0.0,0.0
5,DB00091,DB00199,1,1.0,A,DB00091,pathway,1082,1.0,0.0,0.0
5,DB00091,DB00199,1,1.0,A,DB00091,pathway,1083,1.0,0.0,0.0
5,DB00091,DB00199,1,1.0,A,DB00091,pathway,1084,1.0,0.0,0.0
5,DB00091,DB00199,1,1.0,A,DB00091,pathway,1085,1.0,0.0,0.0
5,DB00091,DB00199,1,1.0,A,DB00091,pathway,1089,0.9999998807907104,1.1920928955078125e-07,1.1920928955078125e-07
5,DB00091,DB00199,1,1.0,A,DB00091,pathway,1090,0.9999998807907104,1.1920928955078125e-07,1.1920928955078125e-07
5,DB00091,DB00199,1,1.0,A,DB00091,pathway,1099,1.0,0.0,0.0
5,DB00091,DB00199,1,1.0,A,DB00091,pathway,1100,1.0,0.0,0.0
5,DB00091,DB00199,1,1.0,A,DB00091,pathway,1102,1.0,0.0,0.0
5,DB00091,DB00199,1,1.0,A,DB00091,pathway,1103,1.0,0.0,0.0
5,DB00091,DB00199,1,1.0,A,DB00091,pathway,1107,1.0,0.0,0.0
5,DB00091,DB00199,1,1.0,A,DB00091,pathway,1108,1.0,0.0,0.0
5,DB00091,DB00199,1,1.0,A,DB00091,pathway,1110,1.0,0.0,0.0
5,DB00091,DB00199,1,1.0,A,DB00091,pathway,1116,1.0,0.0,0.0
5,DB00091,DB00199,1,1.0,A,DB00091,pathway,1119,1.0,0.0,0.0
5,DB00091,DB00199,1,1.0,A,DB00091,pathway,1120,1.0,0.0,0.0
5,DB00091,DB00199,1,1.0,A,DB00091,pathway,1121,1.0,0.0,0.0
5,DB00091,DB00199,1,1.0,A,DB00091,pathway,1122,1.0,0.0,0.0
5,DB00091,DB00199,1,1.0,A,DB00091,pathway,1123,1.0,0.0,0.0
5,DB00091,DB00199,1,1.0,A,DB00091,pathway,1126,1.0,0.0,0.0
5,DB00091,DB00199,1,1.0,A,DB00091,pathway,1134,1.0,0.0,0.0
5,DB00091,DB00199,1,1.0,A,DB00091,pathway,1135,1.0,0.0,0.0
5,DB00091,DB00199,1,1.0,A,DB00091,pathway,1138,1.0,0.0,0.0
5,DB00091,DB00199,1,1.0,A,DB00091,pathway,1153,1.0,0.0,0.0
5,DB00091,DB00199,1,1.0,A,DB00091,pathway,1154,1.0,0.0,0.0
5,DB00091,DB00199,1,1.0,A,DB00091,pathway,1157,1.0,0.0,0.0
5,DB00091,DB00199,1,1.0,A,DB00091,pathway,1165,1.0,0.0,0.0
5,DB00091,DB00199,1,1.0,A,DB00091,pathway,1167,1.0,0.0,0.0
5,DB00091,DB00199,1,1.0,A,DB00091,pathway,1177,1.0,0.0,0.0
5,DB00091,DB00199,1,1.0,A,DB00091,pathway,1182,1.0,0.0,0.0
5,DB00091,DB00199,1,1.0,A,DB00091,pathway,1217,1.0,0.0,0.0
5,DB00091,DB00199,1,1.0,A,DB00091,pathway,1218,1.0,0.0,0.0
5,DB00091,DB00199,1,1.0,A,DB00091,pathway,1224,1.0,0.0,0.0
5,DB00091,DB00199,1,1.0,A,DB00091,pathway,1225,1.0,0.0,0.0
5,DB00091,DB00199,1,1.0,A,DB00091,pathway,1230,1.0,0.0,0.0
5,DB00091,DB00199,1,1.0,A,DB00091,pathway,1245,1.0,0.0,0.0
5,DB00091,DB00199,1,1.0,A,DB00091,pathway,1249,1.0,0.0,0.0
5,DB00091,DB00199,1,1.0,A,DB00091,pathway,1262,1.0,0.0,0.0
5,DB00091,DB00199,1,1.0,A,DB00091,pathway,1263,1.0,0.0,0.0
5,DB00091,DB00199,1,1.0,A,DB00091,pathway,1264,1.0,0.0,0.0
5,DB00091,DB00199,1,1.0,A,DB00091,pathway,1265,1.0,0.0,0.0
5,DB00091,DB00199,1,1.0,A,DB00091,pathway,1266,1.0,0.0,0.0
5,DB00091,DB00199,1,1.0,A,DB00091,pathway,1267,1.0,0.0,0.0
5,DB00091,DB00199,1,1.0,A,DB00091,pathway,1268,1.0,0.0,0.0
5,DB00091,DB00199,1,1.0,A,DB00091,pathway,1270,1.0,0.0,0.0
5,DB00091,DB00199,1,1.0,A,DB00091,pathway,1272,1.0,0.0,0.0
5,DB00091,DB00199,1,1.0,A,DB00091,pathway,1278,1.0,0.0,0.0
5,DB00091,DB00199,1,1.0,A,DB00091,pathway,1291,1.0,0.0,0.0
5,DB00091,DB00199,1,1.0,A,DB00091,pathway,1292,1.0,0.0,0.0
5,DB00091,DB00199,1,1.0,A,DB00091,pathway,1297,1.0,0.0,0.0
5,DB00091,DB00199,1,1.0,A,DB00091,pathway,1298,1.0,0.0,0.0
5,DB00091,DB00199,1,1.0,A,DB00091,pathway,1299,1.0,0.0,0.0
5,DB00091,DB00199,1,1.0,A,DB00091,pathway,1300,1.0,0.0,0.0
5,DB00091,DB00199,1,1.0,A,DB00091,pathway,1301,1.0,0.0,0.0
5,DB00091,DB00199,1,1.0,A,DB00091,pathway,1302,1.0,0.0,0.0
5,DB00091,DB00199,1,1.0,A,DB00091,pathway,1305,1.0,0.0,0.0
5,DB00091,DB00199,1,1.0,A,DB00091,pathway,1312,1.0,0.0,0.0
5,DB00091,DB00199,1,1.0,A,DB00091,pathway,1318,1.0,0.0,0.0
5,DB00091,DB00199,1,1.0,A,DB00091,pathway,1329,1.0,0.0,0.0
5,DB00091,DB00199,1,1.0,A,DB00091,pathway,1333,1.0,0.0,0.0
5,DB00091,DB00199,1,1.0,A,DB00091,pathway,1339,1.0,0.0,0.0
5,DB00091,DB00199,1,1.0,A,DB00091,pathway,1346,1.0,0.0,0.0
5,DB00091,DB00199,1,1.0,A,DB00091,pathway,1347,1.0,0.0,0.0
5,DB00091,DB00199,1,1.0,A,DB00091,pathway,1348,1.0,0.0,0.0
5,DB00091,DB00199,1,1.0,A,DB00091,pathway,1353,1.0,0.0,0.0
5,DB00091,DB00199,1,1.0,A,DB00091,pathway,1356,1.0,0.0,0.0
5,DB00091,DB00199,1,1.0,A,DB00091,pathway,1364,1.0,0.0,0.0
5,DB00091,DB00199,1,1.0,A,DB00091,pathway,1366,1.0,0.0,0.0
5,DB00091,DB00199,1,1.0,A,DB00091,pathway,1370,1.0,0.0,0.0
5,DB00091,DB00199,1,1.0,A,DB00091,pathway,1372,1.0,0.0,0.0
5,DB00091,DB00199,1,1.0,A,DB00091,pathway,1373,1.0,0.0,0.0
5,DB00091,DB00199,1,1.0,A,DB00091,pathway,1382,1.0,0.0,0.0
5,DB00091,DB00199,1,1.0,A,DB00091,pathway,1394,0.9999998807907104,1.1920928955078125e-07,1.1920928955078125e-07
5,DB00091,DB00199,1,1.0,A,DB00091,pathway,1396,1.0,0.0,0.0
5,DB00091,DB00199,1,1.0,A,DB00091,pathway,1397,1.0,0.0,0.0
5,DB00091,DB00199,1,1.0,A,DB00091,pathway,1401,1.0,0.0,0.0
5,DB00091,DB00199,1,1.0,A,DB00091,pathway,1402,1.0,0.0,0.0
5,DB00091,DB00199,1,1.0,A,DB00091,pathway,1405,1.0,0.0,0.0
5,DB00091,DB00199,1,1.0,A,DB00091,pathway,1414,1.0,0.0,0.0
5,DB00091,DB00199,1,1.0,A,DB00091,pathway,1419,1.0,0.0,0.0
5,DB00091,DB00199,1,1.0,A,DB00091,pathway,1422,1.0,0.0,0.0
5,DB00091,DB00199,1,1.0,A,DB00091,pathway,1423,1.0,0.0,0.0
5,DB00091,DB00199,1,1.0,A,DB00091,pathway,1424,1.0,0.0,0.0
5,DB00091,DB00199,1,1.0,A,DB00091,pathway,1428,1.0,0.0,0.0
5,DB00091,DB00199,1,1.0,A,DB00091,pathway,1430,1.0,0.0,0.0
5,DB00091,DB00199,1,1.0,A,DB00091,pathway,1431,1.0,0.0,0.0
5,DB00091,DB00199,1,1.0,A,DB00091,pathway,1432,1.0,0.0,0.0
5,DB00091,DB00199,1,1.0,A,DB00091,pathway,1436,1.0,0.0,0.0
5,DB00091,DB00199,1,1.0,A,DB00091,pathway,1437,1.0,0.0,0.0
5,DB00091,DB00199,1,1.0,A,DB00091,pathway,1440,1.0,0.0,0.0
5,DB00091,DB00199,1,1.0,A,DB00091,pathway,1441,1.0,0.0,0.0
5,DB00091,DB00199,1,1.0,A,DB00091,pathway,1446,1.0,0.0,0.0
5,DB00091,DB00199,1,1.0,A,DB00091,pathway,1448,1.0,0.0,0.0
5,DB00091,DB00199,1,1.0,A,DB00091,pathway,1453,1.0,0.0,0.0
5,DB00091,DB00199,1,1.0,A,DB00091,pathway,1467,1.0,0.0,0.0
5,DB00091,DB00199,1,1.0,A,DB00091,pathway,1468,1.0,0.0,0.0
5,DB00091,DB00199,1,1.0,A,DB00091,pathway,1471,1.0,0.0,0.0
5,DB00091,DB00199,1,1.0,A,DB00091,pathway,1472,1.0,0.0,0.0
5,DB00091,DB00199,1,1.0,A,DB00091,pathway,1473,1.0,0.0,0.0
5,DB00091,DB00199,1,1.0,A,DB00091,pathway,1474,1.0,0.0,0.0
5,DB00091,DB00199,1,1.0,A,DB00091,pathway,1488,1.0,0.0,0.0
5,DB00091,DB00199,1,1.0,A,DB00091,pathway,1489,1.0,0.0,0.0
5,DB00091,DB00199,1,1.0,A,DB00091,pathway,1490,1.0,0.0,0.0
5,DB00091,DB00199,1,1.0,A,DB00091,pathway,1491,1.0,0.0,0.0
5,DB00091,DB00199,1,1.0,A,DB00091,pathway,1492,1.0,0.0,0.0
5,DB00091,DB00199,1,1.0,A,DB00091,pathway,1496,0.9999998807907104,1.1920928955078125e-07,1.1920928955078125e-07
5,DB00091,DB00199,1,1.0,A,DB00091,pathway,1500,1.0,0.0,0.0
5,DB00091,DB00199,1,1.0,A,DB00091,pathway,1502,1.0,0.0,0.0
5,DB00091,DB00199,1,1.0,A,DB00091,pathway,1513,1.0,0.0,0.0
5,DB00091,DB00199,1,1.0,A,DB00091,pathway,1514,1.0,0.0,0.0
5,DB00091,DB00199,1,1.0,A,DB00091,pathway,1518,1.0,0.0,0.0
5,DB00091,DB00199,1,1.0,A,DB00091,pathway,1521,1.0,0.0,0.0
5,DB00091,DB00199,1,1.0,A,DB00091,pathway,1522,1.0,0.0,0.0
5,DB00091,DB00199,1,1.0,A,DB00091,pathway,1524,1.0,0.0,0.0
5,DB00091,DB00199,1,1.0,A,DB00091,pathway,1531,1.0,0.0,0.0
5,DB00091,DB00199,1,1.0,A,DB00091,pathway,1533,1.0,0.0,0.0
5,DB00091,DB00199,1,1.0,A,DB00091,pathway,1534,1.0,0.0,0.0
5,DB00091,DB00199,1,1.0,A,DB00091,pathway,1542,1.0,0.0,0.0
5,DB00091,DB00199,1,1.0,A,DB00091,pathway,1544,1.0,0.0,0.0
5,DB00091,DB00199,1,1.0,A,DB00091,pathway,1547,1.0,0.0,0.0
5,DB00091,DB00199,1,1.0,A,DB00091,pathway,1548,1.0,0.0,0.0
5,DB00091,DB00199,1,1.0,A,DB00091,pathway,1549,1.0,0.0,0.0
5,DB00091,DB00199,1,1.0,A,DB00091,pathway,1557,1.0,0.0,0.0
5,DB00091,DB00199,1,1.0,A,DB00091,pathway,1562,1.0,0.0,0.0
5,DB00091,DB00199,1,1.0,A,DB00091,pathway,1567,1.0,0.0,0.0
5,DB00091,DB00199,1,1.0,A,DB00091,pathway,1568,1.0,0.0,0.0
5,DB00091,DB00199,1,1.0,A,DB00091,pathway,1569,1.0,0.0,0.0
5,DB00091,DB00199,1,1.0,A,DB00091,pathway,1570,1.0,0.0,0.0
5,DB00091,DB00199,1,1.0,A,DB00091,pathway,1571,1.0,0.0,0.0
5,DB00091,DB00199,1,1.0,A,DB00091,pathway,1577,1.0,0.0,0.0
5,DB00091,DB00199,1,1.0,A,DB00091,pathway,1582,1.0,0.0,0.0
5,DB00091,DB00199,1,1.0,A,DB00091,pathway,1584,1.0,0.0,0.0
5,DB00091,DB00199,1,1.0,A,DB00091,pathway,1585,1.0,0.0,0.0
5,DB00091,DB00199,1,1.0,A,DB00091,pathway,1586,1.0,0.0,0.0
5,DB00091,DB00199,1,1.0,A,DB00091,pathway,1587,1.0,0.0,0.0
5,DB00091,DB00199,1,1.0,A,DB00091,pathway,1589,1.0,0.0,0.0
5,DB00091,DB00199,1,1.0,A,DB00091,pathway,1590,1.0,0.0,0.0
5,DB00091,DB00199,1,1.0,A,DB00091,pathway,1591,1.0,0.0,0.0
5,DB00091,DB00199,1,1.0,A,DB00091,pathway,1592,1.0,0.0,0.0
5,DB00091,DB00199,1,1.0,A,DB00091,pathway,1593,1.0,0.0,0.0
5,DB00091,DB00199,1,1.0,A,DB00091,pathway,1594,1.0,0.0,0.0
5,DB00091,DB00199,1,1.0,A,DB00091,pathway,1595,1.0,0.0,0.0
5,DB00091,DB00199,1,1.0,A,DB00091,pathway,1596,1.0,0.0,0.0
5,DB00091,DB00199,1,1.0,A,DB00091,pathway,1597,1.0,0.0,0.0
5,DB00091,DB00199,1,1.0,A,DB00091,pathway,1598,1.0,0.0,0.0
5,DB00091,DB00199,1,1.0,A,DB00091,pathway,1599,1.0,0.0,0.0
5,DB00091,DB00199,1,1.0,A,DB00091,pathway,1613,1.0,0.0,0.0
5,DB00091,DB00199,1,1.0,A,DB00091,pathway,1635,1.0,0.0,0.0
5,DB00091,DB00199,1,1.0,A,DB00091,pathway,1637,1.0,0.0,0.0
5,DB00091,DB00199,1,1.0,A,DB00091,pathway,1640,1.0,0.0,0.0
5,DB00091,DB00199,1,1.0,A,DB00091,pathway,1652,1.0,0.0,0.0
5,DB00091,DB00199,1,1.0,A,DB00091,pathway,1665,1.0,0.0,0.0
5,DB00091,DB00199,1,1.0,A,DB00091,pathway,1685,1.0,0.0,0.0
5,DB00091,DB00199,1,1.0,A,DB00091,pathway,1686,1.0,0.0,0.0
5,DB00091,DB00199,1,1.0,A,DB00091,pathway,1687,1.0,0.0,0.0
5,DB00091,DB00199,1,1.0,A,DB00091,pathway,1688,1.0,0.0,0.0
5,DB00091,DB00199,1,1.0,A,DB00091,pathway,1692,1.0,0.0,0.0
5,DB00091,DB00199,1,1.0,A,DB00091,pathway,1694,1.0,0.0,0.0
5,DB00091,DB00199,1,1.0,A,DB00091,pathway,1695,1.0,0.0,0.0
5,DB00091,DB00199,1,1.0,A,DB00091,pathway,1696,1.0,0.0,0.0
5,DB00091,DB00199,1,1.0,A,DB00091,pathway,1700,1.0,0.0,0.0
5,DB00091,DB00199,1,1.0,A,DB00091,pathway,1701,1.0,0.0,0.0
5,DB00091,DB00199,1,1.0,A,DB00091,pathway,1713,1.0,0.0,0.0
5,DB00091,DB00199,1,1.0,A,DB00091,pathway,1714,1.0,0.0,0.0
5,DB00091,DB00199,1,1.0,A,DB00091,pathway,1719,1.0,0.0,0.0
5,DB00091,DB00199,1,1.0,A,DB00091,pathway,1721,1.0,0.0,0.0
5,DB00091,DB00199,1,1.0,A,DB00091,pathway,1730,1.0,0.0,0.0
5,DB00091,DB00199,1,1.0,A,DB00091,pathway,1737,1.0,0.0,0.0
5,DB00091,DB00199,1,1.0,A,DB00091,pathway,1743,1.0,0.0,0.0
5,DB00091,DB00199,1,1.0,A,DB00091,pathway,1744,1.0,0.0,0.0
5,DB00091,DB00199,1,1.0,A,DB00091,pathway,1746,1.0,0.0,0.0
5,DB00091,DB00199,1,1.0,A,DB00091,pathway,1751,1.0,0.0,0.0
5,DB00091,DB00199,1,1.0,A,DB00091,pathway,1755,1.0,0.0,0.0
5,DB00091,DB00199,1,1.0,A,DB00091,pathway,1758,1.0,0.0,0.0
5,DB00091,DB00199,1,1.0,A,DB00091,pathway,1765,1.0,0.0,0.0
5,DB00091,DB00199,1,1.0,A,DB00091,pathway,1770,1.0,0.0,0.0
5,DB00091,DB00199,1,1.0,A,DB00091,pathway,1774,1.0,0.0,0.0
5,DB00091,DB00199,1,1.0,A,DB00091,pathway,1776,1.0,0.0,0.0
5,DB00091,DB00199,1,1.0,A,DB00091,pathway,1779,1.0,0.0,0.0
5,DB00091,DB00199,1,1.0,A,DB00091,pathway,1783,1.0,0.0,0.0
5,DB00091,DB00199,1,1.0,A,DB00091,pathway,1784,1.0,0.0,0.0
5,DB00091,DB00199,1,1.0,A,DB00091,pathway,1788,1.0,0.0,0.0
5,DB00091,DB00199,1,1.0,A,DB00091,pathway,1790,1.0,0.0,0.0
5,DB00091,DB00199,1,1.0,A,DB00091,pathway,1791,1.0,0.0,0.0
5,DB00091,DB00199,1,1.0,A,DB00091,pathway,1793,1.0,0.0,0.0
5,DB00091,DB00199,1,1.0,A,DB00091,pathway,1794,1.0,0.0,0.0
5,DB00091,DB00199,1,1.0,A,DB00091,pathway,1795,1.0,0.0,0.0
5,DB00091,DB00199,1,1.0,A,DB00091,pathway,1796,1.0,0.0,0.0
5,DB00091,DB00199,1,1.0,A,DB00091,pathway,1797,1.0,0.0,0.0
5,DB00091,DB00199,1,1.0,A,DB00091,pathway,1798,1.0,0.0,0.0
5,DB00091,DB00199,1,1.0,A,DB00091,pathway,1799,1.0,0.0,0.0
5,DB00091,DB00199,1,1.0,A,DB00091,pathway,1801,1.0,0.0,0.0
5,DB00091,DB00199,1,1.0,A,DB00091,pathway,1805,1.0,0.0,0.0
5,DB00091,DB00199,1,1.0,A,DB00091,pathway,1812,1.0,0.0,0.0
5,DB00091,DB00199,1,1.0,A,DB00091,pathway,1818,1.0,0.0,0.0
5,DB00091,DB00199,1,1.0,A,DB00091,pathway,1827,1.0,0.0,0.0
5,DB00091,DB00199,1,1.0,A,DB00091,pathway,1831,1.0,0.0,0.0
5,DB00091,DB00199,1,1.0,A,DB00091,pathway,1837,1.0,0.0,0.0
5,DB00091,DB00199,1,1.0,A,DB00091,pathway,1842,1.0,0.0,0.0
5,DB00091,DB00199,1,1.0,A,DB00091,pathway,1846,1.0,0.0,0.0
5,DB00091,DB00199,1,1.0,A,DB00091,pathway,1848,1.0,0.0,0.0
5,DB00091,DB00199,1,1.0,A,DB00091,pathway,1849,1.0,0.0,0.0
5,DB00091,DB00199,1,1.0,A,DB00091,pathway,1850,1.0,0.0,0.0
5,DB00091,DB00199,1,1.0,A,DB00091,pathway,1853,1.0,0.0,0.0
5,DB00091,DB00199,1,1.0,A,DB00091,pathway,1854,1.0,0.0,0.0
5,DB00091,DB00199,1,1.0,A,DB00091,pathway,1865,1.0,0.0,0.0
5,DB00091,DB00199,1,1.0,A,DB00091,pathway,1867,1.0,0.0,0.0
5,DB00091,DB00199,1,1.0,A,DB00091,pathway,1877,1.0,0.0,0.0
5,DB00091,DB00199,1,1.0,A,DB00091,pathway,1879,1.0,0.0,0.0
5,DB00091,DB00199,1,1.0,A,DB00091,pathway,1880,1.0,0.0,0.0
5,DB00091,DB00199,1,1.0,A,DB00091,pathway,1886,1.0,0.0,0.0
5,DB00091,DB00199,1,1.0,A,DB00091,pathway,1892,1.0,0.0,0.0
5,DB00091,DB00199,1,1.0,A,DB00091,pathway,1893,1.0,0.0,0.0
5,DB00091,DB00199,1,1.0,A,DB00091,pathway,1896,1.0,0.0,0.0
5,DB00091,DB00199,1,1.0,A,DB00091,pathway,1898,1.0,0.0,0.0
5,DB00091,DB00199,1,1.0,A,DB00091,pathway,1903,1.0,0.0,0.0
5,DB00091,DB00199,1,1.0,A,DB00091,pathway,1904,1.0,0.0,0.0
5,DB00091,DB00199,1,1.0,A,DB00091,pathway,1905,1.0,0.0,0.0
5,DB00091,DB00199,1,1.0,A,DB00091,pathway,1912,1.0,0.0,0.0
5,DB00091,DB00199,1,1.0,A,DB00091,pathway,1913,1.0,0.0,0.0
5,DB00091,DB00199,1,1.0,A,DB00091,pathway,1921,1.0,0.0,0.0
5,DB00091,DB00199,1,1.0,A,DB00091,pathway,1925,1.0,0.0,0.0
5,DB00091,DB00199,1,1.0,A,DB00091,pathway,1926,1.0,0.0,0.0
5,DB00091,DB00199,1,1.0,A,DB00091,pathway,1932,1.0,0.0,0.0
5,DB00091,DB00199,1,1.0,A,DB00091,pathway,1933,0.9999998807907104,1.1920928955078125e-07,1.1920928955078125e-07
5,DB00091,DB00199,1,1.0,A,DB00091,pathway,1935,1.0,0.0,0.0
5,DB00091,DB00199,1,1.0,A,DB00091,pathway,1937,1.0,0.0,0.0
5,DB00091,DB00199,1,1.0,A,DB00091,pathway,1938,1.0,0.0,0.0
5,DB00091,DB00199,1,1.0,A,DB00091,pathway,1952,1.0,0.0,0.0
5,DB00091,DB00199,1,1.0,A,DB00091,pathway,1956,1.0,0.0,0.0
5,DB00091,DB00199,1,1.0,A,DB00091,pathway,1957,1.0,0.0,0.0
5,DB00091,DB00199,1,1.0,A,DB00091,pathway,1958,1.0,0.0,0.0
5,DB00091,DB00199,1,1.0,A,DB00091,pathway,1959,1.0,0.0,0.0
5,DB00091,DB00199,1,1.0,A,DB00091,pathway,1965,1.0,0.0,0.0
5,DB00091,DB00199,1,1.0,B,DB00199,pathway,2,1.0,0.0,0.0
5,DB00091,DB00199,1,1.0,B,DB00199,pathway,26,1.0,0.0,0.0
5,DB00091,DB00199,1,1.0,B,DB00199,pathway,29,1.0,0.0,0.0
5,DB00091,DB00199,1,1.0,B,DB00199,pathway,31,1.0,0.0,0.0
5,DB00091,DB00199,1,1.0,B,DB00199,pathway,39,1.0,0.0,0.0
5,DB00091,DB00199,1,1.0,B,DB00199,pathway,43,1.0,0.0,0.0
5,DB00091,DB00199,1,1.0,B,DB00199,pathway,44,1.0,0.0,0.0
5,DB00091,DB00199,1,1.0,B,DB00199,pathway,51,1.0,0.0,0.0
5,DB00091,DB00199,1,1.0,B,DB00199,pathway,52,1.0,0.0,0.0
5,DB00091,DB00199,1,1.0,B,DB00199,pathway,53,1.0,0.0,0.0
5,DB00091,DB00199,1,1.0,B,DB00199,pathway,55,1.0,0.0,0.0
5,DB00091,DB00199,1,1.0,B,DB00199,pathway,57,1.0,0.0,0.0
5,DB00091,DB00199,1,1.0,B,DB00199,pathway,62,1.0,0.0,0.0
5,DB00091,DB00199,1,1.0,B,DB00199,pathway,66,1.0,0.0,0.0
5,DB00091,DB00199,1,1.0,B,DB00199,pathway,67,1.0,0.0,0.0
5,DB00091,DB00199,1,1.0,B,DB00199,pathway,72,1.0,0.0,0.0
5,DB00091,DB00199,1,1.0,B,DB00199,pathway,74,1.0,0.0,0.0
5,DB00091,DB00199,1,1.0,B,DB00199,pathway,75,1.0,0.0,0.0
5,DB00091,DB00199,1,1.0,B,DB00199,pathway,78,1.0,0.0,0.0
5,DB00091,DB00199,1,1.0,B,DB00199,pathway,79,1.0,0.0,0.0
5,DB00091,DB00199,1,1.0,B,DB00199,pathway,81,1.0,0.0,0.0
5,DB00091,DB00199,1,1.0,B,DB00199,pathway,84,1.0,0.0,0.0
5,DB00091,DB00199,1,1.0,B,DB00199,pathway,91,1.0,0.0,0.0
5,DB00091,DB00199,1,1.0,B,DB00199,pathway,98,1.0,0.0,0.0
5,DB00091,DB00199,1,1.0,B,DB00199,pathway,100,1.0,0.0,0.0
5,DB00091,DB00199,1,1.0,B,DB00199,pathway,110,1.0,0.0,0.0
5,DB00091,DB00199,1,1.0,B,DB00199,pathway,113,1.0,0.0,0.0
5,DB00091,DB00199,1,1.0,B,DB00199,pathway,115,1.0,0.0,0.0
5,DB00091,DB00199,1,1.0,B,DB00199,pathway,116,1.0,0.0,0.0
5,DB00091,DB00199,1,1.0,B,DB00199,pathway,117,1.0,0.0,0.0
5,DB00091,DB00199,1,1.0,B,DB00199,pathway,119,1.0,0.0,0.0
5,DB00091,DB00199,1,1.0,B,DB00199,pathway,121,1.0,0.0,0.0
5,DB00091,DB00199,1,1.0,B,DB00199,pathway,123,1.0,0.0,0.0
5,DB00091,DB00199,1,1.0,B,DB00199,pathway,124,1.0,0.0,0.0
5,DB00091,DB00199,1,1.0,B,DB00199,pathway,136,1.0,0.0,0.0
5,DB00091,DB00199,1,1.0,B,DB00199,pathway,141,1.0,0.0,0.0
5,DB00091,DB00199,1,1.0,B,DB00199,pathway,143,1.0,0.0,0.0
5,DB00091,DB00199,1,1.0,B,DB00199,pathway,150,1.0,0.0,0.0
5,DB00091,DB00199,1,1.0,B,DB00199,pathway,158,1.0,0.0,0.0
5,DB00091,DB00199,1,1.0,B,DB00199,pathway,159,1.0,0.0,0.0
5,DB00091,DB00199,1,1.0,B,DB00199,pathway,164,1.0,0.0,0.0
5,DB00091,DB00199,1,1.0,B,DB00199,pathway,165,1.0,0.0,0.0
5,DB00091,DB00199,1,1.0,B,DB00199,pathway,172,1.0,0.0,0.0
5,DB00091,DB00199,1,1.0,B,DB00199,pathway,191,1.0,0.0,0.0
5,DB00091,DB00199,1,1.0,B,DB00199,pathway,227,1.0,0.0,0.0
5,DB00091,DB00199,1,1.0,B,DB00199,pathway,237,1.0,0.0,0.0
5,DB00091,DB00199,1,1.0,B,DB00199,pathway,245,1.0,0.0,0.0
5,DB00091,DB00199,1,1.0,B,DB00199,pathway,247,1.0,0.0,0.0
5,DB00091,DB00199,1,1.0,B,DB00199,pathway,250,1.0,0.0,0.0
5,DB00091,DB00199,1,1.0,B,DB00199,pathway,258,1.0,0.0,0.0
5,DB00091,DB00199,1,1.0,B,DB00199,pathway,276,1.0,0.0,0.0
5,DB00091,DB00199,1,1.0,B,DB00199,pathway,277,1.0,0.0,0.0
5,DB00091,DB00199,1,1.0,B,DB00199,pathway,281,1.0,0.0,0.0
5,DB00091,DB00199,1,1.0,B,DB00199,pathway,283,1.0,0.0,0.0
5,DB00091,DB00199,1,1.0,B,DB00199,pathway,285,1.0,0.0,0.0
5,DB00091,DB00199,1,1.0,B,DB00199,pathway,286,1.0,0.0,0.0
5,DB00091,DB00199,1,1.0,B,DB00199,pathway,287,1.0,0.0,0.0
5,DB00091,DB00199,1,1.0,B,DB00199,pathway,296,1.0,0.0,0.0
5,DB00091,DB00199,1,1.0,B,DB00199,pathway,297,1.0,0.0,0.0
5,DB00091,DB00199,1,1.0,B,DB00199,pathway,308,1.0,0.0,0.0
5,DB00091,DB00199,1,1.0,B,DB00199,pathway,314,1.0,0.0,0.0
5,DB00091,DB00199,1,1.0,B,DB00199,pathway,315,1.0,0.0,0.0
5,DB00091,DB00199,1,1.0,B,DB00199,pathway,340,1.0,0.0,0.0
5,DB00091,DB00199,1,1.0,B,DB00199,pathway,350,1.0,0.0,0.0
5,DB00091,DB00199,1,1.0,B,DB00199,pathway,353,1.0,0.0,0.0
5,DB00091,DB00199,1,1.0,B,DB00199,pathway,358,1.0,0.0,0.0
5,DB00091,DB00199,1,1.0,B,DB00199,pathway,359,1.0,0.0,0.0
5,DB00091,DB00199,1,1.0,B,DB00199,pathway,371,1.0,0.0,0.0
5,DB00091,DB00199,1,1.0,B,DB00199,pathway,385,1.0,0.0,0.0
5,DB00091,DB00199,1,1.0,B,DB00199,pathway,386,1.0,0.0,0.0
5,DB00091,DB00199,1,1.0,B,DB00199,pathway,387,1.0,0.0,0.0
5,DB00091,DB00199,1,1.0,B,DB00199,pathway,393,1.0,0.0,0.0
5,DB00091,DB00199,1,1.0,B,DB00199,pathway,394,1.0,0.0,0.0
5,DB00091,DB00199,1,1.0,B,DB00199,pathway,395,1.0,0.0,0.0
5,DB00091,DB00199,1,1.0,B,DB00199,pathway,396,1.0,0.0,0.0
5,DB00091,DB00199,1,1.0,B,DB00199,pathway,397,1.0,0.0,0.0
5,DB00091,DB00199,1,1.0,B,DB00199,pathway,398,1.0,0.0,0.0
5,DB00091,DB00199,1,1.0,B,DB00199,pathway,399,1.0,0.0,0.0
5,DB00091,DB00199,1,1.0,B,DB00199,pathway,401,1.0,0.0,0.0
5,DB00091,DB00199,1,1.0,B,DB00199,pathway,402,1.0,0.0,0.0
5,DB00091,DB00199,1,1.0,B,DB00199,pathway,429,1.0,0.0,0.0
5,DB00091,DB00199,1,1.0,B,DB00199,pathway,430,1.0,0.0,0.0
5,DB00091,DB00199,1,1.0,B,DB00199,pathway,438,1.0,0.0,0.0
5,DB00091,DB00199,1,1.0,B,DB00199,pathway,439,1.0,0.0,0.0
5,DB00091,DB00199,1,1.0,B,DB00199,pathway,440,1.0,0.0,0.0
5,DB00091,DB00199,1,1.0,B,DB00199,pathway,441,1.0,0.0,0.0
5,DB00091,DB00199,1,1.0,B,DB00199,pathway,442,1.0,0.0,0.0
5,DB00091,DB00199,1,1.0,B,DB00199,pathway,443,1.0,0.0,0.0
5,DB00091,DB00199,1,1.0,B,DB00199,pathway,444,1.0,0.0,0.0
5,DB00091,DB00199,1,1.0,B,DB00199,pathway,446,1.0,0.0,0.0
5,DB00091,DB00199,1,1.0,B,DB00199,pathway,452,1.0,0.0,0.0
5,DB00091,DB00199,1,1.0,B,DB00199,pathway,455,0.9999998807907104,1.1920928955078125e-07,1.1920928955078125e-07
5,DB00091,DB00199,1,1.0,B,DB00199,pathway,462,1.0,0.0,0.0
5,DB00091,DB00199,1,1.0,B,DB00199,pathway,464,0.9999998807907104,1.1920928955078125e-07,1.1920928955078125e-07
5,DB00091,DB00199,1,1.0,B,DB00199,pathway,467,1.0,0.0,0.0
5,DB00091,DB00199,1,1.0,B,DB00199,pathway,471,1.0,0.0,0.0
5,DB00091,DB00199,1,1.0,B,DB00199,pathway,473,1.0,0.0,0.0
5,DB00091,DB00199,1,1.0,B,DB00199,pathway,474,1.0,0.0,0.0
5,DB00091,DB00199,1,1.0,B,DB00199,pathway,480,1.0,0.0,0.0
5,DB00091,DB00199,1,1.0,B,DB00199,pathway,481,1.0,0.0,0.0
5,DB00091,DB00199,1,1.0,B,DB00199,pathway,482,1.0,0.0,0.0
5,DB00091,DB00199,1,1.0,B,DB00199,pathway,488,1.0,0.0,0.0
5,DB00091,DB00199,1,1.0,B,DB00199,pathway,490,1.0,0.0,0.0
5,DB00091,DB00199,1,1.0,B,DB00199,pathway,498,1.0,0.0,0.0
5,DB00091,DB00199,1,1.0,B,DB00199,pathway,505,1.0,0.0,0.0
5,DB00091,DB00199,1,1.0,B,DB00199,pathway,509,1.0,0.0,0.0
5,DB00091,DB00199,1,1.0,B,DB00199,pathway,511,1.0,0.0,0.0
5,DB00091,DB00199,1,1.0,B,DB00199,pathway,512,1.0,0.0,0.0
5,DB00091,DB00199,1,1.0,B,DB00199,pathway,513,1.0,0.0,0.0
5,DB00091,DB00199,1,1.0,B,DB00199,pathway,515,1.0,0.0,0.0
5,DB00091,DB00199,1,1.0,B,DB00199,pathway,519,1.0,0.0,0.0
5,DB00091,DB00199,1,1.0,B,DB00199,pathway,528,1.0,0.0,0.0
5,DB00091,DB00199,1,1.0,B,DB00199,pathway,530,1.0,0.0,0.0
5,DB00091,DB00199,1,1.0,B,DB00199,pathway,531,1.0,0.0,0.0
5,DB00091,DB00199,1,1.0,B,DB00199,pathway,532,1.0,0.0,0.0
5,DB00091,DB00199,1,1.0,B,DB00199,pathway,539,1.0,0.0,0.0
5,DB00091,DB00199,1,1.0,B,DB00199,pathway,542,1.0,0.0,0.0
5,DB00091,DB00199,1,1.0,B,DB00199,pathway,587,1.0,0.0,0.0
5,DB00091,DB00199,1,1.0,B,DB00199,pathway,588,1.0,0.0,0.0
5,DB00091,DB00199,1,1.0,B,DB00199,pathway,602,1.0,0.0,0.0
5,DB00091,DB00199,1,1.0,B,DB00199,pathway,614,0.9999998807907104,1.1920928955078125e-07,1.1920928955078125e-07
5,DB00091,DB00199,1,1.0,B,DB00199,pathway,617,1.0,0.0,0.0
5,DB00091,DB00199,1,1.0,B,DB00199,pathway,619,1.0,0.0,0.0
5,DB00091,DB00199,1,1.0,B,DB00199,pathway,620,1.0,0.0,0.0
5,DB00091,DB00199,1,1.0,B,DB00199,pathway,625,1.0,0.0,0.0
5,DB00091,DB00199,1,1.0,B,DB00199,pathway,626,1.0,0.0,0.0
5,DB00091,DB00199,1,1.0,B,DB00199,pathway,627,1.0,0.0,0.0
5,DB00091,DB00199,1,1.0,B,DB00199,pathway,630,1.0,0.0,0.0
5,DB00091,DB00199,1,1.0,B,DB00199,pathway,631,1.0,0.0,0.0
5,DB00091,DB00199,1,1.0,B,DB00199,pathway,632,1.0,0.0,0.0
5,DB00091,DB00199,1,1.0,B,DB00199,pathway,633,1.0,0.0,0.0
5,DB00091,DB00199,1,1.0,B,DB00199,pathway,634,1.0,0.0,0.0
5,DB00091,DB00199,1,1.0,B,DB00199,pathway,635,1.0,0.0,0.0
5,DB00091,DB00199,1,1.0,B,DB00199,pathway,636,1.0,0.0,0.0
5,DB00091,DB00199,1,1.0,B,DB00199,pathway,637,1.0,0.0,0.0
5,DB00091,DB00199,1,1.0,B,DB00199,pathway,646,1.0,0.0,0.0
5,DB00091,DB00199,1,1.0,B,DB00199,pathway,647,1.0,0.0,0.0
5,DB00091,DB00199,1,1.0,B,DB00199,pathway,650,1.0,0.0,0.0
5,DB00091,DB00199,1,1.0,B,DB00199,pathway,651,1.0,0.0,0.0
5,DB00091,DB00199,1,1.0,B,DB00199,pathway,652,1.0,0.0,0.0
5,DB00091,DB00199,1,1.0,B,DB00199,pathway,654,1.0,0.0,0.0
5,DB00091,DB00199,1,1.0,B,DB00199,pathway,655,1.0,0.0,0.0
5,DB00091,DB00199,1,1.0,B,DB00199,pathway,656,1.0,0.0,0.0
5,DB00091,DB00199,1,1.0,B,DB00199,pathway,658,1.0,0.0,0.0
5,DB00091,DB00199,1,1.0,B,DB00199,pathway,664,1.0,0.0,0.0
5,DB00091,DB00199,1,1.0,B,DB00199,pathway,670,1.0,0.0,0.0
5,DB00091,DB00199,1,1.0,B,DB00199,pathway,671,1.0,0.0,0.0
5,DB00091,DB00199,1,1.0,B,DB00199,pathway,672,1.0,0.0,0.0
5,DB00091,DB00199,1,1.0,B,DB00199,pathway,673,0.9999998807907104,1.1920928955078125e-07,1.1920928955078125e-07
5,DB00091,DB00199,1,1.0,B,DB00199,pathway,674,1.0,0.0,0.0
5,DB00091,DB00199,1,1.0,B,DB00199,pathway,677,1.0,0.0,0.0
5,DB00091,DB00199,1,1.0,B,DB00199,pathway,679,1.0,0.0,0.0
5,DB00091,DB00199,1,1.0,B,DB00199,pathway,683,1.0,0.0,0.0
5,DB00091,DB00199,1,1.0,B,DB00199,pathway,685,1.0,0.0,0.0
5,DB00091,DB00199,1,1.0,B,DB00199,pathway,686,1.0,0.0,0.0
5,DB00091,DB00199,1,1.0,B,DB00199,pathway,687,1.0,0.0,0.0
5,DB00091,DB00199,1,1.0,B,DB00199,pathway,688,1.0,0.0,0.0
5,DB00091,DB00199,1,1.0,B,DB00199,pathway,691,1.0,0.0,0.0
5,DB00091,DB00199,1,1.0,B,DB00199,pathway,692,1.0,0.0,0.0
5,DB00091,DB00199,1,1.0,B,DB00199,pathway,693,1.0,0.0,0.0
5,DB00091,DB00199,1,1.0,B,DB00199,pathway,694,1.0,0.0,0.0
5,DB00091,DB00199,1,1.0,B,DB00199,pathway,695,1.0,0.0,0.0
5,DB00091,DB00199,1,1.0,B,DB00199,pathway,701,1.0,0.0,0.0
5,DB00091,DB00199,1,1.0,B,DB00199,pathway,703,1.0,0.0,0.0
5,DB00091,DB00199,1,1.0,B,DB00199,pathway,704,1.0,0.0,0.0
5,DB00091,DB00199,1,1.0,B,DB00199,pathway,705,1.0,0.0,0.0
5,DB00091,DB00199,1,1.0,B,DB00199,pathway,707,1.0,0.0,0.0
5,DB00091,DB00199,1,1.0,B,DB00199,pathway,708,1.0,0.0,0.0
5,DB00091,DB00199,1,1.0,B,DB00199,pathway,709,1.0,0.0,0.0
5,DB00091,DB00199,1,1.0,B,DB00199,pathway,711,1.0,0.0,0.0
5,DB00091,DB00199,1,1.0,B,DB00199,pathway,715,1.0,0.0,0.0
5,DB00091,DB00199,1,1.0,B,DB00199,pathway,716,1.0,0.0,0.0
5,DB00091,DB00199,1,1.0,B,DB00199,pathway,717,1.0,0.0,0.0
5,DB00091,DB00199,1,1.0,B,DB00199,pathway,718,1.0,0.0,0.0
5,DB00091,DB00199,1,1.0,B,DB00199,pathway,719,1.0,0.0,0.0
5,DB00091,DB00199,1,1.0,B,DB00199,pathway,728,1.0,0.0,0.0
5,DB00091,DB00199,1,1.0,B,DB00199,pathway,730,1.0,0.0,0.0
5,DB00091,DB00199,1,1.0,B,DB00199,pathway,732,1.0,0.0,0.0
5,DB00091,DB00199,1,1.0,B,DB00199,pathway,733,1.0,0.0,0.0
5,DB00091,DB00199,1,1.0,B,DB00199,pathway,764,1.0,0.0,0.0
5,DB00091,DB00199,1,1.0,B,DB00199,pathway,772,1.0,0.0,0.0
5,DB00091,DB00199,1,1.0,B,DB00199,pathway,775,1.0,0.0,0.0
5,DB00091,DB00199,1,1.0,B,DB00199,pathway,776,1.0,0.0,0.0
5,DB00091,DB00199,1,1.0,B,DB00199,pathway,777,1.0,0.0,0.0
5,DB00091,DB00199,1,1.0,B,DB00199,pathway,783,1.0,0.0,0.0
5,DB00091,DB00199,1,1.0,B,DB00199,pathway,787,1.0,0.0,0.0
5,DB00091,DB00199,1,1.0,B,DB00199,pathway,788,1.0,0.0,0.0
5,DB00091,DB00199,1,1.0,B,DB00199,pathway,797,1.0,0.0,0.0
5,DB00091,DB00199,1,1.0,B,DB00199,pathway,799,1.0,0.0,0.0
5,DB00091,DB00199,1,1.0,B,DB00199,pathway,801,1.0,0.0,0.0
5,DB00091,DB00199,1,1.0,B,DB00199,pathway,805,1.0,0.0,0.0
5,DB00091,DB00199,1,1.0,B,DB00199,pathway,806,1.0,0.0,0.0
5,DB00091,DB00199,1,1.0,B,DB00199,pathway,811,1.0,0.0,0.0
5,DB00091,DB00199,1,1.0,B,DB00199,pathway,830,1.0,0.0,0.0
5,DB00091,DB00199,1,1.0,B,DB00199,pathway,837,1.0,0.0,0.0
5,DB00091,DB00199,1,1.0,B,DB00199,pathway,845,1.0,0.0,0.0
5,DB00091,DB00199,1,1.0,B,DB00199,pathway,870,1.0,0.0,0.0
5,DB00091,DB00199,1,1.0,B,DB00199,pathway,874,1.0,0.0,0.0
5,DB00091,DB00199,1,1.0,B,DB00199,pathway,877,1.0,0.0,0.0
5,DB00091,DB00199,1,1.0,B,DB00199,pathway,889,1.0,0.0,0.0
5,DB00091,DB00199,1,1.0,B,DB00199,pathway,896,1.0,0.0,0.0
5,DB00091,DB00199,1,1.0,B,DB00199,pathway,910,1.0,0.0,0.0
5,DB00091,DB00199,1,1.0,B,DB00199,pathway,919,1.0,0.0,0.0
5,DB00091,DB00199,1,1.0,B,DB00199,pathway,940,1.0,0.0,0.0
5,DB00091,DB00199,1,1.0,B,DB00199,pathway,948,1.0,0.0,0.0
5,DB00091,DB00199,1,1.0,B,DB00199,pathway,955,1.0,0.0,0.0
5,DB00091,DB00199,1,1.0,B,DB00199,pathway,958,1.0,0.0,0.0
5,DB00091,DB00199,1,1.0,B,DB00199,pathway,959,1.0,0.0,0.0
5,DB00091,DB00199,1,1.0,B,DB00199,pathway,963,1.0,0.0,0.0
5,DB00091,DB00199,1,1.0,B,DB00199,pathway,968,1.0,0.0,0.0
5,DB00091,DB00199,1,1.0,B,DB00199,pathway,969,1.0,0.0,0.0
5,DB00091,DB00199,1,1.0,B,DB00199,pathway,970,1.0,0.0,0.0
5,DB00091,DB00199,1,1.0,B,DB00199,pathway,986,1.0,0.0,0.0
5,DB00091,DB00199,1,1.0,B,DB00199,pathway,987,1.0,0.0,0.0
5,DB00091,DB00199,1,1.0,B,DB00199,pathway,1009,1.0,0.0,0.0
5,DB00091,DB00199,1,1.0,B,DB00199,pathway,1010,1.0,0.0,0.0
5,DB00091,DB00199,1,1.0,B,DB00199,pathway,1011,1.0,0.0,0.0
5,DB00091,DB00199,1,1.0,B,DB00199,pathway,1012,1.0,0.0,0.0
5,DB00091,DB00199,1,1.0,B,DB00199,pathway,1031,1.0,0.0,0.0
5,DB00091,DB00199,1,1.0,B,DB00199,pathway,1037,1.0,0.0,0.0
5,DB00091,DB00199,1,1.0,B,DB00199,pathway,1038,1.0,0.0,0.0
5,DB00091,DB00199,1,1.0,B,DB00199,pathway,1041,1.0,0.0,0.0
5,DB00091,DB00199,1,1.0,B,DB00199,pathway,1044,1.0,0.0,0.0
5,DB00091,DB00199,1,1.0,B,DB00199,pathway,1045,1.0,0.0,0.0
5,DB00091,DB00199,1,1.0,B,DB00199,pathway,1047,1.0,0.0,0.0
5,DB00091,DB00199,1,1.0,B,DB00199,pathway,1048,1.0,0.0,0.0
5,DB00091,DB00199,1,1.0,B,DB00199,pathway,1054,1.0,0.0,0.0
5,DB00091,DB00199,1,1.0,B,DB00199,pathway,1057,1.0,0.0,0.0
5,DB00091,DB00199,1,1.0,B,DB00199,pathway,1062,1.0,0.0,0.0
5,DB00091,DB00199,1,1.0,B,DB00199,pathway,1073,1.0,0.0,0.0
5,DB00091,DB00199,1,1.0,B,DB00199,pathway,1074,1.0,0.0,0.0
5,DB00091,DB00199,1,1.0,B,DB00199,pathway,1082,1.0,0.0,0.0
5,DB00091,DB00199,1,1.0,B,DB00199,pathway,1103,1.0,0.0,0.0
5,DB00091,DB00199,1,1.0,B,DB00199,pathway,1107,1.0,0.0,0.0
5,DB00091,DB00199,1,1.0,B,DB00199,pathway,1108,0.9999998807907104,1.1920928955078125e-07,1.1920928955078125e-07
5,DB00091,DB00199,1,1.0,B,DB00199,pathway,1116,1.0,0.0,0.0
5,DB00091,DB00199,1,1.0,B,DB00199,pathway,1119,1.0,0.0,0.0
5,DB00091,DB00199,1,1.0,B,DB00199,pathway,1120,1.0,0.0,0.0
5,DB00091,DB00199,1,1.0,B,DB00199,pathway,1121,1.0,0.0,0.0
5,DB00091,DB00199,1,1.0,B,DB00199,pathway,1122,1.0,0.0,0.0
5,DB00091,DB00199,1,1.0,B,DB00199,pathway,1123,1.0,0.0,0.0
5,DB00091,DB00199,1,1.0,B,DB00199,pathway,1126,1.0,0.0,0.0
5,DB00091,DB00199,1,1.0,B,DB00199,pathway,1134,1.0,0.0,0.0
5,DB00091,DB00199,1,1.0,B,DB00199,pathway,1154,1.0,0.0,0.0
5,DB00091,DB00199,1,1.0,B,DB00199,pathway,1157,1.0,0.0,0.0
5,DB00091,DB00199,1,1.0,B,DB00199,pathway,1159,1.0,0.0,0.0
5,DB00091,DB00199,1,1.0,B,DB00199,pathway,1160,1.0,0.0,0.0
5,DB00091,DB00199,1,1.0,B,DB00199,pathway,1161,1.0,0.0,0.0
5,DB00091,DB00199,1,1.0,B,DB00199,pathway,1165,1.0,0.0,0.0
5,DB00091,DB00199,1,1.0,B,DB00199,pathway,1167,1.0,0.0,0.0
5,DB00091,DB00199,1,1.0,B,DB00199,pathway,1175,1.0,0.0,0.0
5,DB00091,DB00199,1,1.0,B,DB00199,pathway,1182,1.0,0.0,0.0
5,DB00091,DB00199,1,1.0,B,DB00199,pathway,1217,1.0,0.0,0.0
5,DB00091,DB00199,1,1.0,B,DB00199,pathway,1230,1.0,0.0,0.0
5,DB00091,DB00199,1,1.0,B,DB00199,pathway,1245,1.0,0.0,0.0
5,DB00091,DB00199,1,1.0,B,DB00199,pathway,1249,1.0,0.0,0.0
5,DB00091,DB00199,1,1.0,B,DB00199,pathway,1262,1.0,0.0,0.0
5,DB00091,DB00199,1,1.0,B,DB00199,pathway,1263,1.0,0.0,0.0
5,DB00091,DB00199,1,1.0,B,DB00199,pathway,1264,1.0,0.0,0.0
5,DB00091,DB00199,1,1.0,B,DB00199,pathway,1265,1.0,0.0,0.0
5,DB00091,DB00199,1,1.0,B,DB00199,pathway,1267,1.0,0.0,0.0
5,DB00091,DB00199,1,1.0,B,DB00199,pathway,1268,1.0,0.0,0.0
5,DB00091,DB00199,1,1.0,B,DB00199,pathway,1270,1.0,0.0,0.0
5,DB00091,DB00199,1,1.0,B,DB00199,pathway,1272,1.0,0.0,0.0
5,DB00091,DB00199,1,1.0,B,DB00199,pathway,1278,1.0,0.0,0.0
5,DB00091,DB00199,1,1.0,B,DB00199,pathway,1286,1.0,0.0,0.0
5,DB00091,DB00199,1,1.0,B,DB00199,pathway,1291,1.0,0.0,0.0
5,DB00091,DB00199,1,1.0,B,DB00199,pathway,1295,1.0,0.0,0.0
5,DB00091,DB00199,1,1.0,B,DB00199,pathway,1298,1.0,0.0,0.0
5,DB00091,DB00199,1,1.0,B,DB00199,pathway,1299,1.0,0.0,0.0
5,DB00091,DB00199,1,1.0,B,DB00199,pathway,1300,1.0,0.0,0.0
5,DB00091,DB00199,1,1.0,B,DB00199,pathway,1302,1.0,0.0,0.0
5,DB00091,DB00199,1,1.0,B,DB00199,pathway,1305,1.0,0.0,0.0
5,DB00091,DB00199,1,1.0,B,DB00199,pathway,1312,1.0,0.0,0.0
5,DB00091,DB00199,1,1.0,B,DB00199,pathway,1333,1.0,0.0,0.0
5,DB00091,DB00199,1,1.0,B,DB00199,pathway,1339,1.0,0.0,0.0
5,DB00091,DB00199,1,1.0,B,DB00199,pathway,1346,1.0,0.0,0.0
5,DB00091,DB00199,1,1.0,B,DB00199,pathway,1347,1.0,0.0,0.0
5,DB00091,DB00199,1,1.0,B,DB00199,pathway,1348,1.0,0.0,0.0
5,DB00091,DB00199,1,1.0,B,DB00199,pathway,1356,1.0,0.0,0.0
5,DB00091,DB00199,1,1.0,B,DB00199,pathway,1372,1.0,0.0,0.0
5,DB00091,DB00199,1,1.0,B,DB00199,pathway,1373,1.0,0.0,0.0
5,DB00091,DB00199,1,1.0,B,DB00199,pathway,1385,1.0,0.0,0.0
5,DB00091,DB00199,1,1.0,B,DB00199,pathway,1401,1.0,0.0,0.0
5,DB00091,DB00199,1,1.0,B,DB00199,pathway,1402,1.0,0.0,0.0
5,DB00091,DB00199,1,1.0,B,DB00199,pathway,1405,1.0,0.0,0.0
5,DB00091,DB00199,1,1.0,B,DB00199,pathway,1414,1.0,0.0,0.0
5,DB00091,DB00199,1,1.0,B,DB00199,pathway,1419,1.0,0.0,0.0
5,DB00091,DB00199,1,1.0,B,DB00199,pathway,1422,1.0,0.0,0.0
5,DB00091,DB00199,1,1.0,B,DB00199,pathway,1428,1.0,0.0,0.0
5,DB00091,DB00199,1,1.0,B,DB00199,pathway,1430,1.0,0.0,0.0
5,DB00091,DB00199,1,1.0,B,DB00199,pathway,1431,1.0,0.0,0.0
5,DB00091,DB00199,1,1.0,B,DB00199,pathway,1432,1.0,0.0,0.0
5,DB00091,DB00199,1,1.0,B,DB00199,pathway,1436,1.0,0.0,0.0
5,DB00091,DB00199,1,1.0,B,DB00199,pathway,1446,1.0,0.0,0.0
5,DB00091,DB00199,1,1.0,B,DB00199,pathway,1453,1.0,0.0,0.0
5,DB00091,DB00199,1,1.0,B,DB00199,pathway,1467,1.0,0.0,0.0
5,DB00091,DB00199,1,1.0,B,DB00199,pathway,1468,1.0,0.0,0.0
5,DB00091,DB00199,1,1.0,B,DB00199,pathway,1488,1.0,0.0,0.0
5,DB00091,DB00199,1,1.0,B,DB00199,pathway,1491,1.0,0.0,0.0
5,DB00091,DB00199,1,1.0,B,DB00199,pathway,1514,1.0,0.0,0.0
5,DB00091,DB00199,1,1.0,B,DB00199,pathway,1521,1.0,0.0,0.0
5,DB00091,DB00199,1,1.0,B,DB00199,pathway,1531,1.0,0.0,0.0
5,DB00091,DB00199,1,1.0,B,DB00199,pathway,1534,1.0,0.0,0.0
5,DB00091,DB00199,1,1.0,B,DB00199,pathway,1544,1.0,0.0,0.0
5,DB00091,DB00199,1,1.0,B,DB00199,pathway,1547,1.0,0.0,0.0
5,DB00091,DB00199,1,1.0,B,DB00199,pathway,1548,1.0,0.0,0.0
5,DB00091,DB00199,1,1.0,B,DB00199,pathway,1549,1.0,0.0,0.0
5,DB00091,DB00199,1,1.0,B,DB00199,pathway,1564,1.0,0.0,0.0
5,DB00091,DB00199,1,1.0,B,DB00199,pathway,1566,1.0,0.0,0.0
5,DB00091,DB00199,1,1.0,B,DB00199,pathway,1567,1.0,0.0,0.0
5,DB00091,DB00199,1,1.0,B,DB00199,pathway,1568,1.0,0.0,0.0
5,DB00091,DB00199,1,1.0,B,DB00199,pathway,1569,1.0,0.0,0.0
5,DB00091,DB00199,1,1.0,B,DB00199,pathway,1570,1.0,0.0,0.0
5,DB00091,DB00199,1,1.0,B,DB00199,pathway,1571,1.0,0.0,0.0
5,DB00091,DB00199,1,1.0,B,DB00199,pathway,1577,1.0,0.0,0.0
5,DB00091,DB00199,1,1.0,B,DB00199,pathway,1582,1.0,0.0,0.0
5,DB00091,DB00199,1,1.0,B,DB00199,pathway,1584,1.0,0.0,0.0
5,DB00091,DB00199,1,1.0,B,DB00199,pathway,1585,1.0,0.0,0.0
5,DB00091,DB00199,1,1.0,B,DB00199,pathway,1586,1.0,0.0,0.0
5,DB00091,DB00199,1,1.0,B,DB00199,pathway,1587,1.0,0.0,0.0
5,DB00091,DB00199,1,1.0,B,DB00199,pathway,1589,1.0,0.0,0.0
5,DB00091,DB00199,1,1.0,B,DB00199,pathway,1590,1.0,0.0,0.0
5,DB00091,DB00199,1,1.0,B,DB00199,pathway,1591,1.0,0.0,0.0
5,DB00091,DB00199,1,1.0,B,DB00199,pathway,1592,1.0,0.0,0.0
5,DB00091,DB00199,1,1.0,B,DB00199,pathway,1593,1.0,0.0,0.0
5,DB00091,DB00199,1,1.0,B,DB00199,pathway,1594,1.0,0.0,0.0
5,DB00091,DB00199,1,1.0,B,DB00199,pathway,1595,1.0,0.0,0.0
5,DB00091,DB00199,1,1.0,B,DB00199,pathway,1596,1.0,0.0,0.0
5,DB00091,DB00199,1,1.0,B,DB00199,pathway,1597,1.0,0.0,0.0
5,DB00091,DB00199,1,1.0,B,DB00199,pathway,1598,1.0,0.0,0.0
5,DB00091,DB00199,1,1.0,B,DB00199,pathway,1599,1.0,0.0,0.0
5,DB00091,DB00199,1,1.0,B,DB00199,pathway,1613,1.0,0.0,0.0
5,DB00091,DB00199,1,1.0,B,DB00199,pathway,1637,1.0,0.0,0.0
5,DB00091,DB00199,1,1.0,B,DB00199,pathway,1640,1.0,0.0,0.0
5,DB00091,DB00199,1,1.0,B,DB00199,pathway,1652,1.0,0.0,0.0
5,DB00091,DB00199,1,1.0,B,DB00199,pathway,1692,1.0,0.0,0.0
5,DB00091,DB00199,1,1.0,B,DB00199,pathway,1694,1.0,0.0,0.0
5,DB00091,DB00199,1,1.0,B,DB00199,pathway,1713,1.0,0.0,0.0
5,DB00091,DB00199,1,1.0,B,DB00199,pathway,1719,1.0,0.0,0.0
5,DB00091,DB00199,1,1.0,B,DB00199,pathway,1730,1.0,0.0,0.0
5,DB00091,DB00199,1,1.0,B,DB00199,pathway,1737,1.0,0.0,0.0
5,DB00091,DB00199,1,1.0,B,DB00199,pathway,1744,1.0,0.0,0.0
5,DB00091,DB00199,1,1.0,B,DB00199,pathway,1751,1.0,0.0,0.0
5,DB00091,DB00199,1,1.0,B,DB00199,pathway,1770,1.0,0.0,0.0
5,DB00091,DB00199,1,1.0,B,DB00199,pathway,1774,1.0,0.0,0.0
5,DB00091,DB00199,1,1.0,B,DB00199,pathway,1776,1.0,0.0,0.0
5,DB00091,DB00199,1,1.0,B,DB00199,pathway,1779,1.0,0.0,0.0
5,DB00091,DB00199,1,1.0,B,DB00199,pathway,1788,1.0,0.0,0.0
5,DB00091,DB00199,1,1.0,B,DB00199,pathway,1791,1.0,0.0,0.0
5,DB00091,DB00199,1,1.0,B,DB00199,pathway,1805,1.0,0.0,0.0
5,DB00091,DB00199,1,1.0,B,DB00199,pathway,1812,1.0,0.0,0.0
5,DB00091,DB00199,1,1.0,B,DB00199,pathway,1816,1.0,0.0,0.0
5,DB00091,DB00199,1,1.0,B,DB00199,pathway,1818,1.0,0.0,0.0
5,DB00091,DB00199,1,1.0,B,DB00199,pathway,1837,1.0,0.0,0.0
5,DB00091,DB00199,1,1.0,B,DB00199,pathway,1846,1.0,0.0,0.0
5,DB00091,DB00199,1,1.0,B,DB00199,pathway,1848,1.0,0.0,0.0
5,DB00091,DB00199,1,1.0,B,DB00199,pathway,1850,1.0,0.0,0.0
5,DB00091,DB00199,1,1.0,B,DB00199,pathway,1865,1.0,0.0,0.0
5,DB00091,DB00199,1,1.0,B,DB00199,pathway,1867,1.0,0.0,0.0
5,DB00091,DB00199,1,1.0,B,DB00199,pathway,1880,1.0,0.0,0.0
5,DB00091,DB00199,1,1.0,B,DB00199,pathway,1892,1.0,0.0,0.0
5,DB00091,DB00199,1,1.0,B,DB00199,pathway,1898,1.0,0.0,0.0
5,DB00091,DB00199,1,1.0,B,DB00199,pathway,1903,1.0,0.0,0.0
5,DB00091,DB00199,1,1.0,B,DB00199,pathway,1904,1.0,0.0,0.0
5,DB00091,DB00199,1,1.0,B,DB00199,pathway,1905,1.0,0.0,0.0
5,DB00091,DB00199,1,1.0,B,DB00199,pathway,1932,1.0,0.0,0.0
5,DB00091,DB00199,1,1.0,B,DB00199,pathway,1938,1.0,0.0,0.0
5,DB00091,DB00199,1,1.0,B,DB00199,pathway,1958,1.0,0.0,0.0
5,DB00091,DB00199,1,1.0,B,DB00199,pathway,1959,1.0,0.0,0.0
6,DB00091,DB00220,1,1.0,A,DB00091,pathway,0,1.0,0.0,0.0
6,DB00091,DB00220,1,1.0,A,DB00091,pathway,2,1.0,0.0,0.0
6,DB00091,DB00220,1,1.0,A,DB00091,pathway,4,1.0,0.0,0.0
6,DB00091,DB00220,1,1.0,A,DB00091,pathway,10,1.0,0.0,0.0
6,DB00091,DB00220,1,1.0,A,DB00091,pathway,11,1.0,0.0,0.0
6,DB00091,DB00220,1,1.0,A,DB00091,pathway,12,1.0,0.0,0.0
6,DB00091,DB00220,1,1.0,A,DB00091,pathway,13,1.0,0.0,0.0
6,DB00091,DB00220,1,1.0,A,DB00091,pathway,15,1.0,0.0,0.0
6,DB00091,DB00220,1,1.0,A,DB00091,pathway,26,1.0,0.0,0.0
6,DB00091,DB00220,1,1.0,A,DB00091,pathway,29,1.0,0.0,0.0
6,DB00091,DB00220,1,1.0,A,DB00091,pathway,31,1.0,0.0,0.0
6,DB00091,DB00220,1,1.0,A,DB00091,pathway,39,1.0,0.0,0.0
6,DB00091,DB00220,1,1.0,A,DB00091,pathway,43,1.0,0.0,0.0
6,DB00091,DB00220,1,1.0,A,DB00091,pathway,44,1.0,0.0,0.0
6,DB00091,DB00220,1,1.0,A,DB00091,pathway,51,1.0,0.0,0.0
6,DB00091,DB00220,1,1.0,A,DB00091,pathway,52,1.0,0.0,0.0
6,DB00091,DB00220,1,1.0,A,DB00091,pathway,53,1.0,0.0,0.0
6,DB00091,DB00220,1,1.0,A,DB00091,pathway,55,1.0,0.0,0.0
6,DB00091,DB00220,1,1.0,A,DB00091,pathway,57,1.0,0.0,0.0
6,DB00091,DB00220,1,1.0,A,DB00091,pathway,62,1.0,0.0,0.0
6,DB00091,DB00220,1,1.0,A,DB00091,pathway,66,1.0,0.0,0.0
6,DB00091,DB00220,1,1.0,A,DB00091,pathway,67,1.0,0.0,0.0
6,DB00091,DB00220,1,1.0,A,DB00091,pathway,72,1.0,0.0,0.0
6,DB00091,DB00220,1,1.0,A,DB00091,pathway,74,1.0,0.0,0.0
6,DB00091,DB00220,1,1.0,A,DB00091,pathway,75,1.0,0.0,0.0
6,DB00091,DB00220,1,1.0,A,DB00091,pathway,78,1.0,0.0,0.0
6,DB00091,DB00220,1,1.0,A,DB00091,pathway,79,1.0,0.0,0.0
6,DB00091,DB00220,1,1.0,A,DB00091,pathway,81,1.0,0.0,0.0
6,DB00091,DB00220,1,1.0,A,DB00091,pathway,82,1.0,0.0,0.0
6,DB00091,DB00220,1,1.0,A,DB00091,pathway,84,1.0,0.0,0.0
6,DB00091,DB00220,1,1.0,A,DB00091,pathway,91,1.0,0.0,0.0
6,DB00091,DB00220,1,1.0,A,DB00091,pathway,98,1.0,0.0,0.0
6,DB00091,DB00220,1,1.0,A,DB00091,pathway,100,1.0,0.0,0.0
6,DB00091,DB00220,1,1.0,A,DB00091,pathway,104,1.0,0.0,0.0
6,DB00091,DB00220,1,1.0,A,DB00091,pathway,110,1.0,0.0,0.0
6,DB00091,DB00220,1,1.0,A,DB00091,pathway,113,1.0,0.0,0.0
6,DB00091,DB00220,1,1.0,A,DB00091,pathway,116,1.0,0.0,0.0
6,DB00091,DB00220,1,1.0,A,DB00091,pathway,117,1.0,0.0,0.0
6,DB00091,DB00220,1,1.0,A,DB00091,pathway,119,1.0,0.0,0.0
6,DB00091,DB00220,1,1.0,A,DB00091,pathway,121,1.0,0.0,0.0
6,DB00091,DB00220,1,1.0,A,DB00091,pathway,123,1.0,0.0,0.0
6,DB00091,DB00220,1,1.0,A,DB00091,pathway,124,1.0,0.0,0.0
6,DB00091,DB00220,1,1.0,A,DB00091,pathway,136,1.0,0.0,0.0
6,DB00091,DB00220,1,1.0,A,DB00091,pathway,141,1.0,0.0,0.0
6,DB00091,DB00220,1,1.0,A,DB00091,pathway,143,1.0,0.0,0.0
6,DB00091,DB00220,1,1.0,A,DB00091,pathway,158,1.0,0.0,0.0
6,DB00091,DB00220,1,1.0,A,DB00091,pathway,159,1.0,0.0,0.0
6,DB00091,DB00220,1,1.0,A,DB00091,pathway,168,1.0,0.0,0.0
6,DB00091,DB00220,1,1.0,A,DB00091,pathway,169,1.0,0.0,0.0
6,DB00091,DB00220,1,1.0,A,DB00091,pathway,170,1.0,0.0,0.0
6,DB00091,DB00220,1,1.0,A,DB00091,pathway,171,1.0,0.0,0.0
6,DB00091,DB00220,1,1.0,A,DB00091,pathway,172,1.0,0.0,0.0
6,DB00091,DB00220,1,1.0,A,DB00091,pathway,176,1.0,0.0,0.0
6,DB00091,DB00220,1,1.0,A,DB00091,pathway,187,1.0,0.0,0.0
6,DB00091,DB00220,1,1.0,A,DB00091,pathway,188,1.0,0.0,0.0
6,DB00091,DB00220,1,1.0,A,DB00091,pathway,191,1.0,0.0,0.0
6,DB00091,DB00220,1,1.0,A,DB00091,pathway,193,1.0,0.0,0.0
6,DB00091,DB00220,1,1.0,A,DB00091,pathway,195,1.0,0.0,0.0
6,DB00091,DB00220,1,1.0,A,DB00091,pathway,205,1.0,0.0,0.0
6,DB00091,DB00220,1,1.0,A,DB00091,pathway,208,1.0,0.0,0.0
6,DB00091,DB00220,1,1.0,A,DB00091,pathway,209,1.0,0.0,0.0
6,DB00091,DB00220,1,1.0,A,DB00091,pathway,227,1.0,0.0,0.0
6,DB00091,DB00220,1,1.0,A,DB00091,pathway,237,1.0,0.0,0.0
6,DB00091,DB00220,1,1.0,A,DB00091,pathway,245,1.0,0.0,0.0
6,DB00091,DB00220,1,1.0,A,DB00091,pathway,247,1.0,0.0,0.0
6,DB00091,DB00220,1,1.0,A,DB00091,pathway,250,1.0,0.0,0.0
6,DB00091,DB00220,1,1.0,A,DB00091,pathway,263,1.0,0.0,0.0
6,DB00091,DB00220,1,1.0,A,DB00091,pathway,269,1.0,0.0,0.0
6,DB00091,DB00220,1,1.0,A,DB00091,pathway,281,1.0,0.0,0.0
6,DB00091,DB00220,1,1.0,A,DB00091,pathway,283,1.0,0.0,0.0
6,DB00091,DB00220,1,1.0,A,DB00091,pathway,285,1.0,0.0,0.0
6,DB00091,DB00220,1,1.0,A,DB00091,pathway,286,1.0,0.0,0.0
6,DB00091,DB00220,1,1.0,A,DB00091,pathway,287,1.0,0.0,0.0
6,DB00091,DB00220,1,1.0,A,DB00091,pathway,290,1.0,0.0,0.0
6,DB00091,DB00220,1,1.0,A,DB00091,pathway,296,1.0,0.0,0.0
6,DB00091,DB00220,1,1.0,A,DB00091,pathway,297,1.0,0.0,0.0
6,DB00091,DB00220,1,1.0,A,DB00091,pathway,308,1.0,0.0,0.0
6,DB00091,DB00220,1,1.0,A,DB00091,pathway,314,1.0,0.0,0.0
6,DB00091,DB00220,1,1.0,A,DB00091,pathway,315,1.0,0.0,0.0
6,DB00091,DB00220,1,1.0,A,DB00091,pathway,329,1.0,0.0,0.0
6,DB00091,DB00220,1,1.0,A,DB00091,pathway,332,1.0,0.0,0.0
6,DB00091,DB00220,1,1.0,A,DB00091,pathway,333,1.0,0.0,0.0
6,DB00091,DB00220,1,1.0,A,DB00091,pathway,340,1.0,0.0,0.0
6,DB00091,DB00220,1,1.0,A,DB00091,pathway,346,1.0,0.0,0.0
6,DB00091,DB00220,1,1.0,A,DB00091,pathway,350,1.0,0.0,0.0
6,DB00091,DB00220,1,1.0,A,DB00091,pathway,353,1.0,0.0,0.0
6,DB00091,DB00220,1,1.0,A,DB00091,pathway,358,1.0,0.0,0.0
6,DB00091,DB00220,1,1.0,A,DB00091,pathway,359,1.0,0.0,0.0
6,DB00091,DB00220,1,1.0,A,DB00091,pathway,362,1.0,0.0,0.0
6,DB00091,DB00220,1,1.0,A,DB00091,pathway,371,1.0,0.0,0.0
6,DB00091,DB00220,1,1.0,A,DB00091,pathway,374,1.0,0.0,0.0
6,DB00091,DB00220,1,1.0,A,DB00091,pathway,379,1.0,0.0,0.0
6,DB00091,DB00220,1,1.0,A,DB00091,pathway,385,1.0,0.0,0.0
6,DB00091,DB00220,1,1.0,A,DB00091,pathway,386,1.0,0.0,0.0
6,DB00091,DB00220,1,1.0,A,DB00091,pathway,387,1.0,0.0,0.0
6,DB00091,DB00220,1,1.0,A,DB00091,pathway,393,1.0,0.0,0.0
6,DB00091,DB00220,1,1.0,A,DB00091,pathway,394,1.0,0.0,0.0
6,DB00091,DB00220,1,1.0,A,DB00091,pathway,395,1.0,0.0,0.0
6,DB00091,DB00220,1,1.0,A,DB00091,pathway,396,1.0,0.0,0.0
6,DB00091,DB00220,1,1.0,A,DB00091,pathway,397,1.0,0.0,0.0
6,DB00091,DB00220,1,1.0,A,DB00091,pathway,398,1.0,0.0,0.0
6,DB00091,DB00220,1,1.0,A,DB00091,pathway,399,1.0,0.0,0.0
6,DB00091,DB00220,1,1.0,A,DB00091,pathway,401,1.0,0.0,0.0
6,DB00091,DB00220,1,1.0,A,DB00091,pathway,402,1.0,0.0,0.0
6,DB00091,DB00220,1,1.0,A,DB00091,pathway,427,1.0,0.0,0.0
6,DB00091,DB00220,1,1.0,A,DB00091,pathway,429,1.0,0.0,0.0
6,DB00091,DB00220,1,1.0,A,DB00091,pathway,430,1.0,0.0,0.0
6,DB00091,DB00220,1,1.0,A,DB00091,pathway,438,1.0,0.0,0.0
6,DB00091,DB00220,1,1.0,A,DB00091,pathway,439,1.0,0.0,0.0
6,DB00091,DB00220,1,1.0,A,DB00091,pathway,440,1.0,0.0,0.0
6,DB00091,DB00220,1,1.0,A,DB00091,pathway,441,1.0,0.0,0.0
6,DB00091,DB00220,1,1.0,A,DB00091,pathway,442,1.0,0.0,0.0
6,DB00091,DB00220,1,1.0,A,DB00091,pathway,443,1.0,0.0,0.0
6,DB00091,DB00220,1,1.0,A,DB00091,pathway,444,1.0,0.0,0.0
6,DB00091,DB00220,1,1.0,A,DB00091,pathway,446,1.0,0.0,0.0
6,DB00091,DB00220,1,1.0,A,DB00091,pathway,447,1.0,0.0,0.0
6,DB00091,DB00220,1,1.0,A,DB00091,pathway,452,1.0,0.0,0.0
6,DB00091,DB00220,1,1.0,A,DB00091,pathway,455,1.0,0.0,0.0
6,DB00091,DB00220,1,1.0,A,DB00091,pathway,457,1.0,0.0,0.0
6,DB00091,DB00220,1,1.0,A,DB00091,pathway,462,1.0,0.0,0.0
6,DB00091,DB00220,1,1.0,A,DB00091,pathway,464,1.0,0.0,0.0
6,DB00091,DB00220,1,1.0,A,DB00091,pathway,466,1.0,0.0,0.0
6,DB00091,DB00220,1,1.0,A,DB00091,pathway,467,1.0,0.0,0.0
6,DB00091,DB00220,1,1.0,A,DB00091,pathway,471,1.0,0.0,0.0
6,DB00091,DB00220,1,1.0,A,DB00091,pathway,473,1.0,0.0,0.0
6,DB00091,DB00220,1,1.0,A,DB00091,pathway,478,1.0,0.0,0.0
6,DB00091,DB00220,1,1.0,A,DB00091,pathway,479,1.0,0.0,0.0
6,DB00091,DB00220,1,1.0,A,DB00091,pathway,480,1.0,0.0,0.0
6,DB00091,DB00220,1,1.0,A,DB00091,pathway,481,1.0,0.0,0.0
6,DB00091,DB00220,1,1.0,A,DB00091,pathway,482,1.0,0.0,0.0
6,DB00091,DB00220,1,1.0,A,DB00091,pathway,488,1.0,0.0,0.0
6,DB00091,DB00220,1,1.0,A,DB00091,pathway,498,1.0,0.0,0.0
6,DB00091,DB00220,1,1.0,A,DB00091,pathway,499,1.0,0.0,0.0
6,DB00091,DB00220,1,1.0,A,DB00091,pathway,511,1.0,0.0,0.0
6,DB00091,DB00220,1,1.0,A,DB00091,pathway,512,1.0,0.0,0.0
6,DB00091,DB00220,1,1.0,A,DB00091,pathway,513,1.0,0.0,0.0
6,DB00091,DB00220,1,1.0,A,DB00091,pathway,515,1.0,0.0,0.0
6,DB00091,DB00220,1,1.0,A,DB00091,pathway,521,1.0,0.0,0.0
6,DB00091,DB00220,1,1.0,A,DB00091,pathway,524,1.0,0.0,0.0
6,DB00091,DB00220,1,1.0,A,DB00091,pathway,527,1.0,0.0,0.0
6,DB00091,DB00220,1,1.0,A,DB00091,pathway,528,1.0,0.0,0.0
6,DB00091,DB00220,1,1.0,A,DB00091,pathway,530,1.0,0.0,0.0
6,DB00091,DB00220,1,1.0,A,DB00091,pathway,531,1.0,0.0,0.0
6,DB00091,DB00220,1,1.0,A,DB00091,pathway,532,1.0,0.0,0.0
6,DB00091,DB00220,1,1.0,A,DB00091,pathway,536,1.0,0.0,0.0
6,DB00091,DB00220,1,1.0,A,DB00091,pathway,542,1.0,0.0,0.0
6,DB00091,DB00220,1,1.0,A,DB00091,pathway,544,1.0,0.0,0.0
6,DB00091,DB00220,1,1.0,A,DB00091,pathway,552,1.0,0.0,0.0
6,DB00091,DB00220,1,1.0,A,DB00091,pathway,557,1.0,0.0,0.0
6,DB00091,DB00220,1,1.0,A,DB00091,pathway,559,1.0,0.0,0.0
6,DB00091,DB00220,1,1.0,A,DB00091,pathway,587,1.0,0.0,0.0
6,DB00091,DB00220,1,1.0,A,DB00091,pathway,588,1.0,0.0,0.0
6,DB00091,DB00220,1,1.0,A,DB00091,pathway,589,1.0,0.0,0.0
6,DB00091,DB00220,1,1.0,A,DB00091,pathway,590,1.0,0.0,0.0
6,DB00091,DB00220,1,1.0,A,DB00091,pathway,591,1.0,0.0,0.0
6,DB00091,DB00220,1,1.0,A,DB00091,pathway,594,1.0,0.0,0.0
6,DB00091,DB00220,1,1.0,A,DB00091,pathway,602,1.0,0.0,0.0
6,DB00091,DB00220,1,1.0,A,DB00091,pathway,612,1.0,0.0,0.0
6,DB00091,DB00220,1,1.0,A,DB00091,pathway,614,1.0,0.0,0.0
6,DB00091,DB00220,1,1.0,A,DB00091,pathway,617,1.0,0.0,0.0
6,DB00091,DB00220,1,1.0,A,DB00091,pathway,619,1.0,0.0,0.0
6,DB00091,DB00220,1,1.0,A,DB00091,pathway,620,1.0,0.0,0.0
6,DB00091,DB00220,1,1.0,A,DB00091,pathway,625,1.0,0.0,0.0
6,DB00091,DB00220,1,1.0,A,DB00091,pathway,626,1.0,0.0,0.0
6,DB00091,DB00220,1,1.0,A,DB00091,pathway,627,1.0,0.0,0.0
6,DB00091,DB00220,1,1.0,A,DB00091,pathway,630,1.0,0.0,0.0
6,DB00091,DB00220,1,1.0,A,DB00091,pathway,631,1.0,0.0,0.0
6,DB00091,DB00220,1,1.0,A,DB00091,pathway,636,1.0,0.0,0.0
6,DB00091,DB00220,1,1.0,A,DB00091,pathway,637,1.0,0.0,0.0
6,DB00091,DB00220,1,1.0,A,DB00091,pathway,638,1.0,0.0,0.0
6,DB00091,DB00220,1,1.0,A,DB00091,pathway,640,1.0,0.0,0.0
6,DB00091,DB00220,1,1.0,A,DB00091,pathway,641,1.0,0.0,0.0
6,DB00091,DB00220,1,1.0,A,DB00091,pathway,642,1.0,0.0,0.0
6,DB00091,DB00220,1,1.0,A,DB00091,pathway,643,1.0,0.0,0.0
6,DB00091,DB00220,1,1.0,A,DB00091,pathway,644,1.0,0.0,0.0
6,DB00091,DB00220,1,1.0,A,DB00091,pathway,645,1.0,0.0,0.0
6,DB00091,DB00220,1,1.0,A,DB00091,pathway,646,1.0,0.0,0.0
6,DB00091,DB00220,1,1.0,A,DB00091,pathway,647,1.0,0.0,0.0
6,DB00091,DB00220,1,1.0,A,DB00091,pathway,650,1.0,0.0,0.0
6,DB00091,DB00220,1,1.0,A,DB00091,pathway,651,1.0,0.0,0.0
6,DB00091,DB00220,1,1.0,A,DB00091,pathway,652,1.0,0.0,0.0
6,DB00091,DB00220,1,1.0,A,DB00091,pathway,654,1.0,0.0,0.0
6,DB00091,DB00220,1,1.0,A,DB00091,pathway,655,1.0,0.0,0.0
6,DB00091,DB00220,1,1.0,A,DB00091,pathway,656,1.0,0.0,0.0
6,DB00091,DB00220,1,1.0,A,DB00091,pathway,658,1.0,0.0,0.0
6,DB00091,DB00220,1,1.0,A,DB00091,pathway,664,1.0,0.0,0.0
6,DB00091,DB00220,1,1.0,A,DB00091,pathway,668,1.0,0.0,0.0
6,DB00091,DB00220,1,1.0,A,DB00091,pathway,670,1.0,0.0,0.0
6,DB00091,DB00220,1,1.0,A,DB00091,pathway,671,1.0,0.0,0.0
6,DB00091,DB00220,1,1.0,A,DB00091,pathway,672,1.0,0.0,0.0
6,DB00091,DB00220,1,1.0,A,DB00091,pathway,673,1.0,0.0,0.0
6,DB00091,DB00220,1,1.0,A,DB00091,pathway,674,1.0,0.0,0.0
6,DB00091,DB00220,1,1.0,A,DB00091,pathway,677,1.0,0.0,0.0
6,DB00091,DB00220,1,1.0,A,DB00091,pathway,679,1.0,0.0,0.0
6,DB00091,DB00220,1,1.0,A,DB00091,pathway,683,1.0,0.0,0.0
6,DB00091,DB00220,1,1.0,A,DB00091,pathway,685,1.0,0.0,0.0
6,DB00091,DB00220,1,1.0,A,DB00091,pathway,686,1.0,0.0,0.0
6,DB00091,DB00220,1,1.0,A,DB00091,pathway,687,1.0,0.0,0.0
6,DB00091,DB00220,1,1.0,A,DB00091,pathway,688,1.0,0.0,0.0
6,DB00091,DB00220,1,1.0,A,DB00091,pathway,691,1.0,0.0,0.0
6,DB00091,DB00220,1,1.0,A,DB00091,pathway,692,1.0,0.0,0.0
6,DB00091,DB00220,1,1.0,A,DB00091,pathway,693,1.0,0.0,0.0
6,DB00091,DB00220,1,1.0,A,DB00091,pathway,694,1.0,0.0,0.0
6,DB00091,DB00220,1,1.0,A,DB00091,pathway,695,1.0,0.0,0.0
6,DB00091,DB00220,1,1.0,A,DB00091,pathway,696,1.0,0.0,0.0
6,DB00091,DB00220,1,1.0,A,DB00091,pathway,701,1.0,0.0,0.0
6,DB00091,DB00220,1,1.0,A,DB00091,pathway,703,1.0,0.0,0.0
6,DB00091,DB00220,1,1.0,A,DB00091,pathway,704,1.0,0.0,0.0
6,DB00091,DB00220,1,1.0,A,DB00091,pathway,705,1.0,0.0,0.0
6,DB00091,DB00220,1,1.0,A,DB00091,pathway,707,1.0,0.0,0.0
6,DB00091,DB00220,1,1.0,A,DB00091,pathway,708,1.0,0.0,0.0
6,DB00091,DB00220,1,1.0,A,DB00091,pathway,709,1.0,0.0,0.0
6,DB00091,DB00220,1,1.0,A,DB00091,pathway,711,1.0,0.0,0.0
6,DB00091,DB00220,1,1.0,A,DB00091,pathway,715,1.0,0.0,0.0
6,DB00091,DB00220,1,1.0,A,DB00091,pathway,716,1.0,0.0,0.0
6,DB00091,DB00220,1,1.0,A,DB00091,pathway,717,1.0,0.0,0.0
6,DB00091,DB00220,1,1.0,A,DB00091,pathway,718,1.0,0.0,0.0
6,DB00091,DB00220,1,1.0,A,DB00091,pathway,719,1.0,0.0,0.0
6,DB00091,DB00220,1,1.0,A,DB00091,pathway,728,1.0,0.0,0.0
6,DB00091,DB00220,1,1.0,A,DB00091,pathway,730,1.0,0.0,0.0
6,DB00091,DB00220,1,1.0,A,DB00091,pathway,732,1.0,0.0,0.0
6,DB00091,DB00220,1,1.0,A,DB00091,pathway,733,1.0,0.0,0.0
6,DB00091,DB00220,1,1.0,A,DB00091,pathway,744,1.0,0.0,0.0
6,DB00091,DB00220,1,1.0,A,DB00091,pathway,764,1.0,0.0,0.0
6,DB00091,DB00220,1,1.0,A,DB00091,pathway,765,1.0,0.0,0.0
6,DB00091,DB00220,1,1.0,A,DB00091,pathway,772,1.0,0.0,0.0
6,DB00091,DB00220,1,1.0,A,DB00091,pathway,775,1.0,0.0,0.0
6,DB00091,DB00220,1,1.0,A,DB00091,pathway,776,1.0,0.0,0.0
6,DB00091,DB00220,1,1.0,A,DB00091,pathway,777,1.0,0.0,0.0
6,DB00091,DB00220,1,1.0,A,DB00091,pathway,783,1.0,0.0,0.0
6,DB00091,DB00220,1,1.0,A,DB00091,pathway,784,1.0,0.0,0.0
6,DB00091,DB00220,1,1.0,A,DB00091,pathway,787,1.0,0.0,0.0
6,DB00091,DB00220,1,1.0,A,DB00091,pathway,788,1.0,0.0,0.0
6,DB00091,DB00220,1,1.0,A,DB00091,pathway,789,1.0,0.0,0.0
6,DB00091,DB00220,1,1.0,A,DB00091,pathway,797,1.0,0.0,0.0
6,DB00091,DB00220,1,1.0,A,DB00091,pathway,798,1.0,0.0,0.0
6,DB00091,DB00220,1,1.0,A,DB00091,pathway,799,1.0,0.0,0.0
6,DB00091,DB00220,1,1.0,A,DB00091,pathway,801,1.0,0.0,0.0
6,DB00091,DB00220,1,1.0,A,DB00091,pathway,805,1.0,0.0,0.0
6,DB00091,DB00220,1,1.0,A,DB00091,pathway,806,1.0,0.0,0.0
6,DB00091,DB00220,1,1.0,A,DB00091,pathway,811,1.0,0.0,0.0
6,DB00091,DB00220,1,1.0,A,DB00091,pathway,826,1.0,0.0,0.0
6,DB00091,DB00220,1,1.0,A,DB00091,pathway,830,1.0,0.0,0.0
6,DB00091,DB00220,1,1.0,A,DB00091,pathway,836,1.0,0.0,0.0
6,DB00091,DB00220,1,1.0,A,DB00091,pathway,837,1.0,0.0,0.0
6,DB00091,DB00220,1,1.0,A,DB00091,pathway,840,1.0,0.0,0.0
6,DB00091,DB00220,1,1.0,A,DB00091,pathway,845,1.0,0.0,0.0
6,DB00091,DB00220,1,1.0,A,DB00091,pathway,853,1.0,0.0,0.0
6,DB00091,DB00220,1,1.0,A,DB00091,pathway,854,1.0,0.0,0.0
6,DB00091,DB00220,1,1.0,A,DB00091,pathway,855,1.0,0.0,0.0
6,DB00091,DB00220,1,1.0,A,DB00091,pathway,863,1.0,0.0,0.0
6,DB00091,DB00220,1,1.0,A,DB00091,pathway,870,1.0,0.0,0.0
6,DB00091,DB00220,1,1.0,A,DB00091,pathway,874,1.0,0.0,0.0
6,DB00091,DB00220,1,1.0,A,DB00091,pathway,877,1.0,0.0,0.0
6,DB00091,DB00220,1,1.0,A,DB00091,pathway,883,1.0,0.0,0.0
6,DB00091,DB00220,1,1.0,A,DB00091,pathway,896,1.0,0.0,0.0
6,DB00091,DB00220,1,1.0,A,DB00091,pathway,910,1.0,0.0,0.0
6,DB00091,DB00220,1,1.0,A,DB00091,pathway,919,1.0,0.0,0.0
6,DB00091,DB00220,1,1.0,A,DB00091,pathway,922,1.0,0.0,0.0
6,DB00091,DB00220,1,1.0,A,DB00091,pathway,927,1.0,0.0,0.0
6,DB00091,DB00220,1,1.0,A,DB00091,pathway,940,1.0,0.0,0.0
6,DB00091,DB00220,1,1.0,A,DB00091,pathway,948,1.0,0.0,0.0
6,DB00091,DB00220,1,1.0,A,DB00091,pathway,955,1.0,0.0,0.0
6,DB00091,DB00220,1,1.0,A,DB00091,pathway,958,1.0,0.0,0.0
6,DB00091,DB00220,1,1.0,A,DB00091,pathway,959,1.0,0.0,0.0
6,DB00091,DB00220,1,1.0,A,DB00091,pathway,965,1.0,0.0,0.0
6,DB00091,DB00220,1,1.0,A,DB00091,pathway,968,1.0,0.0,0.0
6,DB00091,DB00220,1,1.0,A,DB00091,pathway,969,1.0,0.0,0.0
6,DB00091,DB00220,1,1.0,A,DB00091,pathway,970,1.0,0.0,0.0
6,DB00091,DB00220,1,1.0,A,DB00091,pathway,973,1.0,0.0,0.0
6,DB00091,DB00220,1,1.0,A,DB00091,pathway,981,1.0,0.0,0.0
6,DB00091,DB00220,1,1.0,A,DB00091,pathway,986,1.0,0.0,0.0
6,DB00091,DB00220,1,1.0,A,DB00091,pathway,987,1.0,0.0,0.0
6,DB00091,DB00220,1,1.0,A,DB00091,pathway,988,1.0,0.0,0.0
6,DB00091,DB00220,1,1.0,A,DB00091,pathway,989,1.0,0.0,0.0
6,DB00091,DB00220,1,1.0,A,DB00091,pathway,1009,1.0,0.0,0.0
6,DB00091,DB00220,1,1.0,A,DB00091,pathway,1010,1.0,0.0,0.0
6,DB00091,DB00220,1,1.0,A,DB00091,pathway,1011,1.0,0.0,0.0
6,DB00091,DB00220,1,1.0,A,DB00091,pathway,1012,1.0,0.0,0.0
6,DB00091,DB00220,1,1.0,A,DB00091,pathway,1018,1.0,0.0,0.0
6,DB00091,DB00220,1,1.0,A,DB00091,pathway,1019,1.0,0.0,0.0
6,DB00091,DB00220,1,1.0,A,DB00091,pathway,1020,1.0,0.0,0.0
6,DB00091,DB00220,1,1.0,A,DB00091,pathway,1031,1.0,0.0,0.0
6,DB00091,DB00220,1,1.0,A,DB00091,pathway,1037,1.0,0.0,0.0
6,DB00091,DB00220,1,1.0,A,DB00091,pathway,1041,1.0,0.0,0.0
6,DB00091,DB00220,1,1.0,A,DB00091,pathway,1044,1.0,0.0,0.0
6,DB00091,DB00220,1,1.0,A,DB00091,pathway,1045,1.0,0.0,0.0
6,DB00091,DB00220,1,1.0,A,DB00091,pathway,1046,1.0,0.0,0.0
6,DB00091,DB00220,1,1.0,A,DB00091,pathway,1047,1.0,0.0,0.0
6,DB00091,DB00220,1,1.0,A,DB00091,pathway,1048,1.0,0.0,0.0
6,DB00091,DB00220,1,1.0,A,DB00091,pathway,1054,1.0,0.0,0.0
6,DB00091,DB00220,1,1.0,A,DB00091,pathway,1057,1.0,0.0,0.0
6,DB00091,DB00220,1,1.0,A,DB00091,pathway,1062,1.0,0.0,0.0
6,DB00091,DB00220,1,1.0,A,DB00091,pathway,1064,1.0,0.0,0.0
6,DB00091,DB00220,1,1.0,A,DB00091,pathway,1066,1.0,0.0,0.0
6,DB00091,DB00220,1,1.0,A,DB00091,pathway,1073,1.0,0.0,0.0
6,DB00091,DB00220,1,1.0,A,DB00091,pathway,1074,1.0,0.0,0.0
6,DB00091,DB00220,1,1.0,A,DB00091,pathway,1079,1.0,0.0,0.0
6,DB00091,DB00220,1,1.0,A,DB00091,pathway,1080,1.0,0.0,0.0
6,DB00091,DB00220,1,1.0,A,DB00091,pathway,1081,1.0,0.0,0.0
6,DB00091,DB00220,1,1.0,A,DB00091,pathway,1082,1.0,0.0,0.0
6,DB00091,DB00220,1,1.0,A,DB00091,pathway,1083,1.0,0.0,0.0
6,DB00091,DB00220,1,1.0,A,DB00091,pathway,1084,1.0,0.0,0.0
6,DB00091,DB00220,1,1.0,A,DB00091,pathway,1085,1.0,0.0,0.0
6,DB00091,DB00220,1,1.0,A,DB00091,pathway,1089,1.0,0.0,0.0
6,DB00091,DB00220,1,1.0,A,DB00091,pathway,1090,1.0,0.0,0.0
6,DB00091,DB00220,1,1.0,A,DB00091,pathway,1099,1.0,0.0,0.0
6,DB00091,DB00220,1,1.0,A,DB00091,pathway,1100,1.0,0.0,0.0
6,DB00091,DB00220,1,1.0,A,DB00091,pathway,1102,1.0,0.0,0.0
6,DB00091,DB00220,1,1.0,A,DB00091,pathway,1103,1.0,0.0,0.0
6,DB00091,DB00220,1,1.0,A,DB00091,pathway,1107,1.0,0.0,0.0
6,DB00091,DB00220,1,1.0,A,DB00091,pathway,1108,1.0,0.0,0.0
6,DB00091,DB00220,1,1.0,A,DB00091,pathway,1110,1.0,0.0,0.0
6,DB00091,DB00220,1,1.0,A,DB00091,pathway,1116,1.0,0.0,0.0
6,DB00091,DB00220,1,1.0,A,DB00091,pathway,1119,1.0,0.0,0.0
6,DB00091,DB00220,1,1.0,A,DB00091,pathway,1120,1.0,0.0,0.0
6,DB00091,DB00220,1,1.0,A,DB00091,pathway,1121,1.0,0.0,0.0
6,DB00091,DB00220,1,1.0,A,DB00091,pathway,1122,1.0,0.0,0.0
6,DB00091,DB00220,1,1.0,A,DB00091,pathway,1123,1.0,0.0,0.0
6,DB00091,DB00220,1,1.0,A,DB00091,pathway,1126,1.0,0.0,0.0
6,DB00091,DB00220,1,1.0,A,DB00091,pathway,1134,1.0,0.0,0.0
6,DB00091,DB00220,1,1.0,A,DB00091,pathway,1135,1.0,0.0,0.0
6,DB00091,DB00220,1,1.0,A,DB00091,pathway,1138,1.0,0.0,0.0
6,DB00091,DB00220,1,1.0,A,DB00091,pathway,1153,1.0,0.0,0.0
6,DB00091,DB00220,1,1.0,A,DB00091,pathway,1154,1.0,0.0,0.0
6,DB00091,DB00220,1,1.0,A,DB00091,pathway,1157,1.0,0.0,0.0
6,DB00091,DB00220,1,1.0,A,DB00091,pathway,1165,1.0,0.0,0.0
6,DB00091,DB00220,1,1.0,A,DB00091,pathway,1167,1.0,0.0,0.0
6,DB00091,DB00220,1,1.0,A,DB00091,pathway,1177,1.0,0.0,0.0
6,DB00091,DB00220,1,1.0,A,DB00091,pathway,1182,1.0,0.0,0.0
6,DB00091,DB00220,1,1.0,A,DB00091,pathway,1217,1.0,0.0,0.0
6,DB00091,DB00220,1,1.0,A,DB00091,pathway,1218,1.0,0.0,0.0
6,DB00091,DB00220,1,1.0,A,DB00091,pathway,1224,1.0,0.0,0.0
6,DB00091,DB00220,1,1.0,A,DB00091,pathway,1225,1.0,0.0,0.0
6,DB00091,DB00220,1,1.0,A,DB00091,pathway,1230,1.0,0.0,0.0
6,DB00091,DB00220,1,1.0,A,DB00091,pathway,1245,1.0,0.0,0.0
6,DB00091,DB00220,1,1.0,A,DB00091,pathway,1249,1.0,0.0,0.0
6,DB00091,DB00220,1,1.0,A,DB00091,pathway,1262,1.0,0.0,0.0
6,DB00091,DB00220,1,1.0,A,DB00091,pathway,1263,1.0,0.0,0.0
6,DB00091,DB00220,1,1.0,A,DB00091,pathway,1264,1.0,0.0,0.0
6,DB00091,DB00220,1,1.0,A,DB00091,pathway,1265,1.0,0.0,0.0
6,DB00091,DB00220,1,1.0,A,DB00091,pathway,1266,1.0,0.0,0.0
6,DB00091,DB00220,1,1.0,A,DB00091,pathway,1267,1.0,0.0,0.0
6,DB00091,DB00220,1,1.0,A,DB00091,pathway,1268,1.0,0.0,0.0
6,DB00091,DB00220,1,1.0,A,DB00091,pathway,1270,1.0,0.0,0.0
6,DB00091,DB00220,1,1.0,A,DB00091,pathway,1272,1.0,0.0,0.0
6,DB00091,DB00220,1,1.0,A,DB00091,pathway,1278,1.0,0.0,0.0
6,DB00091,DB00220,1,1.0,A,DB00091,pathway,1291,1.0,0.0,0.0
6,DB00091,DB00220,1,1.0,A,DB00091,pathway,1292,1.0,0.0,0.0
6,DB00091,DB00220,1,1.0,A,DB00091,pathway,1297,1.0,0.0,0.0
6,DB00091,DB00220,1,1.0,A,DB00091,pathway,1298,1.0,0.0,0.0
6,DB00091,DB00220,1,1.0,A,DB00091,pathway,1299,1.0,0.0,0.0
6,DB00091,DB00220,1,1.0,A,DB00091,pathway,1300,1.0,0.0,0.0
6,DB00091,DB00220,1,1.0,A,DB00091,pathway,1301,1.0,0.0,0.0
6,DB00091,DB00220,1,1.0,A,DB00091,pathway,1302,1.0,0.0,0.0
6,DB00091,DB00220,1,1.0,A,DB00091,pathway,1305,1.0,0.0,0.0
6,DB00091,DB00220,1,1.0,A,DB00091,pathway,1312,1.0,0.0,0.0
6,DB00091,DB00220,1,1.0,A,DB00091,pathway,1318,1.0,0.0,0.0
6,DB00091,DB00220,1,1.0,A,DB00091,pathway,1329,1.0,0.0,0.0
6,DB00091,DB00220,1,1.0,A,DB00091,pathway,1333,1.0,0.0,0.0
6,DB00091,DB00220,1,1.0,A,DB00091,pathway,1339,1.0,0.0,0.0
6,DB00091,DB00220,1,1.0,A,DB00091,pathway,1346,1.0,0.0,0.0
6,DB00091,DB00220,1,1.0,A,DB00091,pathway,1347,1.0,0.0,0.0
6,DB00091,DB00220,1,1.0,A,DB00091,pathway,1348,1.0,0.0,0.0
6,DB00091,DB00220,1,1.0,A,DB00091,pathway,1353,1.0,0.0,0.0
6,DB00091,DB00220,1,1.0,A,DB00091,pathway,1356,1.0,0.0,0.0
6,DB00091,DB00220,1,1.0,A,DB00091,pathway,1364,1.0,0.0,0.0
6,DB00091,DB00220,1,1.0,A,DB00091,pathway,1366,1.0,0.0,0.0
6,DB00091,DB00220,1,1.0,A,DB00091,pathway,1370,1.0,0.0,0.0
6,DB00091,DB00220,1,1.0,A,DB00091,pathway,1372,1.0,0.0,0.0
6,DB00091,DB00220,1,1.0,A,DB00091,pathway,1373,1.0,0.0,0.0
6,DB00091,DB00220,1,1.0,A,DB00091,pathway,1382,1.0,0.0,0.0
6,DB00091,DB00220,1,1.0,A,DB00091,pathway,1394,1.0,0.0,0.0
6,DB00091,DB00220,1,1.0,A,DB00091,pathway,1396,1.0,0.0,0.0
6,DB00091,DB00220,1,1.0,A,DB00091,pathway,1397,1.0,0.0,0.0
6,DB00091,DB00220,1,1.0,A,DB00091,pathway,1401,1.0,0.0,0.0
6,DB00091,DB00220,1,1.0,A,DB00091,pathway,1402,1.0,0.0,0.0
6,DB00091,DB00220,1,1.0,A,DB00091,pathway,1405,1.0,0.0,0.0
6,DB00091,DB00220,1,1.0,A,DB00091,pathway,1414,1.0,0.0,0.0
6,DB00091,DB00220,1,1.0,A,DB00091,pathway,1419,1.0,0.0,0.0
6,DB00091,DB00220,1,1.0,A,DB00091,pathway,1422,1.0,0.0,0.0
6,DB00091,DB00220,1,1.0,A,DB00091,pathway,1423,1.0,0.0,0.0
6,DB00091,DB00220,1,1.0,A,DB00091,pathway,1424,1.0,0.0,0.0
6,DB00091,DB00220,1,1.0,A,DB00091,pathway,1428,1.0,0.0,0.0
6,DB00091,DB00220,1,1.0,A,DB00091,pathway,1430,1.0,0.0,0.0
6,DB00091,DB00220,1,1.0,A,DB00091,pathway,1431,1.0,0.0,0.0
6,DB00091,DB00220,1,1.0,A,DB00091,pathway,1432,1.0,0.0,0.0
6,DB00091,DB00220,1,1.0,A,DB00091,pathway,1436,1.0,0.0,0.0
6,DB00091,DB00220,1,1.0,A,DB00091,pathway,1437,1.0,0.0,0.0
6,DB00091,DB00220,1,1.0,A,DB00091,pathway,1440,1.0,0.0,0.0
6,DB00091,DB00220,1,1.0,A,DB00091,pathway,1441,1.0,0.0,0.0
6,DB00091,DB00220,1,1.0,A,DB00091,pathway,1446,1.0,0.0,0.0
6,DB00091,DB00220,1,1.0,A,DB00091,pathway,1448,1.0,0.0,0.0
6,DB00091,DB00220,1,1.0,A,DB00091,pathway,1453,1.0,0.0,0.0
6,DB00091,DB00220,1,1.0,A,DB00091,pathway,1467,1.0,0.0,0.0
6,DB00091,DB00220,1,1.0,A,DB00091,pathway,1468,1.0,0.0,0.0
6,DB00091,DB00220,1,1.0,A,DB00091,pathway,1471,1.0,0.0,0.0
6,DB00091,DB00220,1,1.0,A,DB00091,pathway,1472,1.0,0.0,0.0
6,DB00091,DB00220,1,1.0,A,DB00091,pathway,1473,1.0,0.0,0.0
6,DB00091,DB00220,1,1.0,A,DB00091,pathway,1474,1.0,0.0,0.0
6,DB00091,DB00220,1,1.0,A,DB00091,pathway,1488,1.0,0.0,0.0
6,DB00091,DB00220,1,1.0,A,DB00091,pathway,1489,1.0,0.0,0.0
6,DB00091,DB00220,1,1.0,A,DB00091,pathway,1490,1.0,0.0,0.0
6,DB00091,DB00220,1,1.0,A,DB00091,pathway,1491,1.0,0.0,0.0
6,DB00091,DB00220,1,1.0,A,DB00091,pathway,1492,1.0,0.0,0.0
6,DB00091,DB00220,1,1.0,A,DB00091,pathway,1496,1.0,0.0,0.0
6,DB00091,DB00220,1,1.0,A,DB00091,pathway,1500,1.0,0.0,0.0
6,DB00091,DB00220,1,1.0,A,DB00091,pathway,1502,1.0,0.0,0.0
6,DB00091,DB00220,1,1.0,A,DB00091,pathway,1513,1.0,0.0,0.0
6,DB00091,DB00220,1,1.0,A,DB00091,pathway,1514,1.0,0.0,0.0
6,DB00091,DB00220,1,1.0,A,DB00091,pathway,1518,1.0,0.0,0.0
6,DB00091,DB00220,1,1.0,A,DB00091,pathway,1521,1.0,0.0,0.0
6,DB00091,DB00220,1,1.0,A,DB00091,pathway,1522,1.0,0.0,0.0
6,DB00091,DB00220,1,1.0,A,DB00091,pathway,1524,1.0,0.0,0.0
6,DB00091,DB00220,1,1.0,A,DB00091,pathway,1531,1.0,0.0,0.0
6,DB00091,DB00220,1,1.0,A,DB00091,pathway,1533,1.0,0.0,0.0
6,DB00091,DB00220,1,1.0,A,DB00091,pathway,1534,1.0,0.0,0.0
6,DB00091,DB00220,1,1.0,A,DB00091,pathway,1542,1.0,0.0,0.0
6,DB00091,DB00220,1,1.0,A,DB00091,pathway,1544,1.0,0.0,0.0
6,DB00091,DB00220,1,1.0,A,DB00091,pathway,1547,1.0,0.0,0.0
6,DB00091,DB00220,1,1.0,A,DB00091,pathway,1548,1.0,0.0,0.0
6,DB00091,DB00220,1,1.0,A,DB00091,pathway,1549,1.0,0.0,0.0
6,DB00091,DB00220,1,1.0,A,DB00091,pathway,1557,1.0,0.0,0.0
6,DB00091,DB00220,1,1.0,A,DB00091,pathway,1562,1.0,0.0,0.0
6,DB00091,DB00220,1,1.0,A,DB00091,pathway,1567,1.0,0.0,0.0
6,DB00091,DB00220,1,1.0,A,DB00091,pathway,1568,1.0,0.0,0.0
6,DB00091,DB00220,1,1.0,A,DB00091,pathway,1569,1.0,0.0,0.0
6,DB00091,DB00220,1,1.0,A,DB00091,pathway,1570,1.0,0.0,0.0
6,DB00091,DB00220,1,1.0,A,DB00091,pathway,1571,1.0,0.0,0.0
6,DB00091,DB00220,1,1.0,A,DB00091,pathway,1577,1.0,0.0,0.0
6,DB00091,DB00220,1,1.0,A,DB00091,pathway,1582,1.0,0.0,0.0
6,DB00091,DB00220,1,1.0,A,DB00091,pathway,1584,1.0,0.0,0.0
6,DB00091,DB00220,1,1.0,A,DB00091,pathway,1585,1.0,0.0,0.0
6,DB00091,DB00220,1,1.0,A,DB00091,pathway,1586,1.0,0.0,0.0
6,DB00091,DB00220,1,1.0,A,DB00091,pathway,1587,1.0,0.0,0.0
6,DB00091,DB00220,1,1.0,A,DB00091,pathway,1589,1.0,0.0,0.0
6,DB00091,DB00220,1,1.0,A,DB00091,pathway,1590,1.0,0.0,0.0
6,DB00091,DB00220,1,1.0,A,DB00091,pathway,1591,1.0,0.0,0.0
6,DB00091,DB00220,1,1.0,A,DB00091,pathway,1592,1.0,0.0,0.0
6,DB00091,DB00220,1,1.0,A,DB00091,pathway,1593,1.0,0.0,0.0
6,DB00091,DB00220,1,1.0,A,DB00091,pathway,1594,1.0,0.0,0.0
6,DB00091,DB00220,1,1.0,A,DB00091,pathway,1595,1.0,0.0,0.0
6,DB00091,DB00220,1,1.0,A,DB00091,pathway,1596,1.0,0.0,0.0
6,DB00091,DB00220,1,1.0,A,DB00091,pathway,1597,1.0,0.0,0.0
6,DB00091,DB00220,1,1.0,A,DB00091,pathway,1598,1.0,0.0,0.0
6,DB00091,DB00220,1,1.0,A,DB00091,pathway,1599,1.0,0.0,0.0
6,DB00091,DB00220,1,1.0,A,DB00091,pathway,1613,1.0,0.0,0.0
6,DB00091,DB00220,1,1.0,A,DB00091,pathway,1635,1.0,0.0,0.0
6,DB00091,DB00220,1,1.0,A,DB00091,pathway,1637,1.0,0.0,0.0
6,DB00091,DB00220,1,1.0,A,DB00091,pathway,1640,1.0,0.0,0.0
6,DB00091,DB00220,1,1.0,A,DB00091,pathway,1652,1.0,0.0,0.0
6,DB00091,DB00220,1,1.0,A,DB00091,pathway,1665,1.0,0.0,0.0
6,DB00091,DB00220,1,1.0,A,DB00091,pathway,1685,1.0,0.0,0.0
6,DB00091,DB00220,1,1.0,A,DB00091,pathway,1686,1.0,0.0,0.0
6,DB00091,DB00220,1,1.0,A,DB00091,pathway,1687,1.0,0.0,0.0
6,DB00091,DB00220,1,1.0,A,DB00091,pathway,1688,1.0,0.0,0.0
6,DB00091,DB00220,1,1.0,A,DB00091,pathway,1692,1.0,0.0,0.0
6,DB00091,DB00220,1,1.0,A,DB00091,pathway,1694,1.0,0.0,0.0
6,DB00091,DB00220,1,1.0,A,DB00091,pathway,1695,1.0,0.0,0.0
6,DB00091,DB00220,1,1.0,A,DB00091,pathway,1696,1.0,0.0,0.0
6,DB00091,DB00220,1,1.0,A,DB00091,pathway,1700,1.0,0.0,0.0
6,DB00091,DB00220,1,1.0,A,DB00091,pathway,1701,1.0,0.0,0.0
6,DB00091,DB00220,1,1.0,A,DB00091,pathway,1713,1.0,0.0,0.0
6,DB00091,DB00220,1,1.0,A,DB00091,pathway,1714,1.0,0.0,0.0
6,DB00091,DB00220,1,1.0,A,DB00091,pathway,1719,1.0,0.0,0.0
6,DB00091,DB00220,1,1.0,A,DB00091,pathway,1721,1.0,0.0,0.0
6,DB00091,DB00220,1,1.0,A,DB00091,pathway,1730,1.0,0.0,0.0
6,DB00091,DB00220,1,1.0,A,DB00091,pathway,1737,1.0,0.0,0.0
6,DB00091,DB00220,1,1.0,A,DB00091,pathway,1743,1.0,0.0,0.0
6,DB00091,DB00220,1,1.0,A,DB00091,pathway,1744,1.0,0.0,0.0
6,DB00091,DB00220,1,1.0,A,DB00091,pathway,1746,1.0,0.0,0.0
6,DB00091,DB00220,1,1.0,A,DB00091,pathway,1751,1.0,0.0,0.0
6,DB00091,DB00220,1,1.0,A,DB00091,pathway,1755,1.0,0.0,0.0
6,DB00091,DB00220,1,1.0,A,DB00091,pathway,1758,1.0,0.0,0.0
6,DB00091,DB00220,1,1.0,A,DB00091,pathway,1765,1.0,0.0,0.0
6,DB00091,DB00220,1,1.0,A,DB00091,pathway,1770,1.0,0.0,0.0
6,DB00091,DB00220,1,1.0,A,DB00091,pathway,1774,1.0,0.0,0.0
6,DB00091,DB00220,1,1.0,A,DB00091,pathway,1776,1.0,0.0,0.0
6,DB00091,DB00220,1,1.0,A,DB00091,pathway,1779,1.0,0.0,0.0
6,DB00091,DB00220,1,1.0,A,DB00091,pathway,1783,1.0,0.0,0.0
6,DB00091,DB00220,1,1.0,A,DB00091,pathway,1784,1.0,0.0,0.0
6,DB00091,DB00220,1,1.0,A,DB00091,pathway,1788,1.0,0.0,0.0
6,DB00091,DB00220,1,1.0,A,DB00091,pathway,1790,1.0,0.0,0.0
6,DB00091,DB00220,1,1.0,A,DB00091,pathway,1791,1.0,0.0,0.0
6,DB00091,DB00220,1,1.0,A,DB00091,pathway,1793,1.0,0.0,0.0
6,DB00091,DB00220,1,1.0,A,DB00091,pathway,1794,1.0,0.0,0.0
6,DB00091,DB00220,1,1.0,A,DB00091,pathway,1795,1.0,0.0,0.0
6,DB00091,DB00220,1,1.0,A,DB00091,pathway,1796,1.0,0.0,0.0
6,DB00091,DB00220,1,1.0,A,DB00091,pathway,1797,1.0,0.0,0.0
6,DB00091,DB00220,1,1.0,A,DB00091,pathway,1798,1.0,0.0,0.0
6,DB00091,DB00220,1,1.0,A,DB00091,pathway,1799,1.0,0.0,0.0
6,DB00091,DB00220,1,1.0,A,DB00091,pathway,1801,1.0,0.0,0.0
6,DB00091,DB00220,1,1.0,A,DB00091,pathway,1805,1.0,0.0,0.0
6,DB00091,DB00220,1,1.0,A,DB00091,pathway,1812,1.0,0.0,0.0
6,DB00091,DB00220,1,1.0,A,DB00091,pathway,1818,1.0,0.0,0.0
6,DB00091,DB00220,1,1.0,A,DB00091,pathway,1827,1.0,0.0,0.0
6,DB00091,DB00220,1,1.0,A,DB00091,pathway,1831,1.0,0.0,0.0
6,DB00091,DB00220,1,1.0,A,DB00091,pathway,1837,1.0,0.0,0.0
6,DB00091,DB00220,1,1.0,A,DB00091,pathway,1842,1.0,0.0,0.0
6,DB00091,DB00220,1,1.0,A,DB00091,pathway,1846,1.0,0.0,0.0
6,DB00091,DB00220,1,1.0,A,DB00091,pathway,1848,1.0,0.0,0.0
6,DB00091,DB00220,1,1.0,A,DB00091,pathway,1849,1.0,0.0,0.0
6,DB00091,DB00220,1,1.0,A,DB00091,pathway,1850,1.0,0.0,0.0
6,DB00091,DB00220,1,1.0,A,DB00091,pathway,1853,1.0,0.0,0.0
6,DB00091,DB00220,1,1.0,A,DB00091,pathway,1854,1.0,0.0,0.0
6,DB00091,DB00220,1,1.0,A,DB00091,pathway,1865,1.0,0.0,0.0
6,DB00091,DB00220,1,1.0,A,DB00091,pathway,1867,1.0,0.0,0.0
6,DB00091,DB00220,1,1.0,A,DB00091,pathway,1877,1.0,0.0,0.0
6,DB00091,DB00220,1,1.0,A,DB00091,pathway,1879,1.0,0.0,0.0
6,DB00091,DB00220,1,1.0,A,DB00091,pathway,1880,1.0,0.0,0.0
6,DB00091,DB00220,1,1.0,A,DB00091,pathway,1886,1.0,0.0,0.0
6,DB00091,DB00220,1,1.0,A,DB00091,pathway,1892,1.0,0.0,0.0
6,DB00091,DB00220,1,1.0,A,DB00091,pathway,1893,1.0,0.0,0.0
6,DB00091,DB00220,1,1.0,A,DB00091,pathway,1896,1.0,0.0,0.0
6,DB00091,DB00220,1,1.0,A,DB00091,pathway,1898,1.0,0.0,0.0
6,DB00091,DB00220,1,1.0,A,DB00091,pathway,1903,1.0,0.0,0.0
6,DB00091,DB00220,1,1.0,A,DB00091,pathway,1904,1.0,0.0,0.0
6,DB00091,DB00220,1,1.0,A,DB00091,pathway,1905,1.0,0.0,0.0
6,DB00091,DB00220,1,1.0,A,DB00091,pathway,1912,1.0,0.0,0.0
6,DB00091,DB00220,1,1.0,A,DB00091,pathway,1913,1.0,0.0,0.0
6,DB00091,DB00220,1,1.0,A,DB00091,pathway,1921,1.0,0.0,0.0
6,DB00091,DB00220,1,1.0,A,DB00091,pathway,1925,1.0,0.0,0.0
6,DB00091,DB00220,1,1.0,A,DB00091,pathway,1926,1.0,0.0,0.0
6,DB00091,DB00220,1,1.0,A,DB00091,pathway,1932,1.0,0.0,0.0
6,DB00091,DB00220,1,1.0,A,DB00091,pathway,1933,1.0,0.0,0.0
6,DB00091,DB00220,1,1.0,A,DB00091,pathway,1935,1.0,0.0,0.0
6,DB00091,DB00220,1,1.0,A,DB00091,pathway,1937,1.0,0.0,0.0
6,DB00091,DB00220,1,1.0,A,DB00091,pathway,1938,1.0,0.0,0.0
6,DB00091,DB00220,1,1.0,A,DB00091,pathway,1952,1.0,0.0,0.0
6,DB00091,DB00220,1,1.0,A,DB00091,pathway,1956,1.0,0.0,0.0
6,DB00091,DB00220,1,1.0,A,DB00091,pathway,1957,1.0,0.0,0.0
6,DB00091,DB00220,1,1.0,A,DB00091,pathway,1958,1.0,0.0,0.0
6,DB00091,DB00220,1,1.0,A,DB00091,pathway,1959,1.0,0.0,0.0
6,DB00091,DB00220,1,1.0,A,DB00091,pathway,1965,1.0,0.0,0.0
6,DB00091,DB00220,1,1.0,B,DB00220,pathway,2,1.0,0.0,0.0
6,DB00091,DB00220,1,1.0,B,DB00220,pathway,26,1.0,0.0,0.0
6,DB00091,DB00220,1,1.0,B,DB00220,pathway,29,1.0,0.0,0.0
6,DB00091,DB00220,1,1.0,B,DB00220,pathway,31,1.0,0.0,0.0
6,DB00091,DB00220,1,1.0,B,DB00220,pathway,39,1.0,0.0,0.0
6,DB00091,DB00220,1,1.0,B,DB00220,pathway,43,1.0,0.0,0.0
6,DB00091,DB00220,1,1.0,B,DB00220,pathway,44,1.0,0.0,0.0
6,DB00091,DB00220,1,1.0,B,DB00220,pathway,51,1.0,0.0,0.0
6,DB00091,DB00220,1,1.0,B,DB00220,pathway,52,1.0,0.0,0.0
6,DB00091,DB00220,1,1.0,B,DB00220,pathway,53,1.0,0.0,0.0
6,DB00091,DB00220,1,1.0,B,DB00220,pathway,55,1.0,0.0,0.0
6,DB00091,DB00220,1,1.0,B,DB00220,pathway,57,1.0,0.0,0.0
6,DB00091,DB00220,1,1.0,B,DB00220,pathway,62,1.0,0.0,0.0
6,DB00091,DB00220,1,1.0,B,DB00220,pathway,66,1.0,0.0,0.0
6,DB00091,DB00220,1,1.0,B,DB00220,pathway,67,1.0,0.0,0.0
6,DB00091,DB00220,1,1.0,B,DB00220,pathway,72,1.0,0.0,0.0
6,DB00091,DB00220,1,1.0,B,DB00220,pathway,74,1.0,0.0,0.0
6,DB00091,DB00220,1,1.0,B,DB00220,pathway,75,1.0,0.0,0.0
6,DB00091,DB00220,1,1.0,B,DB00220,pathway,78,1.0,0.0,0.0
6,DB00091,DB00220,1,1.0,B,DB00220,pathway,79,1.0,0.0,0.0
6,DB00091,DB00220,1,1.0,B,DB00220,pathway,81,1.0,0.0,0.0
6,DB00091,DB00220,1,1.0,B,DB00220,pathway,84,1.0,0.0,0.0
6,DB00091,DB00220,1,1.0,B,DB00220,pathway,91,1.0,0.0,0.0
6,DB00091,DB00220,1,1.0,B,DB00220,pathway,98,1.0,0.0,0.0
6,DB00091,DB00220,1,1.0,B,DB00220,pathway,100,1.0,0.0,0.0
6,DB00091,DB00220,1,1.0,B,DB00220,pathway,110,1.0,0.0,0.0
6,DB00091,DB00220,1,1.0,B,DB00220,pathway,113,1.0,0.0,0.0
6,DB00091,DB00220,1,1.0,B,DB00220,pathway,116,1.0,0.0,0.0
6,DB00091,DB00220,1,1.0,B,DB00220,pathway,117,1.0,0.0,0.0
6,DB00091,DB00220,1,1.0,B,DB00220,pathway,119,1.0,0.0,0.0
6,DB00091,DB00220,1,1.0,B,DB00220,pathway,121,1.0,0.0,0.0
6,DB00091,DB00220,1,1.0,B,DB00220,pathway,123,1.0,0.0,0.0
6,DB00091,DB00220,1,1.0,B,DB00220,pathway,124,1.0,0.0,0.0
6,DB00091,DB00220,1,1.0,B,DB00220,pathway,136,1.0,0.0,0.0
6,DB00091,DB00220,1,1.0,B,DB00220,pathway,141,1.0,0.0,0.0
6,DB00091,DB00220,1,1.0,B,DB00220,pathway,143,1.0,0.0,0.0
6,DB00091,DB00220,1,1.0,B,DB00220,pathway,146,1.0,0.0,0.0
6,DB00091,DB00220,1,1.0,B,DB00220,pathway,158,1.0,0.0,0.0
6,DB00091,DB00220,1,1.0,B,DB00220,pathway,159,1.0,0.0,0.0
6,DB00091,DB00220,1,1.0,B,DB00220,pathway,172,1.0,0.0,0.0
6,DB00091,DB00220,1,1.0,B,DB00220,pathway,191,1.0,0.0,0.0
6,DB00091,DB00220,1,1.0,B,DB00220,pathway,205,1.0,0.0,0.0
6,DB00091,DB00220,1,1.0,B,DB00220,pathway,227,1.0,0.0,0.0
6,DB00091,DB00220,1,1.0,B,DB00220,pathway,237,1.0,0.0,0.0
6,DB00091,DB00220,1,1.0,B,DB00220,pathway,245,1.0,0.0,0.0
6,DB00091,DB00220,1,1.0,B,DB00220,pathway,247,1.0,0.0,0.0
6,DB00091,DB00220,1,1.0,B,DB00220,pathway,250,1.0,0.0,0.0
6,DB00091,DB00220,1,1.0,B,DB00220,pathway,281,1.0,0.0,0.0
6,DB00091,DB00220,1,1.0,B,DB00220,pathway,283,1.0,0.0,0.0
6,DB00091,DB00220,1,1.0,B,DB00220,pathway,285,1.0,0.0,0.0
6,DB00091,DB00220,1,1.0,B,DB00220,pathway,286,1.0,0.0,0.0
6,DB00091,DB00220,1,1.0,B,DB00220,pathway,287,1.0,0.0,0.0
6,DB00091,DB00220,1,1.0,B,DB00220,pathway,296,1.0,0.0,0.0
6,DB00091,DB00220,1,1.0,B,DB00220,pathway,297,1.0,0.0,0.0
6,DB00091,DB00220,1,1.0,B,DB00220,pathway,308,1.0,0.0,0.0
6,DB00091,DB00220,1,1.0,B,DB00220,pathway,314,1.0,0.0,0.0
6,DB00091,DB00220,1,1.0,B,DB00220,pathway,315,1.0,0.0,0.0
6,DB00091,DB00220,1,1.0,B,DB00220,pathway,340,1.0,0.0,0.0
6,DB00091,DB00220,1,1.0,B,DB00220,pathway,350,1.0,0.0,0.0
6,DB00091,DB00220,1,1.0,B,DB00220,pathway,353,1.0,0.0,0.0
6,DB00091,DB00220,1,1.0,B,DB00220,pathway,358,1.0,0.0,0.0
6,DB00091,DB00220,1,1.0,B,DB00220,pathway,359,1.0,0.0,0.0
6,DB00091,DB00220,1,1.0,B,DB00220,pathway,371,1.0,0.0,0.0
6,DB00091,DB00220,1,1.0,B,DB00220,pathway,385,1.0,0.0,0.0
6,DB00091,DB00220,1,1.0,B,DB00220,pathway,386,1.0,0.0,0.0
6,DB00091,DB00220,1,1.0,B,DB00220,pathway,387,1.0,0.0,0.0
6,DB00091,DB00220,1,1.0,B,DB00220,pathway,393,1.0,0.0,0.0
6,DB00091,DB00220,1,1.0,B,DB00220,pathway,394,1.0,0.0,0.0
6,DB00091,DB00220,1,1.0,B,DB00220,pathway,395,1.0,0.0,0.0
6,DB00091,DB00220,1,1.0,B,DB00220,pathway,396,1.0,0.0,0.0
6,DB00091,DB00220,1,1.0,B,DB00220,pathway,397,1.0,0.0,0.0
6,DB00091,DB00220,1,1.0,B,DB00220,pathway,398,1.0,0.0,0.0
6,DB00091,DB00220,1,1.0,B,DB00220,pathway,399,1.0,0.0,0.0
6,DB00091,DB00220,1,1.0,B,DB00220,pathway,401,1.0,0.0,0.0
6,DB00091,DB00220,1,1.0,B,DB00220,pathway,402,1.0,0.0,0.0
6,DB00091,DB00220,1,1.0,B,DB00220,pathway,429,1.0,0.0,0.0
6,DB00091,DB00220,1,1.0,B,DB00220,pathway,430,1.0,0.0,0.0
6,DB00091,DB00220,1,1.0,B,DB00220,pathway,438,1.0,0.0,0.0
6,DB00091,DB00220,1,1.0,B,DB00220,pathway,439,1.0,0.0,0.0
6,DB00091,DB00220,1,1.0,B,DB00220,pathway,440,1.0,0.0,0.0
6,DB00091,DB00220,1,1.0,B,DB00220,pathway,441,1.0,0.0,0.0
6,DB00091,DB00220,1,1.0,B,DB00220,pathway,443,1.0,0.0,0.0
6,DB00091,DB00220,1,1.0,B,DB00220,pathway,444,1.0,0.0,0.0
6,DB00091,DB00220,1,1.0,B,DB00220,pathway,446,1.0,0.0,0.0
6,DB00091,DB00220,1,1.0,B,DB00220,pathway,452,1.0,0.0,0.0
6,DB00091,DB00220,1,1.0,B,DB00220,pathway,455,1.0,0.0,0.0
6,DB00091,DB00220,1,1.0,B,DB00220,pathway,462,1.0,0.0,0.0
6,DB00091,DB00220,1,1.0,B,DB00220,pathway,464,1.0,0.0,0.0
6,DB00091,DB00220,1,1.0,B,DB00220,pathway,467,1.0,0.0,0.0
6,DB00091,DB00220,1,1.0,B,DB00220,pathway,471,1.0,0.0,0.0
6,DB00091,DB00220,1,1.0,B,DB00220,pathway,473,1.0,0.0,0.0
6,DB00091,DB00220,1,1.0,B,DB00220,pathway,474,1.0,0.0,0.0
6,DB00091,DB00220,1,1.0,B,DB00220,pathway,480,1.0,0.0,0.0
6,DB00091,DB00220,1,1.0,B,DB00220,pathway,481,1.0,0.0,0.0
6,DB00091,DB00220,1,1.0,B,DB00220,pathway,482,1.0,0.0,0.0
6,DB00091,DB00220,1,1.0,B,DB00220,pathway,488,1.0,0.0,0.0
6,DB00091,DB00220,1,1.0,B,DB00220,pathway,498,1.0,0.0,0.0
6,DB00091,DB00220,1,1.0,B,DB00220,pathway,511,1.0,0.0,0.0
6,DB00091,DB00220,1,1.0,B,DB00220,pathway,512,1.0,0.0,0.0
6,DB00091,DB00220,1,1.0,B,DB00220,pathway,513,1.0,0.0,0.0
6,DB00091,DB00220,1,1.0,B,DB00220,pathway,515,1.0,0.0,0.0
6,DB00091,DB00220,1,1.0,B,DB00220,pathway,528,1.0,0.0,0.0
6,DB00091,DB00220,1,1.0,B,DB00220,pathway,530,1.0,0.0,0.0
6,DB00091,DB00220,1,1.0,B,DB00220,pathway,531,1.0,0.0,0.0
6,DB00091,DB00220,1,1.0,B,DB00220,pathway,532,1.0,0.0,0.0
6,DB00091,DB00220,1,1.0,B,DB00220,pathway,542,1.0,0.0,0.0
6,DB00091,DB00220,1,1.0,B,DB00220,pathway,587,1.0,0.0,0.0
6,DB00091,DB00220,1,1.0,B,DB00220,pathway,588,1.0,0.0,0.0
6,DB00091,DB00220,1,1.0,B,DB00220,pathway,614,1.0,0.0,0.0
6,DB00091,DB00220,1,1.0,B,DB00220,pathway,617,1.0,0.0,0.0
6,DB00091,DB00220,1,1.0,B,DB00220,pathway,619,1.0,0.0,0.0
6,DB00091,DB00220,1,1.0,B,DB00220,pathway,620,1.0,0.0,0.0
6,DB00091,DB00220,1,1.0,B,DB00220,pathway,625,1.0,0.0,0.0
6,DB00091,DB00220,1,1.0,B,DB00220,pathway,626,1.0,0.0,0.0
6,DB00091,DB00220,1,1.0,B,DB00220,pathway,627,1.0,0.0,0.0
6,DB00091,DB00220,1,1.0,B,DB00220,pathway,630,1.0,0.0,0.0
6,DB00091,DB00220,1,1.0,B,DB00220,pathway,631,1.0,0.0,0.0
6,DB00091,DB00220,1,1.0,B,DB00220,pathway,636,1.0,0.0,0.0
6,DB00091,DB00220,1,1.0,B,DB00220,pathway,637,1.0,0.0,0.0
6,DB00091,DB00220,1,1.0,B,DB00220,pathway,646,1.0,0.0,0.0
6,DB00091,DB00220,1,1.0,B,DB00220,pathway,650,1.0,0.0,0.0
6,DB00091,DB00220,1,1.0,B,DB00220,pathway,651,1.0,0.0,0.0
6,DB00091,DB00220,1,1.0,B,DB00220,pathway,652,1.0,0.0,0.0
6,DB00091,DB00220,1,1.0,B,DB00220,pathway,654,1.0,0.0,0.0
6,DB00091,DB00220,1,1.0,B,DB00220,pathway,655,1.0,0.0,0.0
6,DB00091,DB00220,1,1.0,B,DB00220,pathway,656,1.0,0.0,0.0
6,DB00091,DB00220,1,1.0,B,DB00220,pathway,658,1.0,0.0,0.0
6,DB00091,DB00220,1,1.0,B,DB00220,pathway,664,1.0,0.0,0.0
6,DB00091,DB00220,1,1.0,B,DB00220,pathway,670,1.0,0.0,0.0
6,DB00091,DB00220,1,1.0,B,DB00220,pathway,671,1.0,0.0,0.0
6,DB00091,DB00220,1,1.0,B,DB00220,pathway,672,1.0,0.0,0.0
6,DB00091,DB00220,1,1.0,B,DB00220,pathway,673,1.0,0.0,0.0
6,DB00091,DB00220,1,1.0,B,DB00220,pathway,674,1.0,0.0,0.0
6,DB00091,DB00220,1,1.0,B,DB00220,pathway,677,1.0,0.0,0.0
6,DB00091,DB00220,1,1.0,B,DB00220,pathway,679,1.0,0.0,0.0
6,DB00091,DB00220,1,1.0,B,DB00220,pathway,685,1.0,0.0,0.0
6,DB00091,DB00220,1,1.0,B,DB00220,pathway,686,1.0,0.0,0.0
6,DB00091,DB00220,1,1.0,B,DB00220,pathway,687,1.0,0.0,0.0
6,DB00091,DB00220,1,1.0,B,DB00220,pathway,688,1.0,0.0,0.0
6,DB00091,DB00220,1,1.0,B,DB00220,pathway,691,1.0,0.0,0.0
6,DB00091,DB00220,1,1.0,B,DB00220,pathway,692,1.0,0.0,0.0
6,DB00091,DB00220,1,1.0,B,DB00220,pathway,693,1.0,0.0,0.0
6,DB00091,DB00220,1,1.0,B,DB00220,pathway,694,1.0,0.0,0.0
6,DB00091,DB00220,1,1.0,B,DB00220,pathway,695,1.0,0.0,0.0
6,DB00091,DB00220,1,1.0,B,DB00220,pathway,701,1.0,0.0,0.0
6,DB00091,DB00220,1,1.0,B,DB00220,pathway,703,1.0,0.0,0.0
6,DB00091,DB00220,1,1.0,B,DB00220,pathway,704,1.0,0.0,0.0
6,DB00091,DB00220,1,1.0,B,DB00220,pathway,705,1.0,0.0,0.0
6,DB00091,DB00220,1,1.0,B,DB00220,pathway,707,1.0,0.0,0.0
6,DB00091,DB00220,1,1.0,B,DB00220,pathway,708,1.0,0.0,0.0
6,DB00091,DB00220,1,1.0,B,DB00220,pathway,709,1.0,0.0,0.0
6,DB00091,DB00220,1,1.0,B,DB00220,pathway,711,1.0,0.0,0.0
6,DB00091,DB00220,1,1.0,B,DB00220,pathway,715,1.0,0.0,0.0
6,DB00091,DB00220,1,1.0,B,DB00220,pathway,716,1.0,0.0,0.0
6,DB00091,DB00220,1,1.0,B,DB00220,pathway,717,1.0,0.0,0.0
6,DB00091,DB00220,1,1.0,B,DB00220,pathway,718,1.0,0.0,0.0
6,DB00091,DB00220,1,1.0,B,DB00220,pathway,719,1.0,0.0,0.0
6,DB00091,DB00220,1,1.0,B,DB00220,pathway,728,1.0,0.0,0.0
6,DB00091,DB00220,1,1.0,B,DB00220,pathway,730,1.0,0.0,0.0
6,DB00091,DB00220,1,1.0,B,DB00220,pathway,732,1.0,0.0,0.0
6,DB00091,DB00220,1,1.0,B,DB00220,pathway,764,1.0,0.0,0.0
6,DB00091,DB00220,1,1.0,B,DB00220,pathway,772,1.0,0.0,0.0
6,DB00091,DB00220,1,1.0,B,DB00220,pathway,775,1.0,0.0,0.0
6,DB00091,DB00220,1,1.0,B,DB00220,pathway,776,1.0,0.0,0.0
6,DB00091,DB00220,1,1.0,B,DB00220,pathway,777,1.0,0.0,0.0
6,DB00091,DB00220,1,1.0,B,DB00220,pathway,783,1.0,0.0,0.0
6,DB00091,DB00220,1,1.0,B,DB00220,pathway,786,1.0,0.0,0.0
6,DB00091,DB00220,1,1.0,B,DB00220,pathway,787,1.0,0.0,0.0
6,DB00091,DB00220,1,1.0,B,DB00220,pathway,788,1.0,0.0,0.0
6,DB00091,DB00220,1,1.0,B,DB00220,pathway,797,1.0,0.0,0.0
6,DB00091,DB00220,1,1.0,B,DB00220,pathway,799,1.0,0.0,0.0
6,DB00091,DB00220,1,1.0,B,DB00220,pathway,801,1.0,0.0,0.0
6,DB00091,DB00220,1,1.0,B,DB00220,pathway,805,1.0,0.0,0.0
6,DB00091,DB00220,1,1.0,B,DB00220,pathway,806,1.0,0.0,0.0
6,DB00091,DB00220,1,1.0,B,DB00220,pathway,811,1.0,0.0,0.0
6,DB00091,DB00220,1,1.0,B,DB00220,pathway,830,1.0,0.0,0.0
6,DB00091,DB00220,1,1.0,B,DB00220,pathway,837,1.0,0.0,0.0
6,DB00091,DB00220,1,1.0,B,DB00220,pathway,845,1.0,0.0,0.0
6,DB00091,DB00220,1,1.0,B,DB00220,pathway,870,1.0,0.0,0.0
6,DB00091,DB00220,1,1.0,B,DB00220,pathway,874,1.0,0.0,0.0
6,DB00091,DB00220,1,1.0,B,DB00220,pathway,877,1.0,0.0,0.0
6,DB00091,DB00220,1,1.0,B,DB00220,pathway,878,1.0,0.0,0.0
6,DB00091,DB00220,1,1.0,B,DB00220,pathway,890,1.0,0.0,0.0
6,DB00091,DB00220,1,1.0,B,DB00220,pathway,896,1.0,0.0,0.0
6,DB00091,DB00220,1,1.0,B,DB00220,pathway,910,1.0,0.0,0.0
6,DB00091,DB00220,1,1.0,B,DB00220,pathway,919,1.0,0.0,0.0
6,DB00091,DB00220,1,1.0,B,DB00220,pathway,940,1.0,0.0,0.0
6,DB00091,DB00220,1,1.0,B,DB00220,pathway,948,1.0,0.0,0.0
6,DB00091,DB00220,1,1.0,B,DB00220,pathway,955,1.0,0.0,0.0
6,DB00091,DB00220,1,1.0,B,DB00220,pathway,958,1.0,0.0,0.0
6,DB00091,DB00220,1,1.0,B,DB00220,pathway,959,1.0,0.0,0.0
6,DB00091,DB00220,1,1.0,B,DB00220,pathway,968,1.0,0.0,0.0
6,DB00091,DB00220,1,1.0,B,DB00220,pathway,969,1.0,0.0,0.0
6,DB00091,DB00220,1,1.0,B,DB00220,pathway,970,1.0,0.0,0.0
6,DB00091,DB00220,1,1.0,B,DB00220,pathway,986,1.0,0.0,0.0
6,DB00091,DB00220,1,1.0,B,DB00220,pathway,987,1.0,0.0,0.0
6,DB00091,DB00220,1,1.0,B,DB00220,pathway,1009,1.0,0.0,0.0
6,DB00091,DB00220,1,1.0,B,DB00220,pathway,1010,1.0,0.0,0.0
6,DB00091,DB00220,1,1.0,B,DB00220,pathway,1011,1.0,0.0,0.0
6,DB00091,DB00220,1,1.0,B,DB00220,pathway,1012,1.0,0.0,0.0
6,DB00091,DB00220,1,1.0,B,DB00220,pathway,1031,1.0,0.0,0.0
6,DB00091,DB00220,1,1.0,B,DB00220,pathway,1037,1.0,0.0,0.0
6,DB00091,DB00220,1,1.0,B,DB00220,pathway,1041,1.0,0.0,0.0
6,DB00091,DB00220,1,1.0,B,DB00220,pathway,1044,1.0,0.0,0.0
6,DB00091,DB00220,1,1.0,B,DB00220,pathway,1045,1.0,0.0,0.0
6,DB00091,DB00220,1,1.0,B,DB00220,pathway,1047,1.0,0.0,0.0
6,DB00091,DB00220,1,1.0,B,DB00220,pathway,1048,1.0,0.0,0.0
6,DB00091,DB00220,1,1.0,B,DB00220,pathway,1054,1.0,0.0,0.0
6,DB00091,DB00220,1,1.0,B,DB00220,pathway,1062,1.0,0.0,0.0
6,DB00091,DB00220,1,1.0,B,DB00220,pathway,1073,1.0,0.0,0.0
6,DB00091,DB00220,1,1.0,B,DB00220,pathway,1074,1.0,0.0,0.0
6,DB00091,DB00220,1,1.0,B,DB00220,pathway,1103,1.0,0.0,0.0
6,DB00091,DB00220,1,1.0,B,DB00220,pathway,1107,1.0,0.0,0.0
6,DB00091,DB00220,1,1.0,B,DB00220,pathway,1108,1.0,0.0,0.0
6,DB00091,DB00220,1,1.0,B,DB00220,pathway,1116,1.0,0.0,0.0
6,DB00091,DB00220,1,1.0,B,DB00220,pathway,1119,1.0,0.0,0.0
6,DB00091,DB00220,1,1.0,B,DB00220,pathway,1120,1.0,0.0,0.0
6,DB00091,DB00220,1,1.0,B,DB00220,pathway,1121,1.0,0.0,0.0
6,DB00091,DB00220,1,1.0,B,DB00220,pathway,1122,1.0,0.0,0.0
6,DB00091,DB00220,1,1.0,B,DB00220,pathway,1123,1.0,0.0,0.0
6,DB00091,DB00220,1,1.0,B,DB00220,pathway,1126,1.0,0.0,0.0
6,DB00091,DB00220,1,1.0,B,DB00220,pathway,1134,1.0,0.0,0.0
6,DB00091,DB00220,1,1.0,B,DB00220,pathway,1154,1.0,0.0,0.0
6,DB00091,DB00220,1,1.0,B,DB00220,pathway,1182,1.0,0.0,0.0
6,DB00091,DB00220,1,1.0,B,DB00220,pathway,1217,1.0,0.0,0.0
6,DB00091,DB00220,1,1.0,B,DB00220,pathway,1230,1.0,0.0,0.0
6,DB00091,DB00220,1,1.0,B,DB00220,pathway,1245,1.0,0.0,0.0
6,DB00091,DB00220,1,1.0,B,DB00220,pathway,1249,1.0,0.0,0.0
6,DB00091,DB00220,1,1.0,B,DB00220,pathway,1262,1.0,0.0,0.0
6,DB00091,DB00220,1,1.0,B,DB00220,pathway,1263,1.0,0.0,0.0
6,DB00091,DB00220,1,1.0,B,DB00220,pathway,1264,1.0,0.0,0.0
6,DB00091,DB00220,1,1.0,B,DB00220,pathway,1265,1.0,0.0,0.0
6,DB00091,DB00220,1,1.0,B,DB00220,pathway,1267,1.0,0.0,0.0
6,DB00091,DB00220,1,1.0,B,DB00220,pathway,1268,1.0,0.0,0.0
6,DB00091,DB00220,1,1.0,B,DB00220,pathway,1270,1.0,0.0,0.0
6,DB00091,DB00220,1,1.0,B,DB00220,pathway,1272,1.0,0.0,0.0
6,DB00091,DB00220,1,1.0,B,DB00220,pathway,1278,1.0,0.0,0.0
6,DB00091,DB00220,1,1.0,B,DB00220,pathway,1291,1.0,0.0,0.0
6,DB00091,DB00220,1,1.0,B,DB00220,pathway,1298,1.0,0.0,0.0
6,DB00091,DB00220,1,1.0,B,DB00220,pathway,1299,1.0,0.0,0.0
6,DB00091,DB00220,1,1.0,B,DB00220,pathway,1300,1.0,0.0,0.0
6,DB00091,DB00220,1,1.0,B,DB00220,pathway,1302,1.0,0.0,0.0
6,DB00091,DB00220,1,1.0,B,DB00220,pathway,1305,1.0,0.0,0.0
6,DB00091,DB00220,1,1.0,B,DB00220,pathway,1312,1.0,0.0,0.0
6,DB00091,DB00220,1,1.0,B,DB00220,pathway,1333,1.0,0.0,0.0
6,DB00091,DB00220,1,1.0,B,DB00220,pathway,1339,1.0,0.0,0.0
6,DB00091,DB00220,1,1.0,B,DB00220,pathway,1346,1.0,0.0,0.0
6,DB00091,DB00220,1,1.0,B,DB00220,pathway,1347,1.0,0.0,0.0
6,DB00091,DB00220,1,1.0,B,DB00220,pathway,1348,1.0,0.0,0.0
6,DB00091,DB00220,1,1.0,B,DB00220,pathway,1356,1.0,0.0,0.0
6,DB00091,DB00220,1,1.0,B,DB00220,pathway,1373,1.0,0.0,0.0
6,DB00091,DB00220,1,1.0,B,DB00220,pathway,1385,1.0,0.0,0.0
6,DB00091,DB00220,1,1.0,B,DB00220,pathway,1401,1.0,0.0,0.0
6,DB00091,DB00220,1,1.0,B,DB00220,pathway,1402,1.0,0.0,0.0
6,DB00091,DB00220,1,1.0,B,DB00220,pathway,1405,1.0,0.0,0.0
6,DB00091,DB00220,1,1.0,B,DB00220,pathway,1414,1.0,0.0,0.0
6,DB00091,DB00220,1,1.0,B,DB00220,pathway,1419,1.0,0.0,0.0
6,DB00091,DB00220,1,1.0,B,DB00220,pathway,1422,1.0,0.0,0.0
6,DB00091,DB00220,1,1.0,B,DB00220,pathway,1428,1.0,0.0,0.0
6,DB00091,DB00220,1,1.0,B,DB00220,pathway,1430,1.0,0.0,0.0
6,DB00091,DB00220,1,1.0,B,DB00220,pathway,1431,1.0,0.0,0.0
6,DB00091,DB00220,1,1.0,B,DB00220,pathway,1432,1.0,0.0,0.0
6,DB00091,DB00220,1,1.0,B,DB00220,pathway,1436,1.0,0.0,0.0
6,DB00091,DB00220,1,1.0,B,DB00220,pathway,1446,1.0,0.0,0.0
6,DB00091,DB00220,1,1.0,B,DB00220,pathway,1453,1.0,0.0,0.0
6,DB00091,DB00220,1,1.0,B,DB00220,pathway,1467,1.0,0.0,0.0
6,DB00091,DB00220,1,1.0,B,DB00220,pathway,1468,1.0,0.0,0.0
6,DB00091,DB00220,1,1.0,B,DB00220,pathway,1491,1.0,0.0,0.0
6,DB00091,DB00220,1,1.0,B,DB00220,pathway,1496,1.0,0.0,0.0
6,DB00091,DB00220,1,1.0,B,DB00220,pathway,1514,1.0,0.0,0.0
6,DB00091,DB00220,1,1.0,B,DB00220,pathway,1521,1.0,0.0,0.0
6,DB00091,DB00220,1,1.0,B,DB00220,pathway,1531,1.0,0.0,0.0
6,DB00091,DB00220,1,1.0,B,DB00220,pathway,1534,1.0,0.0,0.0
6,DB00091,DB00220,1,1.0,B,DB00220,pathway,1544,1.0,0.0,0.0
6,DB00091,DB00220,1,1.0,B,DB00220,pathway,1547,1.0,0.0,0.0
6,DB00091,DB00220,1,1.0,B,DB00220,pathway,1548,1.0,0.0,0.0
6,DB00091,DB00220,1,1.0,B,DB00220,pathway,1549,1.0,0.0,0.0
6,DB00091,DB00220,1,1.0,B,DB00220,pathway,1567,1.0,0.0,0.0
6,DB00091,DB00220,1,1.0,B,DB00220,pathway,1568,1.0,0.0,0.0
6,DB00091,DB00220,1,1.0,B,DB00220,pathway,1569,1.0,0.0,0.0
6,DB00091,DB00220,1,1.0,B,DB00220,pathway,1570,1.0,0.0,0.0
6,DB00091,DB00220,1,1.0,B,DB00220,pathway,1571,1.0,0.0,0.0
6,DB00091,DB00220,1,1.0,B,DB00220,pathway,1577,1.0,0.0,0.0
6,DB00091,DB00220,1,1.0,B,DB00220,pathway,1582,1.0,0.0,0.0
6,DB00091,DB00220,1,1.0,B,DB00220,pathway,1584,1.0,0.0,0.0
6,DB00091,DB00220,1,1.0,B,DB00220,pathway,1585,1.0,0.0,0.0
6,DB00091,DB00220,1,1.0,B,DB00220,pathway,1586,1.0,0.0,0.0
6,DB00091,DB00220,1,1.0,B,DB00220,pathway,1587,1.0,0.0,0.0
6,DB00091,DB00220,1,1.0,B,DB00220,pathway,1589,1.0,0.0,0.0
6,DB00091,DB00220,1,1.0,B,DB00220,pathway,1590,1.0,0.0,0.0
6,DB00091,DB00220,1,1.0,B,DB00220,pathway,1591,1.0,0.0,0.0
6,DB00091,DB00220,1,1.0,B,DB00220,pathway,1592,1.0,0.0,0.0
6,DB00091,DB00220,1,1.0,B,DB00220,pathway,1593,1.0,0.0,0.0
6,DB00091,DB00220,1,1.0,B,DB00220,pathway,1594,1.0,0.0,0.0
6,DB00091,DB00220,1,1.0,B,DB00220,pathway,1595,1.0,0.0,0.0
6,DB00091,DB00220,1,1.0,B,DB00220,pathway,1596,1.0,0.0,0.0
6,DB00091,DB00220,1,1.0,B,DB00220,pathway,1597,1.0,0.0,0.0
6,DB00091,DB00220,1,1.0,B,DB00220,pathway,1598,1.0,0.0,0.0
6,DB00091,DB00220,1,1.0,B,DB00220,pathway,1599,1.0,0.0,0.0
6,DB00091,DB00220,1,1.0,B,DB00220,pathway,1613,1.0,0.0,0.0
6,DB00091,DB00220,1,1.0,B,DB00220,pathway,1637,1.0,0.0,0.0
6,DB00091,DB00220,1,1.0,B,DB00220,pathway,1640,1.0,0.0,0.0
6,DB00091,DB00220,1,1.0,B,DB00220,pathway,1652,1.0,0.0,0.0
6,DB00091,DB00220,1,1.0,B,DB00220,pathway,1692,1.0,0.0,0.0
6,DB00091,DB00220,1,1.0,B,DB00220,pathway,1694,1.0,0.0,0.0
6,DB00091,DB00220,1,1.0,B,DB00220,pathway,1713,1.0,0.0,0.0
6,DB00091,DB00220,1,1.0,B,DB00220,pathway,1714,1.0,0.0,0.0
6,DB00091,DB00220,1,1.0,B,DB00220,pathway,1719,1.0,0.0,0.0
6,DB00091,DB00220,1,1.0,B,DB00220,pathway,1729,1.0,0.0,0.0
6,DB00091,DB00220,1,1.0,B,DB00220,pathway,1730,1.0,0.0,0.0
6,DB00091,DB00220,1,1.0,B,DB00220,pathway,1737,1.0,0.0,0.0
6,DB00091,DB00220,1,1.0,B,DB00220,pathway,1744,1.0,0.0,0.0
6,DB00091,DB00220,1,1.0,B,DB00220,pathway,1751,1.0,0.0,0.0
6,DB00091,DB00220,1,1.0,B,DB00220,pathway,1770,1.0,0.0,0.0
6,DB00091,DB00220,1,1.0,B,DB00220,pathway,1774,1.0,0.0,0.0
6,DB00091,DB00220,1,1.0,B,DB00220,pathway,1776,1.0,0.0,0.0
6,DB00091,DB00220,1,1.0,B,DB00220,pathway,1788,1.0,0.0,0.0
6,DB00091,DB00220,1,1.0,B,DB00220,pathway,1791,1.0,0.0,0.0
6,DB00091,DB00220,1,1.0,B,DB00220,pathway,1798,1.0,0.0,0.0
6,DB00091,DB00220,1,1.0,B,DB00220,pathway,1805,1.0,0.0,0.0
6,DB00091,DB00220,1,1.0,B,DB00220,pathway,1812,1.0,0.0,0.0
6,DB00091,DB00220,1,1.0,B,DB00220,pathway,1818,1.0,0.0,0.0
6,DB00091,DB00220,1,1.0,B,DB00220,pathway,1837,1.0,0.0,0.0
6,DB00091,DB00220,1,1.0,B,DB00220,pathway,1848,1.0,0.0,0.0
6,DB00091,DB00220,1,1.0,B,DB00220,pathway,1850,1.0,0.0,0.0
6,DB00091,DB00220,1,1.0,B,DB00220,pathway,1865,1.0,0.0,0.0
6,DB00091,DB00220,1,1.0,B,DB00220,pathway,1867,1.0,0.0,0.0
6,DB00091,DB00220,1,1.0,B,DB00220,pathway,1880,1.0,0.0,0.0
6,DB00091,DB00220,1,1.0,B,DB00220,pathway,1892,1.0,0.0,0.0
6,DB00091,DB00220,1,1.0,B,DB00220,pathway,1898,1.0,0.0,0.0
6,DB00091,DB00220,1,1.0,B,DB00220,pathway,1903,1.0,0.0,0.0
6,DB00091,DB00220,1,1.0,B,DB00220,pathway,1904,1.0,0.0,0.0
6,DB00091,DB00220,1,1.0,B,DB00220,pathway,1905,1.0,0.0,0.0
6,DB00091,DB00220,1,1.0,B,DB00220,pathway,1932,1.0,0.0,0.0
6,DB00091,DB00220,1,1.0,B,DB00220,pathway,1958,1.0,0.0,0.0
6,DB00091,DB00220,1,1.0,B,DB00220,pathway,1959,1.0,0.0,0.0
7,DB00091,DB00297,1,1.0,A,DB00091,pathway,0,1.0,0.0,0.0
7,DB00091,DB00297,1,1.0,A,DB00091,pathway,2,1.0,0.0,0.0
7,DB00091,DB00297,1,1.0,A,DB00091,pathway,4,0.9999998807907104,1.1920928955078125e-07,1.1920928955078125e-07
7,DB00091,DB00297,1,1.0,A,DB00091,pathway,10,0.9999998807907104,1.1920928955078125e-07,1.1920928955078125e-07
7,DB00091,DB00297,1,1.0,A,DB00091,pathway,11,1.0,0.0,0.0
7,DB00091,DB00297,1,1.0,A,DB00091,pathway,12,1.0,0.0,0.0
7,DB00091,DB00297,1,1.0,A,DB00091,pathway,13,0.9999998807907104,1.1920928955078125e-07,1.1920928955078125e-07
7,DB00091,DB00297,1,1.0,A,DB00091,pathway,15,0.9999998807907104,1.1920928955078125e-07,1.1920928955078125e-07
7,DB00091,DB00297,1,1.0,A,DB00091,pathway,26,1.0,0.0,0.0
7,DB00091,DB00297,1,1.0,A,DB00091,pathway,29,1.0,0.0,0.0
7,DB00091,DB00297,1,1.0,A,DB00091,pathway,31,1.0,0.0,0.0
7,DB00091,DB00297,1,1.0,A,DB00091,pathway,39,1.0,0.0,0.0
7,DB00091,DB00297,1,1.0,A,DB00091,pathway,43,1.0,0.0,0.0
7,DB00091,DB00297,1,1.0,A,DB00091,pathway,44,1.0,0.0,0.0
7,DB00091,DB00297,1,1.0,A,DB00091,pathway,51,1.0,0.0,0.0
7,DB00091,DB00297,1,1.0,A,DB00091,pathway,52,1.0,0.0,0.0
7,DB00091,DB00297,1,1.0,A,DB00091,pathway,53,0.9999998807907104,1.1920928955078125e-07,1.1920928955078125e-07
7,DB00091,DB00297,1,1.0,A,DB00091,pathway,55,1.0,0.0,0.0
7,DB00091,DB00297,1,1.0,A,DB00091,pathway,57,1.0,0.0,0.0
7,DB00091,DB00297,1,1.0,A,DB00091,pathway,62,1.0,0.0,0.0
7,DB00091,DB00297,1,1.0,A,DB00091,pathway,66,1.0,0.0,0.0
7,DB00091,DB00297,1,1.0,A,DB00091,pathway,67,1.0,0.0,0.0
7,DB00091,DB00297,1,1.0,A,DB00091,pathway,72,1.0,0.0,0.0
7,DB00091,DB00297,1,1.0,A,DB00091,pathway,74,1.0,0.0,0.0
7,DB00091,DB00297,1,1.0,A,DB00091,pathway,75,1.0,0.0,0.0
7,DB00091,DB00297,1,1.0,A,DB00091,pathway,78,1.0,0.0,0.0
7,DB00091,DB00297,1,1.0,A,DB00091,pathway,79,1.0,0.0,0.0
7,DB00091,DB00297,1,1.0,A,DB00091,pathway,81,1.0,0.0,0.0
7,DB00091,DB00297,1,1.0,A,DB00091,pathway,82,1.0,0.0,0.0
7,DB00091,DB00297,1,1.0,A,DB00091,pathway,84,1.0,0.0,0.0
7,DB00091,DB00297,1,1.0,A,DB00091,pathway,91,0.9999998807907104,1.1920928955078125e-07,1.1920928955078125e-07
7,DB00091,DB00297,1,1.0,A,DB00091,pathway,98,1.0,0.0,0.0
7,DB00091,DB00297,1,1.0,A,DB00091,pathway,100,1.0,0.0,0.0
7,DB00091,DB00297,1,1.0,A,DB00091,pathway,104,1.0,0.0,0.0
7,DB00091,DB00297,1,1.0,A,DB00091,pathway,110,1.0,0.0,0.0
7,DB00091,DB00297,1,1.0,A,DB00091,pathway,113,1.0,0.0,0.0
7,DB00091,DB00297,1,1.0,A,DB00091,pathway,116,1.0,0.0,0.0
7,DB00091,DB00297,1,1.0,A,DB00091,pathway,117,1.0,0.0,0.0
7,DB00091,DB00297,1,1.0,A,DB00091,pathway,119,1.0,0.0,0.0
7,DB00091,DB00297,1,1.0,A,DB00091,pathway,121,1.0,0.0,0.0
7,DB00091,DB00297,1,1.0,A,DB00091,pathway,123,1.0,0.0,0.0
7,DB00091,DB00297,1,1.0,A,DB00091,pathway,124,0.9999998807907104,1.1920928955078125e-07,1.1920928955078125e-07
7,DB00091,DB00297,1,1.0,A,DB00091,pathway,136,0.9999998807907104,1.1920928955078125e-07,1.1920928955078125e-07
7,DB00091,DB00297,1,1.0,A,DB00091,pathway,141,1.0,0.0,0.0
7,DB00091,DB00297,1,1.0,A,DB00091,pathway,143,1.0,0.0,0.0
7,DB00091,DB00297,1,1.0,A,DB00091,pathway,158,0.9999998807907104,1.1920928955078125e-07,1.1920928955078125e-07
7,DB00091,DB00297,1,1.0,A,DB00091,pathway,159,1.0,0.0,0.0
7,DB00091,DB00297,1,1.0,A,DB00091,pathway,168,1.0,0.0,0.0
7,DB00091,DB00297,1,1.0,A,DB00091,pathway,169,1.0,0.0,0.0
7,DB00091,DB00297,1,1.0,A,DB00091,pathway,170,1.0,0.0,0.0
7,DB00091,DB00297,1,1.0,A,DB00091,pathway,171,1.0,0.0,0.0
7,DB00091,DB00297,1,1.0,A,DB00091,pathway,172,1.0,0.0,0.0
7,DB00091,DB00297,1,1.0,A,DB00091,pathway,176,1.0,0.0,0.0
7,DB00091,DB00297,1,1.0,A,DB00091,pathway,187,1.0,0.0,0.0
7,DB00091,DB00297,1,1.0,A,DB00091,pathway,188,1.0,0.0,0.0
7,DB00091,DB00297,1,1.0,A,DB00091,pathway,191,1.0,0.0,0.0
7,DB00091,DB00297,1,1.0,A,DB00091,pathway,193,1.0,0.0,0.0
7,DB00091,DB00297,1,1.0,A,DB00091,pathway,195,1.0,0.0,0.0
7,DB00091,DB00297,1,1.0,A,DB00091,pathway,205,0.9999998807907104,1.1920928955078125e-07,1.1920928955078125e-07
7,DB00091,DB00297,1,1.0,A,DB00091,pathway,208,1.0,0.0,0.0
7,DB00091,DB00297,1,1.0,A,DB00091,pathway,209,1.0,0.0,0.0
7,DB00091,DB00297,1,1.0,A,DB00091,pathway,227,1.0,0.0,0.0
7,DB00091,DB00297,1,1.0,A,DB00091,pathway,237,1.0,0.0,0.0
7,DB00091,DB00297,1,1.0,A,DB00091,pathway,245,1.0,0.0,0.0
7,DB00091,DB00297,1,1.0,A,DB00091,pathway,247,1.0,0.0,0.0
7,DB00091,DB00297,1,1.0,A,DB00091,pathway,250,1.0,0.0,0.0
7,DB00091,DB00297,1,1.0,A,DB00091,pathway,263,0.9999998807907104,1.1920928955078125e-07,1.1920928955078125e-07
7,DB00091,DB00297,1,1.0,A,DB00091,pathway,269,1.0,0.0,0.0
7,DB00091,DB00297,1,1.0,A,DB00091,pathway,281,1.0,0.0,0.0
7,DB00091,DB00297,1,1.0,A,DB00091,pathway,283,1.0,0.0,0.0
7,DB00091,DB00297,1,1.0,A,DB00091,pathway,285,1.0,0.0,0.0
7,DB00091,DB00297,1,1.0,A,DB00091,pathway,286,1.0,0.0,0.0
7,DB00091,DB00297,1,1.0,A,DB00091,pathway,287,1.0,0.0,0.0
7,DB00091,DB00297,1,1.0,A,DB00091,pathway,290,1.0,0.0,0.0
7,DB00091,DB00297,1,1.0,A,DB00091,pathway,296,1.0,0.0,0.0
7,DB00091,DB00297,1,1.0,A,DB00091,pathway,297,1.0,0.0,0.0
7,DB00091,DB00297,1,1.0,A,DB00091,pathway,308,1.0,0.0,0.0
7,DB00091,DB00297,1,1.0,A,DB00091,pathway,314,1.0,0.0,0.0
7,DB00091,DB00297,1,1.0,A,DB00091,pathway,315,1.0,0.0,0.0
7,DB00091,DB00297,1,1.0,A,DB00091,pathway,329,1.0,0.0,0.0
7,DB00091,DB00297,1,1.0,A,DB00091,pathway,332,1.0,0.0,0.0
7,DB00091,DB00297,1,1.0,A,DB00091,pathway,333,1.0,0.0,0.0
7,DB00091,DB00297,1,1.0,A,DB00091,pathway,340,1.0,0.0,0.0
7,DB00091,DB00297,1,1.0,A,DB00091,pathway,346,1.0,0.0,0.0
7,DB00091,DB00297,1,1.0,A,DB00091,pathway,350,1.0,0.0,0.0
7,DB00091,DB00297,1,1.0,A,DB00091,pathway,353,1.0,0.0,0.0
7,DB00091,DB00297,1,1.0,A,DB00091,pathway,358,1.0,0.0,0.0
7,DB00091,DB00297,1,1.0,A,DB00091,pathway,359,1.0,0.0,0.0
7,DB00091,DB00297,1,1.0,A,DB00091,pathway,362,1.0,0.0,0.0
7,DB00091,DB00297,1,1.0,A,DB00091,pathway,371,1.0,0.0,0.0
7,DB00091,DB00297,1,1.0,A,DB00091,pathway,374,0.9999998807907104,1.1920928955078125e-07,1.1920928955078125e-07
7,DB00091,DB00297,1,1.0,A,DB00091,pathway,379,1.0,0.0,0.0
7,DB00091,DB00297,1,1.0,A,DB00091,pathway,385,0.9999998807907104,1.1920928955078125e-07,1.1920928955078125e-07
7,DB00091,DB00297,1,1.0,A,DB00091,pathway,386,1.0,0.0,0.0
7,DB00091,DB00297,1,1.0,A,DB00091,pathway,387,1.0,0.0,0.0
7,DB00091,DB00297,1,1.0,A,DB00091,pathway,393,1.0,0.0,0.0
7,DB00091,DB00297,1,1.0,A,DB00091,pathway,394,1.0,0.0,0.0
7,DB00091,DB00297,1,1.0,A,DB00091,pathway,395,1.0,0.0,0.0
7,DB00091,DB00297,1,1.0,A,DB00091,pathway,396,1.0,0.0,0.0
7,DB00091,DB00297,1,1.0,A,DB00091,pathway,397,1.0,0.0,0.0
7,DB00091,DB00297,1,1.0,A,DB00091,pathway,398,1.0,0.0,0.0
7,DB00091,DB00297,1,1.0,A,DB00091,pathway,399,1.0,0.0,0.0
7,DB00091,DB00297,1,1.0,A,DB00091,pathway,401,1.0,0.0,0.0
7,DB00091,DB00297,1,1.0,A,DB00091,pathway,402,1.0,0.0,0.0
7,DB00091,DB00297,1,1.0,A,DB00091,pathway,427,1.0,0.0,0.0
7,DB00091,DB00297,1,1.0,A,DB00091,pathway,429,1.0,0.0,0.0
7,DB00091,DB00297,1,1.0,A,DB00091,pathway,430,1.0,0.0,0.0
7,DB00091,DB00297,1,1.0,A,DB00091,pathway,438,0.9999998807907104,1.1920928955078125e-07,1.1920928955078125e-07
7,DB00091,DB00297,1,1.0,A,DB00091,pathway,439,0.9999998807907104,1.1920928955078125e-07,1.1920928955078125e-07
7,DB00091,DB00297,1,1.0,A,DB00091,pathway,440,1.0,0.0,0.0
7,DB00091,DB00297,1,1.0,A,DB00091,pathway,441,1.0,0.0,0.0
7,DB00091,DB00297,1,1.0,A,DB00091,pathway,442,1.0,0.0,0.0
7,DB00091,DB00297,1,1.0,A,DB00091,pathway,443,1.0,0.0,0.0
7,DB00091,DB00297,1,1.0,A,DB00091,pathway,444,1.0,0.0,0.0
7,DB00091,DB00297,1,1.0,A,DB00091,pathway,446,1.0,0.0,0.0
7,DB00091,DB00297,1,1.0,A,DB00091,pathway,447,1.0,0.0,0.0
7,DB00091,DB00297,1,1.0,A,DB00091,pathway,452,1.0,0.0,0.0
7,DB00091,DB00297,1,1.0,A,DB00091,pathway,455,1.0,0.0,0.0
7,DB00091,DB00297,1,1.0,A,DB00091,pathway,457,1.0,0.0,0.0
7,DB00091,DB00297,1,1.0,A,DB00091,pathway,462,1.0,0.0,0.0
7,DB00091,DB00297,1,1.0,A,DB00091,pathway,464,1.0,0.0,0.0
7,DB00091,DB00297,1,1.0,A,DB00091,pathway,466,1.0,0.0,0.0
7,DB00091,DB00297,1,1.0,A,DB00091,pathway,467,1.0,0.0,0.0
7,DB00091,DB00297,1,1.0,A,DB00091,pathway,471,1.0,0.0,0.0
7,DB00091,DB00297,1,1.0,A,DB00091,pathway,473,1.0,0.0,0.0
7,DB00091,DB00297,1,1.0,A,DB00091,pathway,478,1.0,0.0,0.0
7,DB00091,DB00297,1,1.0,A,DB00091,pathway,479,1.0,0.0,0.0
7,DB00091,DB00297,1,1.0,A,DB00091,pathway,480,0.9999998807907104,1.1920928955078125e-07,1.1920928955078125e-07
7,DB00091,DB00297,1,1.0,A,DB00091,pathway,481,1.0,0.0,0.0
7,DB00091,DB00297,1,1.0,A,DB00091,pathway,482,1.0,0.0,0.0
7,DB00091,DB00297,1,1.0,A,DB00091,pathway,488,0.9999998807907104,1.1920928955078125e-07,1.1920928955078125e-07
7,DB00091,DB00297,1,1.0,A,DB00091,pathway,498,1.0,0.0,0.0
7,DB00091,DB00297,1,1.0,A,DB00091,pathway,499,1.0,0.0,0.0
7,DB00091,DB00297,1,1.0,A,DB00091,pathway,511,1.0,0.0,0.0
7,DB00091,DB00297,1,1.0,A,DB00091,pathway,512,1.0,0.0,0.0
7,DB00091,DB00297,1,1.0,A,DB00091,pathway,513,1.0,0.0,0.0
7,DB00091,DB00297,1,1.0,A,DB00091,pathway,515,1.0,0.0,0.0
7,DB00091,DB00297,1,1.0,A,DB00091,pathway,521,1.0,0.0,0.0
7,DB00091,DB00297,1,1.0,A,DB00091,pathway,524,0.9999998807907104,1.1920928955078125e-07,1.1920928955078125e-07
7,DB00091,DB00297,1,1.0,A,DB00091,pathway,527,0.9999998807907104,1.1920928955078125e-07,1.1920928955078125e-07
7,DB00091,DB00297,1,1.0,A,DB00091,pathway,528,1.0,0.0,0.0
7,DB00091,DB00297,1,1.0,A,DB00091,pathway,530,1.0,0.0,0.0
7,DB00091,DB00297,1,1.0,A,DB00091,pathway,531,1.0,0.0,0.0
7,DB00091,DB00297,1,1.0,A,DB00091,pathway,532,1.0,0.0,0.0
7,DB00091,DB00297,1,1.0,A,DB00091,pathway,536,1.0,0.0,0.0
7,DB00091,DB00297,1,1.0,A,DB00091,pathway,542,1.0,0.0,0.0
7,DB00091,DB00297,1,1.0,A,DB00091,pathway,544,1.0,0.0,0.0
7,DB00091,DB00297,1,1.0,A,DB00091,pathway,552,1.0,0.0,0.0
7,DB00091,DB00297,1,1.0,A,DB00091,pathway,557,1.0,0.0,0.0
7,DB00091,DB00297,1,1.0,A,DB00091,pathway,559,1.0,0.0,0.0
7,DB00091,DB00297,1,1.0,A,DB00091,pathway,587,1.0,0.0,0.0
7,DB00091,DB00297,1,1.0,A,DB00091,pathway,588,0.9999998807907104,1.1920928955078125e-07,1.1920928955078125e-07
7,DB00091,DB00297,1,1.0,A,DB00091,pathway,589,1.0,0.0,0.0
7,DB00091,DB00297,1,1.0,A,DB00091,pathway,590,1.0,0.0,0.0
7,DB00091,DB00297,1,1.0,A,DB00091,pathway,591,1.0,0.0,0.0
7,DB00091,DB00297,1,1.0,A,DB00091,pathway,594,1.0,0.0,0.0
7,DB00091,DB00297,1,1.0,A,DB00091,pathway,602,0.9999998807907104,1.1920928955078125e-07,1.1920928955078125e-07
7,DB00091,DB00297,1,1.0,A,DB00091,pathway,612,1.0,0.0,0.0
7,DB00091,DB00297,1,1.0,A,DB00091,pathway,614,1.0,0.0,0.0
7,DB00091,DB00297,1,1.0,A,DB00091,pathway,617,0.9999998807907104,1.1920928955078125e-07,1.1920928955078125e-07
7,DB00091,DB00297,1,1.0,A,DB00091,pathway,619,1.0,0.0,0.0
7,DB00091,DB00297,1,1.0,A,DB00091,pathway,620,1.0,0.0,0.0
7,DB00091,DB00297,1,1.0,A,DB00091,pathway,625,1.0,0.0,0.0
7,DB00091,DB00297,1,1.0,A,DB00091,pathway,626,1.0,0.0,0.0
7,DB00091,DB00297,1,1.0,A,DB00091,pathway,627,1.0,0.0,0.0
7,DB00091,DB00297,1,1.0,A,DB00091,pathway,630,0.9999998807907104,1.1920928955078125e-07,1.1920928955078125e-07
7,DB00091,DB00297,1,1.0,A,DB00091,pathway,631,1.0,0.0,0.0
7,DB00091,DB00297,1,1.0,A,DB00091,pathway,636,1.0,0.0,0.0
7,DB00091,DB00297,1,1.0,A,DB00091,pathway,637,0.9999998807907104,1.1920928955078125e-07,1.1920928955078125e-07
7,DB00091,DB00297,1,1.0,A,DB00091,pathway,638,1.0,0.0,0.0
7,DB00091,DB00297,1,1.0,A,DB00091,pathway,640,1.0,0.0,0.0
7,DB00091,DB00297,1,1.0,A,DB00091,pathway,641,0.9999998807907104,1.1920928955078125e-07,1.1920928955078125e-07
7,DB00091,DB00297,1,1.0,A,DB00091,pathway,642,1.0,0.0,0.0
7,DB00091,DB00297,1,1.0,A,DB00091,pathway,643,1.0,0.0,0.0
7,DB00091,DB00297,1,1.0,A,DB00091,pathway,644,1.0,0.0,0.0
7,DB00091,DB00297,1,1.0,A,DB00091,pathway,645,1.0,0.0,0.0
7,DB00091,DB00297,1,1.0,A,DB00091,pathway,646,1.0,0.0,0.0
7,DB00091,DB00297,1,1.0,A,DB00091,pathway,647,1.0,0.0,0.0
7,DB00091,DB00297,1,1.0,A,DB00091,pathway,650,1.0,0.0,0.0
7,DB00091,DB00297,1,1.0,A,DB00091,pathway,651,1.0,0.0,0.0
7,DB00091,DB00297,1,1.0,A,DB00091,pathway,652,1.0,0.0,0.0
7,DB00091,DB00297,1,1.0,A,DB00091,pathway,654,1.0,0.0,0.0
7,DB00091,DB00297,1,1.0,A,DB00091,pathway,655,1.0,0.0,0.0
7,DB00091,DB00297,1,1.0,A,DB00091,pathway,656,1.0,0.0,0.0
7,DB00091,DB00297,1,1.0,A,DB00091,pathway,658,1.0,0.0,0.0
7,DB00091,DB00297,1,1.0,A,DB00091,pathway,664,1.0,0.0,0.0
7,DB00091,DB00297,1,1.0,A,DB00091,pathway,668,0.9999998807907104,1.1920928955078125e-07,1.1920928955078125e-07
7,DB00091,DB00297,1,1.0,A,DB00091,pathway,670,1.0,0.0,0.0
7,DB00091,DB00297,1,1.0,A,DB00091,pathway,671,1.0,0.0,0.0
7,DB00091,DB00297,1,1.0,A,DB00091,pathway,672,1.0,0.0,0.0
7,DB00091,DB00297,1,1.0,A,DB00091,pathway,673,1.0,0.0,0.0
7,DB00091,DB00297,1,1.0,A,DB00091,pathway,674,1.0,0.0,0.0
7,DB00091,DB00297,1,1.0,A,DB00091,pathway,677,1.0,0.0,0.0
7,DB00091,DB00297,1,1.0,A,DB00091,pathway,679,1.0,0.0,0.0
7,DB00091,DB00297,1,1.0,A,DB00091,pathway,683,0.9999998807907104,1.1920928955078125e-07,1.1920928955078125e-07
7,DB00091,DB00297,1,1.0,A,DB00091,pathway,685,1.0,0.0,0.0
7,DB00091,DB00297,1,1.0,A,DB00091,pathway,686,1.0,0.0,0.0
7,DB00091,DB00297,1,1.0,A,DB00091,pathway,687,1.0,0.0,0.0
7,DB00091,DB00297,1,1.0,A,DB00091,pathway,688,1.0,0.0,0.0
7,DB00091,DB00297,1,1.0,A,DB00091,pathway,691,1.0,0.0,0.0
7,DB00091,DB00297,1,1.0,A,DB00091,pathway,692,1.0,0.0,0.0
7,DB00091,DB00297,1,1.0,A,DB00091,pathway,693,0.9999998807907104,1.1920928955078125e-07,1.1920928955078125e-07
7,DB00091,DB00297,1,1.0,A,DB00091,pathway,694,1.0,0.0,0.0
7,DB00091,DB00297,1,1.0,A,DB00091,pathway,695,1.0,0.0,0.0
7,DB00091,DB00297,1,1.0,A,DB00091,pathway,696,1.0,0.0,0.0
7,DB00091,DB00297,1,1.0,A,DB00091,pathway,701,1.0,0.0,0.0
7,DB00091,DB00297,1,1.0,A,DB00091,pathway,703,1.0,0.0,0.0
7,DB00091,DB00297,1,1.0,A,DB00091,pathway,704,1.0,0.0,0.0
7,DB00091,DB00297,1,1.0,A,DB00091,pathway,705,1.0,0.0,0.0
7,DB00091,DB00297,1,1.0,A,DB00091,pathway,707,1.0,0.0,0.0
7,DB00091,DB00297,1,1.0,A,DB00091,pathway,708,1.0,0.0,0.0
7,DB00091,DB00297,1,1.0,A,DB00091,pathway,709,1.0,0.0,0.0
7,DB00091,DB00297,1,1.0,A,DB00091,pathway,711,1.0,0.0,0.0
7,DB00091,DB00297,1,1.0,A,DB00091,pathway,715,1.0,0.0,0.0
7,DB00091,DB00297,1,1.0,A,DB00091,pathway,716,1.0,0.0,0.0
7,DB00091,DB00297,1,1.0,A,DB00091,pathway,717,1.0,0.0,0.0
7,DB00091,DB00297,1,1.0,A,DB00091,pathway,718,1.0,0.0,0.0
7,DB00091,DB00297,1,1.0,A,DB00091,pathway,719,1.0,0.0,0.0
7,DB00091,DB00297,1,1.0,A,DB00091,pathway,728,1.0,0.0,0.0
7,DB00091,DB00297,1,1.0,A,DB00091,pathway,730,1.0,0.0,0.0
7,DB00091,DB00297,1,1.0,A,DB00091,pathway,732,0.9999998807907104,1.1920928955078125e-07,1.1920928955078125e-07
7,DB00091,DB00297,1,1.0,A,DB00091,pathway,733,1.0,0.0,0.0
7,DB00091,DB00297,1,1.0,A,DB00091,pathway,744,1.0,0.0,0.0
7,DB00091,DB00297,1,1.0,A,DB00091,pathway,764,1.0,0.0,0.0
7,DB00091,DB00297,1,1.0,A,DB00091,pathway,765,1.0,0.0,0.0
7,DB00091,DB00297,1,1.0,A,DB00091,pathway,772,1.0,0.0,0.0
7,DB00091,DB00297,1,1.0,A,DB00091,pathway,775,1.0,0.0,0.0
7,DB00091,DB00297,1,1.0,A,DB00091,pathway,776,1.0,0.0,0.0
7,DB00091,DB00297,1,1.0,A,DB00091,pathway,777,1.0,0.0,0.0
7,DB00091,DB00297,1,1.0,A,DB00091,pathway,783,1.0,0.0,0.0
7,DB00091,DB00297,1,1.0,A,DB00091,pathway,784,1.0,0.0,0.0
7,DB00091,DB00297,1,1.0,A,DB00091,pathway,787,1.0,0.0,0.0
7,DB00091,DB00297,1,1.0,A,DB00091,pathway,788,0.9999998807907104,1.1920928955078125e-07,1.1920928955078125e-07
7,DB00091,DB00297,1,1.0,A,DB00091,pathway,789,1.0,0.0,0.0
7,DB00091,DB00297,1,1.0,A,DB00091,pathway,797,1.0,0.0,0.0
7,DB00091,DB00297,1,1.0,A,DB00091,pathway,798,1.0,0.0,0.0
7,DB00091,DB00297,1,1.0,A,DB00091,pathway,799,1.0,0.0,0.0
7,DB00091,DB00297,1,1.0,A,DB00091,pathway,801,1.0,0.0,0.0
7,DB00091,DB00297,1,1.0,A,DB00091,pathway,805,1.0,0.0,0.0
7,DB00091,DB00297,1,1.0,A,DB00091,pathway,806,1.0,0.0,0.0
7,DB00091,DB00297,1,1.0,A,DB00091,pathway,811,1.0,0.0,0.0
7,DB00091,DB00297,1,1.0,A,DB00091,pathway,826,1.0,0.0,0.0
7,DB00091,DB00297,1,1.0,A,DB00091,pathway,830,1.0,0.0,0.0
7,DB00091,DB00297,1,1.0,A,DB00091,pathway,836,1.0,0.0,0.0
7,DB00091,DB00297,1,1.0,A,DB00091,pathway,837,1.0,0.0,0.0
7,DB00091,DB00297,1,1.0,A,DB00091,pathway,840,1.0,0.0,0.0
7,DB00091,DB00297,1,1.0,A,DB00091,pathway,845,1.0,0.0,0.0
7,DB00091,DB00297,1,1.0,A,DB00091,pathway,853,1.0,0.0,0.0
7,DB00091,DB00297,1,1.0,A,DB00091,pathway,854,1.0,0.0,0.0
7,DB00091,DB00297,1,1.0,A,DB00091,pathway,855,1.0,0.0,0.0
7,DB00091,DB00297,1,1.0,A,DB00091,pathway,863,1.0,0.0,0.0
7,DB00091,DB00297,1,1.0,A,DB00091,pathway,870,0.9999998807907104,1.1920928955078125e-07,1.1920928955078125e-07
7,DB00091,DB00297,1,1.0,A,DB00091,pathway,874,1.0,0.0,0.0
7,DB00091,DB00297,1,1.0,A,DB00091,pathway,877,0.9999998807907104,1.1920928955078125e-07,1.1920928955078125e-07
7,DB00091,DB00297,1,1.0,A,DB00091,pathway,883,1.0,0.0,0.0
7,DB00091,DB00297,1,1.0,A,DB00091,pathway,896,1.0,0.0,0.0
7,DB00091,DB00297,1,1.0,A,DB00091,pathway,910,0.9999998807907104,1.1920928955078125e-07,1.1920928955078125e-07
7,DB00091,DB00297,1,1.0,A,DB00091,pathway,919,1.0,0.0,0.0
7,DB00091,DB00297,1,1.0,A,DB00091,pathway,922,1.0,0.0,0.0
7,DB00091,DB00297,1,1.0,A,DB00091,pathway,927,1.0,0.0,0.0
7,DB00091,DB00297,1,1.0,A,DB00091,pathway,940,0.9999998807907104,1.1920928955078125e-07,1.1920928955078125e-07
7,DB00091,DB00297,1,1.0,A,DB00091,pathway,948,1.0,0.0,0.0
7,DB00091,DB00297,1,1.0,A,DB00091,pathway,955,1.0,0.0,0.0
7,DB00091,DB00297,1,1.0,A,DB00091,pathway,958,0.9999998807907104,1.1920928955078125e-07,1.1920928955078125e-07
7,DB00091,DB00297,1,1.0,A,DB00091,pathway,959,1.0,0.0,0.0
7,DB00091,DB00297,1,1.0,A,DB00091,pathway,965,1.0,0.0,0.0
7,DB00091,DB00297,1,1.0,A,DB00091,pathway,968,1.0,0.0,0.0
7,DB00091,DB00297,1,1.0,A,DB00091,pathway,969,1.0,0.0,0.0
7,DB00091,DB00297,1,1.0,A,DB00091,pathway,970,1.0,0.0,0.0
7,DB00091,DB00297,1,1.0,A,DB00091,pathway,973,1.0,0.0,0.0
7,DB00091,DB00297,1,1.0,A,DB00091,pathway,981,1.0,0.0,0.0
7,DB00091,DB00297,1,1.0,A,DB00091,pathway,986,1.0,0.0,0.0
7,DB00091,DB00297,1,1.0,A,DB00091,pathway,987,1.0,0.0,0.0
7,DB00091,DB00297,1,1.0,A,DB00091,pathway,988,1.0,0.0,0.0
7,DB00091,DB00297,1,1.0,A,DB00091,pathway,989,1.0,0.0,0.0
7,DB00091,DB00297,1,1.0,A,DB00091,pathway,1009,1.0,0.0,0.0
7,DB00091,DB00297,1,1.0,A,DB00091,pathway,1010,1.0,0.0,0.0
7,DB00091,DB00297,1,1.0,A,DB00091,pathway,1011,1.0,0.0,0.0
7,DB00091,DB00297,1,1.0,A,DB00091,pathway,1012,1.0,0.0,0.0
7,DB00091,DB00297,1,1.0,A,DB00091,pathway,1018,0.9999998807907104,1.1920928955078125e-07,1.1920928955078125e-07
7,DB00091,DB00297,1,1.0,A,DB00091,pathway,1019,1.0,0.0,0.0
7,DB00091,DB00297,1,1.0,A,DB00091,pathway,1020,1.0,0.0,0.0
7,DB00091,DB00297,1,1.0,A,DB00091,pathway,1031,1.0,0.0,0.0
7,DB00091,DB00297,1,1.0,A,DB00091,pathway,1037,1.0,0.0,0.0
7,DB00091,DB00297,1,1.0,A,DB00091,pathway,1041,1.0,0.0,0.0
7,DB00091,DB00297,1,1.0,A,DB00091,pathway,1044,1.0,0.0,0.0
7,DB00091,DB00297,1,1.0,A,DB00091,pathway,1045,1.0,0.0,0.0
7,DB00091,DB00297,1,1.0,A,DB00091,pathway,1046,1.0,0.0,0.0
7,DB00091,DB00297,1,1.0,A,DB00091,pathway,1047,1.0,0.0,0.0
7,DB00091,DB00297,1,1.0,A,DB00091,pathway,1048,1.0,0.0,0.0
7,DB00091,DB00297,1,1.0,A,DB00091,pathway,1054,1.0,0.0,0.0
7,DB00091,DB00297,1,1.0,A,DB00091,pathway,1057,1.0,0.0,0.0
7,DB00091,DB00297,1,1.0,A,DB00091,pathway,1062,1.0,0.0,0.0
7,DB00091,DB00297,1,1.0,A,DB00091,pathway,1064,1.0,0.0,0.0
7,DB00091,DB00297,1,1.0,A,DB00091,pathway,1066,1.0,0.0,0.0
7,DB00091,DB00297,1,1.0,A,DB00091,pathway,1073,1.0,0.0,0.0
7,DB00091,DB00297,1,1.0,A,DB00091,pathway,1074,1.0,0.0,0.0
7,DB00091,DB00297,1,1.0,A,DB00091,pathway,1079,1.0,0.0,0.0
7,DB00091,DB00297,1,1.0,A,DB00091,pathway,1080,1.0,0.0,0.0
7,DB00091,DB00297,1,1.0,A,DB00091,pathway,1081,1.0,0.0,0.0
7,DB00091,DB00297,1,1.0,A,DB00091,pathway,1082,1.0,0.0,0.0
7,DB00091,DB00297,1,1.0,A,DB00091,pathway,1083,1.0,0.0,0.0
7,DB00091,DB00297,1,1.0,A,DB00091,pathway,1084,1.0,0.0,0.0
7,DB00091,DB00297,1,1.0,A,DB00091,pathway,1085,1.0,0.0,0.0
7,DB00091,DB00297,1,1.0,A,DB00091,pathway,1089,0.9999998807907104,1.1920928955078125e-07,1.1920928955078125e-07
7,DB00091,DB00297,1,1.0,A,DB00091,pathway,1090,0.9999998807907104,1.1920928955078125e-07,1.1920928955078125e-07
7,DB00091,DB00297,1,1.0,A,DB00091,pathway,1099,1.0,0.0,0.0
7,DB00091,DB00297,1,1.0,A,DB00091,pathway,1100,1.0,0.0,0.0
7,DB00091,DB00297,1,1.0,A,DB00091,pathway,1102,1.0,0.0,0.0
7,DB00091,DB00297,1,1.0,A,DB00091,pathway,1103,1.0,0.0,0.0
7,DB00091,DB00297,1,1.0,A,DB00091,pathway,1107,1.0,0.0,0.0
7,DB00091,DB00297,1,1.0,A,DB00091,pathway,1108,1.0,0.0,0.0
7,DB00091,DB00297,1,1.0,A,DB00091,pathway,1110,1.0,0.0,0.0
7,DB00091,DB00297,1,1.0,A,DB00091,pathway,1116,1.0,0.0,0.0
7,DB00091,DB00297,1,1.0,A,DB00091,pathway,1119,1.0,0.0,0.0
7,DB00091,DB00297,1,1.0,A,DB00091,pathway,1120,1.0,0.0,0.0
7,DB00091,DB00297,1,1.0,A,DB00091,pathway,1121,1.0,0.0,0.0
7,DB00091,DB00297,1,1.0,A,DB00091,pathway,1122,1.0,0.0,0.0
7,DB00091,DB00297,1,1.0,A,DB00091,pathway,1123,1.0,0.0,0.0
7,DB00091,DB00297,1,1.0,A,DB00091,pathway,1126,1.0,0.0,0.0
7,DB00091,DB00297,1,1.0,A,DB00091,pathway,1134,1.0,0.0,0.0
7,DB00091,DB00297,1,1.0,A,DB00091,pathway,1135,1.0,0.0,0.0
7,DB00091,DB00297,1,1.0,A,DB00091,pathway,1138,1.0,0.0,0.0
7,DB00091,DB00297,1,1.0,A,DB00091,pathway,1153,0.9999998807907104,1.1920928955078125e-07,1.1920928955078125e-07
7,DB00091,DB00297,1,1.0,A,DB00091,pathway,1154,1.0,0.0,0.0
7,DB00091,DB00297,1,1.0,A,DB00091,pathway,1157,1.0,0.0,0.0
7,DB00091,DB00297,1,1.0,A,DB00091,pathway,1165,1.0,0.0,0.0
7,DB00091,DB00297,1,1.0,A,DB00091,pathway,1167,1.0,0.0,0.0
7,DB00091,DB00297,1,1.0,A,DB00091,pathway,1177,1.0,0.0,0.0
7,DB00091,DB00297,1,1.0,A,DB00091,pathway,1182,1.0,0.0,0.0
7,DB00091,DB00297,1,1.0,A,DB00091,pathway,1217,1.0,0.0,0.0
7,DB00091,DB00297,1,1.0,A,DB00091,pathway,1218,0.9999998807907104,1.1920928955078125e-07,1.1920928955078125e-07
7,DB00091,DB00297,1,1.0,A,DB00091,pathway,1224,1.0,0.0,0.0
7,DB00091,DB00297,1,1.0,A,DB00091,pathway,1225,1.0,0.0,0.0
7,DB00091,DB00297,1,1.0,A,DB00091,pathway,1230,1.0,0.0,0.0
7,DB00091,DB00297,1,1.0,A,DB00091,pathway,1245,1.0,0.0,0.0
7,DB00091,DB00297,1,1.0,A,DB00091,pathway,1249,1.0,0.0,0.0
7,DB00091,DB00297,1,1.0,A,DB00091,pathway,1262,1.0,0.0,0.0
7,DB00091,DB00297,1,1.0,A,DB00091,pathway,1263,1.0,0.0,0.0
7,DB00091,DB00297,1,1.0,A,DB00091,pathway,1264,1.0,0.0,0.0
7,DB00091,DB00297,1,1.0,A,DB00091,pathway,1265,1.0,0.0,0.0
7,DB00091,DB00297,1,1.0,A,DB00091,pathway,1266,1.0,0.0,0.0
7,DB00091,DB00297,1,1.0,A,DB00091,pathway,1267,1.0,0.0,0.0
7,DB00091,DB00297,1,1.0,A,DB00091,pathway,1268,1.0,0.0,0.0
7,DB00091,DB00297,1,1.0,A,DB00091,pathway,1270,1.0,0.0,0.0
7,DB00091,DB00297,1,1.0,A,DB00091,pathway,1272,1.0,0.0,0.0
7,DB00091,DB00297,1,1.0,A,DB00091,pathway,1278,1.0,0.0,0.0
7,DB00091,DB00297,1,1.0,A,DB00091,pathway,1291,1.0,0.0,0.0
7,DB00091,DB00297,1,1.0,A,DB00091,pathway,1292,1.0,0.0,0.0
7,DB00091,DB00297,1,1.0,A,DB00091,pathway,1297,1.0,0.0,0.0
7,DB00091,DB00297,1,1.0,A,DB00091,pathway,1298,1.0,0.0,0.0
7,DB00091,DB00297,1,1.0,A,DB00091,pathway,1299,1.0,0.0,0.0
7,DB00091,DB00297,1,1.0,A,DB00091,pathway,1300,1.0,0.0,0.0
7,DB00091,DB00297,1,1.0,A,DB00091,pathway,1301,1.0,0.0,0.0
7,DB00091,DB00297,1,1.0,A,DB00091,pathway,1302,1.0,0.0,0.0
7,DB00091,DB00297,1,1.0,A,DB00091,pathway,1305,1.0,0.0,0.0
7,DB00091,DB00297,1,1.0,A,DB00091,pathway,1312,1.0,0.0,0.0
7,DB00091,DB00297,1,1.0,A,DB00091,pathway,1318,1.0,0.0,0.0
7,DB00091,DB00297,1,1.0,A,DB00091,pathway,1329,1.0,0.0,0.0
7,DB00091,DB00297,1,1.0,A,DB00091,pathway,1333,1.0,0.0,0.0
7,DB00091,DB00297,1,1.0,A,DB00091,pathway,1339,1.0,0.0,0.0
7,DB00091,DB00297,1,1.0,A,DB00091,pathway,1346,1.0,0.0,0.0
7,DB00091,DB00297,1,1.0,A,DB00091,pathway,1347,1.0,0.0,0.0
7,DB00091,DB00297,1,1.0,A,DB00091,pathway,1348,1.0,0.0,0.0
7,DB00091,DB00297,1,1.0,A,DB00091,pathway,1353,1.0,0.0,0.0
7,DB00091,DB00297,1,1.0,A,DB00091,pathway,1356,1.0,0.0,0.0
7,DB00091,DB00297,1,1.0,A,DB00091,pathway,1364,0.9999998807907104,1.1920928955078125e-07,1.1920928955078125e-07
7,DB00091,DB00297,1,1.0,A,DB00091,pathway,1366,1.0,0.0,0.0
7,DB00091,DB00297,1,1.0,A,DB00091,pathway,1370,1.0,0.0,0.0
7,DB00091,DB00297,1,1.0,A,DB00091,pathway,1372,1.0,0.0,0.0
7,DB00091,DB00297,1,1.0,A,DB00091,pathway,1373,1.0,0.0,0.0
7,DB00091,DB00297,1,1.0,A,DB00091,pathway,1382,1.0,0.0,0.0
7,DB00091,DB00297,1,1.0,A,DB00091,pathway,1394,0.9999998807907104,1.1920928955078125e-07,1.1920928955078125e-07
7,DB00091,DB00297,1,1.0,A,DB00091,pathway,1396,1.0,0.0,0.0
7,DB00091,DB00297,1,1.0,A,DB00091,pathway,1397,1.0,0.0,0.0
7,DB00091,DB00297,1,1.0,A,DB00091,pathway,1401,1.0,0.0,0.0
7,DB00091,DB00297,1,1.0,A,DB00091,pathway,1402,1.0,0.0,0.0
7,DB00091,DB00297,1,1.0,A,DB00091,pathway,1405,1.0,0.0,0.0
7,DB00091,DB00297,1,1.0,A,DB00091,pathway,1414,1.0,0.0,0.0
7,DB00091,DB00297,1,1.0,A,DB00091,pathway,1419,1.0,0.0,0.0
7,DB00091,DB00297,1,1.0,A,DB00091,pathway,1422,1.0,0.0,0.0
7,DB00091,DB00297,1,1.0,A,DB00091,pathway,1423,1.0,0.0,0.0
7,DB00091,DB00297,1,1.0,A,DB00091,pathway,1424,1.0,0.0,0.0
7,DB00091,DB00297,1,1.0,A,DB00091,pathway,1428,1.0,0.0,0.0
7,DB00091,DB00297,1,1.0,A,DB00091,pathway,1430,1.0,0.0,0.0
7,DB00091,DB00297,1,1.0,A,DB00091,pathway,1431,1.0,0.0,0.0
7,DB00091,DB00297,1,1.0,A,DB00091,pathway,1432,1.0,0.0,0.0
7,DB00091,DB00297,1,1.0,A,DB00091,pathway,1436,1.0,0.0,0.0
7,DB00091,DB00297,1,1.0,A,DB00091,pathway,1437,1.0,0.0,0.0
7,DB00091,DB00297,1,1.0,A,DB00091,pathway,1440,1.0,0.0,0.0
7,DB00091,DB00297,1,1.0,A,DB00091,pathway,1441,1.0,0.0,0.0
7,DB00091,DB00297,1,1.0,A,DB00091,pathway,1446,1.0,0.0,0.0
7,DB00091,DB00297,1,1.0,A,DB00091,pathway,1448,1.0,0.0,0.0
7,DB00091,DB00297,1,1.0,A,DB00091,pathway,1453,1.0,0.0,0.0
7,DB00091,DB00297,1,1.0,A,DB00091,pathway,1467,1.0,0.0,0.0
7,DB00091,DB00297,1,1.0,A,DB00091,pathway,1468,1.0,0.0,0.0
7,DB00091,DB00297,1,1.0,A,DB00091,pathway,1471,0.9999998807907104,1.1920928955078125e-07,1.1920928955078125e-07
7,DB00091,DB00297,1,1.0,A,DB00091,pathway,1472,1.0,0.0,0.0
7,DB00091,DB00297,1,1.0,A,DB00091,pathway,1473,1.0,0.0,0.0
7,DB00091,DB00297,1,1.0,A,DB00091,pathway,1474,1.0,0.0,0.0
7,DB00091,DB00297,1,1.0,A,DB00091,pathway,1488,1.0,0.0,0.0
7,DB00091,DB00297,1,1.0,A,DB00091,pathway,1489,1.0,0.0,0.0
7,DB00091,DB00297,1,1.0,A,DB00091,pathway,1490,1.0,0.0,0.0
7,DB00091,DB00297,1,1.0,A,DB00091,pathway,1491,0.9999998807907104,1.1920928955078125e-07,1.1920928955078125e-07
7,DB00091,DB00297,1,1.0,A,DB00091,pathway,1492,1.0,0.0,0.0
7,DB00091,DB00297,1,1.0,A,DB00091,pathway,1496,0.9999998807907104,1.1920928955078125e-07,1.1920928955078125e-07
7,DB00091,DB00297,1,1.0,A,DB00091,pathway,1500,1.0,0.0,0.0
7,DB00091,DB00297,1,1.0,A,DB00091,pathway,1502,1.0,0.0,0.0
7,DB00091,DB00297,1,1.0,A,DB00091,pathway,1513,0.9999998807907104,1.1920928955078125e-07,1.1920928955078125e-07
7,DB00091,DB00297,1,1.0,A,DB00091,pathway,1514,1.0,0.0,0.0
7,DB00091,DB00297,1,1.0,A,DB00091,pathway,1518,1.0,0.0,0.0
7,DB00091,DB00297,1,1.0,A,DB00091,pathway,1521,1.0,0.0,0.0
7,DB00091,DB00297,1,1.0,A,DB00091,pathway,1522,1.0,0.0,0.0
7,DB00091,DB00297,1,1.0,A,DB00091,pathway,1524,1.0,0.0,0.0
7,DB00091,DB00297,1,1.0,A,DB00091,pathway,1531,1.0,0.0,0.0
7,DB00091,DB00297,1,1.0,A,DB00091,pathway,1533,1.0,0.0,0.0
7,DB00091,DB00297,1,1.0,A,DB00091,pathway,1534,1.0,0.0,0.0
7,DB00091,DB00297,1,1.0,A,DB00091,pathway,1542,1.0,0.0,0.0
7,DB00091,DB00297,1,1.0,A,DB00091,pathway,1544,1.0,0.0,0.0
7,DB00091,DB00297,1,1.0,A,DB00091,pathway,1547,1.0,0.0,0.0
7,DB00091,DB00297,1,1.0,A,DB00091,pathway,1548,1.0,0.0,0.0
7,DB00091,DB00297,1,1.0,A,DB00091,pathway,1549,1.0,0.0,0.0
7,DB00091,DB00297,1,1.0,A,DB00091,pathway,1557,1.0,0.0,0.0
7,DB00091,DB00297,1,1.0,A,DB00091,pathway,1562,0.9999998807907104,1.1920928955078125e-07,1.1920928955078125e-07
7,DB00091,DB00297,1,1.0,A,DB00091,pathway,1567,1.0,0.0,0.0
7,DB00091,DB00297,1,1.0,A,DB00091,pathway,1568,1.0,0.0,0.0
7,DB00091,DB00297,1,1.0,A,DB00091,pathway,1569,1.0,0.0,0.0
7,DB00091,DB00297,1,1.0,A,DB00091,pathway,1570,1.0,0.0,0.0
7,DB00091,DB00297,1,1.0,A,DB00091,pathway,1571,1.0,0.0,0.0
7,DB00091,DB00297,1,1.0,A,DB00091,pathway,1577,1.0,0.0,0.0
7,DB00091,DB00297,1,1.0,A,DB00091,pathway,1582,1.0,0.0,0.0
7,DB00091,DB00297,1,1.0,A,DB00091,pathway,1584,0.9999998807907104,1.1920928955078125e-07,1.1920928955078125e-07
7,DB00091,DB00297,1,1.0,A,DB00091,pathway,1585,1.0,0.0,0.0
7,DB00091,DB00297,1,1.0,A,DB00091,pathway,1586,1.0,0.0,0.0
7,DB00091,DB00297,1,1.0,A,DB00091,pathway,1587,1.0,0.0,0.0
7,DB00091,DB00297,1,1.0,A,DB00091,pathway,1589,1.0,0.0,0.0
7,DB00091,DB00297,1,1.0,A,DB00091,pathway,1590,1.0,0.0,0.0
7,DB00091,DB00297,1,1.0,A,DB00091,pathway,1591,1.0,0.0,0.0
7,DB00091,DB00297,1,1.0,A,DB00091,pathway,1592,1.0,0.0,0.0
7,DB00091,DB00297,1,1.0,A,DB00091,pathway,1593,1.0,0.0,0.0
7,DB00091,DB00297,1,1.0,A,DB00091,pathway,1594,1.0,0.0,0.0
7,DB00091,DB00297,1,1.0,A,DB00091,pathway,1595,1.0,0.0,0.0
7,DB00091,DB00297,1,1.0,A,DB00091,pathway,1596,1.0,0.0,0.0
7,DB00091,DB00297,1,1.0,A,DB00091,pathway,1597,1.0,0.0,0.0
7,DB00091,DB00297,1,1.0,A,DB00091,pathway,1598,1.0,0.0,0.0
7,DB00091,DB00297,1,1.0,A,DB00091,pathway,1599,1.0,0.0,0.0
7,DB00091,DB00297,1,1.0,A,DB00091,pathway,1613,1.0,0.0,0.0
7,DB00091,DB00297,1,1.0,A,DB00091,pathway,1635,1.0,0.0,0.0
7,DB00091,DB00297,1,1.0,A,DB00091,pathway,1637,1.0,0.0,0.0
7,DB00091,DB00297,1,1.0,A,DB00091,pathway,1640,1.0,0.0,0.0
7,DB00091,DB00297,1,1.0,A,DB00091,pathway,1652,1.0,0.0,0.0
7,DB00091,DB00297,1,1.0,A,DB00091,pathway,1665,1.0,0.0,0.0
7,DB00091,DB00297,1,1.0,A,DB00091,pathway,1685,1.0,0.0,0.0
7,DB00091,DB00297,1,1.0,A,DB00091,pathway,1686,1.0,0.0,0.0
7,DB00091,DB00297,1,1.0,A,DB00091,pathway,1687,1.0,0.0,0.0
7,DB00091,DB00297,1,1.0,A,DB00091,pathway,1688,1.0,0.0,0.0
7,DB00091,DB00297,1,1.0,A,DB00091,pathway,1692,1.0,0.0,0.0
7,DB00091,DB00297,1,1.0,A,DB00091,pathway,1694,1.0,0.0,0.0
7,DB00091,DB00297,1,1.0,A,DB00091,pathway,1695,1.0,0.0,0.0
7,DB00091,DB00297,1,1.0,A,DB00091,pathway,1696,1.0,0.0,0.0
7,DB00091,DB00297,1,1.0,A,DB00091,pathway,1700,1.0,0.0,0.0
7,DB00091,DB00297,1,1.0,A,DB00091,pathway,1701,1.0,0.0,0.0
7,DB00091,DB00297,1,1.0,A,DB00091,pathway,1713,1.0,0.0,0.0
7,DB00091,DB00297,1,1.0,A,DB00091,pathway,1714,0.9999998807907104,1.1920928955078125e-07,1.1920928955078125e-07
7,DB00091,DB00297,1,1.0,A,DB00091,pathway,1719,1.0,0.0,0.0
7,DB00091,DB00297,1,1.0,A,DB00091,pathway,1721,1.0,0.0,0.0
7,DB00091,DB00297,1,1.0,A,DB00091,pathway,1730,1.0,0.0,0.0
7,DB00091,DB00297,1,1.0,A,DB00091,pathway,1737,1.0,0.0,0.0
7,DB00091,DB00297,1,1.0,A,DB00091,pathway,1743,1.0,0.0,0.0
7,DB00091,DB00297,1,1.0,A,DB00091,pathway,1744,1.0,0.0,0.0
7,DB00091,DB00297,1,1.0,A,DB00091,pathway,1746,1.0,0.0,0.0
7,DB00091,DB00297,1,1.0,A,DB00091,pathway,1751,1.0,0.0,0.0
7,DB00091,DB00297,1,1.0,A,DB00091,pathway,1755,1.0,0.0,0.0
7,DB00091,DB00297,1,1.0,A,DB00091,pathway,1758,1.0,0.0,0.0
7,DB00091,DB00297,1,1.0,A,DB00091,pathway,1765,1.0,0.0,0.0
7,DB00091,DB00297,1,1.0,A,DB00091,pathway,1770,1.0,0.0,0.0
7,DB00091,DB00297,1,1.0,A,DB00091,pathway,1774,1.0,0.0,0.0
7,DB00091,DB00297,1,1.0,A,DB00091,pathway,1776,1.0,0.0,0.0
7,DB00091,DB00297,1,1.0,A,DB00091,pathway,1779,1.0,0.0,0.0
7,DB00091,DB00297,1,1.0,A,DB00091,pathway,1783,1.0,0.0,0.0
7,DB00091,DB00297,1,1.0,A,DB00091,pathway,1784,1.0,0.0,0.0
7,DB00091,DB00297,1,1.0,A,DB00091,pathway,1788,1.0,0.0,0.0
7,DB00091,DB00297,1,1.0,A,DB00091,pathway,1790,1.0,0.0,0.0
7,DB00091,DB00297,1,1.0,A,DB00091,pathway,1791,1.0,0.0,0.0
7,DB00091,DB00297,1,1.0,A,DB00091,pathway,1793,1.0,0.0,0.0
7,DB00091,DB00297,1,1.0,A,DB00091,pathway,1794,1.0,0.0,0.0
7,DB00091,DB00297,1,1.0,A,DB00091,pathway,1795,1.0,0.0,0.0
7,DB00091,DB00297,1,1.0,A,DB00091,pathway,1796,1.0,0.0,0.0
7,DB00091,DB00297,1,1.0,A,DB00091,pathway,1797,1.0,0.0,0.0
7,DB00091,DB00297,1,1.0,A,DB00091,pathway,1798,1.0,0.0,0.0
7,DB00091,DB00297,1,1.0,A,DB00091,pathway,1799,1.0,0.0,0.0
7,DB00091,DB00297,1,1.0,A,DB00091,pathway,1801,1.0,0.0,0.0
7,DB00091,DB00297,1,1.0,A,DB00091,pathway,1805,1.0,0.0,0.0
7,DB00091,DB00297,1,1.0,A,DB00091,pathway,1812,1.0,0.0,0.0
7,DB00091,DB00297,1,1.0,A,DB00091,pathway,1818,1.0,0.0,0.0
7,DB00091,DB00297,1,1.0,A,DB00091,pathway,1827,0.9999998807907104,1.1920928955078125e-07,1.1920928955078125e-07
7,DB00091,DB00297,1,1.0,A,DB00091,pathway,1831,1.0,0.0,0.0
7,DB00091,DB00297,1,1.0,A,DB00091,pathway,1837,0.9999998807907104,1.1920928955078125e-07,1.1920928955078125e-07
7,DB00091,DB00297,1,1.0,A,DB00091,pathway,1842,1.0,0.0,0.0
7,DB00091,DB00297,1,1.0,A,DB00091,pathway,1846,1.0,0.0,0.0
7,DB00091,DB00297,1,1.0,A,DB00091,pathway,1848,1.0,0.0,0.0
7,DB00091,DB00297,1,1.0,A,DB00091,pathway,1849,1.0,0.0,0.0
7,DB00091,DB00297,1,1.0,A,DB00091,pathway,1850,1.0,0.0,0.0
7,DB00091,DB00297,1,1.0,A,DB00091,pathway,1853,1.0,0.0,0.0
7,DB00091,DB00297,1,1.0,A,DB00091,pathway,1854,0.9999998807907104,1.1920928955078125e-07,1.1920928955078125e-07
7,DB00091,DB00297,1,1.0,A,DB00091,pathway,1865,1.0,0.0,0.0
7,DB00091,DB00297,1,1.0,A,DB00091,pathway,1867,1.0,0.0,0.0
7,DB00091,DB00297,1,1.0,A,DB00091,pathway,1877,1.0,0.0,0.0
7,DB00091,DB00297,1,1.0,A,DB00091,pathway,1879,1.0,0.0,0.0
7,DB00091,DB00297,1,1.0,A,DB00091,pathway,1880,1.0,0.0,0.0
7,DB00091,DB00297,1,1.0,A,DB00091,pathway,1886,1.0,0.0,0.0
7,DB00091,DB00297,1,1.0,A,DB00091,pathway,1892,1.0,0.0,0.0
7,DB00091,DB00297,1,1.0,A,DB00091,pathway,1893,1.0,0.0,0.0
7,DB00091,DB00297,1,1.0,A,DB00091,pathway,1896,1.0,0.0,0.0
7,DB00091,DB00297,1,1.0,A,DB00091,pathway,1898,1.0,0.0,0.0
7,DB00091,DB00297,1,1.0,A,DB00091,pathway,1903,0.9999998807907104,1.1920928955078125e-07,1.1920928955078125e-07
7,DB00091,DB00297,1,1.0,A,DB00091,pathway,1904,1.0,0.0,0.0
7,DB00091,DB00297,1,1.0,A,DB00091,pathway,1905,1.0,0.0,0.0
7,DB00091,DB00297,1,1.0,A,DB00091,pathway,1912,1.0,0.0,0.0
7,DB00091,DB00297,1,1.0,A,DB00091,pathway,1913,1.0,0.0,0.0
7,DB00091,DB00297,1,1.0,A,DB00091,pathway,1921,1.0,0.0,0.0
7,DB00091,DB00297,1,1.0,A,DB00091,pathway,1925,1.0,0.0,0.0
7,DB00091,DB00297,1,1.0,A,DB00091,pathway,1926,1.0,0.0,0.0
7,DB00091,DB00297,1,1.0,A,DB00091,pathway,1932,1.0,0.0,0.0
7,DB00091,DB00297,1,1.0,A,DB00091,pathway,1933,0.9999998807907104,1.1920928955078125e-07,1.1920928955078125e-07
7,DB00091,DB00297,1,1.0,A,DB00091,pathway,1935,1.0,0.0,0.0
7,DB00091,DB00297,1,1.0,A,DB00091,pathway,1937,1.0,0.0,0.0
7,DB00091,DB00297,1,1.0,A,DB00091,pathway,1938,1.0,0.0,0.0
7,DB00091,DB00297,1,1.0,A,DB00091,pathway,1952,1.0,0.0,0.0
7,DB00091,DB00297,1,1.0,A,DB00091,pathway,1956,1.0,0.0,0.0
7,DB00091,DB00297,1,1.0,A,DB00091,pathway,1957,1.0,0.0,0.0
7,DB00091,DB00297,1,1.0,A,DB00091,pathway,1958,1.0,0.0,0.0
7,DB00091,DB00297,1,1.0,A,DB00091,pathway,1959,0.9999998807907104,1.1920928955078125e-07,1.1920928955078125e-07
7,DB00091,DB00297,1,1.0,A,DB00091,pathway,1965,1.0,0.0,0.0
7,DB00091,DB00297,1,1.0,B,DB00297,pathway,93,0.9999998807907104,1.1920928955078125e-07,1.1920928955078125e-07
7,DB00091,DB00297,1,1.0,B,DB00297,pathway,438,1.0,0.0,0.0
7,DB00091,DB00297,1,1.0,B,DB00297,pathway,439,0.9999709129333496,2.9087066650390625e-05,2.9087066650390625e-05
7,DB00091,DB00297,1,1.0,B,DB00297,pathway,441,0.9999998807907104,1.1920928955078125e-07,1.1920928955078125e-07
7,DB00091,DB00297,1,1.0,B,DB00297,pathway,444,0.9999998807907104,1.1920928955078125e-07,1.1920928955078125e-07
7,DB00091,DB00297,1,1.0,B,DB00297,pathway,446,0.9999998807907104,1.1920928955078125e-07,1.1920928955078125e-07
7,DB00091,DB00297,1,1.0,B,DB00297,pathway,455,1.0,0.0,0.0
7,DB00091,DB00297,1,1.0,B,DB00297,pathway,464,1.0,0.0,0.0
7,DB00091,DB00297,1,1.0,B,DB00297,pathway,678,0.9999998807907104,1.1920928955078125e-07,1.1920928955078125e-07
7,DB00091,DB00297,1,1.0,B,DB00297,pathway,704,1.0,0.0,0.0
7,DB00091,DB00297,1,1.0,B,DB00297,pathway,786,0.9999998807907104,1.1920928955078125e-07,1.1920928955078125e-07
7,DB00091,DB00297,1,1.0,B,DB00297,pathway,870,0.9999990463256836,9.5367431640625e-07,9.5367431640625e-07
7,DB00091,DB00297,1,1.0,B,DB00297,pathway,876,0.9999998807907104,1.1920928955078125e-07,1.1920928955078125e-07
7,DB00091,DB00297,1,1.0,B,DB00297,pathway,878,1.0,0.0,0.0
7,DB00091,DB00297,1,1.0,B,DB00297,pathway,1372,0.9999998807907104,1.1920928955078125e-07,1.1920928955078125e-07
7,DB00091,DB00297,1,1.0,B,DB00297,pathway,1467,0.9999998807907104,1.1920928955078125e-07,1.1920928955078125e-07
7,DB00091,DB00297,1,1.0,B,DB00297,pathway,1488,0.999997615814209,2.384185791015625e-06,2.384185791015625e-06
7,DB00091,DB00297,1,1.0,B,DB00297,pathway,1730,0.9999998807907104,1.1920928955078125e-07,1.1920928955078125e-07
7,DB00091,DB00297,1,1.0,B,DB00297,pathway,1744,0.9999998807907104,1.1920928955078125e-07,1.1920928955078125e-07
7,DB00091,DB00297,1,1.0,B,DB00297,pathway,1751,0.9999998807907104,1.1920928955078125e-07,1.1920928955078125e-07
8,DB00091,DB00318,1,1.0,A,DB00091,pathway,0,1.0,0.0,0.0
8,DB00091,DB00318,1,1.0,A,DB00091,pathway,2,1.0,0.0,0.0
8,DB00091,DB00318,1,1.0,A,DB00091,pathway,4,1.0,0.0,0.0
8,DB00091,DB00318,1,1.0,A,DB00091,pathway,10,1.0,0.0,0.0
8,DB00091,DB00318,1,1.0,A,DB00091,pathway,11,1.0,0.0,0.0
8,DB00091,DB00318,1,1.0,A,DB00091,pathway,12,1.0,0.0,0.0
8,DB00091,DB00318,1,1.0,A,DB00091,pathway,13,1.0,0.0,0.0
8,DB00091,DB00318,1,1.0,A,DB00091,pathway,15,1.0,0.0,0.0
8,DB00091,DB00318,1,1.0,A,DB00091,pathway,26,1.0,0.0,0.0
8,DB00091,DB00318,1,1.0,A,DB00091,pathway,29,1.0,0.0,0.0
8,DB00091,DB00318,1,1.0,A,DB00091,pathway,31,1.0,0.0,0.0
8,DB00091,DB00318,1,1.0,A,DB00091,pathway,39,1.0,0.0,0.0
8,DB00091,DB00318,1,1.0,A,DB00091,pathway,43,1.0,0.0,0.0
8,DB00091,DB00318,1,1.0,A,DB00091,pathway,44,1.0,0.0,0.0
8,DB00091,DB00318,1,1.0,A,DB00091,pathway,51,1.0,0.0,0.0
8,DB00091,DB00318,1,1.0,A,DB00091,pathway,52,1.0,0.0,0.0
8,DB00091,DB00318,1,1.0,A,DB00091,pathway,53,1.0,0.0,0.0
8,DB00091,DB00318,1,1.0,A,DB00091,pathway,55,1.0,0.0,0.0
8,DB00091,DB00318,1,1.0,A,DB00091,pathway,57,1.0,0.0,0.0
8,DB00091,DB00318,1,1.0,A,DB00091,pathway,62,1.0,0.0,0.0
8,DB00091,DB00318,1,1.0,A,DB00091,pathway,66,1.0,0.0,0.0
8,DB00091,DB00318,1,1.0,A,DB00091,pathway,67,1.0,0.0,0.0
8,DB00091,DB00318,1,1.0,A,DB00091,pathway,72,1.0,0.0,0.0
8,DB00091,DB00318,1,1.0,A,DB00091,pathway,74,1.0,0.0,0.0
8,DB00091,DB00318,1,1.0,A,DB00091,pathway,75,1.0,0.0,0.0
8,DB00091,DB00318,1,1.0,A,DB00091,pathway,78,1.0,0.0,0.0
8,DB00091,DB00318,1,1.0,A,DB00091,pathway,79,1.0,0.0,0.0
8,DB00091,DB00318,1,1.0,A,DB00091,pathway,81,1.0,0.0,0.0
8,DB00091,DB00318,1,1.0,A,DB00091,pathway,82,1.0,0.0,0.0
8,DB00091,DB00318,1,1.0,A,DB00091,pathway,84,1.0,0.0,0.0
8,DB00091,DB00318,1,1.0,A,DB00091,pathway,91,1.0,0.0,0.0
8,DB00091,DB00318,1,1.0,A,DB00091,pathway,98,1.0,0.0,0.0
8,DB00091,DB00318,1,1.0,A,DB00091,pathway,100,1.0,0.0,0.0
8,DB00091,DB00318,1,1.0,A,DB00091,pathway,104,1.0,0.0,0.0
8,DB00091,DB00318,1,1.0,A,DB00091,pathway,110,1.0,0.0,0.0
8,DB00091,DB00318,1,1.0,A,DB00091,pathway,113,1.0,0.0,0.0
8,DB00091,DB00318,1,1.0,A,DB00091,pathway,116,1.0,0.0,0.0
8,DB00091,DB00318,1,1.0,A,DB00091,pathway,117,1.0,0.0,0.0
8,DB00091,DB00318,1,1.0,A,DB00091,pathway,119,1.0,0.0,0.0
8,DB00091,DB00318,1,1.0,A,DB00091,pathway,121,1.0,0.0,0.0
8,DB00091,DB00318,1,1.0,A,DB00091,pathway,123,1.0,0.0,0.0
8,DB00091,DB00318,1,1.0,A,DB00091,pathway,124,1.0,0.0,0.0
8,DB00091,DB00318,1,1.0,A,DB00091,pathway,136,1.0,0.0,0.0
8,DB00091,DB00318,1,1.0,A,DB00091,pathway,141,1.0,0.0,0.0
8,DB00091,DB00318,1,1.0,A,DB00091,pathway,143,1.0,0.0,0.0
8,DB00091,DB00318,1,1.0,A,DB00091,pathway,158,1.0,0.0,0.0
8,DB00091,DB00318,1,1.0,A,DB00091,pathway,159,1.0,0.0,0.0
8,DB00091,DB00318,1,1.0,A,DB00091,pathway,168,1.0,0.0,0.0
8,DB00091,DB00318,1,1.0,A,DB00091,pathway,169,1.0,0.0,0.0
8,DB00091,DB00318,1,1.0,A,DB00091,pathway,170,1.0,0.0,0.0
8,DB00091,DB00318,1,1.0,A,DB00091,pathway,171,1.0,0.0,0.0
8,DB00091,DB00318,1,1.0,A,DB00091,pathway,172,1.0,0.0,0.0
8,DB00091,DB00318,1,1.0,A,DB00091,pathway,176,1.0,0.0,0.0
8,DB00091,DB00318,1,1.0,A,DB00091,pathway,187,1.0,0.0,0.0
8,DB00091,DB00318,1,1.0,A,DB00091,pathway,188,1.0,0.0,0.0
8,DB00091,DB00318,1,1.0,A,DB00091,pathway,191,1.0,0.0,0.0
8,DB00091,DB00318,1,1.0,A,DB00091,pathway,193,1.0,0.0,0.0
8,DB00091,DB00318,1,1.0,A,DB00091,pathway,195,1.0,0.0,0.0
8,DB00091,DB00318,1,1.0,A,DB00091,pathway,205,1.0,0.0,0.0
8,DB00091,DB00318,1,1.0,A,DB00091,pathway,208,1.0,0.0,0.0
8,DB00091,DB00318,1,1.0,A,DB00091,pathway,209,1.0,0.0,0.0
8,DB00091,DB00318,1,1.0,A,DB00091,pathway,227,1.0,0.0,0.0
8,DB00091,DB00318,1,1.0,A,DB00091,pathway,237,1.0,0.0,0.0
8,DB00091,DB00318,1,1.0,A,DB00091,pathway,245,1.0,0.0,0.0
8,DB00091,DB00318,1,1.0,A,DB00091,pathway,247,1.0,0.0,0.0
8,DB00091,DB00318,1,1.0,A,DB00091,pathway,250,1.0,0.0,0.0
8,DB00091,DB00318,1,1.0,A,DB00091,pathway,263,1.0,0.0,0.0
8,DB00091,DB00318,1,1.0,A,DB00091,pathway,269,1.0,0.0,0.0
8,DB00091,DB00318,1,1.0,A,DB00091,pathway,281,1.0,0.0,0.0
8,DB00091,DB00318,1,1.0,A,DB00091,pathway,283,1.0,0.0,0.0
8,DB00091,DB00318,1,1.0,A,DB00091,pathway,285,1.0,0.0,0.0
8,DB00091,DB00318,1,1.0,A,DB00091,pathway,286,1.0,0.0,0.0
8,DB00091,DB00318,1,1.0,A,DB00091,pathway,287,1.0,0.0,0.0
8,DB00091,DB00318,1,1.0,A,DB00091,pathway,290,1.0,0.0,0.0
8,DB00091,DB00318,1,1.0,A,DB00091,pathway,296,1.0,0.0,0.0
8,DB00091,DB00318,1,1.0,A,DB00091,pathway,297,1.0,0.0,0.0
8,DB00091,DB00318,1,1.0,A,DB00091,pathway,308,1.0,0.0,0.0
8,DB00091,DB00318,1,1.0,A,DB00091,pathway,314,1.0,0.0,0.0
8,DB00091,DB00318,1,1.0,A,DB00091,pathway,315,1.0,0.0,0.0
8,DB00091,DB00318,1,1.0,A,DB00091,pathway,329,1.0,0.0,0.0
8,DB00091,DB00318,1,1.0,A,DB00091,pathway,332,1.0,0.0,0.0
8,DB00091,DB00318,1,1.0,A,DB00091,pathway,333,1.0,0.0,0.0
8,DB00091,DB00318,1,1.0,A,DB00091,pathway,340,1.0,0.0,0.0
8,DB00091,DB00318,1,1.0,A,DB00091,pathway,346,1.0,0.0,0.0
8,DB00091,DB00318,1,1.0,A,DB00091,pathway,350,1.0,0.0,0.0
8,DB00091,DB00318,1,1.0,A,DB00091,pathway,353,1.0,0.0,0.0
8,DB00091,DB00318,1,1.0,A,DB00091,pathway,358,1.0,0.0,0.0
8,DB00091,DB00318,1,1.0,A,DB00091,pathway,359,1.0,0.0,0.0
8,DB00091,DB00318,1,1.0,A,DB00091,pathway,362,1.0,0.0,0.0
8,DB00091,DB00318,1,1.0,A,DB00091,pathway,371,1.0,0.0,0.0
8,DB00091,DB00318,1,1.0,A,DB00091,pathway,374,1.0,0.0,0.0
8,DB00091,DB00318,1,1.0,A,DB00091,pathway,379,1.0,0.0,0.0
8,DB00091,DB00318,1,1.0,A,DB00091,pathway,385,1.0,0.0,0.0
8,DB00091,DB00318,1,1.0,A,DB00091,pathway,386,1.0,0.0,0.0
8,DB00091,DB00318,1,1.0,A,DB00091,pathway,387,1.0,0.0,0.0
8,DB00091,DB00318,1,1.0,A,DB00091,pathway,393,1.0,0.0,0.0
8,DB00091,DB00318,1,1.0,A,DB00091,pathway,394,1.0,0.0,0.0
8,DB00091,DB00318,1,1.0,A,DB00091,pathway,395,1.0,0.0,0.0
8,DB00091,DB00318,1,1.0,A,DB00091,pathway,396,1.0,0.0,0.0
8,DB00091,DB00318,1,1.0,A,DB00091,pathway,397,1.0,0.0,0.0
8,DB00091,DB00318,1,1.0,A,DB00091,pathway,398,1.0,0.0,0.0
8,DB00091,DB00318,1,1.0,A,DB00091,pathway,399,1.0,0.0,0.0
8,DB00091,DB00318,1,1.0,A,DB00091,pathway,401,1.0,0.0,0.0
8,DB00091,DB00318,1,1.0,A,DB00091,pathway,402,1.0,0.0,0.0
8,DB00091,DB00318,1,1.0,A,DB00091,pathway,427,1.0,0.0,0.0
8,DB00091,DB00318,1,1.0,A,DB00091,pathway,429,1.0,0.0,0.0
8,DB00091,DB00318,1,1.0,A,DB00091,pathway,430,1.0,0.0,0.0
8,DB00091,DB00318,1,1.0,A,DB00091,pathway,438,1.0,0.0,0.0
8,DB00091,DB00318,1,1.0,A,DB00091,pathway,439,1.0,0.0,0.0
8,DB00091,DB00318,1,1.0,A,DB00091,pathway,440,1.0,0.0,0.0
8,DB00091,DB00318,1,1.0,A,DB00091,pathway,441,1.0,0.0,0.0
8,DB00091,DB00318,1,1.0,A,DB00091,pathway,442,1.0,0.0,0.0
8,DB00091,DB00318,1,1.0,A,DB00091,pathway,443,1.0,0.0,0.0
8,DB00091,DB00318,1,1.0,A,DB00091,pathway,444,1.0,0.0,0.0
8,DB00091,DB00318,1,1.0,A,DB00091,pathway,446,1.0,0.0,0.0
8,DB00091,DB00318,1,1.0,A,DB00091,pathway,447,1.0,0.0,0.0
8,DB00091,DB00318,1,1.0,A,DB00091,pathway,452,1.0,0.0,0.0
8,DB00091,DB00318,1,1.0,A,DB00091,pathway,455,1.0,0.0,0.0
8,DB00091,DB00318,1,1.0,A,DB00091,pathway,457,1.0,0.0,0.0
8,DB00091,DB00318,1,1.0,A,DB00091,pathway,462,1.0,0.0,0.0
8,DB00091,DB00318,1,1.0,A,DB00091,pathway,464,1.0,0.0,0.0
8,DB00091,DB00318,1,1.0,A,DB00091,pathway,466,1.0,0.0,0.0
8,DB00091,DB00318,1,1.0,A,DB00091,pathway,467,1.0,0.0,0.0
8,DB00091,DB00318,1,1.0,A,DB00091,pathway,471,1.0,0.0,0.0
8,DB00091,DB00318,1,1.0,A,DB00091,pathway,473,1.0,0.0,0.0
8,DB00091,DB00318,1,1.0,A,DB00091,pathway,478,1.0,0.0,0.0
8,DB00091,DB00318,1,1.0,A,DB00091,pathway,479,1.0,0.0,0.0
8,DB00091,DB00318,1,1.0,A,DB00091,pathway,480,1.0,0.0,0.0
8,DB00091,DB00318,1,1.0,A,DB00091,pathway,481,1.0,0.0,0.0
8,DB00091,DB00318,1,1.0,A,DB00091,pathway,482,1.0,0.0,0.0
8,DB00091,DB00318,1,1.0,A,DB00091,pathway,488,1.0,0.0,0.0
8,DB00091,DB00318,1,1.0,A,DB00091,pathway,498,1.0,0.0,0.0
8,DB00091,DB00318,1,1.0,A,DB00091,pathway,499,1.0,0.0,0.0
8,DB00091,DB00318,1,1.0,A,DB00091,pathway,511,1.0,0.0,0.0
8,DB00091,DB00318,1,1.0,A,DB00091,pathway,512,1.0,0.0,0.0
8,DB00091,DB00318,1,1.0,A,DB00091,pathway,513,1.0,0.0,0.0
8,DB00091,DB00318,1,1.0,A,DB00091,pathway,515,1.0,0.0,0.0
8,DB00091,DB00318,1,1.0,A,DB00091,pathway,521,1.0,0.0,0.0
8,DB00091,DB00318,1,1.0,A,DB00091,pathway,524,1.0,0.0,0.0
8,DB00091,DB00318,1,1.0,A,DB00091,pathway,527,1.0,0.0,0.0
8,DB00091,DB00318,1,1.0,A,DB00091,pathway,528,1.0,0.0,0.0
8,DB00091,DB00318,1,1.0,A,DB00091,pathway,530,1.0,0.0,0.0
8,DB00091,DB00318,1,1.0,A,DB00091,pathway,531,1.0,0.0,0.0
8,DB00091,DB00318,1,1.0,A,DB00091,pathway,532,1.0,0.0,0.0
8,DB00091,DB00318,1,1.0,A,DB00091,pathway,536,1.0,0.0,0.0
8,DB00091,DB00318,1,1.0,A,DB00091,pathway,542,1.0,0.0,0.0
8,DB00091,DB00318,1,1.0,A,DB00091,pathway,544,1.0,0.0,0.0
8,DB00091,DB00318,1,1.0,A,DB00091,pathway,552,1.0,0.0,0.0
8,DB00091,DB00318,1,1.0,A,DB00091,pathway,557,1.0,0.0,0.0
8,DB00091,DB00318,1,1.0,A,DB00091,pathway,559,1.0,0.0,0.0
8,DB00091,DB00318,1,1.0,A,DB00091,pathway,587,1.0,0.0,0.0
8,DB00091,DB00318,1,1.0,A,DB00091,pathway,588,1.0,0.0,0.0
8,DB00091,DB00318,1,1.0,A,DB00091,pathway,589,1.0,0.0,0.0
8,DB00091,DB00318,1,1.0,A,DB00091,pathway,590,1.0,0.0,0.0
8,DB00091,DB00318,1,1.0,A,DB00091,pathway,591,1.0,0.0,0.0
8,DB00091,DB00318,1,1.0,A,DB00091,pathway,594,1.0,0.0,0.0
8,DB00091,DB00318,1,1.0,A,DB00091,pathway,602,1.0,0.0,0.0
8,DB00091,DB00318,1,1.0,A,DB00091,pathway,612,1.0,0.0,0.0
8,DB00091,DB00318,1,1.0,A,DB00091,pathway,614,1.0,0.0,0.0
8,DB00091,DB00318,1,1.0,A,DB00091,pathway,617,1.0,0.0,0.0
8,DB00091,DB00318,1,1.0,A,DB00091,pathway,619,1.0,0.0,0.0
8,DB00091,DB00318,1,1.0,A,DB00091,pathway,620,1.0,0.0,0.0
8,DB00091,DB00318,1,1.0,A,DB00091,pathway,625,1.0,0.0,0.0
8,DB00091,DB00318,1,1.0,A,DB00091,pathway,626,1.0,0.0,0.0
8,DB00091,DB00318,1,1.0,A,DB00091,pathway,627,1.0,0.0,0.0
8,DB00091,DB00318,1,1.0,A,DB00091,pathway,630,1.0,0.0,0.0
8,DB00091,DB00318,1,1.0,A,DB00091,pathway,631,1.0,0.0,0.0
8,DB00091,DB00318,1,1.0,A,DB00091,pathway,636,1.0,0.0,0.0
8,DB00091,DB00318,1,1.0,A,DB00091,pathway,637,1.0,0.0,0.0
8,DB00091,DB00318,1,1.0,A,DB00091,pathway,638,1.0,0.0,0.0
8,DB00091,DB00318,1,1.0,A,DB00091,pathway,640,1.0,0.0,0.0
8,DB00091,DB00318,1,1.0,A,DB00091,pathway,641,1.0,0.0,0.0
8,DB00091,DB00318,1,1.0,A,DB00091,pathway,642,1.0,0.0,0.0
8,DB00091,DB00318,1,1.0,A,DB00091,pathway,643,1.0,0.0,0.0
8,DB00091,DB00318,1,1.0,A,DB00091,pathway,644,1.0,0.0,0.0
8,DB00091,DB00318,1,1.0,A,DB00091,pathway,645,1.0,0.0,0.0
8,DB00091,DB00318,1,1.0,A,DB00091,pathway,646,1.0,0.0,0.0
8,DB00091,DB00318,1,1.0,A,DB00091,pathway,647,1.0,0.0,0.0
8,DB00091,DB00318,1,1.0,A,DB00091,pathway,650,1.0,0.0,0.0
8,DB00091,DB00318,1,1.0,A,DB00091,pathway,651,1.0,0.0,0.0
8,DB00091,DB00318,1,1.0,A,DB00091,pathway,652,1.0,0.0,0.0
8,DB00091,DB00318,1,1.0,A,DB00091,pathway,654,1.0,0.0,0.0
8,DB00091,DB00318,1,1.0,A,DB00091,pathway,655,1.0,0.0,0.0
8,DB00091,DB00318,1,1.0,A,DB00091,pathway,656,1.0,0.0,0.0
8,DB00091,DB00318,1,1.0,A,DB00091,pathway,658,1.0,0.0,0.0
8,DB00091,DB00318,1,1.0,A,DB00091,pathway,664,1.0,0.0,0.0
8,DB00091,DB00318,1,1.0,A,DB00091,pathway,668,1.0,0.0,0.0
8,DB00091,DB00318,1,1.0,A,DB00091,pathway,670,1.0,0.0,0.0
8,DB00091,DB00318,1,1.0,A,DB00091,pathway,671,1.0,0.0,0.0
8,DB00091,DB00318,1,1.0,A,DB00091,pathway,672,1.0,0.0,0.0
8,DB00091,DB00318,1,1.0,A,DB00091,pathway,673,1.0,0.0,0.0
8,DB00091,DB00318,1,1.0,A,DB00091,pathway,674,1.0,0.0,0.0
8,DB00091,DB00318,1,1.0,A,DB00091,pathway,677,1.0,0.0,0.0
8,DB00091,DB00318,1,1.0,A,DB00091,pathway,679,1.0,0.0,0.0
8,DB00091,DB00318,1,1.0,A,DB00091,pathway,683,1.0,0.0,0.0
8,DB00091,DB00318,1,1.0,A,DB00091,pathway,685,1.0,0.0,0.0
8,DB00091,DB00318,1,1.0,A,DB00091,pathway,686,1.0,0.0,0.0
8,DB00091,DB00318,1,1.0,A,DB00091,pathway,687,1.0,0.0,0.0
8,DB00091,DB00318,1,1.0,A,DB00091,pathway,688,1.0,0.0,0.0
8,DB00091,DB00318,1,1.0,A,DB00091,pathway,691,1.0,0.0,0.0
8,DB00091,DB00318,1,1.0,A,DB00091,pathway,692,1.0,0.0,0.0
8,DB00091,DB00318,1,1.0,A,DB00091,pathway,693,1.0,0.0,0.0
8,DB00091,DB00318,1,1.0,A,DB00091,pathway,694,1.0,0.0,0.0
8,DB00091,DB00318,1,1.0,A,DB00091,pathway,695,1.0,0.0,0.0
8,DB00091,DB00318,1,1.0,A,DB00091,pathway,696,1.0,0.0,0.0
8,DB00091,DB00318,1,1.0,A,DB00091,pathway,701,1.0,0.0,0.0
8,DB00091,DB00318,1,1.0,A,DB00091,pathway,703,1.0,0.0,0.0
8,DB00091,DB00318,1,1.0,A,DB00091,pathway,704,1.0,0.0,0.0
8,DB00091,DB00318,1,1.0,A,DB00091,pathway,705,1.0,0.0,0.0
8,DB00091,DB00318,1,1.0,A,DB00091,pathway,707,1.0,0.0,0.0
8,DB00091,DB00318,1,1.0,A,DB00091,pathway,708,1.0,0.0,0.0
8,DB00091,DB00318,1,1.0,A,DB00091,pathway,709,1.0,0.0,0.0
8,DB00091,DB00318,1,1.0,A,DB00091,pathway,711,1.0,0.0,0.0
8,DB00091,DB00318,1,1.0,A,DB00091,pathway,715,1.0,0.0,0.0
8,DB00091,DB00318,1,1.0,A,DB00091,pathway,716,1.0,0.0,0.0
8,DB00091,DB00318,1,1.0,A,DB00091,pathway,717,1.0,0.0,0.0
8,DB00091,DB00318,1,1.0,A,DB00091,pathway,718,1.0,0.0,0.0
8,DB00091,DB00318,1,1.0,A,DB00091,pathway,719,1.0,0.0,0.0
8,DB00091,DB00318,1,1.0,A,DB00091,pathway,728,1.0,0.0,0.0
8,DB00091,DB00318,1,1.0,A,DB00091,pathway,730,1.0,0.0,0.0
8,DB00091,DB00318,1,1.0,A,DB00091,pathway,732,1.0,0.0,0.0
8,DB00091,DB00318,1,1.0,A,DB00091,pathway,733,1.0,0.0,0.0
8,DB00091,DB00318,1,1.0,A,DB00091,pathway,744,1.0,0.0,0.0
8,DB00091,DB00318,1,1.0,A,DB00091,pathway,764,1.0,0.0,0.0
8,DB00091,DB00318,1,1.0,A,DB00091,pathway,765,1.0,0.0,0.0
8,DB00091,DB00318,1,1.0,A,DB00091,pathway,772,1.0,0.0,0.0
8,DB00091,DB00318,1,1.0,A,DB00091,pathway,775,1.0,0.0,0.0
8,DB00091,DB00318,1,1.0,A,DB00091,pathway,776,1.0,0.0,0.0
8,DB00091,DB00318,1,1.0,A,DB00091,pathway,777,1.0,0.0,0.0
8,DB00091,DB00318,1,1.0,A,DB00091,pathway,783,1.0,0.0,0.0
8,DB00091,DB00318,1,1.0,A,DB00091,pathway,784,1.0,0.0,0.0
8,DB00091,DB00318,1,1.0,A,DB00091,pathway,787,1.0,0.0,0.0
8,DB00091,DB00318,1,1.0,A,DB00091,pathway,788,1.0,0.0,0.0
8,DB00091,DB00318,1,1.0,A,DB00091,pathway,789,1.0,0.0,0.0
8,DB00091,DB00318,1,1.0,A,DB00091,pathway,797,1.0,0.0,0.0
8,DB00091,DB00318,1,1.0,A,DB00091,pathway,798,1.0,0.0,0.0
8,DB00091,DB00318,1,1.0,A,DB00091,pathway,799,1.0,0.0,0.0
8,DB00091,DB00318,1,1.0,A,DB00091,pathway,801,1.0,0.0,0.0
8,DB00091,DB00318,1,1.0,A,DB00091,pathway,805,1.0,0.0,0.0
8,DB00091,DB00318,1,1.0,A,DB00091,pathway,806,1.0,0.0,0.0
8,DB00091,DB00318,1,1.0,A,DB00091,pathway,811,1.0,0.0,0.0
8,DB00091,DB00318,1,1.0,A,DB00091,pathway,826,1.0,0.0,0.0
8,DB00091,DB00318,1,1.0,A,DB00091,pathway,830,1.0,0.0,0.0
8,DB00091,DB00318,1,1.0,A,DB00091,pathway,836,1.0,0.0,0.0
8,DB00091,DB00318,1,1.0,A,DB00091,pathway,837,1.0,0.0,0.0
8,DB00091,DB00318,1,1.0,A,DB00091,pathway,840,1.0,0.0,0.0
8,DB00091,DB00318,1,1.0,A,DB00091,pathway,845,1.0,0.0,0.0
8,DB00091,DB00318,1,1.0,A,DB00091,pathway,853,1.0,0.0,0.0
8,DB00091,DB00318,1,1.0,A,DB00091,pathway,854,1.0,0.0,0.0
8,DB00091,DB00318,1,1.0,A,DB00091,pathway,855,1.0,0.0,0.0
8,DB00091,DB00318,1,1.0,A,DB00091,pathway,863,1.0,0.0,0.0
8,DB00091,DB00318,1,1.0,A,DB00091,pathway,870,1.0,0.0,0.0
8,DB00091,DB00318,1,1.0,A,DB00091,pathway,874,1.0,0.0,0.0
8,DB00091,DB00318,1,1.0,A,DB00091,pathway,877,1.0,0.0,0.0
8,DB00091,DB00318,1,1.0,A,DB00091,pathway,883,1.0,0.0,0.0
8,DB00091,DB00318,1,1.0,A,DB00091,pathway,896,1.0,0.0,0.0
8,DB00091,DB00318,1,1.0,A,DB00091,pathway,910,1.0,0.0,0.0
8,DB00091,DB00318,1,1.0,A,DB00091,pathway,919,1.0,0.0,0.0
8,DB00091,DB00318,1,1.0,A,DB00091,pathway,922,1.0,0.0,0.0
8,DB00091,DB00318,1,1.0,A,DB00091,pathway,927,1.0,0.0,0.0
8,DB00091,DB00318,1,1.0,A,DB00091,pathway,940,1.0,0.0,0.0
8,DB00091,DB00318,1,1.0,A,DB00091,pathway,948,1.0,0.0,0.0
8,DB00091,DB00318,1,1.0,A,DB00091,pathway,955,1.0,0.0,0.0
8,DB00091,DB00318,1,1.0,A,DB00091,pathway,958,1.0,0.0,0.0
8,DB00091,DB00318,1,1.0,A,DB00091,pathway,959,1.0,0.0,0.0
8,DB00091,DB00318,1,1.0,A,DB00091,pathway,965,1.0,0.0,0.0
8,DB00091,DB00318,1,1.0,A,DB00091,pathway,968,1.0,0.0,0.0
8,DB00091,DB00318,1,1.0,A,DB00091,pathway,969,1.0,0.0,0.0
8,DB00091,DB00318,1,1.0,A,DB00091,pathway,970,1.0,0.0,0.0
8,DB00091,DB00318,1,1.0,A,DB00091,pathway,973,1.0,0.0,0.0
8,DB00091,DB00318,1,1.0,A,DB00091,pathway,981,1.0,0.0,0.0
8,DB00091,DB00318,1,1.0,A,DB00091,pathway,986,1.0,0.0,0.0
8,DB00091,DB00318,1,1.0,A,DB00091,pathway,987,1.0,0.0,0.0
8,DB00091,DB00318,1,1.0,A,DB00091,pathway,988,1.0,0.0,0.0
8,DB00091,DB00318,1,1.0,A,DB00091,pathway,989,1.0,0.0,0.0
8,DB00091,DB00318,1,1.0,A,DB00091,pathway,1009,1.0,0.0,0.0
8,DB00091,DB00318,1,1.0,A,DB00091,pathway,1010,1.0,0.0,0.0
8,DB00091,DB00318,1,1.0,A,DB00091,pathway,1011,1.0,0.0,0.0
8,DB00091,DB00318,1,1.0,A,DB00091,pathway,1012,1.0,0.0,0.0
8,DB00091,DB00318,1,1.0,A,DB00091,pathway,1018,1.0,0.0,0.0
8,DB00091,DB00318,1,1.0,A,DB00091,pathway,1019,1.0,0.0,0.0
8,DB00091,DB00318,1,1.0,A,DB00091,pathway,1020,1.0,0.0,0.0
8,DB00091,DB00318,1,1.0,A,DB00091,pathway,1031,1.0,0.0,0.0
8,DB00091,DB00318,1,1.0,A,DB00091,pathway,1037,1.0,0.0,0.0
8,DB00091,DB00318,1,1.0,A,DB00091,pathway,1041,1.0,0.0,0.0
8,DB00091,DB00318,1,1.0,A,DB00091,pathway,1044,1.0,0.0,0.0
8,DB00091,DB00318,1,1.0,A,DB00091,pathway,1045,1.0,0.0,0.0
8,DB00091,DB00318,1,1.0,A,DB00091,pathway,1046,1.0,0.0,0.0
8,DB00091,DB00318,1,1.0,A,DB00091,pathway,1047,1.0,0.0,0.0
8,DB00091,DB00318,1,1.0,A,DB00091,pathway,1048,1.0,0.0,0.0
8,DB00091,DB00318,1,1.0,A,DB00091,pathway,1054,1.0,0.0,0.0
8,DB00091,DB00318,1,1.0,A,DB00091,pathway,1057,1.0,0.0,0.0
8,DB00091,DB00318,1,1.0,A,DB00091,pathway,1062,1.0,0.0,0.0
8,DB00091,DB00318,1,1.0,A,DB00091,pathway,1064,1.0,0.0,0.0
8,DB00091,DB00318,1,1.0,A,DB00091,pathway,1066,1.0,0.0,0.0
8,DB00091,DB00318,1,1.0,A,DB00091,pathway,1073,1.0,0.0,0.0
8,DB00091,DB00318,1,1.0,A,DB00091,pathway,1074,1.0,0.0,0.0
8,DB00091,DB00318,1,1.0,A,DB00091,pathway,1079,1.0,0.0,0.0
8,DB00091,DB00318,1,1.0,A,DB00091,pathway,1080,1.0,0.0,0.0
8,DB00091,DB00318,1,1.0,A,DB00091,pathway,1081,1.0,0.0,0.0
8,DB00091,DB00318,1,1.0,A,DB00091,pathway,1082,1.0,0.0,0.0
8,DB00091,DB00318,1,1.0,A,DB00091,pathway,1083,1.0,0.0,0.0
8,DB00091,DB00318,1,1.0,A,DB00091,pathway,1084,1.0,0.0,0.0
8,DB00091,DB00318,1,1.0,A,DB00091,pathway,1085,1.0,0.0,0.0
8,DB00091,DB00318,1,1.0,A,DB00091,pathway,1089,1.0,0.0,0.0
8,DB00091,DB00318,1,1.0,A,DB00091,pathway,1090,1.0,0.0,0.0
8,DB00091,DB00318,1,1.0,A,DB00091,pathway,1099,1.0,0.0,0.0
8,DB00091,DB00318,1,1.0,A,DB00091,pathway,1100,1.0,0.0,0.0
8,DB00091,DB00318,1,1.0,A,DB00091,pathway,1102,1.0,0.0,0.0
8,DB00091,DB00318,1,1.0,A,DB00091,pathway,1103,1.0,0.0,0.0
8,DB00091,DB00318,1,1.0,A,DB00091,pathway,1107,1.0,0.0,0.0
8,DB00091,DB00318,1,1.0,A,DB00091,pathway,1108,1.0,0.0,0.0
8,DB00091,DB00318,1,1.0,A,DB00091,pathway,1110,1.0,0.0,0.0
8,DB00091,DB00318,1,1.0,A,DB00091,pathway,1116,1.0,0.0,0.0
8,DB00091,DB00318,1,1.0,A,DB00091,pathway,1119,1.0,0.0,0.0
8,DB00091,DB00318,1,1.0,A,DB00091,pathway,1120,1.0,0.0,0.0
8,DB00091,DB00318,1,1.0,A,DB00091,pathway,1121,1.0,0.0,0.0
8,DB00091,DB00318,1,1.0,A,DB00091,pathway,1122,1.0,0.0,0.0
8,DB00091,DB00318,1,1.0,A,DB00091,pathway,1123,1.0,0.0,0.0
8,DB00091,DB00318,1,1.0,A,DB00091,pathway,1126,1.0,0.0,0.0
8,DB00091,DB00318,1,1.0,A,DB00091,pathway,1134,1.0,0.0,0.0
8,DB00091,DB00318,1,1.0,A,DB00091,pathway,1135,1.0,0.0,0.0
8,DB00091,DB00318,1,1.0,A,DB00091,pathway,1138,1.0,0.0,0.0
8,DB00091,DB00318,1,1.0,A,DB00091,pathway,1153,1.0,0.0,0.0
8,DB00091,DB00318,1,1.0,A,DB00091,pathway,1154,1.0,0.0,0.0
8,DB00091,DB00318,1,1.0,A,DB00091,pathway,1157,1.0,0.0,0.0
8,DB00091,DB00318,1,1.0,A,DB00091,pathway,1165,1.0,0.0,0.0
8,DB00091,DB00318,1,1.0,A,DB00091,pathway,1167,1.0,0.0,0.0
8,DB00091,DB00318,1,1.0,A,DB00091,pathway,1177,1.0,0.0,0.0
8,DB00091,DB00318,1,1.0,A,DB00091,pathway,1182,1.0,0.0,0.0
8,DB00091,DB00318,1,1.0,A,DB00091,pathway,1217,1.0,0.0,0.0
8,DB00091,DB00318,1,1.0,A,DB00091,pathway,1218,1.0,0.0,0.0
8,DB00091,DB00318,1,1.0,A,DB00091,pathway,1224,1.0,0.0,0.0
8,DB00091,DB00318,1,1.0,A,DB00091,pathway,1225,1.0,0.0,0.0
8,DB00091,DB00318,1,1.0,A,DB00091,pathway,1230,1.0,0.0,0.0
8,DB00091,DB00318,1,1.0,A,DB00091,pathway,1245,1.0,0.0,0.0
8,DB00091,DB00318,1,1.0,A,DB00091,pathway,1249,1.0,0.0,0.0
8,DB00091,DB00318,1,1.0,A,DB00091,pathway,1262,1.0,0.0,0.0
8,DB00091,DB00318,1,1.0,A,DB00091,pathway,1263,1.0,0.0,0.0
8,DB00091,DB00318,1,1.0,A,DB00091,pathway,1264,1.0,0.0,0.0
8,DB00091,DB00318,1,1.0,A,DB00091,pathway,1265,1.0,0.0,0.0
8,DB00091,DB00318,1,1.0,A,DB00091,pathway,1266,1.0,0.0,0.0
8,DB00091,DB00318,1,1.0,A,DB00091,pathway,1267,1.0,0.0,0.0
8,DB00091,DB00318,1,1.0,A,DB00091,pathway,1268,1.0,0.0,0.0
8,DB00091,DB00318,1,1.0,A,DB00091,pathway,1270,1.0,0.0,0.0
8,DB00091,DB00318,1,1.0,A,DB00091,pathway,1272,1.0,0.0,0.0
8,DB00091,DB00318,1,1.0,A,DB00091,pathway,1278,1.0,0.0,0.0
8,DB00091,DB00318,1,1.0,A,DB00091,pathway,1291,1.0,0.0,0.0
8,DB00091,DB00318,1,1.0,A,DB00091,pathway,1292,1.0,0.0,0.0
8,DB00091,DB00318,1,1.0,A,DB00091,pathway,1297,1.0,0.0,0.0
8,DB00091,DB00318,1,1.0,A,DB00091,pathway,1298,1.0,0.0,0.0
8,DB00091,DB00318,1,1.0,A,DB00091,pathway,1299,1.0,0.0,0.0
8,DB00091,DB00318,1,1.0,A,DB00091,pathway,1300,1.0,0.0,0.0
8,DB00091,DB00318,1,1.0,A,DB00091,pathway,1301,1.0,0.0,0.0
8,DB00091,DB00318,1,1.0,A,DB00091,pathway,1302,1.0,0.0,0.0
8,DB00091,DB00318,1,1.0,A,DB00091,pathway,1305,1.0,0.0,0.0
8,DB00091,DB00318,1,1.0,A,DB00091,pathway,1312,1.0,0.0,0.0
8,DB00091,DB00318,1,1.0,A,DB00091,pathway,1318,1.0,0.0,0.0
8,DB00091,DB00318,1,1.0,A,DB00091,pathway,1329,1.0,0.0,0.0
8,DB00091,DB00318,1,1.0,A,DB00091,pathway,1333,1.0,0.0,0.0
8,DB00091,DB00318,1,1.0,A,DB00091,pathway,1339,1.0,0.0,0.0
8,DB00091,DB00318,1,1.0,A,DB00091,pathway,1346,1.0,0.0,0.0
8,DB00091,DB00318,1,1.0,A,DB00091,pathway,1347,1.0,0.0,0.0
8,DB00091,DB00318,1,1.0,A,DB00091,pathway,1348,1.0,0.0,0.0
8,DB00091,DB00318,1,1.0,A,DB00091,pathway,1353,1.0,0.0,0.0
8,DB00091,DB00318,1,1.0,A,DB00091,pathway,1356,1.0,0.0,0.0
8,DB00091,DB00318,1,1.0,A,DB00091,pathway,1364,1.0,0.0,0.0
8,DB00091,DB00318,1,1.0,A,DB00091,pathway,1366,1.0,0.0,0.0
8,DB00091,DB00318,1,1.0,A,DB00091,pathway,1370,1.0,0.0,0.0
8,DB00091,DB00318,1,1.0,A,DB00091,pathway,1372,1.0,0.0,0.0
8,DB00091,DB00318,1,1.0,A,DB00091,pathway,1373,1.0,0.0,0.0
8,DB00091,DB00318,1,1.0,A,DB00091,pathway,1382,1.0,0.0,0.0
8,DB00091,DB00318,1,1.0,A,DB00091,pathway,1394,1.0,0.0,0.0
8,DB00091,DB00318,1,1.0,A,DB00091,pathway,1396,1.0,0.0,0.0
8,DB00091,DB00318,1,1.0,A,DB00091,pathway,1397,1.0,0.0,0.0
8,DB00091,DB00318,1,1.0,A,DB00091,pathway,1401,1.0,0.0,0.0
8,DB00091,DB00318,1,1.0,A,DB00091,pathway,1402,1.0,0.0,0.0
8,DB00091,DB00318,1,1.0,A,DB00091,pathway,1405,1.0,0.0,0.0
8,DB00091,DB00318,1,1.0,A,DB00091,pathway,1414,1.0,0.0,0.0
8,DB00091,DB00318,1,1.0,A,DB00091,pathway,1419,1.0,0.0,0.0
8,DB00091,DB00318,1,1.0,A,DB00091,pathway,1422,1.0,0.0,0.0
8,DB00091,DB00318,1,1.0,A,DB00091,pathway,1423,1.0,0.0,0.0
8,DB00091,DB00318,1,1.0,A,DB00091,pathway,1424,1.0,0.0,0.0
8,DB00091,DB00318,1,1.0,A,DB00091,pathway,1428,1.0,0.0,0.0
8,DB00091,DB00318,1,1.0,A,DB00091,pathway,1430,1.0,0.0,0.0
8,DB00091,DB00318,1,1.0,A,DB00091,pathway,1431,1.0,0.0,0.0
8,DB00091,DB00318,1,1.0,A,DB00091,pathway,1432,1.0,0.0,0.0
8,DB00091,DB00318,1,1.0,A,DB00091,pathway,1436,1.0,0.0,0.0
8,DB00091,DB00318,1,1.0,A,DB00091,pathway,1437,1.0,0.0,0.0
8,DB00091,DB00318,1,1.0,A,DB00091,pathway,1440,1.0,0.0,0.0
8,DB00091,DB00318,1,1.0,A,DB00091,pathway,1441,1.0,0.0,0.0
8,DB00091,DB00318,1,1.0,A,DB00091,pathway,1446,1.0,0.0,0.0
8,DB00091,DB00318,1,1.0,A,DB00091,pathway,1448,1.0,0.0,0.0
8,DB00091,DB00318,1,1.0,A,DB00091,pathway,1453,1.0,0.0,0.0
8,DB00091,DB00318,1,1.0,A,DB00091,pathway,1467,1.0,0.0,0.0
8,DB00091,DB00318,1,1.0,A,DB00091,pathway,1468,1.0,0.0,0.0
8,DB00091,DB00318,1,1.0,A,DB00091,pathway,1471,1.0,0.0,0.0
8,DB00091,DB00318,1,1.0,A,DB00091,pathway,1472,1.0,0.0,0.0
8,DB00091,DB00318,1,1.0,A,DB00091,pathway,1473,1.0,0.0,0.0
8,DB00091,DB00318,1,1.0,A,DB00091,pathway,1474,1.0,0.0,0.0
8,DB00091,DB00318,1,1.0,A,DB00091,pathway,1488,1.0,0.0,0.0
8,DB00091,DB00318,1,1.0,A,DB00091,pathway,1489,1.0,0.0,0.0
8,DB00091,DB00318,1,1.0,A,DB00091,pathway,1490,1.0,0.0,0.0
8,DB00091,DB00318,1,1.0,A,DB00091,pathway,1491,1.0,0.0,0.0
8,DB00091,DB00318,1,1.0,A,DB00091,pathway,1492,1.0,0.0,0.0
8,DB00091,DB00318,1,1.0,A,DB00091,pathway,1496,1.0,0.0,0.0
8,DB00091,DB00318,1,1.0,A,DB00091,pathway,1500,1.0,0.0,0.0
8,DB00091,DB00318,1,1.0,A,DB00091,pathway,1502,1.0,0.0,0.0
8,DB00091,DB00318,1,1.0,A,DB00091,pathway,1513,1.0,0.0,0.0
8,DB00091,DB00318,1,1.0,A,DB00091,pathway,1514,1.0,0.0,0.0
8,DB00091,DB00318,1,1.0,A,DB00091,pathway,1518,1.0,0.0,0.0
8,DB00091,DB00318,1,1.0,A,DB00091,pathway,1521,1.0,0.0,0.0
8,DB00091,DB00318,1,1.0,A,DB00091,pathway,1522,1.0,0.0,0.0
8,DB00091,DB00318,1,1.0,A,DB00091,pathway,1524,1.0,0.0,0.0
8,DB00091,DB00318,1,1.0,A,DB00091,pathway,1531,1.0,0.0,0.0
8,DB00091,DB00318,1,1.0,A,DB00091,pathway,1533,1.0,0.0,0.0
8,DB00091,DB00318,1,1.0,A,DB00091,pathway,1534,1.0,0.0,0.0
8,DB00091,DB00318,1,1.0,A,DB00091,pathway,1542,1.0,0.0,0.0
8,DB00091,DB00318,1,1.0,A,DB00091,pathway,1544,1.0,0.0,0.0
8,DB00091,DB00318,1,1.0,A,DB00091,pathway,1547,1.0,0.0,0.0
8,DB00091,DB00318,1,1.0,A,DB00091,pathway,1548,1.0,0.0,0.0
8,DB00091,DB00318,1,1.0,A,DB00091,pathway,1549,1.0,0.0,0.0
8,DB00091,DB00318,1,1.0,A,DB00091,pathway,1557,1.0,0.0,0.0
8,DB00091,DB00318,1,1.0,A,DB00091,pathway,1562,1.0,0.0,0.0
8,DB00091,DB00318,1,1.0,A,DB00091,pathway,1567,1.0,0.0,0.0
8,DB00091,DB00318,1,1.0,A,DB00091,pathway,1568,1.0,0.0,0.0
8,DB00091,DB00318,1,1.0,A,DB00091,pathway,1569,1.0,0.0,0.0
8,DB00091,DB00318,1,1.0,A,DB00091,pathway,1570,1.0,0.0,0.0
8,DB00091,DB00318,1,1.0,A,DB00091,pathway,1571,1.0,0.0,0.0
8,DB00091,DB00318,1,1.0,A,DB00091,pathway,1577,1.0,0.0,0.0
8,DB00091,DB00318,1,1.0,A,DB00091,pathway,1582,1.0,0.0,0.0
8,DB00091,DB00318,1,1.0,A,DB00091,pathway,1584,1.0,0.0,0.0
8,DB00091,DB00318,1,1.0,A,DB00091,pathway,1585,1.0,0.0,0.0
8,DB00091,DB00318,1,1.0,A,DB00091,pathway,1586,1.0,0.0,0.0
8,DB00091,DB00318,1,1.0,A,DB00091,pathway,1587,1.0,0.0,0.0
8,DB00091,DB00318,1,1.0,A,DB00091,pathway,1589,1.0,0.0,0.0
8,DB00091,DB00318,1,1.0,A,DB00091,pathway,1590,1.0,0.0,0.0
8,DB00091,DB00318,1,1.0,A,DB00091,pathway,1591,1.0,0.0,0.0
8,DB00091,DB00318,1,1.0,A,DB00091,pathway,1592,1.0,0.0,0.0
8,DB00091,DB00318,1,1.0,A,DB00091,pathway,1593,1.0,0.0,0.0
8,DB00091,DB00318,1,1.0,A,DB00091,pathway,1594,1.0,0.0,0.0
8,DB00091,DB00318,1,1.0,A,DB00091,pathway,1595,1.0,0.0,0.0
8,DB00091,DB00318,1,1.0,A,DB00091,pathway,1596,1.0,0.0,0.0
8,DB00091,DB00318,1,1.0,A,DB00091,pathway,1597,1.0,0.0,0.0
8,DB00091,DB00318,1,1.0,A,DB00091,pathway,1598,1.0,0.0,0.0
8,DB00091,DB00318,1,1.0,A,DB00091,pathway,1599,1.0,0.0,0.0
8,DB00091,DB00318,1,1.0,A,DB00091,pathway,1613,1.0,0.0,0.0
8,DB00091,DB00318,1,1.0,A,DB00091,pathway,1635,1.0,0.0,0.0
8,DB00091,DB00318,1,1.0,A,DB00091,pathway,1637,1.0,0.0,0.0
8,DB00091,DB00318,1,1.0,A,DB00091,pathway,1640,1.0,0.0,0.0
8,DB00091,DB00318,1,1.0,A,DB00091,pathway,1652,1.0,0.0,0.0
8,DB00091,DB00318,1,1.0,A,DB00091,pathway,1665,1.0,0.0,0.0
8,DB00091,DB00318,1,1.0,A,DB00091,pathway,1685,1.0,0.0,0.0
8,DB00091,DB00318,1,1.0,A,DB00091,pathway,1686,1.0,0.0,0.0
8,DB00091,DB00318,1,1.0,A,DB00091,pathway,1687,1.0,0.0,0.0
8,DB00091,DB00318,1,1.0,A,DB00091,pathway,1688,1.0,0.0,0.0
8,DB00091,DB00318,1,1.0,A,DB00091,pathway,1692,1.0,0.0,0.0
8,DB00091,DB00318,1,1.0,A,DB00091,pathway,1694,1.0,0.0,0.0
8,DB00091,DB00318,1,1.0,A,DB00091,pathway,1695,1.0,0.0,0.0
8,DB00091,DB00318,1,1.0,A,DB00091,pathway,1696,1.0,0.0,0.0
8,DB00091,DB00318,1,1.0,A,DB00091,pathway,1700,1.0,0.0,0.0
8,DB00091,DB00318,1,1.0,A,DB00091,pathway,1701,1.0,0.0,0.0
8,DB00091,DB00318,1,1.0,A,DB00091,pathway,1713,1.0,0.0,0.0
8,DB00091,DB00318,1,1.0,A,DB00091,pathway,1714,1.0,0.0,0.0
8,DB00091,DB00318,1,1.0,A,DB00091,pathway,1719,1.0,0.0,0.0
8,DB00091,DB00318,1,1.0,A,DB00091,pathway,1721,1.0,0.0,0.0
8,DB00091,DB00318,1,1.0,A,DB00091,pathway,1730,1.0,0.0,0.0
8,DB00091,DB00318,1,1.0,A,DB00091,pathway,1737,1.0,0.0,0.0
8,DB00091,DB00318,1,1.0,A,DB00091,pathway,1743,1.0,0.0,0.0
8,DB00091,DB00318,1,1.0,A,DB00091,pathway,1744,1.0,0.0,0.0
8,DB00091,DB00318,1,1.0,A,DB00091,pathway,1746,1.0,0.0,0.0
8,DB00091,DB00318,1,1.0,A,DB00091,pathway,1751,1.0,0.0,0.0
8,DB00091,DB00318,1,1.0,A,DB00091,pathway,1755,1.0,0.0,0.0
8,DB00091,DB00318,1,1.0,A,DB00091,pathway,1758,1.0,0.0,0.0
8,DB00091,DB00318,1,1.0,A,DB00091,pathway,1765,1.0,0.0,0.0
8,DB00091,DB00318,1,1.0,A,DB00091,pathway,1770,1.0,0.0,0.0
8,DB00091,DB00318,1,1.0,A,DB00091,pathway,1774,1.0,0.0,0.0
8,DB00091,DB00318,1,1.0,A,DB00091,pathway,1776,1.0,0.0,0.0
8,DB00091,DB00318,1,1.0,A,DB00091,pathway,1779,1.0,0.0,0.0
8,DB00091,DB00318,1,1.0,A,DB00091,pathway,1783,1.0,0.0,0.0
8,DB00091,DB00318,1,1.0,A,DB00091,pathway,1784,1.0,0.0,0.0
8,DB00091,DB00318,1,1.0,A,DB00091,pathway,1788,1.0,0.0,0.0
8,DB00091,DB00318,1,1.0,A,DB00091,pathway,1790,1.0,0.0,0.0
8,DB00091,DB00318,1,1.0,A,DB00091,pathway,1791,1.0,0.0,0.0
8,DB00091,DB00318,1,1.0,A,DB00091,pathway,1793,1.0,0.0,0.0
8,DB00091,DB00318,1,1.0,A,DB00091,pathway,1794,1.0,0.0,0.0
8,DB00091,DB00318,1,1.0,A,DB00091,pathway,1795,1.0,0.0,0.0
8,DB00091,DB00318,1,1.0,A,DB00091,pathway,1796,1.0,0.0,0.0
8,DB00091,DB00318,1,1.0,A,DB00091,pathway,1797,1.0,0.0,0.0
8,DB00091,DB00318,1,1.0,A,DB00091,pathway,1798,1.0,0.0,0.0
8,DB00091,DB00318,1,1.0,A,DB00091,pathway,1799,1.0,0.0,0.0
8,DB00091,DB00318,1,1.0,A,DB00091,pathway,1801,1.0,0.0,0.0
8,DB00091,DB00318,1,1.0,A,DB00091,pathway,1805,1.0,0.0,0.0
8,DB00091,DB00318,1,1.0,A,DB00091,pathway,1812,1.0,0.0,0.0
8,DB00091,DB00318,1,1.0,A,DB00091,pathway,1818,1.0,0.0,0.0
8,DB00091,DB00318,1,1.0,A,DB00091,pathway,1827,1.0,0.0,0.0
8,DB00091,DB00318,1,1.0,A,DB00091,pathway,1831,1.0,0.0,0.0
8,DB00091,DB00318,1,1.0,A,DB00091,pathway,1837,1.0,0.0,0.0
8,DB00091,DB00318,1,1.0,A,DB00091,pathway,1842,1.0,0.0,0.0
8,DB00091,DB00318,1,1.0,A,DB00091,pathway,1846,1.0,0.0,0.0
8,DB00091,DB00318,1,1.0,A,DB00091,pathway,1848,1.0,0.0,0.0
8,DB00091,DB00318,1,1.0,A,DB00091,pathway,1849,1.0,0.0,0.0
8,DB00091,DB00318,1,1.0,A,DB00091,pathway,1850,1.0,0.0,0.0
8,DB00091,DB00318,1,1.0,A,DB00091,pathway,1853,1.0,0.0,0.0
8,DB00091,DB00318,1,1.0,A,DB00091,pathway,1854,1.0,0.0,0.0
8,DB00091,DB00318,1,1.0,A,DB00091,pathway,1865,1.0,0.0,0.0
8,DB00091,DB00318,1,1.0,A,DB00091,pathway,1867,1.0,0.0,0.0
8,DB00091,DB00318,1,1.0,A,DB00091,pathway,1877,1.0,0.0,0.0
8,DB00091,DB00318,1,1.0,A,DB00091,pathway,1879,1.0,0.0,0.0
8,DB00091,DB00318,1,1.0,A,DB00091,pathway,1880,1.0,0.0,0.0
8,DB00091,DB00318,1,1.0,A,DB00091,pathway,1886,1.0,0.0,0.0
8,DB00091,DB00318,1,1.0,A,DB00091,pathway,1892,1.0,0.0,0.0
8,DB00091,DB00318,1,1.0,A,DB00091,pathway,1893,1.0,0.0,0.0
8,DB00091,DB00318,1,1.0,A,DB00091,pathway,1896,1.0,0.0,0.0
8,DB00091,DB00318,1,1.0,A,DB00091,pathway,1898,1.0,0.0,0.0
8,DB00091,DB00318,1,1.0,A,DB00091,pathway,1903,1.0,0.0,0.0
8,DB00091,DB00318,1,1.0,A,DB00091,pathway,1904,1.0,0.0,0.0
8,DB00091,DB00318,1,1.0,A,DB00091,pathway,1905,1.0,0.0,0.0
8,DB00091,DB00318,1,1.0,A,DB00091,pathway,1912,1.0,0.0,0.0
8,DB00091,DB00318,1,1.0,A,DB00091,pathway,1913,1.0,0.0,0.0
8,DB00091,DB00318,1,1.0,A,DB00091,pathway,1921,1.0,0.0,0.0
8,DB00091,DB00318,1,1.0,A,DB00091,pathway,1925,1.0,0.0,0.0
8,DB00091,DB00318,1,1.0,A,DB00091,pathway,1926,1.0,0.0,0.0
8,DB00091,DB00318,1,1.0,A,DB00091,pathway,1932,1.0,0.0,0.0
8,DB00091,DB00318,1,1.0,A,DB00091,pathway,1933,1.0,0.0,0.0
8,DB00091,DB00318,1,1.0,A,DB00091,pathway,1935,1.0,0.0,0.0
8,DB00091,DB00318,1,1.0,A,DB00091,pathway,1937,1.0,0.0,0.0
8,DB00091,DB00318,1,1.0,A,DB00091,pathway,1938,1.0,0.0,0.0
8,DB00091,DB00318,1,1.0,A,DB00091,pathway,1952,1.0,0.0,0.0
8,DB00091,DB00318,1,1.0,A,DB00091,pathway,1956,1.0,0.0,0.0
8,DB00091,DB00318,1,1.0,A,DB00091,pathway,1957,1.0,0.0,0.0
8,DB00091,DB00318,1,1.0,A,DB00091,pathway,1958,1.0,0.0,0.0
8,DB00091,DB00318,1,1.0,A,DB00091,pathway,1959,1.0,0.0,0.0
8,DB00091,DB00318,1,1.0,A,DB00091,pathway,1965,1.0,0.0,0.0
8,DB00091,DB00318,1,1.0,B,DB00318,pathway,26,1.0,0.0,0.0
8,DB00091,DB00318,1,1.0,B,DB00318,pathway,39,1.0,0.0,0.0
8,DB00091,DB00318,1,1.0,B,DB00318,pathway,146,1.0,0.0,0.0
8,DB00091,DB00318,1,1.0,B,DB00318,pathway,296,1.0,0.0,0.0
8,DB00091,DB00318,1,1.0,B,DB00318,pathway,385,1.0,0.0,0.0
8,DB00091,DB00318,1,1.0,B,DB00318,pathway,438,0.9999998807907104,1.1920928955078125e-07,1.1920928955078125e-07
8,DB00091,DB00318,1,1.0,B,DB00318,pathway,439,0.9999992847442627,7.152557373046875e-07,7.152557373046875e-07
8,DB00091,DB00318,1,1.0,B,DB00318,pathway,441,0.9999998807907104,1.1920928955078125e-07,1.1920928955078125e-07
8,DB00091,DB00318,1,1.0,B,DB00318,pathway,444,1.0,0.0,0.0
8,DB00091,DB00318,1,1.0,B,DB00318,pathway,446,1.0,0.0,0.0
8,DB00091,DB00318,1,1.0,B,DB00318,pathway,471,1.0,0.0,0.0
8,DB00091,DB00318,1,1.0,B,DB00318,pathway,620,1.0,0.0,0.0
8,DB00091,DB00318,1,1.0,B,DB00318,pathway,718,1.0,0.0,0.0
8,DB00091,DB00318,1,1.0,B,DB00318,pathway,777,1.0,0.0,0.0
8,DB00091,DB00318,1,1.0,B,DB00318,pathway,870,1.0,0.0,0.0
8,DB00091,DB00318,1,1.0,B,DB00318,pathway,874,1.0,0.0,0.0
8,DB00091,DB00318,1,1.0,B,DB00318,pathway,1108,1.0,0.0,0.0
8,DB00091,DB00318,1,1.0,B,DB00318,pathway,1446,1.0,0.0,0.0
8,DB00091,DB00318,1,1.0,B,DB00318,pathway,1467,1.0,0.0,0.0
8,DB00091,DB00318,1,1.0,B,DB00318,pathway,1730,1.0,0.0,0.0
8,DB00091,DB00318,1,1.0,B,DB00318,pathway,1744,1.0,0.0,0.0
8,DB00091,DB00318,1,1.0,B,DB00318,pathway,1751,1.0,0.0,0.0
8,DB00091,DB00318,1,1.0,B,DB00318,pathway,1791,1.0,0.0,0.0
9,DB00091,DB00514,1,1.0,A,DB00091,pathway,0,1.0,0.0,0.0
9,DB00091,DB00514,1,1.0,A,DB00091,pathway,2,1.0,0.0,0.0
9,DB00091,DB00514,1,1.0,A,DB00091,pathway,4,1.0,0.0,0.0
9,DB00091,DB00514,1,1.0,A,DB00091,pathway,10,1.0,0.0,0.0
9,DB00091,DB00514,1,1.0,A,DB00091,pathway,11,1.0,0.0,0.0
9,DB00091,DB00514,1,1.0,A,DB00091,pathway,12,1.0,0.0,0.0
9,DB00091,DB00514,1,1.0,A,DB00091,pathway,13,1.0,0.0,0.0
9,DB00091,DB00514,1,1.0,A,DB00091,pathway,15,1.0,0.0,0.0
9,DB00091,DB00514,1,1.0,A,DB00091,pathway,26,1.0,0.0,0.0
9,DB00091,DB00514,1,1.0,A,DB00091,pathway,29,1.0,0.0,0.0
9,DB00091,DB00514,1,1.0,A,DB00091,pathway,31,1.0,0.0,0.0
9,DB00091,DB00514,1,1.0,A,DB00091,pathway,39,1.0,0.0,0.0
9,DB00091,DB00514,1,1.0,A,DB00091,pathway,43,1.0,0.0,0.0
9,DB00091,DB00514,1,1.0,A,DB00091,pathway,44,1.0,0.0,0.0
9,DB00091,DB00514,1,1.0,A,DB00091,pathway,51,1.0,0.0,0.0
9,DB00091,DB00514,1,1.0,A,DB00091,pathway,52,1.0,0.0,0.0
9,DB00091,DB00514,1,1.0,A,DB00091,pathway,53,1.0,0.0,0.0
9,DB00091,DB00514,1,1.0,A,DB00091,pathway,55,1.0,0.0,0.0
9,DB00091,DB00514,1,1.0,A,DB00091,pathway,57,1.0,0.0,0.0
9,DB00091,DB00514,1,1.0,A,DB00091,pathway,62,1.0,0.0,0.0
9,DB00091,DB00514,1,1.0,A,DB00091,pathway,66,1.0,0.0,0.0
9,DB00091,DB00514,1,1.0,A,DB00091,pathway,67,1.0,0.0,0.0
9,DB00091,DB00514,1,1.0,A,DB00091,pathway,72,1.0,0.0,0.0
9,DB00091,DB00514,1,1.0,A,DB00091,pathway,74,1.0,0.0,0.0
9,DB00091,DB00514,1,1.0,A,DB00091,pathway,75,1.0,0.0,0.0
9,DB00091,DB00514,1,1.0,A,DB00091,pathway,78,1.0,0.0,0.0
9,DB00091,DB00514,1,1.0,A,DB00091,pathway,79,1.0,0.0,0.0
9,DB00091,DB00514,1,1.0,A,DB00091,pathway,81,1.0,0.0,0.0
9,DB00091,DB00514,1,1.0,A,DB00091,pathway,82,1.0,0.0,0.0
9,DB00091,DB00514,1,1.0,A,DB00091,pathway,84,1.0,0.0,0.0
9,DB00091,DB00514,1,1.0,A,DB00091,pathway,91,1.0,0.0,0.0
9,DB00091,DB00514,1,1.0,A,DB00091,pathway,98,1.0,0.0,0.0
9,DB00091,DB00514,1,1.0,A,DB00091,pathway,100,1.0,0.0,0.0
9,DB00091,DB00514,1,1.0,A,DB00091,pathway,104,1.0,0.0,0.0
9,DB00091,DB00514,1,1.0,A,DB00091,pathway,110,1.0,0.0,0.0
9,DB00091,DB00514,1,1.0,A,DB00091,pathway,113,1.0,0.0,0.0
9,DB00091,DB00514,1,1.0,A,DB00091,pathway,116,1.0,0.0,0.0
9,DB00091,DB00514,1,1.0,A,DB00091,pathway,117,1.0,0.0,0.0
9,DB00091,DB00514,1,1.0,A,DB00091,pathway,119,1.0,0.0,0.0
9,DB00091,DB00514,1,1.0,A,DB00091,pathway,121,1.0,0.0,0.0
9,DB00091,DB00514,1,1.0,A,DB00091,pathway,123,1.0,0.0,0.0
9,DB00091,DB00514,1,1.0,A,DB00091,pathway,124,1.0,0.0,0.0
9,DB00091,DB00514,1,1.0,A,DB00091,pathway,136,1.0,0.0,0.0
9,DB00091,DB00514,1,1.0,A,DB00091,pathway,141,1.0,0.0,0.0
9,DB00091,DB00514,1,1.0,A,DB00091,pathway,143,1.0,0.0,0.0
9,DB00091,DB00514,1,1.0,A,DB00091,pathway,158,1.0,0.0,0.0
9,DB00091,DB00514,1,1.0,A,DB00091,pathway,159,1.0,0.0,0.0
9,DB00091,DB00514,1,1.0,A,DB00091,pathway,168,1.0,0.0,0.0
9,DB00091,DB00514,1,1.0,A,DB00091,pathway,169,1.0,0.0,0.0
9,DB00091,DB00514,1,1.0,A,DB00091,pathway,170,1.0,0.0,0.0
9,DB00091,DB00514,1,1.0,A,DB00091,pathway,171,1.0,0.0,0.0
9,DB00091,DB00514,1,1.0,A,DB00091,pathway,172,1.0,0.0,0.0
9,DB00091,DB00514,1,1.0,A,DB00091,pathway,176,1.0,0.0,0.0
9,DB00091,DB00514,1,1.0,A,DB00091,pathway,187,1.0,0.0,0.0
9,DB00091,DB00514,1,1.0,A,DB00091,pathway,188,1.0,0.0,0.0
9,DB00091,DB00514,1,1.0,A,DB00091,pathway,191,1.0,0.0,0.0
9,DB00091,DB00514,1,1.0,A,DB00091,pathway,193,1.0,0.0,0.0
9,DB00091,DB00514,1,1.0,A,DB00091,pathway,195,1.0,0.0,0.0
9,DB00091,DB00514,1,1.0,A,DB00091,pathway,205,1.0,0.0,0.0
9,DB00091,DB00514,1,1.0,A,DB00091,pathway,208,1.0,0.0,0.0
9,DB00091,DB00514,1,1.0,A,DB00091,pathway,209,1.0,0.0,0.0
9,DB00091,DB00514,1,1.0,A,DB00091,pathway,227,1.0,0.0,0.0
9,DB00091,DB00514,1,1.0,A,DB00091,pathway,237,1.0,0.0,0.0
9,DB00091,DB00514,1,1.0,A,DB00091,pathway,245,1.0,0.0,0.0
9,DB00091,DB00514,1,1.0,A,DB00091,pathway,247,1.0,0.0,0.0
9,DB00091,DB00514,1,1.0,A,DB00091,pathway,250,1.0,0.0,0.0
9,DB00091,DB00514,1,1.0,A,DB00091,pathway,263,1.0,0.0,0.0
9,DB00091,DB00514,1,1.0,A,DB00091,pathway,269,1.0,0.0,0.0
9,DB00091,DB00514,1,1.0,A,DB00091,pathway,281,1.0,0.0,0.0
9,DB00091,DB00514,1,1.0,A,DB00091,pathway,283,1.0,0.0,0.0
9,DB00091,DB00514,1,1.0,A,DB00091,pathway,285,1.0,0.0,0.0
9,DB00091,DB00514,1,1.0,A,DB00091,pathway,286,1.0,0.0,0.0
9,DB00091,DB00514,1,1.0,A,DB00091,pathway,287,1.0,0.0,0.0
9,DB00091,DB00514,1,1.0,A,DB00091,pathway,290,1.0,0.0,0.0
9,DB00091,DB00514,1,1.0,A,DB00091,pathway,296,1.0,0.0,0.0
9,DB00091,DB00514,1,1.0,A,DB00091,pathway,297,1.0,0.0,0.0
9,DB00091,DB00514,1,1.0,A,DB00091,pathway,308,1.0,0.0,0.0
9,DB00091,DB00514,1,1.0,A,DB00091,pathway,314,1.0,0.0,0.0
9,DB00091,DB00514,1,1.0,A,DB00091,pathway,315,1.0,0.0,0.0
9,DB00091,DB00514,1,1.0,A,DB00091,pathway,329,1.0,0.0,0.0
9,DB00091,DB00514,1,1.0,A,DB00091,pathway,332,1.0,0.0,0.0
9,DB00091,DB00514,1,1.0,A,DB00091,pathway,333,1.0,0.0,0.0
9,DB00091,DB00514,1,1.0,A,DB00091,pathway,340,1.0,0.0,0.0
9,DB00091,DB00514,1,1.0,A,DB00091,pathway,346,1.0,0.0,0.0
9,DB00091,DB00514,1,1.0,A,DB00091,pathway,350,1.0,0.0,0.0
9,DB00091,DB00514,1,1.0,A,DB00091,pathway,353,1.0,0.0,0.0
9,DB00091,DB00514,1,1.0,A,DB00091,pathway,358,1.0,0.0,0.0
9,DB00091,DB00514,1,1.0,A,DB00091,pathway,359,1.0,0.0,0.0
9,DB00091,DB00514,1,1.0,A,DB00091,pathway,362,1.0,0.0,0.0
9,DB00091,DB00514,1,1.0,A,DB00091,pathway,371,1.0,0.0,0.0
9,DB00091,DB00514,1,1.0,A,DB00091,pathway,374,1.0,0.0,0.0
9,DB00091,DB00514,1,1.0,A,DB00091,pathway,379,1.0,0.0,0.0
9,DB00091,DB00514,1,1.0,A,DB00091,pathway,385,1.0,0.0,0.0
9,DB00091,DB00514,1,1.0,A,DB00091,pathway,386,1.0,0.0,0.0
9,DB00091,DB00514,1,1.0,A,DB00091,pathway,387,1.0,0.0,0.0
9,DB00091,DB00514,1,1.0,A,DB00091,pathway,393,1.0,0.0,0.0
9,DB00091,DB00514,1,1.0,A,DB00091,pathway,394,1.0,0.0,0.0
9,DB00091,DB00514,1,1.0,A,DB00091,pathway,395,1.0,0.0,0.0
9,DB00091,DB00514,1,1.0,A,DB00091,pathway,396,1.0,0.0,0.0
9,DB00091,DB00514,1,1.0,A,DB00091,pathway,397,1.0,0.0,0.0
9,DB00091,DB00514,1,1.0,A,DB00091,pathway,398,1.0,0.0,0.0
9,DB00091,DB00514,1,1.0,A,DB00091,pathway,399,1.0,0.0,0.0
9,DB00091,DB00514,1,1.0,A,DB00091,pathway,401,1.0,0.0,0.0
9,DB00091,DB00514,1,1.0,A,DB00091,pathway,402,1.0,0.0,0.0
9,DB00091,DB00514,1,1.0,A,DB00091,pathway,427,1.0,0.0,0.0
9,DB00091,DB00514,1,1.0,A,DB00091,pathway,429,1.0,0.0,0.0
9,DB00091,DB00514,1,1.0,A,DB00091,pathway,430,1.0,0.0,0.0
9,DB00091,DB00514,1,1.0,A,DB00091,pathway,438,1.0,0.0,0.0
9,DB00091,DB00514,1,1.0,A,DB00091,pathway,439,1.0,0.0,0.0
9,DB00091,DB00514,1,1.0,A,DB00091,pathway,440,1.0,0.0,0.0
9,DB00091,DB00514,1,1.0,A,DB00091,pathway,441,1.0,0.0,0.0
9,DB00091,DB00514,1,1.0,A,DB00091,pathway,442,1.0,0.0,0.0
9,DB00091,DB00514,1,1.0,A,DB00091,pathway,443,1.0,0.0,0.0
9,DB00091,DB00514,1,1.0,A,DB00091,pathway,444,1.0,0.0,0.0
9,DB00091,DB00514,1,1.0,A,DB00091,pathway,446,1.0,0.0,0.0
9,DB00091,DB00514,1,1.0,A,DB00091,pathway,447,1.0,0.0,0.0
9,DB00091,DB00514,1,1.0,A,DB00091,pathway,452,1.0,0.0,0.0
9,DB00091,DB00514,1,1.0,A,DB00091,pathway,455,1.0,0.0,0.0
9,DB00091,DB00514,1,1.0,A,DB00091,pathway,457,1.0,0.0,0.0
9,DB00091,DB00514,1,1.0,A,DB00091,pathway,462,1.0,0.0,0.0
9,DB00091,DB00514,1,1.0,A,DB00091,pathway,464,1.0,0.0,0.0
9,DB00091,DB00514,1,1.0,A,DB00091,pathway,466,1.0,0.0,0.0
9,DB00091,DB00514,1,1.0,A,DB00091,pathway,467,1.0,0.0,0.0
9,DB00091,DB00514,1,1.0,A,DB00091,pathway,471,1.0,0.0,0.0
9,DB00091,DB00514,1,1.0,A,DB00091,pathway,473,1.0,0.0,0.0
9,DB00091,DB00514,1,1.0,A,DB00091,pathway,478,1.0,0.0,0.0
9,DB00091,DB00514,1,1.0,A,DB00091,pathway,479,1.0,0.0,0.0
9,DB00091,DB00514,1,1.0,A,DB00091,pathway,480,1.0,0.0,0.0
9,DB00091,DB00514,1,1.0,A,DB00091,pathway,481,1.0,0.0,0.0
9,DB00091,DB00514,1,1.0,A,DB00091,pathway,482,1.0,0.0,0.0
9,DB00091,DB00514,1,1.0,A,DB00091,pathway,488,1.0,0.0,0.0
9,DB00091,DB00514,1,1.0,A,DB00091,pathway,498,1.0,0.0,0.0
9,DB00091,DB00514,1,1.0,A,DB00091,pathway,499,1.0,0.0,0.0
9,DB00091,DB00514,1,1.0,A,DB00091,pathway,511,1.0,0.0,0.0
9,DB00091,DB00514,1,1.0,A,DB00091,pathway,512,1.0,0.0,0.0
9,DB00091,DB00514,1,1.0,A,DB00091,pathway,513,1.0,0.0,0.0
9,DB00091,DB00514,1,1.0,A,DB00091,pathway,515,1.0,0.0,0.0
9,DB00091,DB00514,1,1.0,A,DB00091,pathway,521,1.0,0.0,0.0
9,DB00091,DB00514,1,1.0,A,DB00091,pathway,524,1.0,0.0,0.0
9,DB00091,DB00514,1,1.0,A,DB00091,pathway,527,1.0,0.0,0.0
9,DB00091,DB00514,1,1.0,A,DB00091,pathway,528,1.0,0.0,0.0
9,DB00091,DB00514,1,1.0,A,DB00091,pathway,530,1.0,0.0,0.0
9,DB00091,DB00514,1,1.0,A,DB00091,pathway,531,1.0,0.0,0.0
9,DB00091,DB00514,1,1.0,A,DB00091,pathway,532,1.0,0.0,0.0
9,DB00091,DB00514,1,1.0,A,DB00091,pathway,536,1.0,0.0,0.0
9,DB00091,DB00514,1,1.0,A,DB00091,pathway,542,1.0,0.0,0.0
9,DB00091,DB00514,1,1.0,A,DB00091,pathway,544,1.0,0.0,0.0
9,DB00091,DB00514,1,1.0,A,DB00091,pathway,552,1.0,0.0,0.0
9,DB00091,DB00514,1,1.0,A,DB00091,pathway,557,1.0,0.0,0.0
9,DB00091,DB00514,1,1.0,A,DB00091,pathway,559,1.0,0.0,0.0
9,DB00091,DB00514,1,1.0,A,DB00091,pathway,587,1.0,0.0,0.0
9,DB00091,DB00514,1,1.0,A,DB00091,pathway,588,1.0,0.0,0.0
9,DB00091,DB00514,1,1.0,A,DB00091,pathway,589,1.0,0.0,0.0
9,DB00091,DB00514,1,1.0,A,DB00091,pathway,590,1.0,0.0,0.0
9,DB00091,DB00514,1,1.0,A,DB00091,pathway,591,1.0,0.0,0.0
9,DB00091,DB00514,1,1.0,A,DB00091,pathway,594,1.0,0.0,0.0
9,DB00091,DB00514,1,1.0,A,DB00091,pathway,602,1.0,0.0,0.0
9,DB00091,DB00514,1,1.0,A,DB00091,pathway,612,1.0,0.0,0.0
9,DB00091,DB00514,1,1.0,A,DB00091,pathway,614,1.0,0.0,0.0
9,DB00091,DB00514,1,1.0,A,DB00091,pathway,617,1.0,0.0,0.0
9,DB00091,DB00514,1,1.0,A,DB00091,pathway,619,1.0,0.0,0.0
9,DB00091,DB00514,1,1.0,A,DB00091,pathway,620,1.0,0.0,0.0
9,DB00091,DB00514,1,1.0,A,DB00091,pathway,625,1.0,0.0,0.0
9,DB00091,DB00514,1,1.0,A,DB00091,pathway,626,1.0,0.0,0.0
9,DB00091,DB00514,1,1.0,A,DB00091,pathway,627,1.0,0.0,0.0
9,DB00091,DB00514,1,1.0,A,DB00091,pathway,630,1.0,0.0,0.0
9,DB00091,DB00514,1,1.0,A,DB00091,pathway,631,1.0,0.0,0.0
9,DB00091,DB00514,1,1.0,A,DB00091,pathway,636,1.0,0.0,0.0
9,DB00091,DB00514,1,1.0,A,DB00091,pathway,637,1.0,0.0,0.0
9,DB00091,DB00514,1,1.0,A,DB00091,pathway,638,1.0,0.0,0.0
9,DB00091,DB00514,1,1.0,A,DB00091,pathway,640,1.0,0.0,0.0
9,DB00091,DB00514,1,1.0,A,DB00091,pathway,641,1.0,0.0,0.0
9,DB00091,DB00514,1,1.0,A,DB00091,pathway,642,1.0,0.0,0.0
9,DB00091,DB00514,1,1.0,A,DB00091,pathway,643,1.0,0.0,0.0
9,DB00091,DB00514,1,1.0,A,DB00091,pathway,644,1.0,0.0,0.0
9,DB00091,DB00514,1,1.0,A,DB00091,pathway,645,1.0,0.0,0.0
9,DB00091,DB00514,1,1.0,A,DB00091,pathway,646,1.0,0.0,0.0
9,DB00091,DB00514,1,1.0,A,DB00091,pathway,647,1.0,0.0,0.0
9,DB00091,DB00514,1,1.0,A,DB00091,pathway,650,1.0,0.0,0.0
9,DB00091,DB00514,1,1.0,A,DB00091,pathway,651,1.0,0.0,0.0
9,DB00091,DB00514,1,1.0,A,DB00091,pathway,652,1.0,0.0,0.0
9,DB00091,DB00514,1,1.0,A,DB00091,pathway,654,1.0,0.0,0.0
9,DB00091,DB00514,1,1.0,A,DB00091,pathway,655,1.0,0.0,0.0
9,DB00091,DB00514,1,1.0,A,DB00091,pathway,656,1.0,0.0,0.0
9,DB00091,DB00514,1,1.0,A,DB00091,pathway,658,1.0,0.0,0.0
9,DB00091,DB00514,1,1.0,A,DB00091,pathway,664,1.0,0.0,0.0
9,DB00091,DB00514,1,1.0,A,DB00091,pathway,668,1.0,0.0,0.0
9,DB00091,DB00514,1,1.0,A,DB00091,pathway,670,1.0,0.0,0.0
9,DB00091,DB00514,1,1.0,A,DB00091,pathway,671,1.0,0.0,0.0
9,DB00091,DB00514,1,1.0,A,DB00091,pathway,672,1.0,0.0,0.0
9,DB00091,DB00514,1,1.0,A,DB00091,pathway,673,1.0,0.0,0.0
9,DB00091,DB00514,1,1.0,A,DB00091,pathway,674,1.0,0.0,0.0
9,DB00091,DB00514,1,1.0,A,DB00091,pathway,677,1.0,0.0,0.0
9,DB00091,DB00514,1,1.0,A,DB00091,pathway,679,1.0,0.0,0.0
9,DB00091,DB00514,1,1.0,A,DB00091,pathway,683,1.0,0.0,0.0
9,DB00091,DB00514,1,1.0,A,DB00091,pathway,685,1.0,0.0,0.0
9,DB00091,DB00514,1,1.0,A,DB00091,pathway,686,1.0,0.0,0.0
9,DB00091,DB00514,1,1.0,A,DB00091,pathway,687,1.0,0.0,0.0
9,DB00091,DB00514,1,1.0,A,DB00091,pathway,688,1.0,0.0,0.0
9,DB00091,DB00514,1,1.0,A,DB00091,pathway,691,1.0,0.0,0.0
9,DB00091,DB00514,1,1.0,A,DB00091,pathway,692,1.0,0.0,0.0
9,DB00091,DB00514,1,1.0,A,DB00091,pathway,693,1.0,0.0,0.0
9,DB00091,DB00514,1,1.0,A,DB00091,pathway,694,1.0,0.0,0.0
9,DB00091,DB00514,1,1.0,A,DB00091,pathway,695,1.0,0.0,0.0
9,DB00091,DB00514,1,1.0,A,DB00091,pathway,696,1.0,0.0,0.0
9,DB00091,DB00514,1,1.0,A,DB00091,pathway,701,1.0,0.0,0.0
9,DB00091,DB00514,1,1.0,A,DB00091,pathway,703,1.0,0.0,0.0
9,DB00091,DB00514,1,1.0,A,DB00091,pathway,704,1.0,0.0,0.0
9,DB00091,DB00514,1,1.0,A,DB00091,pathway,705,1.0,0.0,0.0
9,DB00091,DB00514,1,1.0,A,DB00091,pathway,707,1.0,0.0,0.0
9,DB00091,DB00514,1,1.0,A,DB00091,pathway,708,1.0,0.0,0.0
9,DB00091,DB00514,1,1.0,A,DB00091,pathway,709,1.0,0.0,0.0
9,DB00091,DB00514,1,1.0,A,DB00091,pathway,711,1.0,0.0,0.0
9,DB00091,DB00514,1,1.0,A,DB00091,pathway,715,1.0,0.0,0.0
9,DB00091,DB00514,1,1.0,A,DB00091,pathway,716,1.0,0.0,0.0
9,DB00091,DB00514,1,1.0,A,DB00091,pathway,717,1.0,0.0,0.0
9,DB00091,DB00514,1,1.0,A,DB00091,pathway,718,1.0,0.0,0.0
9,DB00091,DB00514,1,1.0,A,DB00091,pathway,719,1.0,0.0,0.0
9,DB00091,DB00514,1,1.0,A,DB00091,pathway,728,1.0,0.0,0.0
9,DB00091,DB00514,1,1.0,A,DB00091,pathway,730,1.0,0.0,0.0
9,DB00091,DB00514,1,1.0,A,DB00091,pathway,732,1.0,0.0,0.0
9,DB00091,DB00514,1,1.0,A,DB00091,pathway,733,1.0,0.0,0.0
9,DB00091,DB00514,1,1.0,A,DB00091,pathway,744,1.0,0.0,0.0
9,DB00091,DB00514,1,1.0,A,DB00091,pathway,764,1.0,0.0,0.0
9,DB00091,DB00514,1,1.0,A,DB00091,pathway,765,1.0,0.0,0.0
9,DB00091,DB00514,1,1.0,A,DB00091,pathway,772,1.0,0.0,0.0
9,DB00091,DB00514,1,1.0,A,DB00091,pathway,775,1.0,0.0,0.0
9,DB00091,DB00514,1,1.0,A,DB00091,pathway,776,1.0,0.0,0.0
9,DB00091,DB00514,1,1.0,A,DB00091,pathway,777,1.0,0.0,0.0
9,DB00091,DB00514,1,1.0,A,DB00091,pathway,783,1.0,0.0,0.0
9,DB00091,DB00514,1,1.0,A,DB00091,pathway,784,1.0,0.0,0.0
9,DB00091,DB00514,1,1.0,A,DB00091,pathway,787,1.0,0.0,0.0
9,DB00091,DB00514,1,1.0,A,DB00091,pathway,788,1.0,0.0,0.0
9,DB00091,DB00514,1,1.0,A,DB00091,pathway,789,1.0,0.0,0.0
9,DB00091,DB00514,1,1.0,A,DB00091,pathway,797,1.0,0.0,0.0
9,DB00091,DB00514,1,1.0,A,DB00091,pathway,798,1.0,0.0,0.0
9,DB00091,DB00514,1,1.0,A,DB00091,pathway,799,1.0,0.0,0.0
9,DB00091,DB00514,1,1.0,A,DB00091,pathway,801,1.0,0.0,0.0
9,DB00091,DB00514,1,1.0,A,DB00091,pathway,805,1.0,0.0,0.0
9,DB00091,DB00514,1,1.0,A,DB00091,pathway,806,1.0,0.0,0.0
9,DB00091,DB00514,1,1.0,A,DB00091,pathway,811,1.0,0.0,0.0
9,DB00091,DB00514,1,1.0,A,DB00091,pathway,826,1.0,0.0,0.0
9,DB00091,DB00514,1,1.0,A,DB00091,pathway,830,1.0,0.0,0.0
9,DB00091,DB00514,1,1.0,A,DB00091,pathway,836,1.0,0.0,0.0
9,DB00091,DB00514,1,1.0,A,DB00091,pathway,837,1.0,0.0,0.0
9,DB00091,DB00514,1,1.0,A,DB00091,pathway,840,1.0,0.0,0.0
9,DB00091,DB00514,1,1.0,A,DB00091,pathway,845,1.0,0.0,0.0
9,DB00091,DB00514,1,1.0,A,DB00091,pathway,853,1.0,0.0,0.0
9,DB00091,DB00514,1,1.0,A,DB00091,pathway,854,1.0,0.0,0.0
9,DB00091,DB00514,1,1.0,A,DB00091,pathway,855,1.0,0.0,0.0
9,DB00091,DB00514,1,1.0,A,DB00091,pathway,863,1.0,0.0,0.0
9,DB00091,DB00514,1,1.0,A,DB00091,pathway,870,1.0,0.0,0.0
9,DB00091,DB00514,1,1.0,A,DB00091,pathway,874,1.0,0.0,0.0
9,DB00091,DB00514,1,1.0,A,DB00091,pathway,877,1.0,0.0,0.0
9,DB00091,DB00514,1,1.0,A,DB00091,pathway,883,1.0,0.0,0.0
9,DB00091,DB00514,1,1.0,A,DB00091,pathway,896,1.0,0.0,0.0
9,DB00091,DB00514,1,1.0,A,DB00091,pathway,910,1.0,0.0,0.0
9,DB00091,DB00514,1,1.0,A,DB00091,pathway,919,1.0,0.0,0.0
9,DB00091,DB00514,1,1.0,A,DB00091,pathway,922,1.0,0.0,0.0
9,DB00091,DB00514,1,1.0,A,DB00091,pathway,927,1.0,0.0,0.0
9,DB00091,DB00514,1,1.0,A,DB00091,pathway,940,1.0,0.0,0.0
9,DB00091,DB00514,1,1.0,A,DB00091,pathway,948,1.0,0.0,0.0
9,DB00091,DB00514,1,1.0,A,DB00091,pathway,955,1.0,0.0,0.0
9,DB00091,DB00514,1,1.0,A,DB00091,pathway,958,1.0,0.0,0.0
9,DB00091,DB00514,1,1.0,A,DB00091,pathway,959,1.0,0.0,0.0
9,DB00091,DB00514,1,1.0,A,DB00091,pathway,965,1.0,0.0,0.0
9,DB00091,DB00514,1,1.0,A,DB00091,pathway,968,1.0,0.0,0.0
9,DB00091,DB00514,1,1.0,A,DB00091,pathway,969,1.0,0.0,0.0
9,DB00091,DB00514,1,1.0,A,DB00091,pathway,970,1.0,0.0,0.0
9,DB00091,DB00514,1,1.0,A,DB00091,pathway,973,1.0,0.0,0.0
9,DB00091,DB00514,1,1.0,A,DB00091,pathway,981,1.0,0.0,0.0
9,DB00091,DB00514,1,1.0,A,DB00091,pathway,986,1.0,0.0,0.0
9,DB00091,DB00514,1,1.0,A,DB00091,pathway,987,1.0,0.0,0.0
9,DB00091,DB00514,1,1.0,A,DB00091,pathway,988,1.0,0.0,0.0
9,DB00091,DB00514,1,1.0,A,DB00091,pathway,989,1.0,0.0,0.0
9,DB00091,DB00514,1,1.0,A,DB00091,pathway,1009,1.0,0.0,0.0
9,DB00091,DB00514,1,1.0,A,DB00091,pathway,1010,1.0,0.0,0.0
9,DB00091,DB00514,1,1.0,A,DB00091,pathway,1011,1.0,0.0,0.0
9,DB00091,DB00514,1,1.0,A,DB00091,pathway,1012,1.0,0.0,0.0
9,DB00091,DB00514,1,1.0,A,DB00091,pathway,1018,1.0,0.0,0.0
9,DB00091,DB00514,1,1.0,A,DB00091,pathway,1019,1.0,0.0,0.0
9,DB00091,DB00514,1,1.0,A,DB00091,pathway,1020,1.0,0.0,0.0
9,DB00091,DB00514,1,1.0,A,DB00091,pathway,1031,1.0,0.0,0.0
9,DB00091,DB00514,1,1.0,A,DB00091,pathway,1037,1.0,0.0,0.0
9,DB00091,DB00514,1,1.0,A,DB00091,pathway,1041,1.0,0.0,0.0
9,DB00091,DB00514,1,1.0,A,DB00091,pathway,1044,1.0,0.0,0.0
9,DB00091,DB00514,1,1.0,A,DB00091,pathway,1045,1.0,0.0,0.0
9,DB00091,DB00514,1,1.0,A,DB00091,pathway,1046,1.0,0.0,0.0
9,DB00091,DB00514,1,1.0,A,DB00091,pathway,1047,1.0,0.0,0.0
9,DB00091,DB00514,1,1.0,A,DB00091,pathway,1048,1.0,0.0,0.0
9,DB00091,DB00514,1,1.0,A,DB00091,pathway,1054,1.0,0.0,0.0
9,DB00091,DB00514,1,1.0,A,DB00091,pathway,1057,1.0,0.0,0.0
9,DB00091,DB00514,1,1.0,A,DB00091,pathway,1062,1.0,0.0,0.0
9,DB00091,DB00514,1,1.0,A,DB00091,pathway,1064,1.0,0.0,0.0
9,DB00091,DB00514,1,1.0,A,DB00091,pathway,1066,1.0,0.0,0.0
9,DB00091,DB00514,1,1.0,A,DB00091,pathway,1073,1.0,0.0,0.0
9,DB00091,DB00514,1,1.0,A,DB00091,pathway,1074,1.0,0.0,0.0
9,DB00091,DB00514,1,1.0,A,DB00091,pathway,1079,1.0,0.0,0.0
9,DB00091,DB00514,1,1.0,A,DB00091,pathway,1080,1.0,0.0,0.0
9,DB00091,DB00514,1,1.0,A,DB00091,pathway,1081,1.0,0.0,0.0
9,DB00091,DB00514,1,1.0,A,DB00091,pathway,1082,1.0,0.0,0.0
9,DB00091,DB00514,1,1.0,A,DB00091,pathway,1083,1.0,0.0,0.0
9,DB00091,DB00514,1,1.0,A,DB00091,pathway,1084,1.0,0.0,0.0
9,DB00091,DB00514,1,1.0,A,DB00091,pathway,1085,1.0,0.0,0.0
9,DB00091,DB00514,1,1.0,A,DB00091,pathway,1089,1.0,0.0,0.0
9,DB00091,DB00514,1,1.0,A,DB00091,pathway,1090,1.0,0.0,0.0
9,DB00091,DB00514,1,1.0,A,DB00091,pathway,1099,1.0,0.0,0.0
9,DB00091,DB00514,1,1.0,A,DB00091,pathway,1100,1.0,0.0,0.0
9,DB00091,DB00514,1,1.0,A,DB00091,pathway,1102,1.0,0.0,0.0
9,DB00091,DB00514,1,1.0,A,DB00091,pathway,1103,1.0,0.0,0.0
9,DB00091,DB00514,1,1.0,A,DB00091,pathway,1107,1.0,0.0,0.0
9,DB00091,DB00514,1,1.0,A,DB00091,pathway,1108,1.0,0.0,0.0
9,DB00091,DB00514,1,1.0,A,DB00091,pathway,1110,1.0,0.0,0.0
9,DB00091,DB00514,1,1.0,A,DB00091,pathway,1116,1.0,0.0,0.0
9,DB00091,DB00514,1,1.0,A,DB00091,pathway,1119,1.0,0.0,0.0
9,DB00091,DB00514,1,1.0,A,DB00091,pathway,1120,1.0,0.0,0.0
9,DB00091,DB00514,1,1.0,A,DB00091,pathway,1121,1.0,0.0,0.0
9,DB00091,DB00514,1,1.0,A,DB00091,pathway,1122,1.0,0.0,0.0
9,DB00091,DB00514,1,1.0,A,DB00091,pathway,1123,1.0,0.0,0.0
9,DB00091,DB00514,1,1.0,A,DB00091,pathway,1126,1.0,0.0,0.0
9,DB00091,DB00514,1,1.0,A,DB00091,pathway,1134,1.0,0.0,0.0
9,DB00091,DB00514,1,1.0,A,DB00091,pathway,1135,1.0,0.0,0.0
9,DB00091,DB00514,1,1.0,A,DB00091,pathway,1138,1.0,0.0,0.0
9,DB00091,DB00514,1,1.0,A,DB00091,pathway,1153,1.0,0.0,0.0
9,DB00091,DB00514,1,1.0,A,DB00091,pathway,1154,1.0,0.0,0.0
9,DB00091,DB00514,1,1.0,A,DB00091,pathway,1157,1.0,0.0,0.0
9,DB00091,DB00514,1,1.0,A,DB00091,pathway,1165,1.0,0.0,0.0
9,DB00091,DB00514,1,1.0,A,DB00091,pathway,1167,1.0,0.0,0.0
9,DB00091,DB00514,1,1.0,A,DB00091,pathway,1177,1.0,0.0,0.0
9,DB00091,DB00514,1,1.0,A,DB00091,pathway,1182,1.0,0.0,0.0
9,DB00091,DB00514,1,1.0,A,DB00091,pathway,1217,1.0,0.0,0.0
9,DB00091,DB00514,1,1.0,A,DB00091,pathway,1218,1.0,0.0,0.0
9,DB00091,DB00514,1,1.0,A,DB00091,pathway,1224,1.0,0.0,0.0
9,DB00091,DB00514,1,1.0,A,DB00091,pathway,1225,1.0,0.0,0.0
9,DB00091,DB00514,1,1.0,A,DB00091,pathway,1230,1.0,0.0,0.0
9,DB00091,DB00514,1,1.0,A,DB00091,pathway,1245,1.0,0.0,0.0
9,DB00091,DB00514,1,1.0,A,DB00091,pathway,1249,1.0,0.0,0.0
9,DB00091,DB00514,1,1.0,A,DB00091,pathway,1262,1.0,0.0,0.0
9,DB00091,DB00514,1,1.0,A,DB00091,pathway,1263,1.0,0.0,0.0
9,DB00091,DB00514,1,1.0,A,DB00091,pathway,1264,1.0,0.0,0.0
9,DB00091,DB00514,1,1.0,A,DB00091,pathway,1265,1.0,0.0,0.0
9,DB00091,DB00514,1,1.0,A,DB00091,pathway,1266,1.0,0.0,0.0
9,DB00091,DB00514,1,1.0,A,DB00091,pathway,1267,1.0,0.0,0.0
9,DB00091,DB00514,1,1.0,A,DB00091,pathway,1268,1.0,0.0,0.0
9,DB00091,DB00514,1,1.0,A,DB00091,pathway,1270,1.0,0.0,0.0
9,DB00091,DB00514,1,1.0,A,DB00091,pathway,1272,1.0,0.0,0.0
9,DB00091,DB00514,1,1.0,A,DB00091,pathway,1278,1.0,0.0,0.0
9,DB00091,DB00514,1,1.0,A,DB00091,pathway,1291,1.0,0.0,0.0
9,DB00091,DB00514,1,1.0,A,DB00091,pathway,1292,1.0,0.0,0.0
9,DB00091,DB00514,1,1.0,A,DB00091,pathway,1297,1.0,0.0,0.0
9,DB00091,DB00514,1,1.0,A,DB00091,pathway,1298,1.0,0.0,0.0
9,DB00091,DB00514,1,1.0,A,DB00091,pathway,1299,1.0,0.0,0.0
9,DB00091,DB00514,1,1.0,A,DB00091,pathway,1300,1.0,0.0,0.0
9,DB00091,DB00514,1,1.0,A,DB00091,pathway,1301,1.0,0.0,0.0
9,DB00091,DB00514,1,1.0,A,DB00091,pathway,1302,1.0,0.0,0.0
9,DB00091,DB00514,1,1.0,A,DB00091,pathway,1305,1.0,0.0,0.0
9,DB00091,DB00514,1,1.0,A,DB00091,pathway,1312,1.0,0.0,0.0
9,DB00091,DB00514,1,1.0,A,DB00091,pathway,1318,1.0,0.0,0.0
9,DB00091,DB00514,1,1.0,A,DB00091,pathway,1329,1.0,0.0,0.0
9,DB00091,DB00514,1,1.0,A,DB00091,pathway,1333,1.0,0.0,0.0
9,DB00091,DB00514,1,1.0,A,DB00091,pathway,1339,1.0,0.0,0.0
9,DB00091,DB00514,1,1.0,A,DB00091,pathway,1346,1.0,0.0,0.0
9,DB00091,DB00514,1,1.0,A,DB00091,pathway,1347,1.0,0.0,0.0
9,DB00091,DB00514,1,1.0,A,DB00091,pathway,1348,1.0,0.0,0.0
9,DB00091,DB00514,1,1.0,A,DB00091,pathway,1353,1.0,0.0,0.0
9,DB00091,DB00514,1,1.0,A,DB00091,pathway,1356,1.0,0.0,0.0
9,DB00091,DB00514,1,1.0,A,DB00091,pathway,1364,1.0,0.0,0.0
9,DB00091,DB00514,1,1.0,A,DB00091,pathway,1366,1.0,0.0,0.0
9,DB00091,DB00514,1,1.0,A,DB00091,pathway,1370,1.0,0.0,0.0
9,DB00091,DB00514,1,1.0,A,DB00091,pathway,1372,1.0,0.0,0.0
9,DB00091,DB00514,1,1.0,A,DB00091,pathway,1373,1.0,0.0,0.0
9,DB00091,DB00514,1,1.0,A,DB00091,pathway,1382,1.0,0.0,0.0
9,DB00091,DB00514,1,1.0,A,DB00091,pathway,1394,1.0,0.0,0.0
9,DB00091,DB00514,1,1.0,A,DB00091,pathway,1396,1.0,0.0,0.0
9,DB00091,DB00514,1,1.0,A,DB00091,pathway,1397,1.0,0.0,0.0
9,DB00091,DB00514,1,1.0,A,DB00091,pathway,1401,1.0,0.0,0.0
9,DB00091,DB00514,1,1.0,A,DB00091,pathway,1402,1.0,0.0,0.0
9,DB00091,DB00514,1,1.0,A,DB00091,pathway,1405,1.0,0.0,0.0
9,DB00091,DB00514,1,1.0,A,DB00091,pathway,1414,1.0,0.0,0.0
9,DB00091,DB00514,1,1.0,A,DB00091,pathway,1419,1.0,0.0,0.0
9,DB00091,DB00514,1,1.0,A,DB00091,pathway,1422,1.0,0.0,0.0
9,DB00091,DB00514,1,1.0,A,DB00091,pathway,1423,1.0,0.0,0.0
9,DB00091,DB00514,1,1.0,A,DB00091,pathway,1424,1.0,0.0,0.0
9,DB00091,DB00514,1,1.0,A,DB00091,pathway,1428,1.0,0.0,0.0
9,DB00091,DB00514,1,1.0,A,DB00091,pathway,1430,1.0,0.0,0.0
9,DB00091,DB00514,1,1.0,A,DB00091,pathway,1431,1.0,0.0,0.0
9,DB00091,DB00514,1,1.0,A,DB00091,pathway,1432,1.0,0.0,0.0
9,DB00091,DB00514,1,1.0,A,DB00091,pathway,1436,1.0,0.0,0.0
9,DB00091,DB00514,1,1.0,A,DB00091,pathway,1437,1.0,0.0,0.0
9,DB00091,DB00514,1,1.0,A,DB00091,pathway,1440,1.0,0.0,0.0
9,DB00091,DB00514,1,1.0,A,DB00091,pathway,1441,1.0,0.0,0.0
9,DB00091,DB00514,1,1.0,A,DB00091,pathway,1446,1.0,0.0,0.0
9,DB00091,DB00514,1,1.0,A,DB00091,pathway,1448,1.0,0.0,0.0
9,DB00091,DB00514,1,1.0,A,DB00091,pathway,1453,1.0,0.0,0.0
9,DB00091,DB00514,1,1.0,A,DB00091,pathway,1467,1.0,0.0,0.0
9,DB00091,DB00514,1,1.0,A,DB00091,pathway,1468,1.0,0.0,0.0
9,DB00091,DB00514,1,1.0,A,DB00091,pathway,1471,1.0,0.0,0.0
9,DB00091,DB00514,1,1.0,A,DB00091,pathway,1472,1.0,0.0,0.0
9,DB00091,DB00514,1,1.0,A,DB00091,pathway,1473,1.0,0.0,0.0
9,DB00091,DB00514,1,1.0,A,DB00091,pathway,1474,1.0,0.0,0.0
9,DB00091,DB00514,1,1.0,A,DB00091,pathway,1488,1.0,0.0,0.0
9,DB00091,DB00514,1,1.0,A,DB00091,pathway,1489,1.0,0.0,0.0
9,DB00091,DB00514,1,1.0,A,DB00091,pathway,1490,1.0,0.0,0.0
9,DB00091,DB00514,1,1.0,A,DB00091,pathway,1491,1.0,0.0,0.0
9,DB00091,DB00514,1,1.0,A,DB00091,pathway,1492,1.0,0.0,0.0
9,DB00091,DB00514,1,1.0,A,DB00091,pathway,1496,1.0,0.0,0.0
9,DB00091,DB00514,1,1.0,A,DB00091,pathway,1500,1.0,0.0,0.0
9,DB00091,DB00514,1,1.0,A,DB00091,pathway,1502,1.0,0.0,0.0
9,DB00091,DB00514,1,1.0,A,DB00091,pathway,1513,1.0,0.0,0.0
9,DB00091,DB00514,1,1.0,A,DB00091,pathway,1514,1.0,0.0,0.0
9,DB00091,DB00514,1,1.0,A,DB00091,pathway,1518,1.0,0.0,0.0
9,DB00091,DB00514,1,1.0,A,DB00091,pathway,1521,1.0,0.0,0.0
9,DB00091,DB00514,1,1.0,A,DB00091,pathway,1522,1.0,0.0,0.0
9,DB00091,DB00514,1,1.0,A,DB00091,pathway,1524,1.0,0.0,0.0
9,DB00091,DB00514,1,1.0,A,DB00091,pathway,1531,1.0,0.0,0.0
9,DB00091,DB00514,1,1.0,A,DB00091,pathway,1533,1.0,0.0,0.0
9,DB00091,DB00514,1,1.0,A,DB00091,pathway,1534,1.0,0.0,0.0
9,DB00091,DB00514,1,1.0,A,DB00091,pathway,1542,1.0,0.0,0.0
9,DB00091,DB00514,1,1.0,A,DB00091,pathway,1544,1.0,0.0,0.0
9,DB00091,DB00514,1,1.0,A,DB00091,pathway,1547,1.0,0.0,0.0
9,DB00091,DB00514,1,1.0,A,DB00091,pathway,1548,1.0,0.0,0.0
9,DB00091,DB00514,1,1.0,A,DB00091,pathway,1549,1.0,0.0,0.0
9,DB00091,DB00514,1,1.0,A,DB00091,pathway,1557,1.0,0.0,0.0
9,DB00091,DB00514,1,1.0,A,DB00091,pathway,1562,1.0,0.0,0.0
9,DB00091,DB00514,1,1.0,A,DB00091,pathway,1567,1.0,0.0,0.0
9,DB00091,DB00514,1,1.0,A,DB00091,pathway,1568,1.0,0.0,0.0
9,DB00091,DB00514,1,1.0,A,DB00091,pathway,1569,1.0,0.0,0.0
9,DB00091,DB00514,1,1.0,A,DB00091,pathway,1570,1.0,0.0,0.0
9,DB00091,DB00514,1,1.0,A,DB00091,pathway,1571,1.0,0.0,0.0
9,DB00091,DB00514,1,1.0,A,DB00091,pathway,1577,1.0,0.0,0.0
9,DB00091,DB00514,1,1.0,A,DB00091,pathway,1582,1.0,0.0,0.0
9,DB00091,DB00514,1,1.0,A,DB00091,pathway,1584,1.0,0.0,0.0
9,DB00091,DB00514,1,1.0,A,DB00091,pathway,1585,1.0,0.0,0.0
9,DB00091,DB00514,1,1.0,A,DB00091,pathway,1586,1.0,0.0,0.0
9,DB00091,DB00514,1,1.0,A,DB00091,pathway,1587,1.0,0.0,0.0
9,DB00091,DB00514,1,1.0,A,DB00091,pathway,1589,1.0,0.0,0.0
9,DB00091,DB00514,1,1.0,A,DB00091,pathway,1590,1.0,0.0,0.0
9,DB00091,DB00514,1,1.0,A,DB00091,pathway,1591,1.0,0.0,0.0
9,DB00091,DB00514,1,1.0,A,DB00091,pathway,1592,1.0,0.0,0.0
9,DB00091,DB00514,1,1.0,A,DB00091,pathway,1593,1.0,0.0,0.0
9,DB00091,DB00514,1,1.0,A,DB00091,pathway,1594,1.0,0.0,0.0
9,DB00091,DB00514,1,1.0,A,DB00091,pathway,1595,1.0,0.0,0.0
9,DB00091,DB00514,1,1.0,A,DB00091,pathway,1596,1.0,0.0,0.0
9,DB00091,DB00514,1,1.0,A,DB00091,pathway,1597,1.0,0.0,0.0
9,DB00091,DB00514,1,1.0,A,DB00091,pathway,1598,1.0,0.0,0.0
9,DB00091,DB00514,1,1.0,A,DB00091,pathway,1599,1.0,0.0,0.0
9,DB00091,DB00514,1,1.0,A,DB00091,pathway,1613,1.0,0.0,0.0
9,DB00091,DB00514,1,1.0,A,DB00091,pathway,1635,1.0,0.0,0.0
9,DB00091,DB00514,1,1.0,A,DB00091,pathway,1637,1.0,0.0,0.0
9,DB00091,DB00514,1,1.0,A,DB00091,pathway,1640,1.0,0.0,0.0
9,DB00091,DB00514,1,1.0,A,DB00091,pathway,1652,1.0,0.0,0.0
9,DB00091,DB00514,1,1.0,A,DB00091,pathway,1665,1.0,0.0,0.0
9,DB00091,DB00514,1,1.0,A,DB00091,pathway,1685,1.0,0.0,0.0
9,DB00091,DB00514,1,1.0,A,DB00091,pathway,1686,1.0,0.0,0.0
9,DB00091,DB00514,1,1.0,A,DB00091,pathway,1687,1.0,0.0,0.0
9,DB00091,DB00514,1,1.0,A,DB00091,pathway,1688,1.0,0.0,0.0
9,DB00091,DB00514,1,1.0,A,DB00091,pathway,1692,1.0,0.0,0.0
9,DB00091,DB00514,1,1.0,A,DB00091,pathway,1694,1.0,0.0,0.0
9,DB00091,DB00514,1,1.0,A,DB00091,pathway,1695,1.0,0.0,0.0
9,DB00091,DB00514,1,1.0,A,DB00091,pathway,1696,1.0,0.0,0.0
9,DB00091,DB00514,1,1.0,A,DB00091,pathway,1700,1.0,0.0,0.0
9,DB00091,DB00514,1,1.0,A,DB00091,pathway,1701,1.0,0.0,0.0
9,DB00091,DB00514,1,1.0,A,DB00091,pathway,1713,1.0,0.0,0.0
9,DB00091,DB00514,1,1.0,A,DB00091,pathway,1714,1.0,0.0,0.0
9,DB00091,DB00514,1,1.0,A,DB00091,pathway,1719,1.0,0.0,0.0
9,DB00091,DB00514,1,1.0,A,DB00091,pathway,1721,1.0,0.0,0.0
9,DB00091,DB00514,1,1.0,A,DB00091,pathway,1730,1.0,0.0,0.0
9,DB00091,DB00514,1,1.0,A,DB00091,pathway,1737,1.0,0.0,0.0
9,DB00091,DB00514,1,1.0,A,DB00091,pathway,1743,1.0,0.0,0.0
9,DB00091,DB00514,1,1.0,A,DB00091,pathway,1744,1.0,0.0,0.0
9,DB00091,DB00514,1,1.0,A,DB00091,pathway,1746,1.0,0.0,0.0
9,DB00091,DB00514,1,1.0,A,DB00091,pathway,1751,1.0,0.0,0.0
9,DB00091,DB00514,1,1.0,A,DB00091,pathway,1755,1.0,0.0,0.0
9,DB00091,DB00514,1,1.0,A,DB00091,pathway,1758,1.0,0.0,0.0
9,DB00091,DB00514,1,1.0,A,DB00091,pathway,1765,1.0,0.0,0.0
9,DB00091,DB00514,1,1.0,A,DB00091,pathway,1770,1.0,0.0,0.0
9,DB00091,DB00514,1,1.0,A,DB00091,pathway,1774,1.0,0.0,0.0
9,DB00091,DB00514,1,1.0,A,DB00091,pathway,1776,1.0,0.0,0.0
9,DB00091,DB00514,1,1.0,A,DB00091,pathway,1779,1.0,0.0,0.0
9,DB00091,DB00514,1,1.0,A,DB00091,pathway,1783,1.0,0.0,0.0
9,DB00091,DB00514,1,1.0,A,DB00091,pathway,1784,1.0,0.0,0.0
9,DB00091,DB00514,1,1.0,A,DB00091,pathway,1788,1.0,0.0,0.0
9,DB00091,DB00514,1,1.0,A,DB00091,pathway,1790,1.0,0.0,0.0
9,DB00091,DB00514,1,1.0,A,DB00091,pathway,1791,1.0,0.0,0.0
9,DB00091,DB00514,1,1.0,A,DB00091,pathway,1793,1.0,0.0,0.0
9,DB00091,DB00514,1,1.0,A,DB00091,pathway,1794,1.0,0.0,0.0
9,DB00091,DB00514,1,1.0,A,DB00091,pathway,1795,1.0,0.0,0.0
9,DB00091,DB00514,1,1.0,A,DB00091,pathway,1796,1.0,0.0,0.0
9,DB00091,DB00514,1,1.0,A,DB00091,pathway,1797,1.0,0.0,0.0
9,DB00091,DB00514,1,1.0,A,DB00091,pathway,1798,1.0,0.0,0.0
9,DB00091,DB00514,1,1.0,A,DB00091,pathway,1799,1.0,0.0,0.0
9,DB00091,DB00514,1,1.0,A,DB00091,pathway,1801,1.0,0.0,0.0
9,DB00091,DB00514,1,1.0,A,DB00091,pathway,1805,1.0,0.0,0.0
9,DB00091,DB00514,1,1.0,A,DB00091,pathway,1812,1.0,0.0,0.0
9,DB00091,DB00514,1,1.0,A,DB00091,pathway,1818,1.0,0.0,0.0
9,DB00091,DB00514,1,1.0,A,DB00091,pathway,1827,1.0,0.0,0.0
9,DB00091,DB00514,1,1.0,A,DB00091,pathway,1831,1.0,0.0,0.0
9,DB00091,DB00514,1,1.0,A,DB00091,pathway,1837,1.0,0.0,0.0
9,DB00091,DB00514,1,1.0,A,DB00091,pathway,1842,1.0,0.0,0.0
9,DB00091,DB00514,1,1.0,A,DB00091,pathway,1846,1.0,0.0,0.0
9,DB00091,DB00514,1,1.0,A,DB00091,pathway,1848,1.0,0.0,0.0
9,DB00091,DB00514,1,1.0,A,DB00091,pathway,1849,1.0,0.0,0.0
9,DB00091,DB00514,1,1.0,A,DB00091,pathway,1850,1.0,0.0,0.0
9,DB00091,DB00514,1,1.0,A,DB00091,pathway,1853,1.0,0.0,0.0
9,DB00091,DB00514,1,1.0,A,DB00091,pathway,1854,1.0,0.0,0.0
9,DB00091,DB00514,1,1.0,A,DB00091,pathway,1865,1.0,0.0,0.0
9,DB00091,DB00514,1,1.0,A,DB00091,pathway,1867,1.0,0.0,0.0
9,DB00091,DB00514,1,1.0,A,DB00091,pathway,1877,1.0,0.0,0.0
9,DB00091,DB00514,1,1.0,A,DB00091,pathway,1879,1.0,0.0,0.0
9,DB00091,DB00514,1,1.0,A,DB00091,pathway,1880,1.0,0.0,0.0
9,DB00091,DB00514,1,1.0,A,DB00091,pathway,1886,1.0,0.0,0.0
9,DB00091,DB00514,1,1.0,A,DB00091,pathway,1892,1.0,0.0,0.0
9,DB00091,DB00514,1,1.0,A,DB00091,pathway,1893,1.0,0.0,0.0
9,DB00091,DB00514,1,1.0,A,DB00091,pathway,1896,1.0,0.0,0.0
9,DB00091,DB00514,1,1.0,A,DB00091,pathway,1898,1.0,0.0,0.0
9,DB00091,DB00514,1,1.0,A,DB00091,pathway,1903,1.0,0.0,0.0
9,DB00091,DB00514,1,1.0,A,DB00091,pathway,1904,1.0,0.0,0.0
9,DB00091,DB00514,1,1.0,A,DB00091,pathway,1905,1.0,0.0,0.0
9,DB00091,DB00514,1,1.0,A,DB00091,pathway,1912,1.0,0.0,0.0
9,DB00091,DB00514,1,1.0,A,DB00091,pathway,1913,1.0,0.0,0.0
9,DB00091,DB00514,1,1.0,A,DB00091,pathway,1921,1.0,0.0,0.0
9,DB00091,DB00514,1,1.0,A,DB00091,pathway,1925,1.0,0.0,0.0
9,DB00091,DB00514,1,1.0,A,DB00091,pathway,1926,1.0,0.0,0.0
9,DB00091,DB00514,1,1.0,A,DB00091,pathway,1932,1.0,0.0,0.0
9,DB00091,DB00514,1,1.0,A,DB00091,pathway,1933,1.0,0.0,0.0
9,DB00091,DB00514,1,1.0,A,DB00091,pathway,1935,1.0,0.0,0.0
9,DB00091,DB00514,1,1.0,A,DB00091,pathway,1937,1.0,0.0,0.0
9,DB00091,DB00514,1,1.0,A,DB00091,pathway,1938,1.0,0.0,0.0
9,DB00091,DB00514,1,1.0,A,DB00091,pathway,1952,1.0,0.0,0.0
9,DB00091,DB00514,1,1.0,A,DB00091,pathway,1956,1.0,0.0,0.0
9,DB00091,DB00514,1,1.0,A,DB00091,pathway,1957,1.0,0.0,0.0
9,DB00091,DB00514,1,1.0,A,DB00091,pathway,1958,1.0,0.0,0.0
9,DB00091,DB00514,1,1.0,A,DB00091,pathway,1959,1.0,0.0,0.0
9,DB00091,DB00514,1,1.0,A,DB00091,pathway,1965,1.0,0.0,0.0
9,DB00091,DB00514,1,1.0,B,DB00514,pathway,2,1.0,0.0,0.0
9,DB00091,DB00514,1,1.0,B,DB00514,pathway,26,1.0,0.0,0.0
9,DB00091,DB00514,1,1.0,B,DB00514,pathway,29,1.0,0.0,0.0
9,DB00091,DB00514,1,1.0,B,DB00514,pathway,31,1.0,0.0,0.0
9,DB00091,DB00514,1,1.0,B,DB00514,pathway,39,1.0,0.0,0.0
9,DB00091,DB00514,1,1.0,B,DB00514,pathway,43,1.0,0.0,0.0
9,DB00091,DB00514,1,1.0,B,DB00514,pathway,44,1.0,0.0,0.0
9,DB00091,DB00514,1,1.0,B,DB00514,pathway,51,1.0,0.0,0.0
9,DB00091,DB00514,1,1.0,B,DB00514,pathway,52,1.0,0.0,0.0
9,DB00091,DB00514,1,1.0,B,DB00514,pathway,55,1.0,0.0,0.0
9,DB00091,DB00514,1,1.0,B,DB00514,pathway,57,1.0,0.0,0.0
9,DB00091,DB00514,1,1.0,B,DB00514,pathway,61,1.0,0.0,0.0
9,DB00091,DB00514,1,1.0,B,DB00514,pathway,62,1.0,0.0,0.0
9,DB00091,DB00514,1,1.0,B,DB00514,pathway,66,1.0,0.0,0.0
9,DB00091,DB00514,1,1.0,B,DB00514,pathway,67,1.0,0.0,0.0
9,DB00091,DB00514,1,1.0,B,DB00514,pathway,68,1.0,0.0,0.0
9,DB00091,DB00514,1,1.0,B,DB00514,pathway,72,1.0,0.0,0.0
9,DB00091,DB00514,1,1.0,B,DB00514,pathway,74,1.0,0.0,0.0
9,DB00091,DB00514,1,1.0,B,DB00514,pathway,75,1.0,0.0,0.0
9,DB00091,DB00514,1,1.0,B,DB00514,pathway,78,1.0,0.0,0.0
9,DB00091,DB00514,1,1.0,B,DB00514,pathway,79,1.0,0.0,0.0
9,DB00091,DB00514,1,1.0,B,DB00514,pathway,81,1.0,0.0,0.0
9,DB00091,DB00514,1,1.0,B,DB00514,pathway,84,1.0,0.0,0.0
9,DB00091,DB00514,1,1.0,B,DB00514,pathway,91,1.0,0.0,0.0
9,DB00091,DB00514,1,1.0,B,DB00514,pathway,98,1.0,0.0,0.0
9,DB00091,DB00514,1,1.0,B,DB00514,pathway,100,1.0,0.0,0.0
9,DB00091,DB00514,1,1.0,B,DB00514,pathway,110,1.0,0.0,0.0
9,DB00091,DB00514,1,1.0,B,DB00514,pathway,113,1.0,0.0,0.0
9,DB00091,DB00514,1,1.0,B,DB00514,pathway,116,1.0,0.0,0.0
9,DB00091,DB00514,1,1.0,B,DB00514,pathway,117,1.0,0.0,0.0
9,DB00091,DB00514,1,1.0,B,DB00514,pathway,119,1.0,0.0,0.0
9,DB00091,DB00514,1,1.0,B,DB00514,pathway,121,1.0,0.0,0.0
9,DB00091,DB00514,1,1.0,B,DB00514,pathway,123,1.0,0.0,0.0
9,DB00091,DB00514,1,1.0,B,DB00514,pathway,124,1.0,0.0,0.0
9,DB00091,DB00514,1,1.0,B,DB00514,pathway,136,1.0,0.0,0.0
9,DB00091,DB00514,1,1.0,B,DB00514,pathway,141,1.0,0.0,0.0
9,DB00091,DB00514,1,1.0,B,DB00514,pathway,143,1.0,0.0,0.0
9,DB00091,DB00514,1,1.0,B,DB00514,pathway,146,1.0,0.0,0.0
9,DB00091,DB00514,1,1.0,B,DB00514,pathway,158,1.0,0.0,0.0
9,DB00091,DB00514,1,1.0,B,DB00514,pathway,159,1.0,0.0,0.0
9,DB00091,DB00514,1,1.0,B,DB00514,pathway,172,1.0,0.0,0.0
9,DB00091,DB00514,1,1.0,B,DB00514,pathway,191,1.0,0.0,0.0
9,DB00091,DB00514,1,1.0,B,DB00514,pathway,227,1.0,0.0,0.0
9,DB00091,DB00514,1,1.0,B,DB00514,pathway,237,1.0,0.0,0.0
9,DB00091,DB00514,1,1.0,B,DB00514,pathway,245,1.0,0.0,0.0
9,DB00091,DB00514,1,1.0,B,DB00514,pathway,247,1.0,0.0,0.0
9,DB00091,DB00514,1,1.0,B,DB00514,pathway,250,1.0,0.0,0.0
9,DB00091,DB00514,1,1.0,B,DB00514,pathway,281,1.0,0.0,0.0
9,DB00091,DB00514,1,1.0,B,DB00514,pathway,283,1.0,0.0,0.0
9,DB00091,DB00514,1,1.0,B,DB00514,pathway,285,1.0,0.0,0.0
9,DB00091,DB00514,1,1.0,B,DB00514,pathway,286,1.0,0.0,0.0
9,DB00091,DB00514,1,1.0,B,DB00514,pathway,287,1.0,0.0,0.0
9,DB00091,DB00514,1,1.0,B,DB00514,pathway,296,1.0,0.0,0.0
9,DB00091,DB00514,1,1.0,B,DB00514,pathway,297,1.0,0.0,0.0
9,DB00091,DB00514,1,1.0,B,DB00514,pathway,308,1.0,0.0,0.0
9,DB00091,DB00514,1,1.0,B,DB00514,pathway,315,1.0,0.0,0.0
9,DB00091,DB00514,1,1.0,B,DB00514,pathway,339,1.0,0.0,0.0
9,DB00091,DB00514,1,1.0,B,DB00514,pathway,350,1.0,0.0,0.0
9,DB00091,DB00514,1,1.0,B,DB00514,pathway,353,1.0,0.0,0.0
9,DB00091,DB00514,1,1.0,B,DB00514,pathway,358,1.0,0.0,0.0
9,DB00091,DB00514,1,1.0,B,DB00514,pathway,359,1.0,0.0,0.0
9,DB00091,DB00514,1,1.0,B,DB00514,pathway,371,1.0,0.0,0.0
9,DB00091,DB00514,1,1.0,B,DB00514,pathway,385,1.0,0.0,0.0
9,DB00091,DB00514,1,1.0,B,DB00514,pathway,386,1.0,0.0,0.0
9,DB00091,DB00514,1,1.0,B,DB00514,pathway,387,1.0,0.0,0.0
9,DB00091,DB00514,1,1.0,B,DB00514,pathway,393,1.0,0.0,0.0
9,DB00091,DB00514,1,1.0,B,DB00514,pathway,394,1.0,0.0,0.0
9,DB00091,DB00514,1,1.0,B,DB00514,pathway,395,1.0,0.0,0.0
9,DB00091,DB00514,1,1.0,B,DB00514,pathway,396,1.0,0.0,0.0
9,DB00091,DB00514,1,1.0,B,DB00514,pathway,397,1.0,0.0,0.0
9,DB00091,DB00514,1,1.0,B,DB00514,pathway,398,1.0,0.0,0.0
9,DB00091,DB00514,1,1.0,B,DB00514,pathway,399,1.0,0.0,0.0
9,DB00091,DB00514,1,1.0,B,DB00514,pathway,401,1.0,0.0,0.0
9,DB00091,DB00514,1,1.0,B,DB00514,pathway,402,1.0,0.0,0.0
9,DB00091,DB00514,1,1.0,B,DB00514,pathway,429,1.0,0.0,0.0
9,DB00091,DB00514,1,1.0,B,DB00514,pathway,430,1.0,0.0,0.0
9,DB00091,DB00514,1,1.0,B,DB00514,pathway,438,1.0,0.0,0.0
9,DB00091,DB00514,1,1.0,B,DB00514,pathway,439,1.0,0.0,0.0
9,DB00091,DB00514,1,1.0,B,DB00514,pathway,440,1.0,0.0,0.0
9,DB00091,DB00514,1,1.0,B,DB00514,pathway,441,1.0,0.0,0.0
9,DB00091,DB00514,1,1.0,B,DB00514,pathway,442,1.0,0.0,0.0
9,DB00091,DB00514,1,1.0,B,DB00514,pathway,443,1.0,0.0,0.0
9,DB00091,DB00514,1,1.0,B,DB00514,pathway,444,1.0,0.0,0.0
9,DB00091,DB00514,1,1.0,B,DB00514,pathway,446,1.0,0.0,0.0
9,DB00091,DB00514,1,1.0,B,DB00514,pathway,447,1.0,0.0,0.0
9,DB00091,DB00514,1,1.0,B,DB00514,pathway,452,1.0,0.0,0.0
9,DB00091,DB00514,1,1.0,B,DB00514,pathway,455,1.0,0.0,0.0
9,DB00091,DB00514,1,1.0,B,DB00514,pathway,462,1.0,0.0,0.0
9,DB00091,DB00514,1,1.0,B,DB00514,pathway,464,1.0,0.0,0.0
9,DB00091,DB00514,1,1.0,B,DB00514,pathway,467,1.0,0.0,0.0
9,DB00091,DB00514,1,1.0,B,DB00514,pathway,471,1.0,0.0,0.0
9,DB00091,DB00514,1,1.0,B,DB00514,pathway,473,1.0,0.0,0.0
9,DB00091,DB00514,1,1.0,B,DB00514,pathway,480,1.0,0.0,0.0
9,DB00091,DB00514,1,1.0,B,DB00514,pathway,481,1.0,0.0,0.0
9,DB00091,DB00514,1,1.0,B,DB00514,pathway,482,1.0,0.0,0.0
9,DB00091,DB00514,1,1.0,B,DB00514,pathway,488,1.0,0.0,0.0
9,DB00091,DB00514,1,1.0,B,DB00514,pathway,498,1.0,0.0,0.0
9,DB00091,DB00514,1,1.0,B,DB00514,pathway,511,1.0,0.0,0.0
9,DB00091,DB00514,1,1.0,B,DB00514,pathway,512,1.0,0.0,0.0
9,DB00091,DB00514,1,1.0,B,DB00514,pathway,513,1.0,0.0,0.0
9,DB00091,DB00514,1,1.0,B,DB00514,pathway,515,1.0,0.0,0.0
9,DB00091,DB00514,1,1.0,B,DB00514,pathway,521,1.0,0.0,0.0
9,DB00091,DB00514,1,1.0,B,DB00514,pathway,528,1.0,0.0,0.0
9,DB00091,DB00514,1,1.0,B,DB00514,pathway,530,1.0,0.0,0.0
9,DB00091,DB00514,1,1.0,B,DB00514,pathway,531,1.0,0.0,0.0
9,DB00091,DB00514,1,1.0,B,DB00514,pathway,532,1.0,0.0,0.0
9,DB00091,DB00514,1,1.0,B,DB00514,pathway,536,1.0,0.0,0.0
9,DB00091,DB00514,1,1.0,B,DB00514,pathway,542,1.0,0.0,0.0
9,DB00091,DB00514,1,1.0,B,DB00514,pathway,569,1.0,0.0,0.0
9,DB00091,DB00514,1,1.0,B,DB00514,pathway,587,1.0,0.0,0.0
9,DB00091,DB00514,1,1.0,B,DB00514,pathway,588,1.0,0.0,0.0
9,DB00091,DB00514,1,1.0,B,DB00514,pathway,589,1.0,0.0,0.0
9,DB00091,DB00514,1,1.0,B,DB00514,pathway,594,1.0,0.0,0.0
9,DB00091,DB00514,1,1.0,B,DB00514,pathway,614,1.0,0.0,0.0
9,DB00091,DB00514,1,1.0,B,DB00514,pathway,617,1.0,0.0,0.0
9,DB00091,DB00514,1,1.0,B,DB00514,pathway,619,1.0,0.0,0.0
9,DB00091,DB00514,1,1.0,B,DB00514,pathway,620,1.0,0.0,0.0
9,DB00091,DB00514,1,1.0,B,DB00514,pathway,622,1.0,0.0,0.0
9,DB00091,DB00514,1,1.0,B,DB00514,pathway,625,1.0,0.0,0.0
9,DB00091,DB00514,1,1.0,B,DB00514,pathway,626,1.0,0.0,0.0
9,DB00091,DB00514,1,1.0,B,DB00514,pathway,627,1.0,0.0,0.0
9,DB00091,DB00514,1,1.0,B,DB00514,pathway,630,1.0,0.0,0.0
9,DB00091,DB00514,1,1.0,B,DB00514,pathway,631,1.0,0.0,0.0
9,DB00091,DB00514,1,1.0,B,DB00514,pathway,636,1.0,0.0,0.0
9,DB00091,DB00514,1,1.0,B,DB00514,pathway,637,1.0,0.0,0.0
9,DB00091,DB00514,1,1.0,B,DB00514,pathway,646,1.0,0.0,0.0
9,DB00091,DB00514,1,1.0,B,DB00514,pathway,651,1.0,0.0,0.0
9,DB00091,DB00514,1,1.0,B,DB00514,pathway,652,1.0,0.0,0.0
9,DB00091,DB00514,1,1.0,B,DB00514,pathway,654,1.0,0.0,0.0
9,DB00091,DB00514,1,1.0,B,DB00514,pathway,655,1.0,0.0,0.0
9,DB00091,DB00514,1,1.0,B,DB00514,pathway,656,1.0,0.0,0.0
9,DB00091,DB00514,1,1.0,B,DB00514,pathway,658,1.0,0.0,0.0
9,DB00091,DB00514,1,1.0,B,DB00514,pathway,664,1.0,0.0,0.0
9,DB00091,DB00514,1,1.0,B,DB00514,pathway,670,1.0,0.0,0.0
9,DB00091,DB00514,1,1.0,B,DB00514,pathway,671,1.0,0.0,0.0
9,DB00091,DB00514,1,1.0,B,DB00514,pathway,672,1.0,0.0,0.0
9,DB00091,DB00514,1,1.0,B,DB00514,pathway,673,1.0,0.0,0.0
9,DB00091,DB00514,1,1.0,B,DB00514,pathway,674,1.0,0.0,0.0
9,DB00091,DB00514,1,1.0,B,DB00514,pathway,677,1.0,0.0,0.0
9,DB00091,DB00514,1,1.0,B,DB00514,pathway,679,1.0,0.0,0.0
9,DB00091,DB00514,1,1.0,B,DB00514,pathway,685,1.0,0.0,0.0
9,DB00091,DB00514,1,1.0,B,DB00514,pathway,686,1.0,0.0,0.0
9,DB00091,DB00514,1,1.0,B,DB00514,pathway,687,1.0,0.0,0.0
9,DB00091,DB00514,1,1.0,B,DB00514,pathway,688,1.0,0.0,0.0
9,DB00091,DB00514,1,1.0,B,DB00514,pathway,691,1.0,0.0,0.0
9,DB00091,DB00514,1,1.0,B,DB00514,pathway,692,1.0,0.0,0.0
9,DB00091,DB00514,1,1.0,B,DB00514,pathway,693,1.0,0.0,0.0
9,DB00091,DB00514,1,1.0,B,DB00514,pathway,694,1.0,0.0,0.0
9,DB00091,DB00514,1,1.0,B,DB00514,pathway,695,1.0,0.0,0.0
9,DB00091,DB00514,1,1.0,B,DB00514,pathway,701,1.0,0.0,0.0
9,DB00091,DB00514,1,1.0,B,DB00514,pathway,703,1.0,0.0,0.0
9,DB00091,DB00514,1,1.0,B,DB00514,pathway,704,1.0,0.0,0.0
9,DB00091,DB00514,1,1.0,B,DB00514,pathway,705,1.0,0.0,0.0
9,DB00091,DB00514,1,1.0,B,DB00514,pathway,707,1.0,0.0,0.0
9,DB00091,DB00514,1,1.0,B,DB00514,pathway,708,1.0,0.0,0.0
9,DB00091,DB00514,1,1.0,B,DB00514,pathway,709,1.0,0.0,0.0
9,DB00091,DB00514,1,1.0,B,DB00514,pathway,711,1.0,0.0,0.0
9,DB00091,DB00514,1,1.0,B,DB00514,pathway,715,1.0,0.0,0.0
9,DB00091,DB00514,1,1.0,B,DB00514,pathway,716,1.0,0.0,0.0
9,DB00091,DB00514,1,1.0,B,DB00514,pathway,717,1.0,0.0,0.0
9,DB00091,DB00514,1,1.0,B,DB00514,pathway,718,1.0,0.0,0.0
9,DB00091,DB00514,1,1.0,B,DB00514,pathway,719,1.0,0.0,0.0
9,DB00091,DB00514,1,1.0,B,DB00514,pathway,728,1.0,0.0,0.0
9,DB00091,DB00514,1,1.0,B,DB00514,pathway,730,1.0,0.0,0.0
9,DB00091,DB00514,1,1.0,B,DB00514,pathway,731,1.0,0.0,0.0
9,DB00091,DB00514,1,1.0,B,DB00514,pathway,732,1.0,0.0,0.0
9,DB00091,DB00514,1,1.0,B,DB00514,pathway,764,1.0,0.0,0.0
9,DB00091,DB00514,1,1.0,B,DB00514,pathway,772,1.0,0.0,0.0
9,DB00091,DB00514,1,1.0,B,DB00514,pathway,775,1.0,0.0,0.0
9,DB00091,DB00514,1,1.0,B,DB00514,pathway,776,1.0,0.0,0.0
9,DB00091,DB00514,1,1.0,B,DB00514,pathway,777,1.0,0.0,0.0
9,DB00091,DB00514,1,1.0,B,DB00514,pathway,783,1.0,0.0,0.0
9,DB00091,DB00514,1,1.0,B,DB00514,pathway,787,1.0,0.0,0.0
9,DB00091,DB00514,1,1.0,B,DB00514,pathway,788,1.0,0.0,0.0
9,DB00091,DB00514,1,1.0,B,DB00514,pathway,797,1.0,0.0,0.0
9,DB00091,DB00514,1,1.0,B,DB00514,pathway,799,1.0,0.0,0.0
9,DB00091,DB00514,1,1.0,B,DB00514,pathway,801,1.0,0.0,0.0
9,DB00091,DB00514,1,1.0,B,DB00514,pathway,805,1.0,0.0,0.0
9,DB00091,DB00514,1,1.0,B,DB00514,pathway,806,1.0,0.0,0.0
9,DB00091,DB00514,1,1.0,B,DB00514,pathway,811,1.0,0.0,0.0
9,DB00091,DB00514,1,1.0,B,DB00514,pathway,830,1.0,0.0,0.0
9,DB00091,DB00514,1,1.0,B,DB00514,pathway,837,1.0,0.0,0.0
9,DB00091,DB00514,1,1.0,B,DB00514,pathway,845,1.0,0.0,0.0
9,DB00091,DB00514,1,1.0,B,DB00514,pathway,870,1.0,0.0,0.0
9,DB00091,DB00514,1,1.0,B,DB00514,pathway,874,1.0,0.0,0.0
9,DB00091,DB00514,1,1.0,B,DB00514,pathway,877,1.0,0.0,0.0
9,DB00091,DB00514,1,1.0,B,DB00514,pathway,896,1.0,0.0,0.0
9,DB00091,DB00514,1,1.0,B,DB00514,pathway,908,1.0,0.0,0.0
9,DB00091,DB00514,1,1.0,B,DB00514,pathway,910,1.0,0.0,0.0
9,DB00091,DB00514,1,1.0,B,DB00514,pathway,919,1.0,0.0,0.0
9,DB00091,DB00514,1,1.0,B,DB00514,pathway,948,1.0,0.0,0.0
9,DB00091,DB00514,1,1.0,B,DB00514,pathway,955,1.0,0.0,0.0
9,DB00091,DB00514,1,1.0,B,DB00514,pathway,958,1.0,0.0,0.0
9,DB00091,DB00514,1,1.0,B,DB00514,pathway,959,1.0,0.0,0.0
9,DB00091,DB00514,1,1.0,B,DB00514,pathway,965,1.0,0.0,0.0
9,DB00091,DB00514,1,1.0,B,DB00514,pathway,968,1.0,0.0,0.0
9,DB00091,DB00514,1,1.0,B,DB00514,pathway,969,1.0,0.0,0.0
9,DB00091,DB00514,1,1.0,B,DB00514,pathway,970,1.0,0.0,0.0
9,DB00091,DB00514,1,1.0,B,DB00514,pathway,986,1.0,0.0,0.0
9,DB00091,DB00514,1,1.0,B,DB00514,pathway,987,1.0,0.0,0.0
9,DB00091,DB00514,1,1.0,B,DB00514,pathway,1009,1.0,0.0,0.0
9,DB00091,DB00514,1,1.0,B,DB00514,pathway,1010,1.0,0.0,0.0
9,DB00091,DB00514,1,1.0,B,DB00514,pathway,1011,1.0,0.0,0.0
9,DB00091,DB00514,1,1.0,B,DB00514,pathway,1012,1.0,0.0,0.0
9,DB00091,DB00514,1,1.0,B,DB00514,pathway,1031,1.0,0.0,0.0
9,DB00091,DB00514,1,1.0,B,DB00514,pathway,1037,1.0,0.0,0.0
9,DB00091,DB00514,1,1.0,B,DB00514,pathway,1041,1.0,0.0,0.0
9,DB00091,DB00514,1,1.0,B,DB00514,pathway,1044,1.0,0.0,0.0
9,DB00091,DB00514,1,1.0,B,DB00514,pathway,1045,1.0,0.0,0.0
9,DB00091,DB00514,1,1.0,B,DB00514,pathway,1047,1.0,0.0,0.0
9,DB00091,DB00514,1,1.0,B,DB00514,pathway,1048,1.0,0.0,0.0
9,DB00091,DB00514,1,1.0,B,DB00514,pathway,1062,1.0,0.0,0.0
9,DB00091,DB00514,1,1.0,B,DB00514,pathway,1073,1.0,0.0,0.0
9,DB00091,DB00514,1,1.0,B,DB00514,pathway,1074,1.0,0.0,0.0
9,DB00091,DB00514,1,1.0,B,DB00514,pathway,1093,1.0,0.0,0.0
9,DB00091,DB00514,1,1.0,B,DB00514,pathway,1094,1.0,0.0,0.0
9,DB00091,DB00514,1,1.0,B,DB00514,pathway,1095,1.0,0.0,0.0
9,DB00091,DB00514,1,1.0,B,DB00514,pathway,1103,1.0,0.0,0.0
9,DB00091,DB00514,1,1.0,B,DB00514,pathway,1107,1.0,0.0,0.0
9,DB00091,DB00514,1,1.0,B,DB00514,pathway,1108,1.0,0.0,0.0
9,DB00091,DB00514,1,1.0,B,DB00514,pathway,1116,1.0,0.0,0.0
9,DB00091,DB00514,1,1.0,B,DB00514,pathway,1119,1.0,0.0,0.0
9,DB00091,DB00514,1,1.0,B,DB00514,pathway,1120,1.0,0.0,0.0
9,DB00091,DB00514,1,1.0,B,DB00514,pathway,1121,1.0,0.0,0.0
9,DB00091,DB00514,1,1.0,B,DB00514,pathway,1122,1.0,0.0,0.0
9,DB00091,DB00514,1,1.0,B,DB00514,pathway,1123,1.0,0.0,0.0
9,DB00091,DB00514,1,1.0,B,DB00514,pathway,1126,1.0,0.0,0.0
9,DB00091,DB00514,1,1.0,B,DB00514,pathway,1134,1.0,0.0,0.0
9,DB00091,DB00514,1,1.0,B,DB00514,pathway,1154,1.0,0.0,0.0
9,DB00091,DB00514,1,1.0,B,DB00514,pathway,1182,1.0,0.0,0.0
9,DB00091,DB00514,1,1.0,B,DB00514,pathway,1217,1.0,0.0,0.0
9,DB00091,DB00514,1,1.0,B,DB00514,pathway,1230,1.0,0.0,0.0
9,DB00091,DB00514,1,1.0,B,DB00514,pathway,1245,1.0,0.0,0.0
9,DB00091,DB00514,1,1.0,B,DB00514,pathway,1249,1.0,0.0,0.0
9,DB00091,DB00514,1,1.0,B,DB00514,pathway,1262,1.0,0.0,0.0
9,DB00091,DB00514,1,1.0,B,DB00514,pathway,1263,1.0,0.0,0.0
9,DB00091,DB00514,1,1.0,B,DB00514,pathway,1264,1.0,0.0,0.0
9,DB00091,DB00514,1,1.0,B,DB00514,pathway,1265,1.0,0.0,0.0
9,DB00091,DB00514,1,1.0,B,DB00514,pathway,1267,1.0,0.0,0.0
9,DB00091,DB00514,1,1.0,B,DB00514,pathway,1268,1.0,0.0,0.0
9,DB00091,DB00514,1,1.0,B,DB00514,pathway,1270,1.0,0.0,0.0
9,DB00091,DB00514,1,1.0,B,DB00514,pathway,1272,1.0,0.0,0.0
9,DB00091,DB00514,1,1.0,B,DB00514,pathway,1278,1.0,0.0,0.0
9,DB00091,DB00514,1,1.0,B,DB00514,pathway,1291,1.0,0.0,0.0
9,DB00091,DB00514,1,1.0,B,DB00514,pathway,1298,1.0,0.0,0.0
9,DB00091,DB00514,1,1.0,B,DB00514,pathway,1299,1.0,0.0,0.0
9,DB00091,DB00514,1,1.0,B,DB00514,pathway,1300,1.0,0.0,0.0
9,DB00091,DB00514,1,1.0,B,DB00514,pathway,1302,1.0,0.0,0.0
9,DB00091,DB00514,1,1.0,B,DB00514,pathway,1305,1.0,0.0,0.0
9,DB00091,DB00514,1,1.0,B,DB00514,pathway,1312,1.0,0.0,0.0
9,DB00091,DB00514,1,1.0,B,DB00514,pathway,1329,1.0,0.0,0.0
9,DB00091,DB00514,1,1.0,B,DB00514,pathway,1333,1.0,0.0,0.0
9,DB00091,DB00514,1,1.0,B,DB00514,pathway,1339,1.0,0.0,0.0
9,DB00091,DB00514,1,1.0,B,DB00514,pathway,1346,1.0,0.0,0.0
9,DB00091,DB00514,1,1.0,B,DB00514,pathway,1347,1.0,0.0,0.0
9,DB00091,DB00514,1,1.0,B,DB00514,pathway,1348,1.0,0.0,0.0
9,DB00091,DB00514,1,1.0,B,DB00514,pathway,1356,1.0,0.0,0.0
9,DB00091,DB00514,1,1.0,B,DB00514,pathway,1372,1.0,0.0,0.0
9,DB00091,DB00514,1,1.0,B,DB00514,pathway,1401,1.0,0.0,0.0
9,DB00091,DB00514,1,1.0,B,DB00514,pathway,1402,1.0,0.0,0.0
9,DB00091,DB00514,1,1.0,B,DB00514,pathway,1405,1.0,0.0,0.0
9,DB00091,DB00514,1,1.0,B,DB00514,pathway,1410,1.0,0.0,0.0
9,DB00091,DB00514,1,1.0,B,DB00514,pathway,1411,1.0,0.0,0.0
9,DB00091,DB00514,1,1.0,B,DB00514,pathway,1414,1.0,0.0,0.0
9,DB00091,DB00514,1,1.0,B,DB00514,pathway,1419,1.0,0.0,0.0
9,DB00091,DB00514,1,1.0,B,DB00514,pathway,1420,1.0,0.0,0.0
9,DB00091,DB00514,1,1.0,B,DB00514,pathway,1422,1.0,0.0,0.0
9,DB00091,DB00514,1,1.0,B,DB00514,pathway,1428,1.0,0.0,0.0
9,DB00091,DB00514,1,1.0,B,DB00514,pathway,1430,1.0,0.0,0.0
9,DB00091,DB00514,1,1.0,B,DB00514,pathway,1431,1.0,0.0,0.0
9,DB00091,DB00514,1,1.0,B,DB00514,pathway,1432,1.0,0.0,0.0
9,DB00091,DB00514,1,1.0,B,DB00514,pathway,1436,1.0,0.0,0.0
9,DB00091,DB00514,1,1.0,B,DB00514,pathway,1446,1.0,0.0,0.0
9,DB00091,DB00514,1,1.0,B,DB00514,pathway,1453,1.0,0.0,0.0
9,DB00091,DB00514,1,1.0,B,DB00514,pathway,1467,1.0,0.0,0.0
9,DB00091,DB00514,1,1.0,B,DB00514,pathway,1468,1.0,0.0,0.0
9,DB00091,DB00514,1,1.0,B,DB00514,pathway,1488,1.0,0.0,0.0
9,DB00091,DB00514,1,1.0,B,DB00514,pathway,1491,1.0,0.0,0.0
9,DB00091,DB00514,1,1.0,B,DB00514,pathway,1514,1.0,0.0,0.0
9,DB00091,DB00514,1,1.0,B,DB00514,pathway,1515,1.0,0.0,0.0
9,DB00091,DB00514,1,1.0,B,DB00514,pathway,1518,1.0,0.0,0.0
9,DB00091,DB00514,1,1.0,B,DB00514,pathway,1521,1.0,0.0,0.0
9,DB00091,DB00514,1,1.0,B,DB00514,pathway,1522,1.0,0.0,0.0
9,DB00091,DB00514,1,1.0,B,DB00514,pathway,1531,1.0,0.0,0.0
9,DB00091,DB00514,1,1.0,B,DB00514,pathway,1534,1.0,0.0,0.0
9,DB00091,DB00514,1,1.0,B,DB00514,pathway,1544,1.0,0.0,0.0
9,DB00091,DB00514,1,1.0,B,DB00514,pathway,1547,1.0,0.0,0.0
9,DB00091,DB00514,1,1.0,B,DB00514,pathway,1548,1.0,0.0,0.0
9,DB00091,DB00514,1,1.0,B,DB00514,pathway,1549,1.0,0.0,0.0
9,DB00091,DB00514,1,1.0,B,DB00514,pathway,1562,1.0,0.0,0.0
9,DB00091,DB00514,1,1.0,B,DB00514,pathway,1567,1.0,0.0,0.0
9,DB00091,DB00514,1,1.0,B,DB00514,pathway,1568,1.0,0.0,0.0
9,DB00091,DB00514,1,1.0,B,DB00514,pathway,1569,1.0,0.0,0.0
9,DB00091,DB00514,1,1.0,B,DB00514,pathway,1570,1.0,0.0,0.0
9,DB00091,DB00514,1,1.0,B,DB00514,pathway,1571,1.0,0.0,0.0
9,DB00091,DB00514,1,1.0,B,DB00514,pathway,1577,1.0,0.0,0.0
9,DB00091,DB00514,1,1.0,B,DB00514,pathway,1582,1.0,0.0,0.0
9,DB00091,DB00514,1,1.0,B,DB00514,pathway,1584,1.0,0.0,0.0
9,DB00091,DB00514,1,1.0,B,DB00514,pathway,1585,1.0,0.0,0.0
9,DB00091,DB00514,1,1.0,B,DB00514,pathway,1586,1.0,0.0,0.0
9,DB00091,DB00514,1,1.0,B,DB00514,pathway,1587,1.0,0.0,0.0
9,DB00091,DB00514,1,1.0,B,DB00514,pathway,1589,1.0,0.0,0.0
9,DB00091,DB00514,1,1.0,B,DB00514,pathway,1590,1.0,0.0,0.0
9,DB00091,DB00514,1,1.0,B,DB00514,pathway,1591,1.0,0.0,0.0
9,DB00091,DB00514,1,1.0,B,DB00514,pathway,1592,1.0,0.0,0.0
9,DB00091,DB00514,1,1.0,B,DB00514,pathway,1593,1.0,0.0,0.0
9,DB00091,DB00514,1,1.0,B,DB00514,pathway,1594,1.0,0.0,0.0
9,DB00091,DB00514,1,1.0,B,DB00514,pathway,1595,1.0,0.0,0.0
9,DB00091,DB00514,1,1.0,B,DB00514,pathway,1596,1.0,0.0,0.0
9,DB00091,DB00514,1,1.0,B,DB00514,pathway,1597,1.0,0.0,0.0
9,DB00091,DB00514,1,1.0,B,DB00514,pathway,1598,1.0,0.0,0.0
9,DB00091,DB00514,1,1.0,B,DB00514,pathway,1599,1.0,0.0,0.0
9,DB00091,DB00514,1,1.0,B,DB00514,pathway,1613,1.0,0.0,0.0
9,DB00091,DB00514,1,1.0,B,DB00514,pathway,1637,1.0,0.0,0.0
9,DB00091,DB00514,1,1.0,B,DB00514,pathway,1640,1.0,0.0,0.0
9,DB00091,DB00514,1,1.0,B,DB00514,pathway,1652,1.0,0.0,0.0
9,DB00091,DB00514,1,1.0,B,DB00514,pathway,1692,1.0,0.0,0.0
9,DB00091,DB00514,1,1.0,B,DB00514,pathway,1703,1.0,0.0,0.0
9,DB00091,DB00514,1,1.0,B,DB00514,pathway,1713,1.0,0.0,0.0
9,DB00091,DB00514,1,1.0,B,DB00514,pathway,1719,1.0,0.0,0.0
9,DB00091,DB00514,1,1.0,B,DB00514,pathway,1730,1.0,0.0,0.0
9,DB00091,DB00514,1,1.0,B,DB00514,pathway,1737,1.0,0.0,0.0
9,DB00091,DB00514,1,1.0,B,DB00514,pathway,1744,1.0,0.0,0.0
9,DB00091,DB00514,1,1.0,B,DB00514,pathway,1751,1.0,0.0,0.0
9,DB00091,DB00514,1,1.0,B,DB00514,pathway,1770,1.0,0.0,0.0
9,DB00091,DB00514,1,1.0,B,DB00514,pathway,1774,1.0,0.0,0.0
9,DB00091,DB00514,1,1.0,B,DB00514,pathway,1776,1.0,0.0,0.0
9,DB00091,DB00514,1,1.0,B,DB00514,pathway,1788,1.0,0.0,0.0
9,DB00091,DB00514,1,1.0,B,DB00514,pathway,1791,1.0,0.0,0.0
9,DB00091,DB00514,1,1.0,B,DB00514,pathway,1805,1.0,0.0,0.0
9,DB00091,DB00514,1,1.0,B,DB00514,pathway,1812,1.0,0.0,0.0
9,DB00091,DB00514,1,1.0,B,DB00514,pathway,1818,1.0,0.0,0.0
9,DB00091,DB00514,1,1.0,B,DB00514,pathway,1837,1.0,0.0,0.0
9,DB00091,DB00514,1,1.0,B,DB00514,pathway,1848,1.0,0.0,0.0
9,DB00091,DB00514,1,1.0,B,DB00514,pathway,1850,1.0,0.0,0.0
9,DB00091,DB00514,1,1.0,B,DB00514,pathway,1865,1.0,0.0,0.0
9,DB00091,DB00514,1,1.0,B,DB00514,pathway,1867,1.0,0.0,0.0
9,DB00091,DB00514,1,1.0,B,DB00514,pathway,1880,1.0,0.0,0.0
9,DB00091,DB00514,1,1.0,B,DB00514,pathway,1892,1.0,0.0,0.0
9,DB00091,DB00514,1,1.0,B,DB00514,pathway,1898,1.0,0.0,0.0
9,DB00091,DB00514,1,1.0,B,DB00514,pathway,1903,1.0,0.0,0.0
9,DB00091,DB00514,1,1.0,B,DB00514,pathway,1904,1.0,0.0,0.0
9,DB00091,DB00514,1,1.0,B,DB00514,pathway,1905,1.0,0.0,0.0
9,DB00091,DB00514,1,1.0,B,DB00514,pathway,1932,1.0,0.0,0.0
9,DB00091,DB00514,1,1.0,B,DB00514,pathway,1958,1.0,0.0,0.0
9,DB00091,DB00514,1,1.0,B,DB00514,pathway,1959,1.0,0.0,0.0
9,DB00091,DB00514,1,1.0,B,DB00514,pathway,1965,1.0,0.0,0.0
10,DB00091,DB00613,1,1.0,A,DB00091,pathway,0,1.0,0.0,0.0
10,DB00091,DB00613,1,1.0,A,DB00091,pathway,2,1.0,0.0,0.0
10,DB00091,DB00613,1,1.0,A,DB00091,pathway,4,1.0,0.0,0.0
10,DB00091,DB00613,1,1.0,A,DB00091,pathway,10,1.0,0.0,0.0
10,DB00091,DB00613,1,1.0,A,DB00091,pathway,11,1.0,0.0,0.0
10,DB00091,DB00613,1,1.0,A,DB00091,pathway,12,1.0,0.0,0.0
10,DB00091,DB00613,1,1.0,A,DB00091,pathway,13,1.0,0.0,0.0
10,DB00091,DB00613,1,1.0,A,DB00091,pathway,15,1.0,0.0,0.0
10,DB00091,DB00613,1,1.0,A,DB00091,pathway,26,1.0,0.0,0.0
10,DB00091,DB00613,1,1.0,A,DB00091,pathway,29,1.0,0.0,0.0
10,DB00091,DB00613,1,1.0,A,DB00091,pathway,31,1.0,0.0,0.0
10,DB00091,DB00613,1,1.0,A,DB00091,pathway,39,1.0,0.0,0.0
10,DB00091,DB00613,1,1.0,A,DB00091,pathway,43,1.0,0.0,0.0
10,DB00091,DB00613,1,1.0,A,DB00091,pathway,44,1.0,0.0,0.0
10,DB00091,DB00613,1,1.0,A,DB00091,pathway,51,1.0,0.0,0.0
10,DB00091,DB00613,1,1.0,A,DB00091,pathway,52,1.0,0.0,0.0
10,DB00091,DB00613,1,1.0,A,DB00091,pathway,53,1.0,0.0,0.0
10,DB00091,DB00613,1,1.0,A,DB00091,pathway,55,1.0,0.0,0.0
10,DB00091,DB00613,1,1.0,A,DB00091,pathway,57,1.0,0.0,0.0
10,DB00091,DB00613,1,1.0,A,DB00091,pathway,62,1.0,0.0,0.0
10,DB00091,DB00613,1,1.0,A,DB00091,pathway,66,1.0,0.0,0.0
10,DB00091,DB00613,1,1.0,A,DB00091,pathway,67,1.0,0.0,0.0
10,DB00091,DB00613,1,1.0,A,DB00091,pathway,72,1.0,0.0,0.0
10,DB00091,DB00613,1,1.0,A,DB00091,pathway,74,1.0,0.0,0.0
10,DB00091,DB00613,1,1.0,A,DB00091,pathway,75,1.0,0.0,0.0
10,DB00091,DB00613,1,1.0,A,DB00091,pathway,78,1.0,0.0,0.0
10,DB00091,DB00613,1,1.0,A,DB00091,pathway,79,1.0,0.0,0.0
10,DB00091,DB00613,1,1.0,A,DB00091,pathway,81,1.0,0.0,0.0
10,DB00091,DB00613,1,1.0,A,DB00091,pathway,82,1.0,0.0,0.0
10,DB00091,DB00613,1,1.0,A,DB00091,pathway,84,1.0,0.0,0.0
10,DB00091,DB00613,1,1.0,A,DB00091,pathway,91,1.0,0.0,0.0
10,DB00091,DB00613,1,1.0,A,DB00091,pathway,98,1.0,0.0,0.0
10,DB00091,DB00613,1,1.0,A,DB00091,pathway,100,1.0,0.0,0.0
10,DB00091,DB00613,1,1.0,A,DB00091,pathway,104,1.0,0.0,0.0
10,DB00091,DB00613,1,1.0,A,DB00091,pathway,110,1.0,0.0,0.0
10,DB00091,DB00613,1,1.0,A,DB00091,pathway,113,1.0,0.0,0.0
10,DB00091,DB00613,1,1.0,A,DB00091,pathway,116,1.0,0.0,0.0
10,DB00091,DB00613,1,1.0,A,DB00091,pathway,117,1.0,0.0,0.0
10,DB00091,DB00613,1,1.0,A,DB00091,pathway,119,1.0,0.0,0.0
10,DB00091,DB00613,1,1.0,A,DB00091,pathway,121,1.0,0.0,0.0
10,DB00091,DB00613,1,1.0,A,DB00091,pathway,123,1.0,0.0,0.0
10,DB00091,DB00613,1,1.0,A,DB00091,pathway,124,1.0,0.0,0.0
10,DB00091,DB00613,1,1.0,A,DB00091,pathway,136,1.0,0.0,0.0
10,DB00091,DB00613,1,1.0,A,DB00091,pathway,141,1.0,0.0,0.0
10,DB00091,DB00613,1,1.0,A,DB00091,pathway,143,1.0,0.0,0.0
10,DB00091,DB00613,1,1.0,A,DB00091,pathway,158,1.0,0.0,0.0
10,DB00091,DB00613,1,1.0,A,DB00091,pathway,159,1.0,0.0,0.0
10,DB00091,DB00613,1,1.0,A,DB00091,pathway,168,1.0,0.0,0.0
10,DB00091,DB00613,1,1.0,A,DB00091,pathway,169,1.0,0.0,0.0
10,DB00091,DB00613,1,1.0,A,DB00091,pathway,170,1.0,0.0,0.0
10,DB00091,DB00613,1,1.0,A,DB00091,pathway,171,1.0,0.0,0.0
10,DB00091,DB00613,1,1.0,A,DB00091,pathway,172,1.0,0.0,0.0
10,DB00091,DB00613,1,1.0,A,DB00091,pathway,176,1.0,0.0,0.0
10,DB00091,DB00613,1,1.0,A,DB00091,pathway,187,1.0,0.0,0.0
10,DB00091,DB00613,1,1.0,A,DB00091,pathway,188,1.0,0.0,0.0
10,DB00091,DB00613,1,1.0,A,DB00091,pathway,191,1.0,0.0,0.0
10,DB00091,DB00613,1,1.0,A,DB00091,pathway,193,1.0,0.0,0.0
10,DB00091,DB00613,1,1.0,A,DB00091,pathway,195,1.0,0.0,0.0
10,DB00091,DB00613,1,1.0,A,DB00091,pathway,205,1.0,0.0,0.0
10,DB00091,DB00613,1,1.0,A,DB00091,pathway,208,1.0,0.0,0.0
10,DB00091,DB00613,1,1.0,A,DB00091,pathway,209,1.0,0.0,0.0
10,DB00091,DB00613,1,1.0,A,DB00091,pathway,227,1.0,0.0,0.0
10,DB00091,DB00613,1,1.0,A,DB00091,pathway,237,1.0,0.0,0.0
10,DB00091,DB00613,1,1.0,A,DB00091,pathway,245,1.0,0.0,0.0
10,DB00091,DB00613,1,1.0,A,DB00091,pathway,247,1.0,0.0,0.0
10,DB00091,DB00613,1,1.0,A,DB00091,pathway,250,1.0,0.0,0.0
10,DB00091,DB00613,1,1.0,A,DB00091,pathway,263,1.0,0.0,0.0
10,DB00091,DB00613,1,1.0,A,DB00091,pathway,269,1.0,0.0,0.0
10,DB00091,DB00613,1,1.0,A,DB00091,pathway,281,1.0,0.0,0.0
10,DB00091,DB00613,1,1.0,A,DB00091,pathway,283,1.0,0.0,0.0
10,DB00091,DB00613,1,1.0,A,DB00091,pathway,285,1.0,0.0,0.0
10,DB00091,DB00613,1,1.0,A,DB00091,pathway,286,1.0,0.0,0.0
10,DB00091,DB00613,1,1.0,A,DB00091,pathway,287,1.0,0.0,0.0
10,DB00091,DB00613,1,1.0,A,DB00091,pathway,290,1.0,0.0,0.0
10,DB00091,DB00613,1,1.0,A,DB00091,pathway,296,1.0,0.0,0.0
10,DB00091,DB00613,1,1.0,A,DB00091,pathway,297,1.0,0.0,0.0
10,DB00091,DB00613,1,1.0,A,DB00091,pathway,308,1.0,0.0,0.0
10,DB00091,DB00613,1,1.0,A,DB00091,pathway,314,1.0,0.0,0.0
10,DB00091,DB00613,1,1.0,A,DB00091,pathway,315,1.0,0.0,0.0
10,DB00091,DB00613,1,1.0,A,DB00091,pathway,329,1.0,0.0,0.0
10,DB00091,DB00613,1,1.0,A,DB00091,pathway,332,1.0,0.0,0.0
10,DB00091,DB00613,1,1.0,A,DB00091,pathway,333,1.0,0.0,0.0
10,DB00091,DB00613,1,1.0,A,DB00091,pathway,340,1.0,0.0,0.0
10,DB00091,DB00613,1,1.0,A,DB00091,pathway,346,1.0,0.0,0.0
10,DB00091,DB00613,1,1.0,A,DB00091,pathway,350,1.0,0.0,0.0
10,DB00091,DB00613,1,1.0,A,DB00091,pathway,353,1.0,0.0,0.0
10,DB00091,DB00613,1,1.0,A,DB00091,pathway,358,1.0,0.0,0.0
10,DB00091,DB00613,1,1.0,A,DB00091,pathway,359,1.0,0.0,0.0
10,DB00091,DB00613,1,1.0,A,DB00091,pathway,362,1.0,0.0,0.0
10,DB00091,DB00613,1,1.0,A,DB00091,pathway,371,1.0,0.0,0.0
10,DB00091,DB00613,1,1.0,A,DB00091,pathway,374,1.0,0.0,0.0
10,DB00091,DB00613,1,1.0,A,DB00091,pathway,379,1.0,0.0,0.0
10,DB00091,DB00613,1,1.0,A,DB00091,pathway,385,1.0,0.0,0.0
10,DB00091,DB00613,1,1.0,A,DB00091,pathway,386,1.0,0.0,0.0
10,DB00091,DB00613,1,1.0,A,DB00091,pathway,387,1.0,0.0,0.0
10,DB00091,DB00613,1,1.0,A,DB00091,pathway,393,1.0,0.0,0.0
10,DB00091,DB00613,1,1.0,A,DB00091,pathway,394,1.0,0.0,0.0
10,DB00091,DB00613,1,1.0,A,DB00091,pathway,395,1.0,0.0,0.0
10,DB00091,DB00613,1,1.0,A,DB00091,pathway,396,1.0,0.0,0.0
10,DB00091,DB00613,1,1.0,A,DB00091,pathway,397,1.0,0.0,0.0
10,DB00091,DB00613,1,1.0,A,DB00091,pathway,398,1.0,0.0,0.0
10,DB00091,DB00613,1,1.0,A,DB00091,pathway,399,1.0,0.0,0.0
10,DB00091,DB00613,1,1.0,A,DB00091,pathway,401,1.0,0.0,0.0
10,DB00091,DB00613,1,1.0,A,DB00091,pathway,402,1.0,0.0,0.0
10,DB00091,DB00613,1,1.0,A,DB00091,pathway,427,1.0,0.0,0.0
10,DB00091,DB00613,1,1.0,A,DB00091,pathway,429,1.0,0.0,0.0
10,DB00091,DB00613,1,1.0,A,DB00091,pathway,430,1.0,0.0,0.0
10,DB00091,DB00613,1,1.0,A,DB00091,pathway,438,1.0,0.0,0.0
10,DB00091,DB00613,1,1.0,A,DB00091,pathway,439,1.0,0.0,0.0
10,DB00091,DB00613,1,1.0,A,DB00091,pathway,440,1.0,0.0,0.0
10,DB00091,DB00613,1,1.0,A,DB00091,pathway,441,1.0,0.0,0.0
10,DB00091,DB00613,1,1.0,A,DB00091,pathway,442,1.0,0.0,0.0
10,DB00091,DB00613,1,1.0,A,DB00091,pathway,443,1.0,0.0,0.0
10,DB00091,DB00613,1,1.0,A,DB00091,pathway,444,1.0,0.0,0.0
10,DB00091,DB00613,1,1.0,A,DB00091,pathway,446,1.0,0.0,0.0
10,DB00091,DB00613,1,1.0,A,DB00091,pathway,447,1.0,0.0,0.0
10,DB00091,DB00613,1,1.0,A,DB00091,pathway,452,1.0,0.0,0.0
10,DB00091,DB00613,1,1.0,A,DB00091,pathway,455,1.0,0.0,0.0
10,DB00091,DB00613,1,1.0,A,DB00091,pathway,457,1.0,0.0,0.0
10,DB00091,DB00613,1,1.0,A,DB00091,pathway,462,1.0,0.0,0.0
10,DB00091,DB00613,1,1.0,A,DB00091,pathway,464,1.0,0.0,0.0
10,DB00091,DB00613,1,1.0,A,DB00091,pathway,466,1.0,0.0,0.0
10,DB00091,DB00613,1,1.0,A,DB00091,pathway,467,1.0,0.0,0.0
10,DB00091,DB00613,1,1.0,A,DB00091,pathway,471,1.0,0.0,0.0
10,DB00091,DB00613,1,1.0,A,DB00091,pathway,473,1.0,0.0,0.0
10,DB00091,DB00613,1,1.0,A,DB00091,pathway,478,1.0,0.0,0.0
10,DB00091,DB00613,1,1.0,A,DB00091,pathway,479,1.0,0.0,0.0
10,DB00091,DB00613,1,1.0,A,DB00091,pathway,480,1.0,0.0,0.0
10,DB00091,DB00613,1,1.0,A,DB00091,pathway,481,1.0,0.0,0.0
10,DB00091,DB00613,1,1.0,A,DB00091,pathway,482,1.0,0.0,0.0
10,DB00091,DB00613,1,1.0,A,DB00091,pathway,488,1.0,0.0,0.0
10,DB00091,DB00613,1,1.0,A,DB00091,pathway,498,1.0,0.0,0.0
10,DB00091,DB00613,1,1.0,A,DB00091,pathway,499,1.0,0.0,0.0
10,DB00091,DB00613,1,1.0,A,DB00091,pathway,511,1.0,0.0,0.0
10,DB00091,DB00613,1,1.0,A,DB00091,pathway,512,1.0,0.0,0.0
10,DB00091,DB00613,1,1.0,A,DB00091,pathway,513,1.0,0.0,0.0
10,DB00091,DB00613,1,1.0,A,DB00091,pathway,515,1.0,0.0,0.0
10,DB00091,DB00613,1,1.0,A,DB00091,pathway,521,1.0,0.0,0.0
10,DB00091,DB00613,1,1.0,A,DB00091,pathway,524,1.0,0.0,0.0
10,DB00091,DB00613,1,1.0,A,DB00091,pathway,527,1.0,0.0,0.0
10,DB00091,DB00613,1,1.0,A,DB00091,pathway,528,1.0,0.0,0.0
10,DB00091,DB00613,1,1.0,A,DB00091,pathway,530,1.0,0.0,0.0
10,DB00091,DB00613,1,1.0,A,DB00091,pathway,531,1.0,0.0,0.0
10,DB00091,DB00613,1,1.0,A,DB00091,pathway,532,1.0,0.0,0.0
10,DB00091,DB00613,1,1.0,A,DB00091,pathway,536,1.0,0.0,0.0
10,DB00091,DB00613,1,1.0,A,DB00091,pathway,542,1.0,0.0,0.0
10,DB00091,DB00613,1,1.0,A,DB00091,pathway,544,1.0,0.0,0.0
10,DB00091,DB00613,1,1.0,A,DB00091,pathway,552,1.0,0.0,0.0
10,DB00091,DB00613,1,1.0,A,DB00091,pathway,557,1.0,0.0,0.0
10,DB00091,DB00613,1,1.0,A,DB00091,pathway,559,1.0,0.0,0.0
10,DB00091,DB00613,1,1.0,A,DB00091,pathway,587,1.0,0.0,0.0
10,DB00091,DB00613,1,1.0,A,DB00091,pathway,588,1.0,0.0,0.0
10,DB00091,DB00613,1,1.0,A,DB00091,pathway,589,1.0,0.0,0.0
10,DB00091,DB00613,1,1.0,A,DB00091,pathway,590,1.0,0.0,0.0
10,DB00091,DB00613,1,1.0,A,DB00091,pathway,591,1.0,0.0,0.0
10,DB00091,DB00613,1,1.0,A,DB00091,pathway,594,1.0,0.0,0.0
10,DB00091,DB00613,1,1.0,A,DB00091,pathway,602,1.0,0.0,0.0
10,DB00091,DB00613,1,1.0,A,DB00091,pathway,612,1.0,0.0,0.0
10,DB00091,DB00613,1,1.0,A,DB00091,pathway,614,1.0,0.0,0.0
10,DB00091,DB00613,1,1.0,A,DB00091,pathway,617,1.0,0.0,0.0
10,DB00091,DB00613,1,1.0,A,DB00091,pathway,619,1.0,0.0,0.0
10,DB00091,DB00613,1,1.0,A,DB00091,pathway,620,1.0,0.0,0.0
10,DB00091,DB00613,1,1.0,A,DB00091,pathway,625,1.0,0.0,0.0
10,DB00091,DB00613,1,1.0,A,DB00091,pathway,626,1.0,0.0,0.0
10,DB00091,DB00613,1,1.0,A,DB00091,pathway,627,1.0,0.0,0.0
10,DB00091,DB00613,1,1.0,A,DB00091,pathway,630,1.0,0.0,0.0
10,DB00091,DB00613,1,1.0,A,DB00091,pathway,631,1.0,0.0,0.0
10,DB00091,DB00613,1,1.0,A,DB00091,pathway,636,1.0,0.0,0.0
10,DB00091,DB00613,1,1.0,A,DB00091,pathway,637,1.0,0.0,0.0
10,DB00091,DB00613,1,1.0,A,DB00091,pathway,638,1.0,0.0,0.0
10,DB00091,DB00613,1,1.0,A,DB00091,pathway,640,1.0,0.0,0.0
10,DB00091,DB00613,1,1.0,A,DB00091,pathway,641,1.0,0.0,0.0
10,DB00091,DB00613,1,1.0,A,DB00091,pathway,642,1.0,0.0,0.0
10,DB00091,DB00613,1,1.0,A,DB00091,pathway,643,1.0,0.0,0.0
10,DB00091,DB00613,1,1.0,A,DB00091,pathway,644,1.0,0.0,0.0
10,DB00091,DB00613,1,1.0,A,DB00091,pathway,645,1.0,0.0,0.0
10,DB00091,DB00613,1,1.0,A,DB00091,pathway,646,1.0,0.0,0.0
10,DB00091,DB00613,1,1.0,A,DB00091,pathway,647,1.0,0.0,0.0
10,DB00091,DB00613,1,1.0,A,DB00091,pathway,650,1.0,0.0,0.0
10,DB00091,DB00613,1,1.0,A,DB00091,pathway,651,1.0,0.0,0.0
10,DB00091,DB00613,1,1.0,A,DB00091,pathway,652,1.0,0.0,0.0
10,DB00091,DB00613,1,1.0,A,DB00091,pathway,654,1.0,0.0,0.0
10,DB00091,DB00613,1,1.0,A,DB00091,pathway,655,1.0,0.0,0.0
10,DB00091,DB00613,1,1.0,A,DB00091,pathway,656,1.0,0.0,0.0
10,DB00091,DB00613,1,1.0,A,DB00091,pathway,658,1.0,0.0,0.0
10,DB00091,DB00613,1,1.0,A,DB00091,pathway,664,1.0,0.0,0.0
10,DB00091,DB00613,1,1.0,A,DB00091,pathway,668,1.0,0.0,0.0
10,DB00091,DB00613,1,1.0,A,DB00091,pathway,670,1.0,0.0,0.0
10,DB00091,DB00613,1,1.0,A,DB00091,pathway,671,1.0,0.0,0.0
10,DB00091,DB00613,1,1.0,A,DB00091,pathway,672,1.0,0.0,0.0
10,DB00091,DB00613,1,1.0,A,DB00091,pathway,673,1.0,0.0,0.0
10,DB00091,DB00613,1,1.0,A,DB00091,pathway,674,1.0,0.0,0.0
10,DB00091,DB00613,1,1.0,A,DB00091,pathway,677,1.0,0.0,0.0
10,DB00091,DB00613,1,1.0,A,DB00091,pathway,679,1.0,0.0,0.0
10,DB00091,DB00613,1,1.0,A,DB00091,pathway,683,1.0,0.0,0.0
10,DB00091,DB00613,1,1.0,A,DB00091,pathway,685,1.0,0.0,0.0
10,DB00091,DB00613,1,1.0,A,DB00091,pathway,686,1.0,0.0,0.0
10,DB00091,DB00613,1,1.0,A,DB00091,pathway,687,1.0,0.0,0.0
10,DB00091,DB00613,1,1.0,A,DB00091,pathway,688,1.0,0.0,0.0
10,DB00091,DB00613,1,1.0,A,DB00091,pathway,691,1.0,0.0,0.0
10,DB00091,DB00613,1,1.0,A,DB00091,pathway,692,1.0,0.0,0.0
10,DB00091,DB00613,1,1.0,A,DB00091,pathway,693,1.0,0.0,0.0
10,DB00091,DB00613,1,1.0,A,DB00091,pathway,694,1.0,0.0,0.0
10,DB00091,DB00613,1,1.0,A,DB00091,pathway,695,1.0,0.0,0.0
10,DB00091,DB00613,1,1.0,A,DB00091,pathway,696,1.0,0.0,0.0
10,DB00091,DB00613,1,1.0,A,DB00091,pathway,701,1.0,0.0,0.0
10,DB00091,DB00613,1,1.0,A,DB00091,pathway,703,1.0,0.0,0.0
10,DB00091,DB00613,1,1.0,A,DB00091,pathway,704,1.0,0.0,0.0
10,DB00091,DB00613,1,1.0,A,DB00091,pathway,705,1.0,0.0,0.0
10,DB00091,DB00613,1,1.0,A,DB00091,pathway,707,1.0,0.0,0.0
10,DB00091,DB00613,1,1.0,A,DB00091,pathway,708,1.0,0.0,0.0
10,DB00091,DB00613,1,1.0,A,DB00091,pathway,709,1.0,0.0,0.0
10,DB00091,DB00613,1,1.0,A,DB00091,pathway,711,1.0,0.0,0.0
10,DB00091,DB00613,1,1.0,A,DB00091,pathway,715,1.0,0.0,0.0
10,DB00091,DB00613,1,1.0,A,DB00091,pathway,716,1.0,0.0,0.0
10,DB00091,DB00613,1,1.0,A,DB00091,pathway,717,1.0,0.0,0.0
10,DB00091,DB00613,1,1.0,A,DB00091,pathway,718,1.0,0.0,0.0
10,DB00091,DB00613,1,1.0,A,DB00091,pathway,719,1.0,0.0,0.0
10,DB00091,DB00613,1,1.0,A,DB00091,pathway,728,1.0,0.0,0.0
10,DB00091,DB00613,1,1.0,A,DB00091,pathway,730,1.0,0.0,0.0
10,DB00091,DB00613,1,1.0,A,DB00091,pathway,732,1.0,0.0,0.0
10,DB00091,DB00613,1,1.0,A,DB00091,pathway,733,1.0,0.0,0.0
10,DB00091,DB00613,1,1.0,A,DB00091,pathway,744,1.0,0.0,0.0
10,DB00091,DB00613,1,1.0,A,DB00091,pathway,764,1.0,0.0,0.0
10,DB00091,DB00613,1,1.0,A,DB00091,pathway,765,1.0,0.0,0.0
10,DB00091,DB00613,1,1.0,A,DB00091,pathway,772,1.0,0.0,0.0
10,DB00091,DB00613,1,1.0,A,DB00091,pathway,775,1.0,0.0,0.0
10,DB00091,DB00613,1,1.0,A,DB00091,pathway,776,1.0,0.0,0.0
10,DB00091,DB00613,1,1.0,A,DB00091,pathway,777,1.0,0.0,0.0
10,DB00091,DB00613,1,1.0,A,DB00091,pathway,783,1.0,0.0,0.0
10,DB00091,DB00613,1,1.0,A,DB00091,pathway,784,1.0,0.0,0.0
10,DB00091,DB00613,1,1.0,A,DB00091,pathway,787,1.0,0.0,0.0
10,DB00091,DB00613,1,1.0,A,DB00091,pathway,788,1.0,0.0,0.0
10,DB00091,DB00613,1,1.0,A,DB00091,pathway,789,1.0,0.0,0.0
10,DB00091,DB00613,1,1.0,A,DB00091,pathway,797,1.0,0.0,0.0
10,DB00091,DB00613,1,1.0,A,DB00091,pathway,798,1.0,0.0,0.0
10,DB00091,DB00613,1,1.0,A,DB00091,pathway,799,1.0,0.0,0.0
10,DB00091,DB00613,1,1.0,A,DB00091,pathway,801,1.0,0.0,0.0
10,DB00091,DB00613,1,1.0,A,DB00091,pathway,805,1.0,0.0,0.0
10,DB00091,DB00613,1,1.0,A,DB00091,pathway,806,1.0,0.0,0.0
10,DB00091,DB00613,1,1.0,A,DB00091,pathway,811,1.0,0.0,0.0
10,DB00091,DB00613,1,1.0,A,DB00091,pathway,826,1.0,0.0,0.0
10,DB00091,DB00613,1,1.0,A,DB00091,pathway,830,1.0,0.0,0.0
10,DB00091,DB00613,1,1.0,A,DB00091,pathway,836,1.0,0.0,0.0
10,DB00091,DB00613,1,1.0,A,DB00091,pathway,837,1.0,0.0,0.0
10,DB00091,DB00613,1,1.0,A,DB00091,pathway,840,1.0,0.0,0.0
10,DB00091,DB00613,1,1.0,A,DB00091,pathway,845,1.0,0.0,0.0
10,DB00091,DB00613,1,1.0,A,DB00091,pathway,853,1.0,0.0,0.0
10,DB00091,DB00613,1,1.0,A,DB00091,pathway,854,1.0,0.0,0.0
10,DB00091,DB00613,1,1.0,A,DB00091,pathway,855,1.0,0.0,0.0
10,DB00091,DB00613,1,1.0,A,DB00091,pathway,863,1.0,0.0,0.0
10,DB00091,DB00613,1,1.0,A,DB00091,pathway,870,1.0,0.0,0.0
10,DB00091,DB00613,1,1.0,A,DB00091,pathway,874,1.0,0.0,0.0
10,DB00091,DB00613,1,1.0,A,DB00091,pathway,877,1.0,0.0,0.0
10,DB00091,DB00613,1,1.0,A,DB00091,pathway,883,1.0,0.0,0.0
10,DB00091,DB00613,1,1.0,A,DB00091,pathway,896,1.0,0.0,0.0
10,DB00091,DB00613,1,1.0,A,DB00091,pathway,910,1.0,0.0,0.0
10,DB00091,DB00613,1,1.0,A,DB00091,pathway,919,1.0,0.0,0.0
10,DB00091,DB00613,1,1.0,A,DB00091,pathway,922,1.0,0.0,0.0
10,DB00091,DB00613,1,1.0,A,DB00091,pathway,927,1.0,0.0,0.0
10,DB00091,DB00613,1,1.0,A,DB00091,pathway,940,1.0,0.0,0.0
10,DB00091,DB00613,1,1.0,A,DB00091,pathway,948,1.0,0.0,0.0
10,DB00091,DB00613,1,1.0,A,DB00091,pathway,955,1.0,0.0,0.0
10,DB00091,DB00613,1,1.0,A,DB00091,pathway,958,1.0,0.0,0.0
10,DB00091,DB00613,1,1.0,A,DB00091,pathway,959,1.0,0.0,0.0
10,DB00091,DB00613,1,1.0,A,DB00091,pathway,965,1.0,0.0,0.0
10,DB00091,DB00613,1,1.0,A,DB00091,pathway,968,1.0,0.0,0.0
10,DB00091,DB00613,1,1.0,A,DB00091,pathway,969,1.0,0.0,0.0
10,DB00091,DB00613,1,1.0,A,DB00091,pathway,970,1.0,0.0,0.0
10,DB00091,DB00613,1,1.0,A,DB00091,pathway,973,1.0,0.0,0.0
10,DB00091,DB00613,1,1.0,A,DB00091,pathway,981,1.0,0.0,0.0
10,DB00091,DB00613,1,1.0,A,DB00091,pathway,986,1.0,0.0,0.0
10,DB00091,DB00613,1,1.0,A,DB00091,pathway,987,1.0,0.0,0.0
10,DB00091,DB00613,1,1.0,A,DB00091,pathway,988,1.0,0.0,0.0
10,DB00091,DB00613,1,1.0,A,DB00091,pathway,989,1.0,0.0,0.0
10,DB00091,DB00613,1,1.0,A,DB00091,pathway,1009,1.0,0.0,0.0
10,DB00091,DB00613,1,1.0,A,DB00091,pathway,1010,1.0,0.0,0.0
10,DB00091,DB00613,1,1.0,A,DB00091,pathway,1011,1.0,0.0,0.0
10,DB00091,DB00613,1,1.0,A,DB00091,pathway,1012,1.0,0.0,0.0
10,DB00091,DB00613,1,1.0,A,DB00091,pathway,1018,1.0,0.0,0.0
10,DB00091,DB00613,1,1.0,A,DB00091,pathway,1019,1.0,0.0,0.0
10,DB00091,DB00613,1,1.0,A,DB00091,pathway,1020,1.0,0.0,0.0
10,DB00091,DB00613,1,1.0,A,DB00091,pathway,1031,1.0,0.0,0.0
10,DB00091,DB00613,1,1.0,A,DB00091,pathway,1037,1.0,0.0,0.0
10,DB00091,DB00613,1,1.0,A,DB00091,pathway,1041,1.0,0.0,0.0
10,DB00091,DB00613,1,1.0,A,DB00091,pathway,1044,1.0,0.0,0.0
10,DB00091,DB00613,1,1.0,A,DB00091,pathway,1045,1.0,0.0,0.0
10,DB00091,DB00613,1,1.0,A,DB00091,pathway,1046,1.0,0.0,0.0
10,DB00091,DB00613,1,1.0,A,DB00091,pathway,1047,1.0,0.0,0.0
10,DB00091,DB00613,1,1.0,A,DB00091,pathway,1048,1.0,0.0,0.0
10,DB00091,DB00613,1,1.0,A,DB00091,pathway,1054,1.0,0.0,0.0
10,DB00091,DB00613,1,1.0,A,DB00091,pathway,1057,1.0,0.0,0.0
10,DB00091,DB00613,1,1.0,A,DB00091,pathway,1062,1.0,0.0,0.0
10,DB00091,DB00613,1,1.0,A,DB00091,pathway,1064,1.0,0.0,0.0
10,DB00091,DB00613,1,1.0,A,DB00091,pathway,1066,1.0,0.0,0.0
10,DB00091,DB00613,1,1.0,A,DB00091,pathway,1073,1.0,0.0,0.0
10,DB00091,DB00613,1,1.0,A,DB00091,pathway,1074,1.0,0.0,0.0
10,DB00091,DB00613,1,1.0,A,DB00091,pathway,1079,1.0,0.0,0.0
10,DB00091,DB00613,1,1.0,A,DB00091,pathway,1080,1.0,0.0,0.0
10,DB00091,DB00613,1,1.0,A,DB00091,pathway,1081,1.0,0.0,0.0
10,DB00091,DB00613,1,1.0,A,DB00091,pathway,1082,1.0,0.0,0.0
10,DB00091,DB00613,1,1.0,A,DB00091,pathway,1083,1.0,0.0,0.0
10,DB00091,DB00613,1,1.0,A,DB00091,pathway,1084,1.0,0.0,0.0
10,DB00091,DB00613,1,1.0,A,DB00091,pathway,1085,1.0,0.0,0.0
10,DB00091,DB00613,1,1.0,A,DB00091,pathway,1089,1.0,0.0,0.0
10,DB00091,DB00613,1,1.0,A,DB00091,pathway,1090,1.0,0.0,0.0
10,DB00091,DB00613,1,1.0,A,DB00091,pathway,1099,1.0,0.0,0.0
10,DB00091,DB00613,1,1.0,A,DB00091,pathway,1100,1.0,0.0,0.0
10,DB00091,DB00613,1,1.0,A,DB00091,pathway,1102,1.0,0.0,0.0
10,DB00091,DB00613,1,1.0,A,DB00091,pathway,1103,1.0,0.0,0.0
10,DB00091,DB00613,1,1.0,A,DB00091,pathway,1107,1.0,0.0,0.0
10,DB00091,DB00613,1,1.0,A,DB00091,pathway,1108,1.0,0.0,0.0
10,DB00091,DB00613,1,1.0,A,DB00091,pathway,1110,1.0,0.0,0.0
10,DB00091,DB00613,1,1.0,A,DB00091,pathway,1116,1.0,0.0,0.0
10,DB00091,DB00613,1,1.0,A,DB00091,pathway,1119,1.0,0.0,0.0
10,DB00091,DB00613,1,1.0,A,DB00091,pathway,1120,1.0,0.0,0.0
10,DB00091,DB00613,1,1.0,A,DB00091,pathway,1121,1.0,0.0,0.0
10,DB00091,DB00613,1,1.0,A,DB00091,pathway,1122,1.0,0.0,0.0
10,DB00091,DB00613,1,1.0,A,DB00091,pathway,1123,1.0,0.0,0.0
10,DB00091,DB00613,1,1.0,A,DB00091,pathway,1126,1.0,0.0,0.0
10,DB00091,DB00613,1,1.0,A,DB00091,pathway,1134,1.0,0.0,0.0
10,DB00091,DB00613,1,1.0,A,DB00091,pathway,1135,1.0,0.0,0.0
10,DB00091,DB00613,1,1.0,A,DB00091,pathway,1138,1.0,0.0,0.0
10,DB00091,DB00613,1,1.0,A,DB00091,pathway,1153,1.0,0.0,0.0
10,DB00091,DB00613,1,1.0,A,DB00091,pathway,1154,1.0,0.0,0.0
10,DB00091,DB00613,1,1.0,A,DB00091,pathway,1157,1.0,0.0,0.0
10,DB00091,DB00613,1,1.0,A,DB00091,pathway,1165,1.0,0.0,0.0
10,DB00091,DB00613,1,1.0,A,DB00091,pathway,1167,1.0,0.0,0.0
10,DB00091,DB00613,1,1.0,A,DB00091,pathway,1177,1.0,0.0,0.0
10,DB00091,DB00613,1,1.0,A,DB00091,pathway,1182,1.0,0.0,0.0
10,DB00091,DB00613,1,1.0,A,DB00091,pathway,1217,1.0,0.0,0.0
10,DB00091,DB00613,1,1.0,A,DB00091,pathway,1218,1.0,0.0,0.0
10,DB00091,DB00613,1,1.0,A,DB00091,pathway,1224,1.0,0.0,0.0
10,DB00091,DB00613,1,1.0,A,DB00091,pathway,1225,1.0,0.0,0.0
10,DB00091,DB00613,1,1.0,A,DB00091,pathway,1230,1.0,0.0,0.0
10,DB00091,DB00613,1,1.0,A,DB00091,pathway,1245,1.0,0.0,0.0
10,DB00091,DB00613,1,1.0,A,DB00091,pathway,1249,1.0,0.0,0.0
10,DB00091,DB00613,1,1.0,A,DB00091,pathway,1262,1.0,0.0,0.0
10,DB00091,DB00613,1,1.0,A,DB00091,pathway,1263,1.0,0.0,0.0
10,DB00091,DB00613,1,1.0,A,DB00091,pathway,1264,1.0,0.0,0.0
10,DB00091,DB00613,1,1.0,A,DB00091,pathway,1265,1.0,0.0,0.0
10,DB00091,DB00613,1,1.0,A,DB00091,pathway,1266,1.0,0.0,0.0
10,DB00091,DB00613,1,1.0,A,DB00091,pathway,1267,1.0,0.0,0.0
10,DB00091,DB00613,1,1.0,A,DB00091,pathway,1268,1.0,0.0,0.0
10,DB00091,DB00613,1,1.0,A,DB00091,pathway,1270,1.0,0.0,0.0
10,DB00091,DB00613,1,1.0,A,DB00091,pathway,1272,1.0,0.0,0.0
10,DB00091,DB00613,1,1.0,A,DB00091,pathway,1278,1.0,0.0,0.0
10,DB00091,DB00613,1,1.0,A,DB00091,pathway,1291,1.0,0.0,0.0
10,DB00091,DB00613,1,1.0,A,DB00091,pathway,1292,1.0,0.0,0.0
10,DB00091,DB00613,1,1.0,A,DB00091,pathway,1297,1.0,0.0,0.0
10,DB00091,DB00613,1,1.0,A,DB00091,pathway,1298,1.0,0.0,0.0
10,DB00091,DB00613,1,1.0,A,DB00091,pathway,1299,1.0,0.0,0.0
10,DB00091,DB00613,1,1.0,A,DB00091,pathway,1300,1.0,0.0,0.0
10,DB00091,DB00613,1,1.0,A,DB00091,pathway,1301,1.0,0.0,0.0
10,DB00091,DB00613,1,1.0,A,DB00091,pathway,1302,1.0,0.0,0.0
10,DB00091,DB00613,1,1.0,A,DB00091,pathway,1305,1.0,0.0,0.0
10,DB00091,DB00613,1,1.0,A,DB00091,pathway,1312,1.0,0.0,0.0
10,DB00091,DB00613,1,1.0,A,DB00091,pathway,1318,1.0,0.0,0.0
10,DB00091,DB00613,1,1.0,A,DB00091,pathway,1329,1.0,0.0,0.0
10,DB00091,DB00613,1,1.0,A,DB00091,pathway,1333,1.0,0.0,0.0
10,DB00091,DB00613,1,1.0,A,DB00091,pathway,1339,1.0,0.0,0.0
10,DB00091,DB00613,1,1.0,A,DB00091,pathway,1346,1.0,0.0,0.0
10,DB00091,DB00613,1,1.0,A,DB00091,pathway,1347,1.0,0.0,0.0
10,DB00091,DB00613,1,1.0,A,DB00091,pathway,1348,1.0,0.0,0.0
10,DB00091,DB00613,1,1.0,A,DB00091,pathway,1353,1.0,0.0,0.0
10,DB00091,DB00613,1,1.0,A,DB00091,pathway,1356,1.0,0.0,0.0
10,DB00091,DB00613,1,1.0,A,DB00091,pathway,1364,1.0,0.0,0.0
10,DB00091,DB00613,1,1.0,A,DB00091,pathway,1366,1.0,0.0,0.0
10,DB00091,DB00613,1,1.0,A,DB00091,pathway,1370,1.0,0.0,0.0
10,DB00091,DB00613,1,1.0,A,DB00091,pathway,1372,1.0,0.0,0.0
10,DB00091,DB00613,1,1.0,A,DB00091,pathway,1373,1.0,0.0,0.0
10,DB00091,DB00613,1,1.0,A,DB00091,pathway,1382,1.0,0.0,0.0
10,DB00091,DB00613,1,1.0,A,DB00091,pathway,1394,1.0,0.0,0.0
10,DB00091,DB00613,1,1.0,A,DB00091,pathway,1396,1.0,0.0,0.0
10,DB00091,DB00613,1,1.0,A,DB00091,pathway,1397,1.0,0.0,0.0
10,DB00091,DB00613,1,1.0,A,DB00091,pathway,1401,1.0,0.0,0.0
10,DB00091,DB00613,1,1.0,A,DB00091,pathway,1402,1.0,0.0,0.0
10,DB00091,DB00613,1,1.0,A,DB00091,pathway,1405,1.0,0.0,0.0
10,DB00091,DB00613,1,1.0,A,DB00091,pathway,1414,1.0,0.0,0.0
10,DB00091,DB00613,1,1.0,A,DB00091,pathway,1419,1.0,0.0,0.0
10,DB00091,DB00613,1,1.0,A,DB00091,pathway,1422,1.0,0.0,0.0
10,DB00091,DB00613,1,1.0,A,DB00091,pathway,1423,1.0,0.0,0.0
10,DB00091,DB00613,1,1.0,A,DB00091,pathway,1424,1.0,0.0,0.0
10,DB00091,DB00613,1,1.0,A,DB00091,pathway,1428,1.0,0.0,0.0
10,DB00091,DB00613,1,1.0,A,DB00091,pathway,1430,1.0,0.0,0.0
10,DB00091,DB00613,1,1.0,A,DB00091,pathway,1431,1.0,0.0,0.0
10,DB00091,DB00613,1,1.0,A,DB00091,pathway,1432,1.0,0.0,0.0
10,DB00091,DB00613,1,1.0,A,DB00091,pathway,1436,1.0,0.0,0.0
10,DB00091,DB00613,1,1.0,A,DB00091,pathway,1437,1.0,0.0,0.0
10,DB00091,DB00613,1,1.0,A,DB00091,pathway,1440,1.0,0.0,0.0
10,DB00091,DB00613,1,1.0,A,DB00091,pathway,1441,1.0,0.0,0.0
10,DB00091,DB00613,1,1.0,A,DB00091,pathway,1446,1.0,0.0,0.0
10,DB00091,DB00613,1,1.0,A,DB00091,pathway,1448,1.0,0.0,0.0
10,DB00091,DB00613,1,1.0,A,DB00091,pathway,1453,1.0,0.0,0.0
10,DB00091,DB00613,1,1.0,A,DB00091,pathway,1467,1.0,0.0,0.0
10,DB00091,DB00613,1,1.0,A,DB00091,pathway,1468,1.0,0.0,0.0
10,DB00091,DB00613,1,1.0,A,DB00091,pathway,1471,1.0,0.0,0.0
10,DB00091,DB00613,1,1.0,A,DB00091,pathway,1472,1.0,0.0,0.0
10,DB00091,DB00613,1,1.0,A,DB00091,pathway,1473,1.0,0.0,0.0
10,DB00091,DB00613,1,1.0,A,DB00091,pathway,1474,1.0,0.0,0.0
10,DB00091,DB00613,1,1.0,A,DB00091,pathway,1488,1.0,0.0,0.0
10,DB00091,DB00613,1,1.0,A,DB00091,pathway,1489,1.0,0.0,0.0
10,DB00091,DB00613,1,1.0,A,DB00091,pathway,1490,1.0,0.0,0.0
10,DB00091,DB00613,1,1.0,A,DB00091,pathway,1491,1.0,0.0,0.0
10,DB00091,DB00613,1,1.0,A,DB00091,pathway,1492,1.0,0.0,0.0
10,DB00091,DB00613,1,1.0,A,DB00091,pathway,1496,1.0,0.0,0.0
10,DB00091,DB00613,1,1.0,A,DB00091,pathway,1500,1.0,0.0,0.0
10,DB00091,DB00613,1,1.0,A,DB00091,pathway,1502,1.0,0.0,0.0
10,DB00091,DB00613,1,1.0,A,DB00091,pathway,1513,1.0,0.0,0.0
10,DB00091,DB00613,1,1.0,A,DB00091,pathway,1514,1.0,0.0,0.0
10,DB00091,DB00613,1,1.0,A,DB00091,pathway,1518,1.0,0.0,0.0
10,DB00091,DB00613,1,1.0,A,DB00091,pathway,1521,1.0,0.0,0.0
10,DB00091,DB00613,1,1.0,A,DB00091,pathway,1522,1.0,0.0,0.0
10,DB00091,DB00613,1,1.0,A,DB00091,pathway,1524,1.0,0.0,0.0
10,DB00091,DB00613,1,1.0,A,DB00091,pathway,1531,1.0,0.0,0.0
10,DB00091,DB00613,1,1.0,A,DB00091,pathway,1533,1.0,0.0,0.0
10,DB00091,DB00613,1,1.0,A,DB00091,pathway,1534,1.0,0.0,0.0
10,DB00091,DB00613,1,1.0,A,DB00091,pathway,1542,1.0,0.0,0.0
10,DB00091,DB00613,1,1.0,A,DB00091,pathway,1544,1.0,0.0,0.0
10,DB00091,DB00613,1,1.0,A,DB00091,pathway,1547,1.0,0.0,0.0
10,DB00091,DB00613,1,1.0,A,DB00091,pathway,1548,1.0,0.0,0.0
10,DB00091,DB00613,1,1.0,A,DB00091,pathway,1549,1.0,0.0,0.0
10,DB00091,DB00613,1,1.0,A,DB00091,pathway,1557,1.0,0.0,0.0
10,DB00091,DB00613,1,1.0,A,DB00091,pathway,1562,1.0,0.0,0.0
10,DB00091,DB00613,1,1.0,A,DB00091,pathway,1567,1.0,0.0,0.0
10,DB00091,DB00613,1,1.0,A,DB00091,pathway,1568,1.0,0.0,0.0
10,DB00091,DB00613,1,1.0,A,DB00091,pathway,1569,1.0,0.0,0.0
10,DB00091,DB00613,1,1.0,A,DB00091,pathway,1570,1.0,0.0,0.0
10,DB00091,DB00613,1,1.0,A,DB00091,pathway,1571,1.0,0.0,0.0
10,DB00091,DB00613,1,1.0,A,DB00091,pathway,1577,1.0,0.0,0.0
10,DB00091,DB00613,1,1.0,A,DB00091,pathway,1582,1.0,0.0,0.0
10,DB00091,DB00613,1,1.0,A,DB00091,pathway,1584,1.0,0.0,0.0
10,DB00091,DB00613,1,1.0,A,DB00091,pathway,1585,1.0,0.0,0.0
10,DB00091,DB00613,1,1.0,A,DB00091,pathway,1586,1.0,0.0,0.0
10,DB00091,DB00613,1,1.0,A,DB00091,pathway,1587,1.0,0.0,0.0
10,DB00091,DB00613,1,1.0,A,DB00091,pathway,1589,1.0,0.0,0.0
10,DB00091,DB00613,1,1.0,A,DB00091,pathway,1590,1.0,0.0,0.0
10,DB00091,DB00613,1,1.0,A,DB00091,pathway,1591,1.0,0.0,0.0
10,DB00091,DB00613,1,1.0,A,DB00091,pathway,1592,1.0,0.0,0.0
10,DB00091,DB00613,1,1.0,A,DB00091,pathway,1593,1.0,0.0,0.0
10,DB00091,DB00613,1,1.0,A,DB00091,pathway,1594,1.0,0.0,0.0
10,DB00091,DB00613,1,1.0,A,DB00091,pathway,1595,1.0,0.0,0.0
10,DB00091,DB00613,1,1.0,A,DB00091,pathway,1596,1.0,0.0,0.0
10,DB00091,DB00613,1,1.0,A,DB00091,pathway,1597,1.0,0.0,0.0
10,DB00091,DB00613,1,1.0,A,DB00091,pathway,1598,1.0,0.0,0.0
10,DB00091,DB00613,1,1.0,A,DB00091,pathway,1599,1.0,0.0,0.0
10,DB00091,DB00613,1,1.0,A,DB00091,pathway,1613,1.0,0.0,0.0
10,DB00091,DB00613,1,1.0,A,DB00091,pathway,1635,1.0,0.0,0.0
10,DB00091,DB00613,1,1.0,A,DB00091,pathway,1637,1.0,0.0,0.0
10,DB00091,DB00613,1,1.0,A,DB00091,pathway,1640,1.0,0.0,0.0
10,DB00091,DB00613,1,1.0,A,DB00091,pathway,1652,1.0,0.0,0.0
10,DB00091,DB00613,1,1.0,A,DB00091,pathway,1665,1.0,0.0,0.0
10,DB00091,DB00613,1,1.0,A,DB00091,pathway,1685,1.0,0.0,0.0
10,DB00091,DB00613,1,1.0,A,DB00091,pathway,1686,1.0,0.0,0.0
10,DB00091,DB00613,1,1.0,A,DB00091,pathway,1687,1.0,0.0,0.0
10,DB00091,DB00613,1,1.0,A,DB00091,pathway,1688,1.0,0.0,0.0
10,DB00091,DB00613,1,1.0,A,DB00091,pathway,1692,1.0,0.0,0.0
10,DB00091,DB00613,1,1.0,A,DB00091,pathway,1694,1.0,0.0,0.0
10,DB00091,DB00613,1,1.0,A,DB00091,pathway,1695,1.0,0.0,0.0
10,DB00091,DB00613,1,1.0,A,DB00091,pathway,1696,1.0,0.0,0.0
10,DB00091,DB00613,1,1.0,A,DB00091,pathway,1700,1.0,0.0,0.0
10,DB00091,DB00613,1,1.0,A,DB00091,pathway,1701,1.0,0.0,0.0
10,DB00091,DB00613,1,1.0,A,DB00091,pathway,1713,1.0,0.0,0.0
10,DB00091,DB00613,1,1.0,A,DB00091,pathway,1714,1.0,0.0,0.0
10,DB00091,DB00613,1,1.0,A,DB00091,pathway,1719,1.0,0.0,0.0
10,DB00091,DB00613,1,1.0,A,DB00091,pathway,1721,1.0,0.0,0.0
10,DB00091,DB00613,1,1.0,A,DB00091,pathway,1730,1.0,0.0,0.0
10,DB00091,DB00613,1,1.0,A,DB00091,pathway,1737,1.0,0.0,0.0
10,DB00091,DB00613,1,1.0,A,DB00091,pathway,1743,1.0,0.0,0.0
10,DB00091,DB00613,1,1.0,A,DB00091,pathway,1744,1.0,0.0,0.0
10,DB00091,DB00613,1,1.0,A,DB00091,pathway,1746,1.0,0.0,0.0
10,DB00091,DB00613,1,1.0,A,DB00091,pathway,1751,1.0,0.0,0.0
10,DB00091,DB00613,1,1.0,A,DB00091,pathway,1755,1.0,0.0,0.0
10,DB00091,DB00613,1,1.0,A,DB00091,pathway,1758,1.0,0.0,0.0
10,DB00091,DB00613,1,1.0,A,DB00091,pathway,1765,1.0,0.0,0.0
10,DB00091,DB00613,1,1.0,A,DB00091,pathway,1770,1.0,0.0,0.0
10,DB00091,DB00613,1,1.0,A,DB00091,pathway,1774,1.0,0.0,0.0
10,DB00091,DB00613,1,1.0,A,DB00091,pathway,1776,1.0,0.0,0.0
10,DB00091,DB00613,1,1.0,A,DB00091,pathway,1779,1.0,0.0,0.0
10,DB00091,DB00613,1,1.0,A,DB00091,pathway,1783,1.0,0.0,0.0
10,DB00091,DB00613,1,1.0,A,DB00091,pathway,1784,1.0,0.0,0.0
10,DB00091,DB00613,1,1.0,A,DB00091,pathway,1788,1.0,0.0,0.0
10,DB00091,DB00613,1,1.0,A,DB00091,pathway,1790,1.0,0.0,0.0
10,DB00091,DB00613,1,1.0,A,DB00091,pathway,1791,1.0,0.0,0.0
10,DB00091,DB00613,1,1.0,A,DB00091,pathway,1793,1.0,0.0,0.0
10,DB00091,DB00613,1,1.0,A,DB00091,pathway,1794,1.0,0.0,0.0
10,DB00091,DB00613,1,1.0,A,DB00091,pathway,1795,1.0,0.0,0.0
10,DB00091,DB00613,1,1.0,A,DB00091,pathway,1796,1.0,0.0,0.0
10,DB00091,DB00613,1,1.0,A,DB00091,pathway,1797,1.0,0.0,0.0
10,DB00091,DB00613,1,1.0,A,DB00091,pathway,1798,1.0,0.0,0.0
10,DB00091,DB00613,1,1.0,A,DB00091,pathway,1799,1.0,0.0,0.0
10,DB00091,DB00613,1,1.0,A,DB00091,pathway,1801,1.0,0.0,0.0
10,DB00091,DB00613,1,1.0,A,DB00091,pathway,1805,1.0,0.0,0.0
10,DB00091,DB00613,1,1.0,A,DB00091,pathway,1812,1.0,0.0,0.0
10,DB00091,DB00613,1,1.0,A,DB00091,pathway,1818,1.0,0.0,0.0
10,DB00091,DB00613,1,1.0,A,DB00091,pathway,1827,1.0,0.0,0.0
10,DB00091,DB00613,1,1.0,A,DB00091,pathway,1831,1.0,0.0,0.0
10,DB00091,DB00613,1,1.0,A,DB00091,pathway,1837,1.0,0.0,0.0
10,DB00091,DB00613,1,1.0,A,DB00091,pathway,1842,1.0,0.0,0.0
10,DB00091,DB00613,1,1.0,A,DB00091,pathway,1846,1.0,0.0,0.0
10,DB00091,DB00613,1,1.0,A,DB00091,pathway,1848,1.0,0.0,0.0
10,DB00091,DB00613,1,1.0,A,DB00091,pathway,1849,1.0,0.0,0.0
10,DB00091,DB00613,1,1.0,A,DB00091,pathway,1850,1.0,0.0,0.0
10,DB00091,DB00613,1,1.0,A,DB00091,pathway,1853,1.0,0.0,0.0
10,DB00091,DB00613,1,1.0,A,DB00091,pathway,1854,1.0,0.0,0.0
10,DB00091,DB00613,1,1.0,A,DB00091,pathway,1865,1.0,0.0,0.0
10,DB00091,DB00613,1,1.0,A,DB00091,pathway,1867,1.0,0.0,0.0
10,DB00091,DB00613,1,1.0,A,DB00091,pathway,1877,1.0,0.0,0.0
10,DB00091,DB00613,1,1.0,A,DB00091,pathway,1879,1.0,0.0,0.0
10,DB00091,DB00613,1,1.0,A,DB00091,pathway,1880,1.0,0.0,0.0
10,DB00091,DB00613,1,1.0,A,DB00091,pathway,1886,1.0,0.0,0.0
10,DB00091,DB00613,1,1.0,A,DB00091,pathway,1892,1.0,0.0,0.0
10,DB00091,DB00613,1,1.0,A,DB00091,pathway,1893,1.0,0.0,0.0
10,DB00091,DB00613,1,1.0,A,DB00091,pathway,1896,1.0,0.0,0.0
10,DB00091,DB00613,1,1.0,A,DB00091,pathway,1898,1.0,0.0,0.0
10,DB00091,DB00613,1,1.0,A,DB00091,pathway,1903,1.0,0.0,0.0
10,DB00091,DB00613,1,1.0,A,DB00091,pathway,1904,1.0,0.0,0.0
10,DB00091,DB00613,1,1.0,A,DB00091,pathway,1905,1.0,0.0,0.0
10,DB00091,DB00613,1,1.0,A,DB00091,pathway,1912,1.0,0.0,0.0
10,DB00091,DB00613,1,1.0,A,DB00091,pathway,1913,1.0,0.0,0.0
10,DB00091,DB00613,1,1.0,A,DB00091,pathway,1921,1.0,0.0,0.0
10,DB00091,DB00613,1,1.0,A,DB00091,pathway,1925,1.0,0.0,0.0
10,DB00091,DB00613,1,1.0,A,DB00091,pathway,1926,1.0,0.0,0.0
10,DB00091,DB00613,1,1.0,A,DB00091,pathway,1932,1.0,0.0,0.0
10,DB00091,DB00613,1,1.0,A,DB00091,pathway,1933,1.0,0.0,0.0
10,DB00091,DB00613,1,1.0,A,DB00091,pathway,1935,1.0,0.0,0.0
10,DB00091,DB00613,1,1.0,A,DB00091,pathway,1937,1.0,0.0,0.0
10,DB00091,DB00613,1,1.0,A,DB00091,pathway,1938,1.0,0.0,0.0
10,DB00091,DB00613,1,1.0,A,DB00091,pathway,1952,1.0,0.0,0.0
10,DB00091,DB00613,1,1.0,A,DB00091,pathway,1956,1.0,0.0,0.0
10,DB00091,DB00613,1,1.0,A,DB00091,pathway,1957,1.0,0.0,0.0
10,DB00091,DB00613,1,1.0,A,DB00091,pathway,1958,1.0,0.0,0.0
10,DB00091,DB00613,1,1.0,A,DB00091,pathway,1959,1.0,0.0,0.0
10,DB00091,DB00613,1,1.0,A,DB00091,pathway,1965,1.0,0.0,0.0
10,DB00091,DB00613,1,1.0,B,DB00613,pathway,53,1.0,0.0,0.0
10,DB00091,DB00613,1,1.0,B,DB00613,pathway,119,1.0,0.0,0.0
10,DB00091,DB00613,1,1.0,B,DB00613,pathway,143,1.0,0.0,0.0
10,DB00091,DB00613,1,1.0,B,DB00613,pathway,159,1.0,0.0,0.0
10,DB00091,DB00613,1,1.0,B,DB00613,pathway,228,1.0,0.0,0.0
10,DB00091,DB00613,1,1.0,B,DB00613,pathway,340,1.0,0.0,0.0
10,DB00091,DB00613,1,1.0,B,DB00613,pathway,374,1.0,0.0,0.0
10,DB00091,DB00613,1,1.0,B,DB00613,pathway,386,1.0,0.0,0.0
10,DB00091,DB00613,1,1.0,B,DB00613,pathway,438,1.0,0.0,0.0
10,DB00091,DB00613,1,1.0,B,DB00613,pathway,439,1.0,0.0,0.0
10,DB00091,DB00613,1,1.0,B,DB00613,pathway,440,1.0,0.0,0.0
10,DB00091,DB00613,1,1.0,B,DB00613,pathway,441,1.0,0.0,0.0
10,DB00091,DB00613,1,1.0,B,DB00613,pathway,442,1.0,0.0,0.0
10,DB00091,DB00613,1,1.0,B,DB00613,pathway,444,1.0,0.0,0.0
10,DB00091,DB00613,1,1.0,B,DB00613,pathway,446,1.0,0.0,0.0
10,DB00091,DB00613,1,1.0,B,DB00613,pathway,454,1.0,0.0,0.0
10,DB00091,DB00613,1,1.0,B,DB00613,pathway,455,1.0,0.0,0.0
10,DB00091,DB00613,1,1.0,B,DB00613,pathway,464,1.0,0.0,0.0
10,DB00091,DB00613,1,1.0,B,DB00613,pathway,471,1.0,0.0,0.0
10,DB00091,DB00613,1,1.0,B,DB00613,pathway,494,1.0,0.0,0.0
10,DB00091,DB00613,1,1.0,B,DB00613,pathway,544,1.0,0.0,0.0
10,DB00091,DB00613,1,1.0,B,DB00613,pathway,646,1.0,0.0,0.0
10,DB00091,DB00613,1,1.0,B,DB00613,pathway,650,1.0,0.0,0.0
10,DB00091,DB00613,1,1.0,B,DB00613,pathway,651,1.0,0.0,0.0
10,DB00091,DB00613,1,1.0,B,DB00613,pathway,703,1.0,0.0,0.0
10,DB00091,DB00613,1,1.0,B,DB00613,pathway,704,1.0,0.0,0.0
10,DB00091,DB00613,1,1.0,B,DB00613,pathway,718,1.0,0.0,0.0
10,DB00091,DB00613,1,1.0,B,DB00613,pathway,765,1.0,0.0,0.0
10,DB00091,DB00613,1,1.0,B,DB00613,pathway,784,1.0,0.0,0.0
10,DB00091,DB00613,1,1.0,B,DB00613,pathway,789,1.0,0.0,0.0
10,DB00091,DB00613,1,1.0,B,DB00613,pathway,870,1.0,0.0,0.0
10,DB00091,DB00613,1,1.0,B,DB00613,pathway,889,1.0,0.0,0.0
10,DB00091,DB00613,1,1.0,B,DB00613,pathway,1054,1.0,0.0,0.0
10,DB00091,DB00613,1,1.0,B,DB00613,pathway,1116,1.0,0.0,0.0
10,DB00091,DB00613,1,1.0,B,DB00613,pathway,1193,1.0,0.0,0.0
10,DB00091,DB00613,1,1.0,B,DB00613,pathway,1262,1.0,0.0,0.0
10,DB00091,DB00613,1,1.0,B,DB00613,pathway,1267,1.0,0.0,0.0
10,DB00091,DB00613,1,1.0,B,DB00613,pathway,1301,1.0,0.0,0.0
10,DB00091,DB00613,1,1.0,B,DB00613,pathway,1372,1.0,0.0,0.0
10,DB00091,DB00613,1,1.0,B,DB00613,pathway,1373,1.0,0.0,0.0
10,DB00091,DB00613,1,1.0,B,DB00613,pathway,1432,1.0,0.0,0.0
10,DB00091,DB00613,1,1.0,B,DB00613,pathway,1467,1.0,0.0,0.0
10,DB00091,DB00613,1,1.0,B,DB00613,pathway,1488,1.0,0.0,0.0
10,DB00091,DB00613,1,1.0,B,DB00613,pathway,1500,1.0,0.0,0.0
10,DB00091,DB00613,1,1.0,B,DB00613,pathway,1513,1.0,0.0,0.0
10,DB00091,DB00613,1,1.0,B,DB00613,pathway,1577,1.0,0.0,0.0
10,DB00091,DB00613,1,1.0,B,DB00613,pathway,1730,1.0,0.0,0.0
10,DB00091,DB00613,1,1.0,B,DB00613,pathway,1744,1.0,0.0,0.0
10,DB00091,DB00613,1,1.0,B,DB00613,pathway,1751,1.0,0.0,0.0
10,DB00091,DB00613,1,1.0,B,DB00613,pathway,1772,1.0,0.0,0.0
10,DB00091,DB00613,1,1.0,B,DB00613,pathway,1779,1.0,0.0,0.0
10,DB00091,DB00613,1,1.0,B,DB00613,pathway,1783,1.0,0.0,0.0
10,DB00091,DB00613,1,1.0,B,DB00613,pathway,1925,1.0,0.0,0.0
10,DB00091,DB00613,1,1.0,B,DB00613,pathway,1926,1.0,0.0,0.0
10,DB00091,DB00613,1,1.0,B,DB00613,pathway,1951,1.0,0.0,0.0
10,DB00091,DB00613,1,1.0,B,DB00613,pathway,1966,1.0,0.0,0.0
11,DB00091,DB00924,1,1.0,A,DB00091,pathway,0,1.0,0.0,0.0
11,DB00091,DB00924,1,1.0,A,DB00091,pathway,2,1.0,0.0,0.0
11,DB00091,DB00924,1,1.0,A,DB00091,pathway,4,1.0,0.0,0.0
11,DB00091,DB00924,1,1.0,A,DB00091,pathway,10,1.0,0.0,0.0
11,DB00091,DB00924,1,1.0,A,DB00091,pathway,11,1.0,0.0,0.0
11,DB00091,DB00924,1,1.0,A,DB00091,pathway,12,1.0,0.0,0.0
11,DB00091,DB00924,1,1.0,A,DB00091,pathway,13,1.0,0.0,0.0
11,DB00091,DB00924,1,1.0,A,DB00091,pathway,15,1.0,0.0,0.0
11,DB00091,DB00924,1,1.0,A,DB00091,pathway,26,1.0,0.0,0.0
11,DB00091,DB00924,1,1.0,A,DB00091,pathway,29,1.0,0.0,0.0
11,DB00091,DB00924,1,1.0,A,DB00091,pathway,31,1.0,0.0,0.0
11,DB00091,DB00924,1,1.0,A,DB00091,pathway,39,1.0,0.0,0.0
11,DB00091,DB00924,1,1.0,A,DB00091,pathway,43,1.0,0.0,0.0
11,DB00091,DB00924,1,1.0,A,DB00091,pathway,44,1.0,0.0,0.0
11,DB00091,DB00924,1,1.0,A,DB00091,pathway,51,1.0,0.0,0.0
11,DB00091,DB00924,1,1.0,A,DB00091,pathway,52,1.0,0.0,0.0
11,DB00091,DB00924,1,1.0,A,DB00091,pathway,53,1.0,0.0,0.0
11,DB00091,DB00924,1,1.0,A,DB00091,pathway,55,1.0,0.0,0.0
11,DB00091,DB00924,1,1.0,A,DB00091,pathway,57,1.0,0.0,0.0
11,DB00091,DB00924,1,1.0,A,DB00091,pathway,62,1.0,0.0,0.0
11,DB00091,DB00924,1,1.0,A,DB00091,pathway,66,1.0,0.0,0.0
11,DB00091,DB00924,1,1.0,A,DB00091,pathway,67,1.0,0.0,0.0
11,DB00091,DB00924,1,1.0,A,DB00091,pathway,72,1.0,0.0,0.0
11,DB00091,DB00924,1,1.0,A,DB00091,pathway,74,1.0,0.0,0.0
11,DB00091,DB00924,1,1.0,A,DB00091,pathway,75,1.0,0.0,0.0
11,DB00091,DB00924,1,1.0,A,DB00091,pathway,78,1.0,0.0,0.0
11,DB00091,DB00924,1,1.0,A,DB00091,pathway,79,1.0,0.0,0.0
11,DB00091,DB00924,1,1.0,A,DB00091,pathway,81,1.0,0.0,0.0
11,DB00091,DB00924,1,1.0,A,DB00091,pathway,82,1.0,0.0,0.0
11,DB00091,DB00924,1,1.0,A,DB00091,pathway,84,1.0,0.0,0.0
11,DB00091,DB00924,1,1.0,A,DB00091,pathway,91,1.0,0.0,0.0
11,DB00091,DB00924,1,1.0,A,DB00091,pathway,98,1.0,0.0,0.0
11,DB00091,DB00924,1,1.0,A,DB00091,pathway,100,1.0,0.0,0.0
11,DB00091,DB00924,1,1.0,A,DB00091,pathway,104,1.0,0.0,0.0
11,DB00091,DB00924,1,1.0,A,DB00091,pathway,110,1.0,0.0,0.0
11,DB00091,DB00924,1,1.0,A,DB00091,pathway,113,1.0,0.0,0.0
11,DB00091,DB00924,1,1.0,A,DB00091,pathway,116,1.0,0.0,0.0
11,DB00091,DB00924,1,1.0,A,DB00091,pathway,117,1.0,0.0,0.0
11,DB00091,DB00924,1,1.0,A,DB00091,pathway,119,1.0,0.0,0.0
11,DB00091,DB00924,1,1.0,A,DB00091,pathway,121,1.0,0.0,0.0
11,DB00091,DB00924,1,1.0,A,DB00091,pathway,123,1.0,0.0,0.0
11,DB00091,DB00924,1,1.0,A,DB00091,pathway,124,1.0,0.0,0.0
11,DB00091,DB00924,1,1.0,A,DB00091,pathway,136,1.0,0.0,0.0
11,DB00091,DB00924,1,1.0,A,DB00091,pathway,141,1.0,0.0,0.0
11,DB00091,DB00924,1,1.0,A,DB00091,pathway,143,1.0,0.0,0.0
11,DB00091,DB00924,1,1.0,A,DB00091,pathway,158,1.0,0.0,0.0
11,DB00091,DB00924,1,1.0,A,DB00091,pathway,159,1.0,0.0,0.0
11,DB00091,DB00924,1,1.0,A,DB00091,pathway,168,1.0,0.0,0.0
11,DB00091,DB00924,1,1.0,A,DB00091,pathway,169,1.0,0.0,0.0
11,DB00091,DB00924,1,1.0,A,DB00091,pathway,170,1.0,0.0,0.0
11,DB00091,DB00924,1,1.0,A,DB00091,pathway,171,1.0,0.0,0.0
11,DB00091,DB00924,1,1.0,A,DB00091,pathway,172,1.0,0.0,0.0
11,DB00091,DB00924,1,1.0,A,DB00091,pathway,176,1.0,0.0,0.0
11,DB00091,DB00924,1,1.0,A,DB00091,pathway,187,1.0,0.0,0.0
11,DB00091,DB00924,1,1.0,A,DB00091,pathway,188,1.0,0.0,0.0
11,DB00091,DB00924,1,1.0,A,DB00091,pathway,191,1.0,0.0,0.0
11,DB00091,DB00924,1,1.0,A,DB00091,pathway,193,1.0,0.0,0.0
11,DB00091,DB00924,1,1.0,A,DB00091,pathway,195,1.0,0.0,0.0
11,DB00091,DB00924,1,1.0,A,DB00091,pathway,205,1.0,0.0,0.0
11,DB00091,DB00924,1,1.0,A,DB00091,pathway,208,1.0,0.0,0.0
11,DB00091,DB00924,1,1.0,A,DB00091,pathway,209,1.0,0.0,0.0
11,DB00091,DB00924,1,1.0,A,DB00091,pathway,227,1.0,0.0,0.0
11,DB00091,DB00924,1,1.0,A,DB00091,pathway,237,1.0,0.0,0.0
11,DB00091,DB00924,1,1.0,A,DB00091,pathway,245,1.0,0.0,0.0
11,DB00091,DB00924,1,1.0,A,DB00091,pathway,247,1.0,0.0,0.0
11,DB00091,DB00924,1,1.0,A,DB00091,pathway,250,1.0,0.0,0.0
11,DB00091,DB00924,1,1.0,A,DB00091,pathway,263,1.0,0.0,0.0
11,DB00091,DB00924,1,1.0,A,DB00091,pathway,269,1.0,0.0,0.0
11,DB00091,DB00924,1,1.0,A,DB00091,pathway,281,1.0,0.0,0.0
11,DB00091,DB00924,1,1.0,A,DB00091,pathway,283,1.0,0.0,0.0
11,DB00091,DB00924,1,1.0,A,DB00091,pathway,285,1.0,0.0,0.0
11,DB00091,DB00924,1,1.0,A,DB00091,pathway,286,1.0,0.0,0.0
11,DB00091,DB00924,1,1.0,A,DB00091,pathway,287,1.0,0.0,0.0
11,DB00091,DB00924,1,1.0,A,DB00091,pathway,290,1.0,0.0,0.0
11,DB00091,DB00924,1,1.0,A,DB00091,pathway,296,1.0,0.0,0.0
11,DB00091,DB00924,1,1.0,A,DB00091,pathway,297,1.0,0.0,0.0
11,DB00091,DB00924,1,1.0,A,DB00091,pathway,308,1.0,0.0,0.0
11,DB00091,DB00924,1,1.0,A,DB00091,pathway,314,1.0,0.0,0.0
11,DB00091,DB00924,1,1.0,A,DB00091,pathway,315,1.0,0.0,0.0
11,DB00091,DB00924,1,1.0,A,DB00091,pathway,329,1.0,0.0,0.0
11,DB00091,DB00924,1,1.0,A,DB00091,pathway,332,1.0,0.0,0.0
11,DB00091,DB00924,1,1.0,A,DB00091,pathway,333,1.0,0.0,0.0
11,DB00091,DB00924,1,1.0,A,DB00091,pathway,340,1.0,0.0,0.0
11,DB00091,DB00924,1,1.0,A,DB00091,pathway,346,1.0,0.0,0.0
11,DB00091,DB00924,1,1.0,A,DB00091,pathway,350,1.0,0.0,0.0
11,DB00091,DB00924,1,1.0,A,DB00091,pathway,353,1.0,0.0,0.0
11,DB00091,DB00924,1,1.0,A,DB00091,pathway,358,1.0,0.0,0.0
11,DB00091,DB00924,1,1.0,A,DB00091,pathway,359,1.0,0.0,0.0
11,DB00091,DB00924,1,1.0,A,DB00091,pathway,362,1.0,0.0,0.0
11,DB00091,DB00924,1,1.0,A,DB00091,pathway,371,1.0,0.0,0.0
11,DB00091,DB00924,1,1.0,A,DB00091,pathway,374,1.0,0.0,0.0
11,DB00091,DB00924,1,1.0,A,DB00091,pathway,379,1.0,0.0,0.0
11,DB00091,DB00924,1,1.0,A,DB00091,pathway,385,1.0,0.0,0.0
11,DB00091,DB00924,1,1.0,A,DB00091,pathway,386,1.0,0.0,0.0
11,DB00091,DB00924,1,1.0,A,DB00091,pathway,387,1.0,0.0,0.0
11,DB00091,DB00924,1,1.0,A,DB00091,pathway,393,1.0,0.0,0.0
11,DB00091,DB00924,1,1.0,A,DB00091,pathway,394,1.0,0.0,0.0
11,DB00091,DB00924,1,1.0,A,DB00091,pathway,395,1.0,0.0,0.0
11,DB00091,DB00924,1,1.0,A,DB00091,pathway,396,1.0,0.0,0.0
11,DB00091,DB00924,1,1.0,A,DB00091,pathway,397,1.0,0.0,0.0
11,DB00091,DB00924,1,1.0,A,DB00091,pathway,398,1.0,0.0,0.0
11,DB00091,DB00924,1,1.0,A,DB00091,pathway,399,1.0,0.0,0.0
11,DB00091,DB00924,1,1.0,A,DB00091,pathway,401,1.0,0.0,0.0
11,DB00091,DB00924,1,1.0,A,DB00091,pathway,402,1.0,0.0,0.0
11,DB00091,DB00924,1,1.0,A,DB00091,pathway,427,1.0,0.0,0.0
11,DB00091,DB00924,1,1.0,A,DB00091,pathway,429,1.0,0.0,0.0
11,DB00091,DB00924,1,1.0,A,DB00091,pathway,430,1.0,0.0,0.0
11,DB00091,DB00924,1,1.0,A,DB00091,pathway,438,1.0,0.0,0.0
11,DB00091,DB00924,1,1.0,A,DB00091,pathway,439,1.0,0.0,0.0
11,DB00091,DB00924,1,1.0,A,DB00091,pathway,440,1.0,0.0,0.0
11,DB00091,DB00924,1,1.0,A,DB00091,pathway,441,1.0,0.0,0.0
11,DB00091,DB00924,1,1.0,A,DB00091,pathway,442,1.0,0.0,0.0
11,DB00091,DB00924,1,1.0,A,DB00091,pathway,443,1.0,0.0,0.0
11,DB00091,DB00924,1,1.0,A,DB00091,pathway,444,1.0,0.0,0.0
11,DB00091,DB00924,1,1.0,A,DB00091,pathway,446,1.0,0.0,0.0
11,DB00091,DB00924,1,1.0,A,DB00091,pathway,447,1.0,0.0,0.0
11,DB00091,DB00924,1,1.0,A,DB00091,pathway,452,1.0,0.0,0.0
11,DB00091,DB00924,1,1.0,A,DB00091,pathway,455,1.0,0.0,0.0
11,DB00091,DB00924,1,1.0,A,DB00091,pathway,457,1.0,0.0,0.0
11,DB00091,DB00924,1,1.0,A,DB00091,pathway,462,1.0,0.0,0.0
11,DB00091,DB00924,1,1.0,A,DB00091,pathway,464,1.0,0.0,0.0
11,DB00091,DB00924,1,1.0,A,DB00091,pathway,466,1.0,0.0,0.0
11,DB00091,DB00924,1,1.0,A,DB00091,pathway,467,1.0,0.0,0.0
11,DB00091,DB00924,1,1.0,A,DB00091,pathway,471,1.0,0.0,0.0
11,DB00091,DB00924,1,1.0,A,DB00091,pathway,473,1.0,0.0,0.0
11,DB00091,DB00924,1,1.0,A,DB00091,pathway,478,1.0,0.0,0.0
11,DB00091,DB00924,1,1.0,A,DB00091,pathway,479,1.0,0.0,0.0
11,DB00091,DB00924,1,1.0,A,DB00091,pathway,480,1.0,0.0,0.0
11,DB00091,DB00924,1,1.0,A,DB00091,pathway,481,1.0,0.0,0.0
11,DB00091,DB00924,1,1.0,A,DB00091,pathway,482,1.0,0.0,0.0
11,DB00091,DB00924,1,1.0,A,DB00091,pathway,488,1.0,0.0,0.0
11,DB00091,DB00924,1,1.0,A,DB00091,pathway,498,1.0,0.0,0.0
11,DB00091,DB00924,1,1.0,A,DB00091,pathway,499,1.0,0.0,0.0
11,DB00091,DB00924,1,1.0,A,DB00091,pathway,511,1.0,0.0,0.0
11,DB00091,DB00924,1,1.0,A,DB00091,pathway,512,1.0,0.0,0.0
11,DB00091,DB00924,1,1.0,A,DB00091,pathway,513,1.0,0.0,0.0
11,DB00091,DB00924,1,1.0,A,DB00091,pathway,515,1.0,0.0,0.0
11,DB00091,DB00924,1,1.0,A,DB00091,pathway,521,1.0,0.0,0.0
11,DB00091,DB00924,1,1.0,A,DB00091,pathway,524,1.0,0.0,0.0
11,DB00091,DB00924,1,1.0,A,DB00091,pathway,527,1.0,0.0,0.0
11,DB00091,DB00924,1,1.0,A,DB00091,pathway,528,1.0,0.0,0.0
11,DB00091,DB00924,1,1.0,A,DB00091,pathway,530,1.0,0.0,0.0
11,DB00091,DB00924,1,1.0,A,DB00091,pathway,531,1.0,0.0,0.0
11,DB00091,DB00924,1,1.0,A,DB00091,pathway,532,1.0,0.0,0.0
11,DB00091,DB00924,1,1.0,A,DB00091,pathway,536,1.0,0.0,0.0
11,DB00091,DB00924,1,1.0,A,DB00091,pathway,542,1.0,0.0,0.0
11,DB00091,DB00924,1,1.0,A,DB00091,pathway,544,1.0,0.0,0.0
11,DB00091,DB00924,1,1.0,A,DB00091,pathway,552,1.0,0.0,0.0
11,DB00091,DB00924,1,1.0,A,DB00091,pathway,557,1.0,0.0,0.0
11,DB00091,DB00924,1,1.0,A,DB00091,pathway,559,1.0,0.0,0.0
11,DB00091,DB00924,1,1.0,A,DB00091,pathway,587,1.0,0.0,0.0
11,DB00091,DB00924,1,1.0,A,DB00091,pathway,588,1.0,0.0,0.0
11,DB00091,DB00924,1,1.0,A,DB00091,pathway,589,1.0,0.0,0.0
11,DB00091,DB00924,1,1.0,A,DB00091,pathway,590,1.0,0.0,0.0
11,DB00091,DB00924,1,1.0,A,DB00091,pathway,591,1.0,0.0,0.0
11,DB00091,DB00924,1,1.0,A,DB00091,pathway,594,1.0,0.0,0.0
11,DB00091,DB00924,1,1.0,A,DB00091,pathway,602,1.0,0.0,0.0
11,DB00091,DB00924,1,1.0,A,DB00091,pathway,612,1.0,0.0,0.0
11,DB00091,DB00924,1,1.0,A,DB00091,pathway,614,1.0,0.0,0.0
11,DB00091,DB00924,1,1.0,A,DB00091,pathway,617,1.0,0.0,0.0
11,DB00091,DB00924,1,1.0,A,DB00091,pathway,619,1.0,0.0,0.0
11,DB00091,DB00924,1,1.0,A,DB00091,pathway,620,1.0,0.0,0.0
11,DB00091,DB00924,1,1.0,A,DB00091,pathway,625,1.0,0.0,0.0
11,DB00091,DB00924,1,1.0,A,DB00091,pathway,626,1.0,0.0,0.0
11,DB00091,DB00924,1,1.0,A,DB00091,pathway,627,1.0,0.0,0.0
11,DB00091,DB00924,1,1.0,A,DB00091,pathway,630,1.0,0.0,0.0
11,DB00091,DB00924,1,1.0,A,DB00091,pathway,631,1.0,0.0,0.0
11,DB00091,DB00924,1,1.0,A,DB00091,pathway,636,1.0,0.0,0.0
11,DB00091,DB00924,1,1.0,A,DB00091,pathway,637,1.0,0.0,0.0
11,DB00091,DB00924,1,1.0,A,DB00091,pathway,638,1.0,0.0,0.0
11,DB00091,DB00924,1,1.0,A,DB00091,pathway,640,1.0,0.0,0.0
11,DB00091,DB00924,1,1.0,A,DB00091,pathway,641,1.0,0.0,0.0
11,DB00091,DB00924,1,1.0,A,DB00091,pathway,642,1.0,0.0,0.0
11,DB00091,DB00924,1,1.0,A,DB00091,pathway,643,1.0,0.0,0.0
11,DB00091,DB00924,1,1.0,A,DB00091,pathway,644,1.0,0.0,0.0
11,DB00091,DB00924,1,1.0,A,DB00091,pathway,645,1.0,0.0,0.0
11,DB00091,DB00924,1,1.0,A,DB00091,pathway,646,1.0,0.0,0.0
11,DB00091,DB00924,1,1.0,A,DB00091,pathway,647,1.0,0.0,0.0
11,DB00091,DB00924,1,1.0,A,DB00091,pathway,650,1.0,0.0,0.0
11,DB00091,DB00924,1,1.0,A,DB00091,pathway,651,1.0,0.0,0.0
11,DB00091,DB00924,1,1.0,A,DB00091,pathway,652,1.0,0.0,0.0
11,DB00091,DB00924,1,1.0,A,DB00091,pathway,654,1.0,0.0,0.0
11,DB00091,DB00924,1,1.0,A,DB00091,pathway,655,1.0,0.0,0.0
11,DB00091,DB00924,1,1.0,A,DB00091,pathway,656,1.0,0.0,0.0
11,DB00091,DB00924,1,1.0,A,DB00091,pathway,658,1.0,0.0,0.0
11,DB00091,DB00924,1,1.0,A,DB00091,pathway,664,1.0,0.0,0.0
11,DB00091,DB00924,1,1.0,A,DB00091,pathway,668,1.0,0.0,0.0
11,DB00091,DB00924,1,1.0,A,DB00091,pathway,670,1.0,0.0,0.0
11,DB00091,DB00924,1,1.0,A,DB00091,pathway,671,1.0,0.0,0.0
11,DB00091,DB00924,1,1.0,A,DB00091,pathway,672,1.0,0.0,0.0
11,DB00091,DB00924,1,1.0,A,DB00091,pathway,673,1.0,0.0,0.0
11,DB00091,DB00924,1,1.0,A,DB00091,pathway,674,1.0,0.0,0.0
11,DB00091,DB00924,1,1.0,A,DB00091,pathway,677,1.0,0.0,0.0
11,DB00091,DB00924,1,1.0,A,DB00091,pathway,679,1.0,0.0,0.0
11,DB00091,DB00924,1,1.0,A,DB00091,pathway,683,0.9999998807907104,1.1920928955078125e-07,1.1920928955078125e-07
11,DB00091,DB00924,1,1.0,A,DB00091,pathway,685,1.0,0.0,0.0
11,DB00091,DB00924,1,1.0,A,DB00091,pathway,686,1.0,0.0,0.0
11,DB00091,DB00924,1,1.0,A,DB00091,pathway,687,1.0,0.0,0.0
11,DB00091,DB00924,1,1.0,A,DB00091,pathway,688,1.0,0.0,0.0
11,DB00091,DB00924,1,1.0,A,DB00091,pathway,691,1.0,0.0,0.0
11,DB00091,DB00924,1,1.0,A,DB00091,pathway,692,1.0,0.0,0.0
11,DB00091,DB00924,1,1.0,A,DB00091,pathway,693,1.0,0.0,0.0
11,DB00091,DB00924,1,1.0,A,DB00091,pathway,694,1.0,0.0,0.0
11,DB00091,DB00924,1,1.0,A,DB00091,pathway,695,1.0,0.0,0.0
11,DB00091,DB00924,1,1.0,A,DB00091,pathway,696,1.0,0.0,0.0
11,DB00091,DB00924,1,1.0,A,DB00091,pathway,701,1.0,0.0,0.0
11,DB00091,DB00924,1,1.0,A,DB00091,pathway,703,1.0,0.0,0.0
11,DB00091,DB00924,1,1.0,A,DB00091,pathway,704,1.0,0.0,0.0
11,DB00091,DB00924,1,1.0,A,DB00091,pathway,705,1.0,0.0,0.0
11,DB00091,DB00924,1,1.0,A,DB00091,pathway,707,1.0,0.0,0.0
11,DB00091,DB00924,1,1.0,A,DB00091,pathway,708,1.0,0.0,0.0
11,DB00091,DB00924,1,1.0,A,DB00091,pathway,709,1.0,0.0,0.0
11,DB00091,DB00924,1,1.0,A,DB00091,pathway,711,1.0,0.0,0.0
11,DB00091,DB00924,1,1.0,A,DB00091,pathway,715,1.0,0.0,0.0
11,DB00091,DB00924,1,1.0,A,DB00091,pathway,716,1.0,0.0,0.0
11,DB00091,DB00924,1,1.0,A,DB00091,pathway,717,1.0,0.0,0.0
11,DB00091,DB00924,1,1.0,A,DB00091,pathway,718,1.0,0.0,0.0
11,DB00091,DB00924,1,1.0,A,DB00091,pathway,719,1.0,0.0,0.0
11,DB00091,DB00924,1,1.0,A,DB00091,pathway,728,1.0,0.0,0.0
11,DB00091,DB00924,1,1.0,A,DB00091,pathway,730,1.0,0.0,0.0
11,DB00091,DB00924,1,1.0,A,DB00091,pathway,732,1.0,0.0,0.0
11,DB00091,DB00924,1,1.0,A,DB00091,pathway,733,1.0,0.0,0.0
11,DB00091,DB00924,1,1.0,A,DB00091,pathway,744,1.0,0.0,0.0
11,DB00091,DB00924,1,1.0,A,DB00091,pathway,764,1.0,0.0,0.0
11,DB00091,DB00924,1,1.0,A,DB00091,pathway,765,1.0,0.0,0.0
11,DB00091,DB00924,1,1.0,A,DB00091,pathway,772,1.0,0.0,0.0
11,DB00091,DB00924,1,1.0,A,DB00091,pathway,775,1.0,0.0,0.0
11,DB00091,DB00924,1,1.0,A,DB00091,pathway,776,1.0,0.0,0.0
11,DB00091,DB00924,1,1.0,A,DB00091,pathway,777,1.0,0.0,0.0
11,DB00091,DB00924,1,1.0,A,DB00091,pathway,783,1.0,0.0,0.0
11,DB00091,DB00924,1,1.0,A,DB00091,pathway,784,1.0,0.0,0.0
11,DB00091,DB00924,1,1.0,A,DB00091,pathway,787,1.0,0.0,0.0
11,DB00091,DB00924,1,1.0,A,DB00091,pathway,788,1.0,0.0,0.0
11,DB00091,DB00924,1,1.0,A,DB00091,pathway,789,1.0,0.0,0.0
11,DB00091,DB00924,1,1.0,A,DB00091,pathway,797,1.0,0.0,0.0
11,DB00091,DB00924,1,1.0,A,DB00091,pathway,798,1.0,0.0,0.0
11,DB00091,DB00924,1,1.0,A,DB00091,pathway,799,1.0,0.0,0.0
11,DB00091,DB00924,1,1.0,A,DB00091,pathway,801,1.0,0.0,0.0
11,DB00091,DB00924,1,1.0,A,DB00091,pathway,805,1.0,0.0,0.0
11,DB00091,DB00924,1,1.0,A,DB00091,pathway,806,1.0,0.0,0.0
11,DB00091,DB00924,1,1.0,A,DB00091,pathway,811,1.0,0.0,0.0
11,DB00091,DB00924,1,1.0,A,DB00091,pathway,826,1.0,0.0,0.0
11,DB00091,DB00924,1,1.0,A,DB00091,pathway,830,1.0,0.0,0.0
11,DB00091,DB00924,1,1.0,A,DB00091,pathway,836,1.0,0.0,0.0
11,DB00091,DB00924,1,1.0,A,DB00091,pathway,837,1.0,0.0,0.0
11,DB00091,DB00924,1,1.0,A,DB00091,pathway,840,1.0,0.0,0.0
11,DB00091,DB00924,1,1.0,A,DB00091,pathway,845,1.0,0.0,0.0
11,DB00091,DB00924,1,1.0,A,DB00091,pathway,853,1.0,0.0,0.0
11,DB00091,DB00924,1,1.0,A,DB00091,pathway,854,1.0,0.0,0.0
11,DB00091,DB00924,1,1.0,A,DB00091,pathway,855,1.0,0.0,0.0
11,DB00091,DB00924,1,1.0,A,DB00091,pathway,863,1.0,0.0,0.0
11,DB00091,DB00924,1,1.0,A,DB00091,pathway,870,1.0,0.0,0.0
11,DB00091,DB00924,1,1.0,A,DB00091,pathway,874,1.0,0.0,0.0
11,DB00091,DB00924,1,1.0,A,DB00091,pathway,877,1.0,0.0,0.0
11,DB00091,DB00924,1,1.0,A,DB00091,pathway,883,1.0,0.0,0.0
11,DB00091,DB00924,1,1.0,A,DB00091,pathway,896,1.0,0.0,0.0
11,DB00091,DB00924,1,1.0,A,DB00091,pathway,910,1.0,0.0,0.0
11,DB00091,DB00924,1,1.0,A,DB00091,pathway,919,1.0,0.0,0.0
11,DB00091,DB00924,1,1.0,A,DB00091,pathway,922,1.0,0.0,0.0
11,DB00091,DB00924,1,1.0,A,DB00091,pathway,927,1.0,0.0,0.0
11,DB00091,DB00924,1,1.0,A,DB00091,pathway,940,1.0,0.0,0.0
11,DB00091,DB00924,1,1.0,A,DB00091,pathway,948,1.0,0.0,0.0
11,DB00091,DB00924,1,1.0,A,DB00091,pathway,955,1.0,0.0,0.0
11,DB00091,DB00924,1,1.0,A,DB00091,pathway,958,1.0,0.0,0.0
11,DB00091,DB00924,1,1.0,A,DB00091,pathway,959,1.0,0.0,0.0
11,DB00091,DB00924,1,1.0,A,DB00091,pathway,965,1.0,0.0,0.0
11,DB00091,DB00924,1,1.0,A,DB00091,pathway,968,1.0,0.0,0.0
11,DB00091,DB00924,1,1.0,A,DB00091,pathway,969,1.0,0.0,0.0
11,DB00091,DB00924,1,1.0,A,DB00091,pathway,970,1.0,0.0,0.0
11,DB00091,DB00924,1,1.0,A,DB00091,pathway,973,1.0,0.0,0.0
11,DB00091,DB00924,1,1.0,A,DB00091,pathway,981,1.0,0.0,0.0
11,DB00091,DB00924,1,1.0,A,DB00091,pathway,986,1.0,0.0,0.0
11,DB00091,DB00924,1,1.0,A,DB00091,pathway,987,1.0,0.0,0.0
11,DB00091,DB00924,1,1.0,A,DB00091,pathway,988,1.0,0.0,0.0
11,DB00091,DB00924,1,1.0,A,DB00091,pathway,989,1.0,0.0,0.0
11,DB00091,DB00924,1,1.0,A,DB00091,pathway,1009,1.0,0.0,0.0
11,DB00091,DB00924,1,1.0,A,DB00091,pathway,1010,1.0,0.0,0.0
11,DB00091,DB00924,1,1.0,A,DB00091,pathway,1011,1.0,0.0,0.0
11,DB00091,DB00924,1,1.0,A,DB00091,pathway,1012,1.0,0.0,0.0
11,DB00091,DB00924,1,1.0,A,DB00091,pathway,1018,1.0,0.0,0.0
11,DB00091,DB00924,1,1.0,A,DB00091,pathway,1019,1.0,0.0,0.0
11,DB00091,DB00924,1,1.0,A,DB00091,pathway,1020,1.0,0.0,0.0
11,DB00091,DB00924,1,1.0,A,DB00091,pathway,1031,1.0,0.0,0.0
11,DB00091,DB00924,1,1.0,A,DB00091,pathway,1037,1.0,0.0,0.0
11,DB00091,DB00924,1,1.0,A,DB00091,pathway,1041,1.0,0.0,0.0
11,DB00091,DB00924,1,1.0,A,DB00091,pathway,1044,1.0,0.0,0.0
11,DB00091,DB00924,1,1.0,A,DB00091,pathway,1045,1.0,0.0,0.0
11,DB00091,DB00924,1,1.0,A,DB00091,pathway,1046,1.0,0.0,0.0
11,DB00091,DB00924,1,1.0,A,DB00091,pathway,1047,1.0,0.0,0.0
11,DB00091,DB00924,1,1.0,A,DB00091,pathway,1048,1.0,0.0,0.0
11,DB00091,DB00924,1,1.0,A,DB00091,pathway,1054,1.0,0.0,0.0
11,DB00091,DB00924,1,1.0,A,DB00091,pathway,1057,1.0,0.0,0.0
11,DB00091,DB00924,1,1.0,A,DB00091,pathway,1062,1.0,0.0,0.0
11,DB00091,DB00924,1,1.0,A,DB00091,pathway,1064,1.0,0.0,0.0
11,DB00091,DB00924,1,1.0,A,DB00091,pathway,1066,1.0,0.0,0.0
11,DB00091,DB00924,1,1.0,A,DB00091,pathway,1073,1.0,0.0,0.0
11,DB00091,DB00924,1,1.0,A,DB00091,pathway,1074,1.0,0.0,0.0
11,DB00091,DB00924,1,1.0,A,DB00091,pathway,1079,1.0,0.0,0.0
11,DB00091,DB00924,1,1.0,A,DB00091,pathway,1080,1.0,0.0,0.0
11,DB00091,DB00924,1,1.0,A,DB00091,pathway,1081,1.0,0.0,0.0
11,DB00091,DB00924,1,1.0,A,DB00091,pathway,1082,1.0,0.0,0.0
11,DB00091,DB00924,1,1.0,A,DB00091,pathway,1083,1.0,0.0,0.0
11,DB00091,DB00924,1,1.0,A,DB00091,pathway,1084,1.0,0.0,0.0
11,DB00091,DB00924,1,1.0,A,DB00091,pathway,1085,1.0,0.0,0.0
11,DB00091,DB00924,1,1.0,A,DB00091,pathway,1089,1.0,0.0,0.0
11,DB00091,DB00924,1,1.0,A,DB00091,pathway,1090,1.0,0.0,0.0
11,DB00091,DB00924,1,1.0,A,DB00091,pathway,1099,1.0,0.0,0.0
11,DB00091,DB00924,1,1.0,A,DB00091,pathway,1100,1.0,0.0,0.0
11,DB00091,DB00924,1,1.0,A,DB00091,pathway,1102,1.0,0.0,0.0
11,DB00091,DB00924,1,1.0,A,DB00091,pathway,1103,1.0,0.0,0.0
11,DB00091,DB00924,1,1.0,A,DB00091,pathway,1107,1.0,0.0,0.0
11,DB00091,DB00924,1,1.0,A,DB00091,pathway,1108,1.0,0.0,0.0
11,DB00091,DB00924,1,1.0,A,DB00091,pathway,1110,1.0,0.0,0.0
11,DB00091,DB00924,1,1.0,A,DB00091,pathway,1116,1.0,0.0,0.0
11,DB00091,DB00924,1,1.0,A,DB00091,pathway,1119,1.0,0.0,0.0
11,DB00091,DB00924,1,1.0,A,DB00091,pathway,1120,1.0,0.0,0.0
11,DB00091,DB00924,1,1.0,A,DB00091,pathway,1121,1.0,0.0,0.0
11,DB00091,DB00924,1,1.0,A,DB00091,pathway,1122,1.0,0.0,0.0
11,DB00091,DB00924,1,1.0,A,DB00091,pathway,1123,1.0,0.0,0.0
11,DB00091,DB00924,1,1.0,A,DB00091,pathway,1126,1.0,0.0,0.0
11,DB00091,DB00924,1,1.0,A,DB00091,pathway,1134,1.0,0.0,0.0
11,DB00091,DB00924,1,1.0,A,DB00091,pathway,1135,1.0,0.0,0.0
11,DB00091,DB00924,1,1.0,A,DB00091,pathway,1138,1.0,0.0,0.0
11,DB00091,DB00924,1,1.0,A,DB00091,pathway,1153,1.0,0.0,0.0
11,DB00091,DB00924,1,1.0,A,DB00091,pathway,1154,1.0,0.0,0.0
11,DB00091,DB00924,1,1.0,A,DB00091,pathway,1157,1.0,0.0,0.0
11,DB00091,DB00924,1,1.0,A,DB00091,pathway,1165,1.0,0.0,0.0
11,DB00091,DB00924,1,1.0,A,DB00091,pathway,1167,1.0,0.0,0.0
11,DB00091,DB00924,1,1.0,A,DB00091,pathway,1177,1.0,0.0,0.0
11,DB00091,DB00924,1,1.0,A,DB00091,pathway,1182,1.0,0.0,0.0
11,DB00091,DB00924,1,1.0,A,DB00091,pathway,1217,1.0,0.0,0.0
11,DB00091,DB00924,1,1.0,A,DB00091,pathway,1218,1.0,0.0,0.0
11,DB00091,DB00924,1,1.0,A,DB00091,pathway,1224,1.0,0.0,0.0
11,DB00091,DB00924,1,1.0,A,DB00091,pathway,1225,1.0,0.0,0.0
11,DB00091,DB00924,1,1.0,A,DB00091,pathway,1230,1.0,0.0,0.0
11,DB00091,DB00924,1,1.0,A,DB00091,pathway,1245,1.0,0.0,0.0
11,DB00091,DB00924,1,1.0,A,DB00091,pathway,1249,1.0,0.0,0.0
11,DB00091,DB00924,1,1.0,A,DB00091,pathway,1262,1.0,0.0,0.0
11,DB00091,DB00924,1,1.0,A,DB00091,pathway,1263,1.0,0.0,0.0
11,DB00091,DB00924,1,1.0,A,DB00091,pathway,1264,1.0,0.0,0.0
11,DB00091,DB00924,1,1.0,A,DB00091,pathway,1265,1.0,0.0,0.0
11,DB00091,DB00924,1,1.0,A,DB00091,pathway,1266,1.0,0.0,0.0
11,DB00091,DB00924,1,1.0,A,DB00091,pathway,1267,1.0,0.0,0.0
11,DB00091,DB00924,1,1.0,A,DB00091,pathway,1268,1.0,0.0,0.0
11,DB00091,DB00924,1,1.0,A,DB00091,pathway,1270,1.0,0.0,0.0
11,DB00091,DB00924,1,1.0,A,DB00091,pathway,1272,1.0,0.0,0.0
11,DB00091,DB00924,1,1.0,A,DB00091,pathway,1278,1.0,0.0,0.0
11,DB00091,DB00924,1,1.0,A,DB00091,pathway,1291,1.0,0.0,0.0
11,DB00091,DB00924,1,1.0,A,DB00091,pathway,1292,1.0,0.0,0.0
11,DB00091,DB00924,1,1.0,A,DB00091,pathway,1297,1.0,0.0,0.0
11,DB00091,DB00924,1,1.0,A,DB00091,pathway,1298,1.0,0.0,0.0
11,DB00091,DB00924,1,1.0,A,DB00091,pathway,1299,1.0,0.0,0.0
11,DB00091,DB00924,1,1.0,A,DB00091,pathway,1300,1.0,0.0,0.0
11,DB00091,DB00924,1,1.0,A,DB00091,pathway,1301,1.0,0.0,0.0
11,DB00091,DB00924,1,1.0,A,DB00091,pathway,1302,1.0,0.0,0.0
11,DB00091,DB00924,1,1.0,A,DB00091,pathway,1305,1.0,0.0,0.0
11,DB00091,DB00924,1,1.0,A,DB00091,pathway,1312,1.0,0.0,0.0
11,DB00091,DB00924,1,1.0,A,DB00091,pathway,1318,1.0,0.0,0.0
11,DB00091,DB00924,1,1.0,A,DB00091,pathway,1329,1.0,0.0,0.0
11,DB00091,DB00924,1,1.0,A,DB00091,pathway,1333,1.0,0.0,0.0
11,DB00091,DB00924,1,1.0,A,DB00091,pathway,1339,1.0,0.0,0.0
11,DB00091,DB00924,1,1.0,A,DB00091,pathway,1346,1.0,0.0,0.0
11,DB00091,DB00924,1,1.0,A,DB00091,pathway,1347,1.0,0.0,0.0
11,DB00091,DB00924,1,1.0,A,DB00091,pathway,1348,1.0,0.0,0.0
11,DB00091,DB00924,1,1.0,A,DB00091,pathway,1353,1.0,0.0,0.0
11,DB00091,DB00924,1,1.0,A,DB00091,pathway,1356,1.0,0.0,0.0
11,DB00091,DB00924,1,1.0,A,DB00091,pathway,1364,1.0,0.0,0.0
11,DB00091,DB00924,1,1.0,A,DB00091,pathway,1366,1.0,0.0,0.0
11,DB00091,DB00924,1,1.0,A,DB00091,pathway,1370,1.0,0.0,0.0
11,DB00091,DB00924,1,1.0,A,DB00091,pathway,1372,1.0,0.0,0.0
11,DB00091,DB00924,1,1.0,A,DB00091,pathway,1373,1.0,0.0,0.0
11,DB00091,DB00924,1,1.0,A,DB00091,pathway,1382,1.0,0.0,0.0
11,DB00091,DB00924,1,1.0,A,DB00091,pathway,1394,1.0,0.0,0.0
11,DB00091,DB00924,1,1.0,A,DB00091,pathway,1396,1.0,0.0,0.0
11,DB00091,DB00924,1,1.0,A,DB00091,pathway,1397,1.0,0.0,0.0
11,DB00091,DB00924,1,1.0,A,DB00091,pathway,1401,1.0,0.0,0.0
11,DB00091,DB00924,1,1.0,A,DB00091,pathway,1402,1.0,0.0,0.0
11,DB00091,DB00924,1,1.0,A,DB00091,pathway,1405,1.0,0.0,0.0
11,DB00091,DB00924,1,1.0,A,DB00091,pathway,1414,1.0,0.0,0.0
11,DB00091,DB00924,1,1.0,A,DB00091,pathway,1419,1.0,0.0,0.0
11,DB00091,DB00924,1,1.0,A,DB00091,pathway,1422,1.0,0.0,0.0
11,DB00091,DB00924,1,1.0,A,DB00091,pathway,1423,1.0,0.0,0.0
11,DB00091,DB00924,1,1.0,A,DB00091,pathway,1424,1.0,0.0,0.0
11,DB00091,DB00924,1,1.0,A,DB00091,pathway,1428,1.0,0.0,0.0
11,DB00091,DB00924,1,1.0,A,DB00091,pathway,1430,1.0,0.0,0.0
11,DB00091,DB00924,1,1.0,A,DB00091,pathway,1431,1.0,0.0,0.0
11,DB00091,DB00924,1,1.0,A,DB00091,pathway,1432,1.0,0.0,0.0
11,DB00091,DB00924,1,1.0,A,DB00091,pathway,1436,1.0,0.0,0.0
11,DB00091,DB00924,1,1.0,A,DB00091,pathway,1437,1.0,0.0,0.0
11,DB00091,DB00924,1,1.0,A,DB00091,pathway,1440,1.0,0.0,0.0
11,DB00091,DB00924,1,1.0,A,DB00091,pathway,1441,1.0,0.0,0.0
11,DB00091,DB00924,1,1.0,A,DB00091,pathway,1446,1.0,0.0,0.0
11,DB00091,DB00924,1,1.0,A,DB00091,pathway,1448,1.0,0.0,0.0
11,DB00091,DB00924,1,1.0,A,DB00091,pathway,1453,1.0,0.0,0.0
11,DB00091,DB00924,1,1.0,A,DB00091,pathway,1467,1.0,0.0,0.0
11,DB00091,DB00924,1,1.0,A,DB00091,pathway,1468,1.0,0.0,0.0
11,DB00091,DB00924,1,1.0,A,DB00091,pathway,1471,1.0,0.0,0.0
11,DB00091,DB00924,1,1.0,A,DB00091,pathway,1472,1.0,0.0,0.0
11,DB00091,DB00924,1,1.0,A,DB00091,pathway,1473,1.0,0.0,0.0
11,DB00091,DB00924,1,1.0,A,DB00091,pathway,1474,1.0,0.0,0.0
11,DB00091,DB00924,1,1.0,A,DB00091,pathway,1488,1.0,0.0,0.0
11,DB00091,DB00924,1,1.0,A,DB00091,pathway,1489,1.0,0.0,0.0
11,DB00091,DB00924,1,1.0,A,DB00091,pathway,1490,1.0,0.0,0.0
11,DB00091,DB00924,1,1.0,A,DB00091,pathway,1491,1.0,0.0,0.0
11,DB00091,DB00924,1,1.0,A,DB00091,pathway,1492,1.0,0.0,0.0
11,DB00091,DB00924,1,1.0,A,DB00091,pathway,1496,1.0,0.0,0.0
11,DB00091,DB00924,1,1.0,A,DB00091,pathway,1500,1.0,0.0,0.0
11,DB00091,DB00924,1,1.0,A,DB00091,pathway,1502,1.0,0.0,0.0
11,DB00091,DB00924,1,1.0,A,DB00091,pathway,1513,1.0,0.0,0.0
11,DB00091,DB00924,1,1.0,A,DB00091,pathway,1514,1.0,0.0,0.0
11,DB00091,DB00924,1,1.0,A,DB00091,pathway,1518,1.0,0.0,0.0
11,DB00091,DB00924,1,1.0,A,DB00091,pathway,1521,1.0,0.0,0.0
11,DB00091,DB00924,1,1.0,A,DB00091,pathway,1522,1.0,0.0,0.0
11,DB00091,DB00924,1,1.0,A,DB00091,pathway,1524,1.0,0.0,0.0
11,DB00091,DB00924,1,1.0,A,DB00091,pathway,1531,1.0,0.0,0.0
11,DB00091,DB00924,1,1.0,A,DB00091,pathway,1533,1.0,0.0,0.0
11,DB00091,DB00924,1,1.0,A,DB00091,pathway,1534,1.0,0.0,0.0
11,DB00091,DB00924,1,1.0,A,DB00091,pathway,1542,1.0,0.0,0.0
11,DB00091,DB00924,1,1.0,A,DB00091,pathway,1544,1.0,0.0,0.0
11,DB00091,DB00924,1,1.0,A,DB00091,pathway,1547,1.0,0.0,0.0
11,DB00091,DB00924,1,1.0,A,DB00091,pathway,1548,1.0,0.0,0.0
11,DB00091,DB00924,1,1.0,A,DB00091,pathway,1549,1.0,0.0,0.0
11,DB00091,DB00924,1,1.0,A,DB00091,pathway,1557,1.0,0.0,0.0
11,DB00091,DB00924,1,1.0,A,DB00091,pathway,1562,1.0,0.0,0.0
11,DB00091,DB00924,1,1.0,A,DB00091,pathway,1567,1.0,0.0,0.0
11,DB00091,DB00924,1,1.0,A,DB00091,pathway,1568,1.0,0.0,0.0
11,DB00091,DB00924,1,1.0,A,DB00091,pathway,1569,1.0,0.0,0.0
11,DB00091,DB00924,1,1.0,A,DB00091,pathway,1570,1.0,0.0,0.0
11,DB00091,DB00924,1,1.0,A,DB00091,pathway,1571,1.0,0.0,0.0
11,DB00091,DB00924,1,1.0,A,DB00091,pathway,1577,1.0,0.0,0.0
11,DB00091,DB00924,1,1.0,A,DB00091,pathway,1582,1.0,0.0,0.0
11,DB00091,DB00924,1,1.0,A,DB00091,pathway,1584,1.0,0.0,0.0
11,DB00091,DB00924,1,1.0,A,DB00091,pathway,1585,1.0,0.0,0.0
11,DB00091,DB00924,1,1.0,A,DB00091,pathway,1586,1.0,0.0,0.0
11,DB00091,DB00924,1,1.0,A,DB00091,pathway,1587,1.0,0.0,0.0
11,DB00091,DB00924,1,1.0,A,DB00091,pathway,1589,1.0,0.0,0.0
11,DB00091,DB00924,1,1.0,A,DB00091,pathway,1590,1.0,0.0,0.0
11,DB00091,DB00924,1,1.0,A,DB00091,pathway,1591,1.0,0.0,0.0
11,DB00091,DB00924,1,1.0,A,DB00091,pathway,1592,1.0,0.0,0.0
11,DB00091,DB00924,1,1.0,A,DB00091,pathway,1593,1.0,0.0,0.0
11,DB00091,DB00924,1,1.0,A,DB00091,pathway,1594,1.0,0.0,0.0
11,DB00091,DB00924,1,1.0,A,DB00091,pathway,1595,1.0,0.0,0.0
11,DB00091,DB00924,1,1.0,A,DB00091,pathway,1596,1.0,0.0,0.0
11,DB00091,DB00924,1,1.0,A,DB00091,pathway,1597,1.0,0.0,0.0
11,DB00091,DB00924,1,1.0,A,DB00091,pathway,1598,1.0,0.0,0.0
11,DB00091,DB00924,1,1.0,A,DB00091,pathway,1599,1.0,0.0,0.0
11,DB00091,DB00924,1,1.0,A,DB00091,pathway,1613,1.0,0.0,0.0
11,DB00091,DB00924,1,1.0,A,DB00091,pathway,1635,1.0,0.0,0.0
11,DB00091,DB00924,1,1.0,A,DB00091,pathway,1637,1.0,0.0,0.0
11,DB00091,DB00924,1,1.0,A,DB00091,pathway,1640,1.0,0.0,0.0
11,DB00091,DB00924,1,1.0,A,DB00091,pathway,1652,1.0,0.0,0.0
11,DB00091,DB00924,1,1.0,A,DB00091,pathway,1665,1.0,0.0,0.0
11,DB00091,DB00924,1,1.0,A,DB00091,pathway,1685,1.0,0.0,0.0
11,DB00091,DB00924,1,1.0,A,DB00091,pathway,1686,1.0,0.0,0.0
11,DB00091,DB00924,1,1.0,A,DB00091,pathway,1687,1.0,0.0,0.0
11,DB00091,DB00924,1,1.0,A,DB00091,pathway,1688,1.0,0.0,0.0
11,DB00091,DB00924,1,1.0,A,DB00091,pathway,1692,1.0,0.0,0.0
11,DB00091,DB00924,1,1.0,A,DB00091,pathway,1694,1.0,0.0,0.0
11,DB00091,DB00924,1,1.0,A,DB00091,pathway,1695,1.0,0.0,0.0
11,DB00091,DB00924,1,1.0,A,DB00091,pathway,1696,1.0,0.0,0.0
11,DB00091,DB00924,1,1.0,A,DB00091,pathway,1700,1.0,0.0,0.0
11,DB00091,DB00924,1,1.0,A,DB00091,pathway,1701,1.0,0.0,0.0
11,DB00091,DB00924,1,1.0,A,DB00091,pathway,1713,1.0,0.0,0.0
11,DB00091,DB00924,1,1.0,A,DB00091,pathway,1714,1.0,0.0,0.0
11,DB00091,DB00924,1,1.0,A,DB00091,pathway,1719,1.0,0.0,0.0
11,DB00091,DB00924,1,1.0,A,DB00091,pathway,1721,1.0,0.0,0.0
11,DB00091,DB00924,1,1.0,A,DB00091,pathway,1730,1.0,0.0,0.0
11,DB00091,DB00924,1,1.0,A,DB00091,pathway,1737,1.0,0.0,0.0
11,DB00091,DB00924,1,1.0,A,DB00091,pathway,1743,1.0,0.0,0.0
11,DB00091,DB00924,1,1.0,A,DB00091,pathway,1744,1.0,0.0,0.0
11,DB00091,DB00924,1,1.0,A,DB00091,pathway,1746,1.0,0.0,0.0
11,DB00091,DB00924,1,1.0,A,DB00091,pathway,1751,1.0,0.0,0.0
11,DB00091,DB00924,1,1.0,A,DB00091,pathway,1755,1.0,0.0,0.0
11,DB00091,DB00924,1,1.0,A,DB00091,pathway,1758,1.0,0.0,0.0
11,DB00091,DB00924,1,1.0,A,DB00091,pathway,1765,1.0,0.0,0.0
11,DB00091,DB00924,1,1.0,A,DB00091,pathway,1770,1.0,0.0,0.0
11,DB00091,DB00924,1,1.0,A,DB00091,pathway,1774,1.0,0.0,0.0
11,DB00091,DB00924,1,1.0,A,DB00091,pathway,1776,1.0,0.0,0.0
11,DB00091,DB00924,1,1.0,A,DB00091,pathway,1779,1.0,0.0,0.0
11,DB00091,DB00924,1,1.0,A,DB00091,pathway,1783,1.0,0.0,0.0
11,DB00091,DB00924,1,1.0,A,DB00091,pathway,1784,1.0,0.0,0.0
11,DB00091,DB00924,1,1.0,A,DB00091,pathway,1788,1.0,0.0,0.0
11,DB00091,DB00924,1,1.0,A,DB00091,pathway,1790,1.0,0.0,0.0
11,DB00091,DB00924,1,1.0,A,DB00091,pathway,1791,1.0,0.0,0.0
11,DB00091,DB00924,1,1.0,A,DB00091,pathway,1793,1.0,0.0,0.0
11,DB00091,DB00924,1,1.0,A,DB00091,pathway,1794,1.0,0.0,0.0
11,DB00091,DB00924,1,1.0,A,DB00091,pathway,1795,1.0,0.0,0.0
11,DB00091,DB00924,1,1.0,A,DB00091,pathway,1796,1.0,0.0,0.0
11,DB00091,DB00924,1,1.0,A,DB00091,pathway,1797,1.0,0.0,0.0
11,DB00091,DB00924,1,1.0,A,DB00091,pathway,1798,1.0,0.0,0.0
11,DB00091,DB00924,1,1.0,A,DB00091,pathway,1799,1.0,0.0,0.0
11,DB00091,DB00924,1,1.0,A,DB00091,pathway,1801,1.0,0.0,0.0
11,DB00091,DB00924,1,1.0,A,DB00091,pathway,1805,1.0,0.0,0.0
11,DB00091,DB00924,1,1.0,A,DB00091,pathway,1812,1.0,0.0,0.0
11,DB00091,DB00924,1,1.0,A,DB00091,pathway,1818,1.0,0.0,0.0
11,DB00091,DB00924,1,1.0,A,DB00091,pathway,1827,1.0,0.0,0.0
11,DB00091,DB00924,1,1.0,A,DB00091,pathway,1831,1.0,0.0,0.0
11,DB00091,DB00924,1,1.0,A,DB00091,pathway,1837,1.0,0.0,0.0
11,DB00091,DB00924,1,1.0,A,DB00091,pathway,1842,1.0,0.0,0.0
11,DB00091,DB00924,1,1.0,A,DB00091,pathway,1846,1.0,0.0,0.0
11,DB00091,DB00924,1,1.0,A,DB00091,pathway,1848,1.0,0.0,0.0
11,DB00091,DB00924,1,1.0,A,DB00091,pathway,1849,1.0,0.0,0.0
11,DB00091,DB00924,1,1.0,A,DB00091,pathway,1850,1.0,0.0,0.0
11,DB00091,DB00924,1,1.0,A,DB00091,pathway,1853,1.0,0.0,0.0
11,DB00091,DB00924,1,1.0,A,DB00091,pathway,1854,1.0,0.0,0.0
11,DB00091,DB00924,1,1.0,A,DB00091,pathway,1865,1.0,0.0,0.0
11,DB00091,DB00924,1,1.0,A,DB00091,pathway,1867,1.0,0.0,0.0
11,DB00091,DB00924,1,1.0,A,DB00091,pathway,1877,1.0,0.0,0.0
11,DB00091,DB00924,1,1.0,A,DB00091,pathway,1879,1.0,0.0,0.0
11,DB00091,DB00924,1,1.0,A,DB00091,pathway,1880,1.0,0.0,0.0
11,DB00091,DB00924,1,1.0,A,DB00091,pathway,1886,1.0,0.0,0.0
11,DB00091,DB00924,1,1.0,A,DB00091,pathway,1892,1.0,0.0,0.0
11,DB00091,DB00924,1,1.0,A,DB00091,pathway,1893,1.0,0.0,0.0
11,DB00091,DB00924,1,1.0,A,DB00091,pathway,1896,1.0,0.0,0.0
11,DB00091,DB00924,1,1.0,A,DB00091,pathway,1898,1.0,0.0,0.0
11,DB00091,DB00924,1,1.0,A,DB00091,pathway,1903,1.0,0.0,0.0
11,DB00091,DB00924,1,1.0,A,DB00091,pathway,1904,1.0,0.0,0.0
11,DB00091,DB00924,1,1.0,A,DB00091,pathway,1905,1.0,0.0,0.0
11,DB00091,DB00924,1,1.0,A,DB00091,pathway,1912,1.0,0.0,0.0
11,DB00091,DB00924,1,1.0,A,DB00091,pathway,1913,1.0,0.0,0.0
11,DB00091,DB00924,1,1.0,A,DB00091,pathway,1921,1.0,0.0,0.0
11,DB00091,DB00924,1,1.0,A,DB00091,pathway,1925,1.0,0.0,0.0
11,DB00091,DB00924,1,1.0,A,DB00091,pathway,1926,1.0,0.0,0.0
11,DB00091,DB00924,1,1.0,A,DB00091,pathway,1932,1.0,0.0,0.0
11,DB00091,DB00924,1,1.0,A,DB00091,pathway,1933,1.0,0.0,0.0
11,DB00091,DB00924,1,1.0,A,DB00091,pathway,1935,1.0,0.0,0.0
11,DB00091,DB00924,1,1.0,A,DB00091,pathway,1937,1.0,0.0,0.0
11,DB00091,DB00924,1,1.0,A,DB00091,pathway,1938,1.0,0.0,0.0
11,DB00091,DB00924,1,1.0,A,DB00091,pathway,1952,1.0,0.0,0.0
11,DB00091,DB00924,1,1.0,A,DB00091,pathway,1956,1.0,0.0,0.0
11,DB00091,DB00924,1,1.0,A,DB00091,pathway,1957,1.0,0.0,0.0
11,DB00091,DB00924,1,1.0,A,DB00091,pathway,1958,1.0,0.0,0.0
11,DB00091,DB00924,1,1.0,A,DB00091,pathway,1959,1.0,0.0,0.0
11,DB00091,DB00924,1,1.0,A,DB00091,pathway,1965,1.0,0.0,0.0
11,DB00091,DB00924,1,1.0,B,DB00924,pathway,4,1.0,0.0,0.0
11,DB00091,DB00924,1,1.0,B,DB00924,pathway,16,1.0,0.0,0.0
11,DB00091,DB00924,1,1.0,B,DB00924,pathway,37,1.0,0.0,0.0
11,DB00091,DB00924,1,1.0,B,DB00924,pathway,53,1.0,0.0,0.0
11,DB00091,DB00924,1,1.0,B,DB00924,pathway,69,1.0,0.0,0.0
11,DB00091,DB00924,1,1.0,B,DB00924,pathway,81,1.0,0.0,0.0
11,DB00091,DB00924,1,1.0,B,DB00924,pathway,109,1.0,0.0,0.0
11,DB00091,DB00924,1,1.0,B,DB00924,pathway,112,1.0,0.0,0.0
11,DB00091,DB00924,1,1.0,B,DB00924,pathway,143,1.0,0.0,0.0
11,DB00091,DB00924,1,1.0,B,DB00924,pathway,146,1.0,0.0,0.0
11,DB00091,DB00924,1,1.0,B,DB00924,pathway,159,1.0,0.0,0.0
11,DB00091,DB00924,1,1.0,B,DB00924,pathway,176,1.0,0.0,0.0
11,DB00091,DB00924,1,1.0,B,DB00924,pathway,195,1.0,0.0,0.0
11,DB00091,DB00924,1,1.0,B,DB00924,pathway,199,1.0,0.0,0.0
11,DB00091,DB00924,1,1.0,B,DB00924,pathway,204,0.9999998807907104,1.1920928955078125e-07,1.1920928955078125e-07
11,DB00091,DB00924,1,1.0,B,DB00924,pathway,206,1.0,0.0,0.0
11,DB00091,DB00924,1,1.0,B,DB00924,pathway,208,1.0,0.0,0.0
11,DB00091,DB00924,1,1.0,B,DB00924,pathway,314,1.0,0.0,0.0
11,DB00091,DB00924,1,1.0,B,DB00924,pathway,315,1.0,0.0,0.0
11,DB00091,DB00924,1,1.0,B,DB00924,pathway,329,1.0,0.0,0.0
11,DB00091,DB00924,1,1.0,B,DB00924,pathway,438,1.0,0.0,0.0
11,DB00091,DB00924,1,1.0,B,DB00924,pathway,439,1.0,0.0,0.0
11,DB00091,DB00924,1,1.0,B,DB00924,pathway,440,1.0,0.0,0.0
11,DB00091,DB00924,1,1.0,B,DB00924,pathway,441,1.0,0.0,0.0
11,DB00091,DB00924,1,1.0,B,DB00924,pathway,444,1.0,0.0,0.0
11,DB00091,DB00924,1,1.0,B,DB00924,pathway,446,1.0,0.0,0.0
11,DB00091,DB00924,1,1.0,B,DB00924,pathway,455,1.0,0.0,0.0
11,DB00091,DB00924,1,1.0,B,DB00924,pathway,457,1.0,0.0,0.0
11,DB00091,DB00924,1,1.0,B,DB00924,pathway,460,1.0,0.0,0.0
11,DB00091,DB00924,1,1.0,B,DB00924,pathway,462,1.0,0.0,0.0
11,DB00091,DB00924,1,1.0,B,DB00924,pathway,464,1.0,0.0,0.0
11,DB00091,DB00924,1,1.0,B,DB00924,pathway,474,1.0,0.0,0.0
11,DB00091,DB00924,1,1.0,B,DB00924,pathway,512,1.0,0.0,0.0
11,DB00091,DB00924,1,1.0,B,DB00924,pathway,513,1.0,0.0,0.0
11,DB00091,DB00924,1,1.0,B,DB00924,pathway,514,1.0,0.0,0.0
11,DB00091,DB00924,1,1.0,B,DB00924,pathway,515,1.0,0.0,0.0
11,DB00091,DB00924,1,1.0,B,DB00924,pathway,516,1.0,0.0,0.0
11,DB00091,DB00924,1,1.0,B,DB00924,pathway,517,1.0,0.0,0.0
11,DB00091,DB00924,1,1.0,B,DB00924,pathway,557,1.0,0.0,0.0
11,DB00091,DB00924,1,1.0,B,DB00924,pathway,561,1.0,0.0,0.0
11,DB00091,DB00924,1,1.0,B,DB00924,pathway,591,1.0,0.0,0.0
11,DB00091,DB00924,1,1.0,B,DB00924,pathway,593,1.0,0.0,0.0
11,DB00091,DB00924,1,1.0,B,DB00924,pathway,622,1.0,0.0,0.0
11,DB00091,DB00924,1,1.0,B,DB00924,pathway,637,1.0,0.0,0.0
11,DB00091,DB00924,1,1.0,B,DB00924,pathway,638,1.0,0.0,0.0
11,DB00091,DB00924,1,1.0,B,DB00924,pathway,646,1.0,0.0,0.0
11,DB00091,DB00924,1,1.0,B,DB00924,pathway,655,1.0,0.0,0.0
11,DB00091,DB00924,1,1.0,B,DB00924,pathway,668,1.0,0.0,0.0
11,DB00091,DB00924,1,1.0,B,DB00924,pathway,672,1.0,0.0,0.0
11,DB00091,DB00924,1,1.0,B,DB00924,pathway,673,1.0,0.0,0.0
11,DB00091,DB00924,1,1.0,B,DB00924,pathway,674,1.0,0.0,0.0
11,DB00091,DB00924,1,1.0,B,DB00924,pathway,679,1.0,0.0,0.0
11,DB00091,DB00924,1,1.0,B,DB00924,pathway,695,1.0,0.0,0.0
11,DB00091,DB00924,1,1.0,B,DB00924,pathway,704,1.0,0.0,0.0
11,DB00091,DB00924,1,1.0,B,DB00924,pathway,716,1.0,0.0,0.0
11,DB00091,DB00924,1,1.0,B,DB00924,pathway,718,1.0,0.0,0.0
11,DB00091,DB00924,1,1.0,B,DB00924,pathway,719,1.0,0.0,0.0
11,DB00091,DB00924,1,1.0,B,DB00924,pathway,744,1.0,0.0,0.0
11,DB00091,DB00924,1,1.0,B,DB00924,pathway,777,1.0,0.0,0.0
11,DB00091,DB00924,1,1.0,B,DB00924,pathway,836,1.0,0.0,0.0
11,DB00091,DB00924,1,1.0,B,DB00924,pathway,870,1.0,0.0,0.0
11,DB00091,DB00924,1,1.0,B,DB00924,pathway,899,1.0,0.0,0.0
11,DB00091,DB00924,1,1.0,B,DB00924,pathway,912,1.0,0.0,0.0
11,DB00091,DB00924,1,1.0,B,DB00924,pathway,917,1.0,0.0,0.0
11,DB00091,DB00924,1,1.0,B,DB00924,pathway,958,1.0,0.0,0.0
11,DB00091,DB00924,1,1.0,B,DB00924,pathway,968,1.0,0.0,0.0
11,DB00091,DB00924,1,1.0,B,DB00924,pathway,981,1.0,0.0,0.0
11,DB00091,DB00924,1,1.0,B,DB00924,pathway,1044,1.0,0.0,0.0
11,DB00091,DB00924,1,1.0,B,DB00924,pathway,1046,1.0,0.0,0.0
11,DB00091,DB00924,1,1.0,B,DB00924,pathway,1062,1.0,0.0,0.0
11,DB00091,DB00924,1,1.0,B,DB00924,pathway,1067,1.0,0.0,0.0
11,DB00091,DB00924,1,1.0,B,DB00924,pathway,1073,1.0,0.0,0.0
11,DB00091,DB00924,1,1.0,B,DB00924,pathway,1074,1.0,0.0,0.0
11,DB00091,DB00924,1,1.0,B,DB00924,pathway,1080,1.0,0.0,0.0
11,DB00091,DB00924,1,1.0,B,DB00924,pathway,1102,1.0,0.0,0.0
11,DB00091,DB00924,1,1.0,B,DB00924,pathway,1108,1.0,0.0,0.0
11,DB00091,DB00924,1,1.0,B,DB00924,pathway,1114,1.0,0.0,0.0
11,DB00091,DB00924,1,1.0,B,DB00924,pathway,1124,1.0,0.0,0.0
11,DB00091,DB00924,1,1.0,B,DB00924,pathway,1125,1.0,0.0,0.0
11,DB00091,DB00924,1,1.0,B,DB00924,pathway,1126,1.0,0.0,0.0
11,DB00091,DB00924,1,1.0,B,DB00924,pathway,1127,1.0,0.0,0.0
11,DB00091,DB00924,1,1.0,B,DB00924,pathway,1130,1.0,0.0,0.0
11,DB00091,DB00924,1,1.0,B,DB00924,pathway,1131,1.0,0.0,0.0
11,DB00091,DB00924,1,1.0,B,DB00924,pathway,1132,1.0,0.0,0.0
11,DB00091,DB00924,1,1.0,B,DB00924,pathway,1133,1.0,0.0,0.0
11,DB00091,DB00924,1,1.0,B,DB00924,pathway,1134,1.0,0.0,0.0
11,DB00091,DB00924,1,1.0,B,DB00924,pathway,1135,1.0,0.0,0.0
11,DB00091,DB00924,1,1.0,B,DB00924,pathway,1136,1.0,0.0,0.0
11,DB00091,DB00924,1,1.0,B,DB00924,pathway,1137,1.0,0.0,0.0
11,DB00091,DB00924,1,1.0,B,DB00924,pathway,1138,1.0,0.0,0.0
11,DB00091,DB00924,1,1.0,B,DB00924,pathway,1153,1.0,0.0,0.0
11,DB00091,DB00924,1,1.0,B,DB00924,pathway,1157,1.0,0.0,0.0
11,DB00091,DB00924,1,1.0,B,DB00924,pathway,1165,1.0,0.0,0.0
11,DB00091,DB00924,1,1.0,B,DB00924,pathway,1167,1.0,0.0,0.0
11,DB00091,DB00924,1,1.0,B,DB00924,pathway,1177,1.0,0.0,0.0
11,DB00091,DB00924,1,1.0,B,DB00924,pathway,1179,1.0,0.0,0.0
11,DB00091,DB00924,1,1.0,B,DB00924,pathway,1180,1.0,0.0,0.0
11,DB00091,DB00924,1,1.0,B,DB00924,pathway,1184,1.0,0.0,0.0
11,DB00091,DB00924,1,1.0,B,DB00924,pathway,1218,1.0,0.0,0.0
11,DB00091,DB00924,1,1.0,B,DB00924,pathway,1250,1.0,0.0,0.0
11,DB00091,DB00924,1,1.0,B,DB00924,pathway,1286,1.0,0.0,0.0
11,DB00091,DB00924,1,1.0,B,DB00924,pathway,1291,1.0,0.0,0.0
11,DB00091,DB00924,1,1.0,B,DB00924,pathway,1292,1.0,0.0,0.0
11,DB00091,DB00924,1,1.0,B,DB00924,pathway,1352,1.0,0.0,0.0
11,DB00091,DB00924,1,1.0,B,DB00924,pathway,1356,1.0,0.0,0.0
11,DB00091,DB00924,1,1.0,B,DB00924,pathway,1370,1.0,0.0,0.0
11,DB00091,DB00924,1,1.0,B,DB00924,pathway,1372,1.0,0.0,0.0
11,DB00091,DB00924,1,1.0,B,DB00924,pathway,1373,1.0,0.0,0.0
11,DB00091,DB00924,1,1.0,B,DB00924,pathway,1385,1.0,0.0,0.0
11,DB00091,DB00924,1,1.0,B,DB00924,pathway,1430,1.0,0.0,0.0
11,DB00091,DB00924,1,1.0,B,DB00924,pathway,1432,1.0,0.0,0.0
11,DB00091,DB00924,1,1.0,B,DB00924,pathway,1434,1.0,0.0,0.0
11,DB00091,DB00924,1,1.0,B,DB00924,pathway,1450,1.0,0.0,0.0
11,DB00091,DB00924,1,1.0,B,DB00924,pathway,1454,1.0,0.0,0.0
11,DB00091,DB00924,1,1.0,B,DB00924,pathway,1455,1.0,0.0,0.0
11,DB00091,DB00924,1,1.0,B,DB00924,pathway,1467,1.0,0.0,0.0
11,DB00091,DB00924,1,1.0,B,DB00924,pathway,1488,1.0,0.0,0.0
11,DB00091,DB00924,1,1.0,B,DB00924,pathway,1504,1.0,0.0,0.0
11,DB00091,DB00924,1,1.0,B,DB00924,pathway,1506,1.0,0.0,0.0
11,DB00091,DB00924,1,1.0,B,DB00924,pathway,1508,1.0,0.0,0.0
11,DB00091,DB00924,1,1.0,B,DB00924,pathway,1557,1.0,0.0,0.0
11,DB00091,DB00924,1,1.0,B,DB00924,pathway,1566,1.0,0.0,0.0
11,DB00091,DB00924,1,1.0,B,DB00924,pathway,1694,1.0,0.0,0.0
11,DB00091,DB00924,1,1.0,B,DB00924,pathway,1696,1.0,0.0,0.0
11,DB00091,DB00924,1,1.0,B,DB00924,pathway,1711,1.0,0.0,0.0
11,DB00091,DB00924,1,1.0,B,DB00924,pathway,1712,1.0,0.0,0.0
11,DB00091,DB00924,1,1.0,B,DB00924,pathway,1730,1.0,0.0,0.0
11,DB00091,DB00924,1,1.0,B,DB00924,pathway,1735,1.0,0.0,0.0
11,DB00091,DB00924,1,1.0,B,DB00924,pathway,1744,1.0,0.0,0.0
11,DB00091,DB00924,1,1.0,B,DB00924,pathway,1751,1.0,0.0,0.0
11,DB00091,DB00924,1,1.0,B,DB00924,pathway,1752,1.0,0.0,0.0
11,DB00091,DB00924,1,1.0,B,DB00924,pathway,1776,1.0,0.0,0.0
11,DB00091,DB00924,1,1.0,B,DB00924,pathway,1791,1.0,0.0,0.0
11,DB00091,DB00924,1,1.0,B,DB00924,pathway,1802,1.0,0.0,0.0
11,DB00091,DB00924,1,1.0,B,DB00924,pathway,1805,1.0,0.0,0.0
11,DB00091,DB00924,1,1.0,B,DB00924,pathway,1815,1.0,0.0,0.0
11,DB00091,DB00924,1,1.0,B,DB00924,pathway,1824,1.0,0.0,0.0
11,DB00091,DB00924,1,1.0,B,DB00924,pathway,1825,1.0,0.0,0.0
11,DB00091,DB00924,1,1.0,B,DB00924,pathway,1830,1.0,0.0,0.0
11,DB00091,DB00924,1,1.0,B,DB00924,pathway,1832,1.0,0.0,0.0
11,DB00091,DB00924,1,1.0,B,DB00924,pathway,1833,1.0,0.0,0.0
11,DB00091,DB00924,1,1.0,B,DB00924,pathway,1853,1.0,0.0,0.0
11,DB00091,DB00924,1,1.0,B,DB00924,pathway,1865,1.0,0.0,0.0
11,DB00091,DB00924,1,1.0,B,DB00924,pathway,1892,1.0,0.0,0.0
11,DB00091,DB00924,1,1.0,B,DB00924,pathway,1896,1.0,0.0,0.0
11,DB00091,DB00924,1,1.0,B,DB00924,pathway,1938,1.0,0.0,0.0
11,DB00091,DB00924,1,1.0,B,DB00924,pathway,1968,1.0,0.0,0.0
12,DB00091,DB00947,1,1.0,A,DB00091,pathway,0,1.0,0.0,0.0
12,DB00091,DB00947,1,1.0,A,DB00091,pathway,2,1.0,0.0,0.0
12,DB00091,DB00947,1,1.0,A,DB00091,pathway,4,1.0,0.0,0.0
12,DB00091,DB00947,1,1.0,A,DB00091,pathway,10,1.0,0.0,0.0
12,DB00091,DB00947,1,1.0,A,DB00091,pathway,11,1.0,0.0,0.0
12,DB00091,DB00947,1,1.0,A,DB00091,pathway,12,1.0,0.0,0.0
12,DB00091,DB00947,1,1.0,A,DB00091,pathway,13,1.0,0.0,0.0
12,DB00091,DB00947,1,1.0,A,DB00091,pathway,15,1.0,0.0,0.0
12,DB00091,DB00947,1,1.0,A,DB00091,pathway,26,1.0,0.0,0.0
12,DB00091,DB00947,1,1.0,A,DB00091,pathway,29,1.0,0.0,0.0
12,DB00091,DB00947,1,1.0,A,DB00091,pathway,31,1.0,0.0,0.0
12,DB00091,DB00947,1,1.0,A,DB00091,pathway,39,1.0,0.0,0.0
12,DB00091,DB00947,1,1.0,A,DB00091,pathway,43,1.0,0.0,0.0
12,DB00091,DB00947,1,1.0,A,DB00091,pathway,44,1.0,0.0,0.0
12,DB00091,DB00947,1,1.0,A,DB00091,pathway,51,1.0,0.0,0.0
12,DB00091,DB00947,1,1.0,A,DB00091,pathway,52,1.0,0.0,0.0
12,DB00091,DB00947,1,1.0,A,DB00091,pathway,53,1.0,0.0,0.0
12,DB00091,DB00947,1,1.0,A,DB00091,pathway,55,1.0,0.0,0.0
12,DB00091,DB00947,1,1.0,A,DB00091,pathway,57,1.0,0.0,0.0
12,DB00091,DB00947,1,1.0,A,DB00091,pathway,62,1.0,0.0,0.0
12,DB00091,DB00947,1,1.0,A,DB00091,pathway,66,1.0,0.0,0.0
12,DB00091,DB00947,1,1.0,A,DB00091,pathway,67,1.0,0.0,0.0
12,DB00091,DB00947,1,1.0,A,DB00091,pathway,72,1.0,0.0,0.0
12,DB00091,DB00947,1,1.0,A,DB00091,pathway,74,1.0,0.0,0.0
12,DB00091,DB00947,1,1.0,A,DB00091,pathway,75,1.0,0.0,0.0
12,DB00091,DB00947,1,1.0,A,DB00091,pathway,78,1.0,0.0,0.0
12,DB00091,DB00947,1,1.0,A,DB00091,pathway,79,1.0,0.0,0.0
12,DB00091,DB00947,1,1.0,A,DB00091,pathway,81,1.0,0.0,0.0
12,DB00091,DB00947,1,1.0,A,DB00091,pathway,82,1.0,0.0,0.0
12,DB00091,DB00947,1,1.0,A,DB00091,pathway,84,1.0,0.0,0.0
12,DB00091,DB00947,1,1.0,A,DB00091,pathway,91,1.0,0.0,0.0
12,DB00091,DB00947,1,1.0,A,DB00091,pathway,98,1.0,0.0,0.0
12,DB00091,DB00947,1,1.0,A,DB00091,pathway,100,1.0,0.0,0.0
12,DB00091,DB00947,1,1.0,A,DB00091,pathway,104,1.0,0.0,0.0
12,DB00091,DB00947,1,1.0,A,DB00091,pathway,110,1.0,0.0,0.0
12,DB00091,DB00947,1,1.0,A,DB00091,pathway,113,1.0,0.0,0.0
12,DB00091,DB00947,1,1.0,A,DB00091,pathway,116,1.0,0.0,0.0
12,DB00091,DB00947,1,1.0,A,DB00091,pathway,117,1.0,0.0,0.0
12,DB00091,DB00947,1,1.0,A,DB00091,pathway,119,1.0,0.0,0.0
12,DB00091,DB00947,1,1.0,A,DB00091,pathway,121,1.0,0.0,0.0
12,DB00091,DB00947,1,1.0,A,DB00091,pathway,123,1.0,0.0,0.0
12,DB00091,DB00947,1,1.0,A,DB00091,pathway,124,1.0,0.0,0.0
12,DB00091,DB00947,1,1.0,A,DB00091,pathway,136,1.0,0.0,0.0
12,DB00091,DB00947,1,1.0,A,DB00091,pathway,141,1.0,0.0,0.0
12,DB00091,DB00947,1,1.0,A,DB00091,pathway,143,1.0,0.0,0.0
12,DB00091,DB00947,1,1.0,A,DB00091,pathway,158,1.0,0.0,0.0
12,DB00091,DB00947,1,1.0,A,DB00091,pathway,159,1.0,0.0,0.0
12,DB00091,DB00947,1,1.0,A,DB00091,pathway,168,1.0,0.0,0.0
12,DB00091,DB00947,1,1.0,A,DB00091,pathway,169,1.0,0.0,0.0
12,DB00091,DB00947,1,1.0,A,DB00091,pathway,170,1.0,0.0,0.0
12,DB00091,DB00947,1,1.0,A,DB00091,pathway,171,1.0,0.0,0.0
12,DB00091,DB00947,1,1.0,A,DB00091,pathway,172,1.0,0.0,0.0
12,DB00091,DB00947,1,1.0,A,DB00091,pathway,176,1.0,0.0,0.0
12,DB00091,DB00947,1,1.0,A,DB00091,pathway,187,1.0,0.0,0.0
12,DB00091,DB00947,1,1.0,A,DB00091,pathway,188,1.0,0.0,0.0
12,DB00091,DB00947,1,1.0,A,DB00091,pathway,191,1.0,0.0,0.0
12,DB00091,DB00947,1,1.0,A,DB00091,pathway,193,1.0,0.0,0.0
12,DB00091,DB00947,1,1.0,A,DB00091,pathway,195,1.0,0.0,0.0
12,DB00091,DB00947,1,1.0,A,DB00091,pathway,205,1.0,0.0,0.0
12,DB00091,DB00947,1,1.0,A,DB00091,pathway,208,1.0,0.0,0.0
12,DB00091,DB00947,1,1.0,A,DB00091,pathway,209,1.0,0.0,0.0
12,DB00091,DB00947,1,1.0,A,DB00091,pathway,227,1.0,0.0,0.0
12,DB00091,DB00947,1,1.0,A,DB00091,pathway,237,1.0,0.0,0.0
12,DB00091,DB00947,1,1.0,A,DB00091,pathway,245,1.0,0.0,0.0
12,DB00091,DB00947,1,1.0,A,DB00091,pathway,247,1.0,0.0,0.0
12,DB00091,DB00947,1,1.0,A,DB00091,pathway,250,1.0,0.0,0.0
12,DB00091,DB00947,1,1.0,A,DB00091,pathway,263,1.0,0.0,0.0
12,DB00091,DB00947,1,1.0,A,DB00091,pathway,269,1.0,0.0,0.0
12,DB00091,DB00947,1,1.0,A,DB00091,pathway,281,1.0,0.0,0.0
12,DB00091,DB00947,1,1.0,A,DB00091,pathway,283,1.0,0.0,0.0
12,DB00091,DB00947,1,1.0,A,DB00091,pathway,285,1.0,0.0,0.0
12,DB00091,DB00947,1,1.0,A,DB00091,pathway,286,1.0,0.0,0.0
12,DB00091,DB00947,1,1.0,A,DB00091,pathway,287,1.0,0.0,0.0
12,DB00091,DB00947,1,1.0,A,DB00091,pathway,290,1.0,0.0,0.0
12,DB00091,DB00947,1,1.0,A,DB00091,pathway,296,1.0,0.0,0.0
12,DB00091,DB00947,1,1.0,A,DB00091,pathway,297,1.0,0.0,0.0
12,DB00091,DB00947,1,1.0,A,DB00091,pathway,308,1.0,0.0,0.0
12,DB00091,DB00947,1,1.0,A,DB00091,pathway,314,1.0,0.0,0.0
12,DB00091,DB00947,1,1.0,A,DB00091,pathway,315,1.0,0.0,0.0
12,DB00091,DB00947,1,1.0,A,DB00091,pathway,329,1.0,0.0,0.0
12,DB00091,DB00947,1,1.0,A,DB00091,pathway,332,1.0,0.0,0.0
12,DB00091,DB00947,1,1.0,A,DB00091,pathway,333,1.0,0.0,0.0
12,DB00091,DB00947,1,1.0,A,DB00091,pathway,340,1.0,0.0,0.0
12,DB00091,DB00947,1,1.0,A,DB00091,pathway,346,1.0,0.0,0.0
12,DB00091,DB00947,1,1.0,A,DB00091,pathway,350,1.0,0.0,0.0
12,DB00091,DB00947,1,1.0,A,DB00091,pathway,353,1.0,0.0,0.0
12,DB00091,DB00947,1,1.0,A,DB00091,pathway,358,1.0,0.0,0.0
12,DB00091,DB00947,1,1.0,A,DB00091,pathway,359,1.0,0.0,0.0
12,DB00091,DB00947,1,1.0,A,DB00091,pathway,362,1.0,0.0,0.0
12,DB00091,DB00947,1,1.0,A,DB00091,pathway,371,1.0,0.0,0.0
12,DB00091,DB00947,1,1.0,A,DB00091,pathway,374,1.0,0.0,0.0
12,DB00091,DB00947,1,1.0,A,DB00091,pathway,379,1.0,0.0,0.0
12,DB00091,DB00947,1,1.0,A,DB00091,pathway,385,1.0,0.0,0.0
12,DB00091,DB00947,1,1.0,A,DB00091,pathway,386,1.0,0.0,0.0
12,DB00091,DB00947,1,1.0,A,DB00091,pathway,387,1.0,0.0,0.0
12,DB00091,DB00947,1,1.0,A,DB00091,pathway,393,1.0,0.0,0.0
12,DB00091,DB00947,1,1.0,A,DB00091,pathway,394,1.0,0.0,0.0
12,DB00091,DB00947,1,1.0,A,DB00091,pathway,395,1.0,0.0,0.0
12,DB00091,DB00947,1,1.0,A,DB00091,pathway,396,1.0,0.0,0.0
12,DB00091,DB00947,1,1.0,A,DB00091,pathway,397,1.0,0.0,0.0
12,DB00091,DB00947,1,1.0,A,DB00091,pathway,398,1.0,0.0,0.0
12,DB00091,DB00947,1,1.0,A,DB00091,pathway,399,1.0,0.0,0.0
12,DB00091,DB00947,1,1.0,A,DB00091,pathway,401,1.0,0.0,0.0
12,DB00091,DB00947,1,1.0,A,DB00091,pathway,402,1.0,0.0,0.0
12,DB00091,DB00947,1,1.0,A,DB00091,pathway,427,1.0,0.0,0.0
12,DB00091,DB00947,1,1.0,A,DB00091,pathway,429,1.0,0.0,0.0
12,DB00091,DB00947,1,1.0,A,DB00091,pathway,430,1.0,0.0,0.0
12,DB00091,DB00947,1,1.0,A,DB00091,pathway,438,1.0,0.0,0.0
12,DB00091,DB00947,1,1.0,A,DB00091,pathway,439,1.0,0.0,0.0
12,DB00091,DB00947,1,1.0,A,DB00091,pathway,440,1.0,0.0,0.0
12,DB00091,DB00947,1,1.0,A,DB00091,pathway,441,1.0,0.0,0.0
12,DB00091,DB00947,1,1.0,A,DB00091,pathway,442,1.0,0.0,0.0
12,DB00091,DB00947,1,1.0,A,DB00091,pathway,443,1.0,0.0,0.0
12,DB00091,DB00947,1,1.0,A,DB00091,pathway,444,1.0,0.0,0.0
12,DB00091,DB00947,1,1.0,A,DB00091,pathway,446,1.0,0.0,0.0
12,DB00091,DB00947,1,1.0,A,DB00091,pathway,447,1.0,0.0,0.0
12,DB00091,DB00947,1,1.0,A,DB00091,pathway,452,1.0,0.0,0.0
12,DB00091,DB00947,1,1.0,A,DB00091,pathway,455,1.0,0.0,0.0
12,DB00091,DB00947,1,1.0,A,DB00091,pathway,457,1.0,0.0,0.0
12,DB00091,DB00947,1,1.0,A,DB00091,pathway,462,1.0,0.0,0.0
12,DB00091,DB00947,1,1.0,A,DB00091,pathway,464,1.0,0.0,0.0
12,DB00091,DB00947,1,1.0,A,DB00091,pathway,466,1.0,0.0,0.0
12,DB00091,DB00947,1,1.0,A,DB00091,pathway,467,1.0,0.0,0.0
12,DB00091,DB00947,1,1.0,A,DB00091,pathway,471,1.0,0.0,0.0
12,DB00091,DB00947,1,1.0,A,DB00091,pathway,473,1.0,0.0,0.0
12,DB00091,DB00947,1,1.0,A,DB00091,pathway,478,1.0,0.0,0.0
12,DB00091,DB00947,1,1.0,A,DB00091,pathway,479,1.0,0.0,0.0
12,DB00091,DB00947,1,1.0,A,DB00091,pathway,480,1.0,0.0,0.0
12,DB00091,DB00947,1,1.0,A,DB00091,pathway,481,1.0,0.0,0.0
12,DB00091,DB00947,1,1.0,A,DB00091,pathway,482,1.0,0.0,0.0
12,DB00091,DB00947,1,1.0,A,DB00091,pathway,488,1.0,0.0,0.0
12,DB00091,DB00947,1,1.0,A,DB00091,pathway,498,1.0,0.0,0.0
12,DB00091,DB00947,1,1.0,A,DB00091,pathway,499,1.0,0.0,0.0
12,DB00091,DB00947,1,1.0,A,DB00091,pathway,511,1.0,0.0,0.0
12,DB00091,DB00947,1,1.0,A,DB00091,pathway,512,1.0,0.0,0.0
12,DB00091,DB00947,1,1.0,A,DB00091,pathway,513,1.0,0.0,0.0
12,DB00091,DB00947,1,1.0,A,DB00091,pathway,515,1.0,0.0,0.0
12,DB00091,DB00947,1,1.0,A,DB00091,pathway,521,1.0,0.0,0.0
12,DB00091,DB00947,1,1.0,A,DB00091,pathway,524,1.0,0.0,0.0
12,DB00091,DB00947,1,1.0,A,DB00091,pathway,527,1.0,0.0,0.0
12,DB00091,DB00947,1,1.0,A,DB00091,pathway,528,1.0,0.0,0.0
12,DB00091,DB00947,1,1.0,A,DB00091,pathway,530,1.0,0.0,0.0
12,DB00091,DB00947,1,1.0,A,DB00091,pathway,531,1.0,0.0,0.0
12,DB00091,DB00947,1,1.0,A,DB00091,pathway,532,1.0,0.0,0.0
12,DB00091,DB00947,1,1.0,A,DB00091,pathway,536,1.0,0.0,0.0
12,DB00091,DB00947,1,1.0,A,DB00091,pathway,542,1.0,0.0,0.0
12,DB00091,DB00947,1,1.0,A,DB00091,pathway,544,1.0,0.0,0.0
12,DB00091,DB00947,1,1.0,A,DB00091,pathway,552,1.0,0.0,0.0
12,DB00091,DB00947,1,1.0,A,DB00091,pathway,557,1.0,0.0,0.0
12,DB00091,DB00947,1,1.0,A,DB00091,pathway,559,1.0,0.0,0.0
12,DB00091,DB00947,1,1.0,A,DB00091,pathway,587,1.0,0.0,0.0
12,DB00091,DB00947,1,1.0,A,DB00091,pathway,588,1.0,0.0,0.0
12,DB00091,DB00947,1,1.0,A,DB00091,pathway,589,1.0,0.0,0.0
12,DB00091,DB00947,1,1.0,A,DB00091,pathway,590,1.0,0.0,0.0
12,DB00091,DB00947,1,1.0,A,DB00091,pathway,591,1.0,0.0,0.0
12,DB00091,DB00947,1,1.0,A,DB00091,pathway,594,1.0,0.0,0.0
12,DB00091,DB00947,1,1.0,A,DB00091,pathway,602,1.0,0.0,0.0
12,DB00091,DB00947,1,1.0,A,DB00091,pathway,612,1.0,0.0,0.0
12,DB00091,DB00947,1,1.0,A,DB00091,pathway,614,1.0,0.0,0.0
12,DB00091,DB00947,1,1.0,A,DB00091,pathway,617,1.0,0.0,0.0
12,DB00091,DB00947,1,1.0,A,DB00091,pathway,619,1.0,0.0,0.0
12,DB00091,DB00947,1,1.0,A,DB00091,pathway,620,1.0,0.0,0.0
12,DB00091,DB00947,1,1.0,A,DB00091,pathway,625,1.0,0.0,0.0
12,DB00091,DB00947,1,1.0,A,DB00091,pathway,626,1.0,0.0,0.0
12,DB00091,DB00947,1,1.0,A,DB00091,pathway,627,1.0,0.0,0.0
12,DB00091,DB00947,1,1.0,A,DB00091,pathway,630,1.0,0.0,0.0
12,DB00091,DB00947,1,1.0,A,DB00091,pathway,631,1.0,0.0,0.0
12,DB00091,DB00947,1,1.0,A,DB00091,pathway,636,1.0,0.0,0.0
12,DB00091,DB00947,1,1.0,A,DB00091,pathway,637,1.0,0.0,0.0
12,DB00091,DB00947,1,1.0,A,DB00091,pathway,638,1.0,0.0,0.0
12,DB00091,DB00947,1,1.0,A,DB00091,pathway,640,1.0,0.0,0.0
12,DB00091,DB00947,1,1.0,A,DB00091,pathway,641,1.0,0.0,0.0
12,DB00091,DB00947,1,1.0,A,DB00091,pathway,642,1.0,0.0,0.0
12,DB00091,DB00947,1,1.0,A,DB00091,pathway,643,1.0,0.0,0.0
12,DB00091,DB00947,1,1.0,A,DB00091,pathway,644,1.0,0.0,0.0
12,DB00091,DB00947,1,1.0,A,DB00091,pathway,645,1.0,0.0,0.0
12,DB00091,DB00947,1,1.0,A,DB00091,pathway,646,1.0,0.0,0.0
12,DB00091,DB00947,1,1.0,A,DB00091,pathway,647,1.0,0.0,0.0
12,DB00091,DB00947,1,1.0,A,DB00091,pathway,650,1.0,0.0,0.0
12,DB00091,DB00947,1,1.0,A,DB00091,pathway,651,1.0,0.0,0.0
12,DB00091,DB00947,1,1.0,A,DB00091,pathway,652,1.0,0.0,0.0
12,DB00091,DB00947,1,1.0,A,DB00091,pathway,654,1.0,0.0,0.0
12,DB00091,DB00947,1,1.0,A,DB00091,pathway,655,1.0,0.0,0.0
12,DB00091,DB00947,1,1.0,A,DB00091,pathway,656,1.0,0.0,0.0
12,DB00091,DB00947,1,1.0,A,DB00091,pathway,658,1.0,0.0,0.0
12,DB00091,DB00947,1,1.0,A,DB00091,pathway,664,1.0,0.0,0.0
12,DB00091,DB00947,1,1.0,A,DB00091,pathway,668,1.0,0.0,0.0
12,DB00091,DB00947,1,1.0,A,DB00091,pathway,670,1.0,0.0,0.0
12,DB00091,DB00947,1,1.0,A,DB00091,pathway,671,1.0,0.0,0.0
12,DB00091,DB00947,1,1.0,A,DB00091,pathway,672,1.0,0.0,0.0
12,DB00091,DB00947,1,1.0,A,DB00091,pathway,673,1.0,0.0,0.0
12,DB00091,DB00947,1,1.0,A,DB00091,pathway,674,1.0,0.0,0.0
12,DB00091,DB00947,1,1.0,A,DB00091,pathway,677,1.0,0.0,0.0
12,DB00091,DB00947,1,1.0,A,DB00091,pathway,679,1.0,0.0,0.0
12,DB00091,DB00947,1,1.0,A,DB00091,pathway,683,1.0,0.0,0.0
12,DB00091,DB00947,1,1.0,A,DB00091,pathway,685,1.0,0.0,0.0
12,DB00091,DB00947,1,1.0,A,DB00091,pathway,686,1.0,0.0,0.0
12,DB00091,DB00947,1,1.0,A,DB00091,pathway,687,1.0,0.0,0.0
12,DB00091,DB00947,1,1.0,A,DB00091,pathway,688,1.0,0.0,0.0
12,DB00091,DB00947,1,1.0,A,DB00091,pathway,691,1.0,0.0,0.0
12,DB00091,DB00947,1,1.0,A,DB00091,pathway,692,1.0,0.0,0.0
12,DB00091,DB00947,1,1.0,A,DB00091,pathway,693,1.0,0.0,0.0
12,DB00091,DB00947,1,1.0,A,DB00091,pathway,694,1.0,0.0,0.0
12,DB00091,DB00947,1,1.0,A,DB00091,pathway,695,1.0,0.0,0.0
12,DB00091,DB00947,1,1.0,A,DB00091,pathway,696,1.0,0.0,0.0
12,DB00091,DB00947,1,1.0,A,DB00091,pathway,701,1.0,0.0,0.0
12,DB00091,DB00947,1,1.0,A,DB00091,pathway,703,1.0,0.0,0.0
12,DB00091,DB00947,1,1.0,A,DB00091,pathway,704,1.0,0.0,0.0
12,DB00091,DB00947,1,1.0,A,DB00091,pathway,705,1.0,0.0,0.0
12,DB00091,DB00947,1,1.0,A,DB00091,pathway,707,1.0,0.0,0.0
12,DB00091,DB00947,1,1.0,A,DB00091,pathway,708,1.0,0.0,0.0
12,DB00091,DB00947,1,1.0,A,DB00091,pathway,709,1.0,0.0,0.0
12,DB00091,DB00947,1,1.0,A,DB00091,pathway,711,1.0,0.0,0.0
12,DB00091,DB00947,1,1.0,A,DB00091,pathway,715,1.0,0.0,0.0
12,DB00091,DB00947,1,1.0,A,DB00091,pathway,716,1.0,0.0,0.0
12,DB00091,DB00947,1,1.0,A,DB00091,pathway,717,1.0,0.0,0.0
12,DB00091,DB00947,1,1.0,A,DB00091,pathway,718,1.0,0.0,0.0
12,DB00091,DB00947,1,1.0,A,DB00091,pathway,719,1.0,0.0,0.0
12,DB00091,DB00947,1,1.0,A,DB00091,pathway,728,1.0,0.0,0.0
12,DB00091,DB00947,1,1.0,A,DB00091,pathway,730,1.0,0.0,0.0
12,DB00091,DB00947,1,1.0,A,DB00091,pathway,732,1.0,0.0,0.0
12,DB00091,DB00947,1,1.0,A,DB00091,pathway,733,1.0,0.0,0.0
12,DB00091,DB00947,1,1.0,A,DB00091,pathway,744,1.0,0.0,0.0
12,DB00091,DB00947,1,1.0,A,DB00091,pathway,764,1.0,0.0,0.0
12,DB00091,DB00947,1,1.0,A,DB00091,pathway,765,1.0,0.0,0.0
12,DB00091,DB00947,1,1.0,A,DB00091,pathway,772,1.0,0.0,0.0
12,DB00091,DB00947,1,1.0,A,DB00091,pathway,775,1.0,0.0,0.0
12,DB00091,DB00947,1,1.0,A,DB00091,pathway,776,1.0,0.0,0.0
12,DB00091,DB00947,1,1.0,A,DB00091,pathway,777,1.0,0.0,0.0
12,DB00091,DB00947,1,1.0,A,DB00091,pathway,783,1.0,0.0,0.0
12,DB00091,DB00947,1,1.0,A,DB00091,pathway,784,1.0,0.0,0.0
12,DB00091,DB00947,1,1.0,A,DB00091,pathway,787,1.0,0.0,0.0
12,DB00091,DB00947,1,1.0,A,DB00091,pathway,788,1.0,0.0,0.0
12,DB00091,DB00947,1,1.0,A,DB00091,pathway,789,1.0,0.0,0.0
12,DB00091,DB00947,1,1.0,A,DB00091,pathway,797,1.0,0.0,0.0
12,DB00091,DB00947,1,1.0,A,DB00091,pathway,798,1.0,0.0,0.0
12,DB00091,DB00947,1,1.0,A,DB00091,pathway,799,1.0,0.0,0.0
12,DB00091,DB00947,1,1.0,A,DB00091,pathway,801,1.0,0.0,0.0
12,DB00091,DB00947,1,1.0,A,DB00091,pathway,805,1.0,0.0,0.0
12,DB00091,DB00947,1,1.0,A,DB00091,pathway,806,1.0,0.0,0.0
12,DB00091,DB00947,1,1.0,A,DB00091,pathway,811,1.0,0.0,0.0
12,DB00091,DB00947,1,1.0,A,DB00091,pathway,826,1.0,0.0,0.0
12,DB00091,DB00947,1,1.0,A,DB00091,pathway,830,1.0,0.0,0.0
12,DB00091,DB00947,1,1.0,A,DB00091,pathway,836,1.0,0.0,0.0
12,DB00091,DB00947,1,1.0,A,DB00091,pathway,837,1.0,0.0,0.0
12,DB00091,DB00947,1,1.0,A,DB00091,pathway,840,1.0,0.0,0.0
12,DB00091,DB00947,1,1.0,A,DB00091,pathway,845,1.0,0.0,0.0
12,DB00091,DB00947,1,1.0,A,DB00091,pathway,853,1.0,0.0,0.0
12,DB00091,DB00947,1,1.0,A,DB00091,pathway,854,1.0,0.0,0.0
12,DB00091,DB00947,1,1.0,A,DB00091,pathway,855,1.0,0.0,0.0
12,DB00091,DB00947,1,1.0,A,DB00091,pathway,863,1.0,0.0,0.0
12,DB00091,DB00947,1,1.0,A,DB00091,pathway,870,1.0,0.0,0.0
12,DB00091,DB00947,1,1.0,A,DB00091,pathway,874,1.0,0.0,0.0
12,DB00091,DB00947,1,1.0,A,DB00091,pathway,877,1.0,0.0,0.0
12,DB00091,DB00947,1,1.0,A,DB00091,pathway,883,1.0,0.0,0.0
12,DB00091,DB00947,1,1.0,A,DB00091,pathway,896,1.0,0.0,0.0
12,DB00091,DB00947,1,1.0,A,DB00091,pathway,910,1.0,0.0,0.0
12,DB00091,DB00947,1,1.0,A,DB00091,pathway,919,1.0,0.0,0.0
12,DB00091,DB00947,1,1.0,A,DB00091,pathway,922,1.0,0.0,0.0
12,DB00091,DB00947,1,1.0,A,DB00091,pathway,927,1.0,0.0,0.0
12,DB00091,DB00947,1,1.0,A,DB00091,pathway,940,1.0,0.0,0.0
12,DB00091,DB00947,1,1.0,A,DB00091,pathway,948,1.0,0.0,0.0
12,DB00091,DB00947,1,1.0,A,DB00091,pathway,955,1.0,0.0,0.0
12,DB00091,DB00947,1,1.0,A,DB00091,pathway,958,1.0,0.0,0.0
12,DB00091,DB00947,1,1.0,A,DB00091,pathway,959,1.0,0.0,0.0
12,DB00091,DB00947,1,1.0,A,DB00091,pathway,965,1.0,0.0,0.0
12,DB00091,DB00947,1,1.0,A,DB00091,pathway,968,1.0,0.0,0.0
12,DB00091,DB00947,1,1.0,A,DB00091,pathway,969,1.0,0.0,0.0
12,DB00091,DB00947,1,1.0,A,DB00091,pathway,970,1.0,0.0,0.0
12,DB00091,DB00947,1,1.0,A,DB00091,pathway,973,1.0,0.0,0.0
12,DB00091,DB00947,1,1.0,A,DB00091,pathway,981,1.0,0.0,0.0
12,DB00091,DB00947,1,1.0,A,DB00091,pathway,986,1.0,0.0,0.0
12,DB00091,DB00947,1,1.0,A,DB00091,pathway,987,1.0,0.0,0.0
12,DB00091,DB00947,1,1.0,A,DB00091,pathway,988,1.0,0.0,0.0
12,DB00091,DB00947,1,1.0,A,DB00091,pathway,989,1.0,0.0,0.0
12,DB00091,DB00947,1,1.0,A,DB00091,pathway,1009,1.0,0.0,0.0
12,DB00091,DB00947,1,1.0,A,DB00091,pathway,1010,1.0,0.0,0.0
12,DB00091,DB00947,1,1.0,A,DB00091,pathway,1011,1.0,0.0,0.0
12,DB00091,DB00947,1,1.0,A,DB00091,pathway,1012,1.0,0.0,0.0
12,DB00091,DB00947,1,1.0,A,DB00091,pathway,1018,1.0,0.0,0.0
12,DB00091,DB00947,1,1.0,A,DB00091,pathway,1019,1.0,0.0,0.0
12,DB00091,DB00947,1,1.0,A,DB00091,pathway,1020,1.0,0.0,0.0
12,DB00091,DB00947,1,1.0,A,DB00091,pathway,1031,1.0,0.0,0.0
12,DB00091,DB00947,1,1.0,A,DB00091,pathway,1037,1.0,0.0,0.0
12,DB00091,DB00947,1,1.0,A,DB00091,pathway,1041,1.0,0.0,0.0
12,DB00091,DB00947,1,1.0,A,DB00091,pathway,1044,1.0,0.0,0.0
12,DB00091,DB00947,1,1.0,A,DB00091,pathway,1045,1.0,0.0,0.0
12,DB00091,DB00947,1,1.0,A,DB00091,pathway,1046,1.0,0.0,0.0
12,DB00091,DB00947,1,1.0,A,DB00091,pathway,1047,1.0,0.0,0.0
12,DB00091,DB00947,1,1.0,A,DB00091,pathway,1048,1.0,0.0,0.0
12,DB00091,DB00947,1,1.0,A,DB00091,pathway,1054,1.0,0.0,0.0
12,DB00091,DB00947,1,1.0,A,DB00091,pathway,1057,1.0,0.0,0.0
12,DB00091,DB00947,1,1.0,A,DB00091,pathway,1062,1.0,0.0,0.0
12,DB00091,DB00947,1,1.0,A,DB00091,pathway,1064,1.0,0.0,0.0
12,DB00091,DB00947,1,1.0,A,DB00091,pathway,1066,1.0,0.0,0.0
12,DB00091,DB00947,1,1.0,A,DB00091,pathway,1073,1.0,0.0,0.0
12,DB00091,DB00947,1,1.0,A,DB00091,pathway,1074,1.0,0.0,0.0
12,DB00091,DB00947,1,1.0,A,DB00091,pathway,1079,1.0,0.0,0.0
12,DB00091,DB00947,1,1.0,A,DB00091,pathway,1080,1.0,0.0,0.0
12,DB00091,DB00947,1,1.0,A,DB00091,pathway,1081,1.0,0.0,0.0
12,DB00091,DB00947,1,1.0,A,DB00091,pathway,1082,1.0,0.0,0.0
12,DB00091,DB00947,1,1.0,A,DB00091,pathway,1083,1.0,0.0,0.0
12,DB00091,DB00947,1,1.0,A,DB00091,pathway,1084,1.0,0.0,0.0
12,DB00091,DB00947,1,1.0,A,DB00091,pathway,1085,1.0,0.0,0.0
12,DB00091,DB00947,1,1.0,A,DB00091,pathway,1089,1.0,0.0,0.0
12,DB00091,DB00947,1,1.0,A,DB00091,pathway,1090,1.0,0.0,0.0
12,DB00091,DB00947,1,1.0,A,DB00091,pathway,1099,1.0,0.0,0.0
12,DB00091,DB00947,1,1.0,A,DB00091,pathway,1100,1.0,0.0,0.0
12,DB00091,DB00947,1,1.0,A,DB00091,pathway,1102,1.0,0.0,0.0
12,DB00091,DB00947,1,1.0,A,DB00091,pathway,1103,1.0,0.0,0.0
12,DB00091,DB00947,1,1.0,A,DB00091,pathway,1107,1.0,0.0,0.0
12,DB00091,DB00947,1,1.0,A,DB00091,pathway,1108,1.0,0.0,0.0
12,DB00091,DB00947,1,1.0,A,DB00091,pathway,1110,1.0,0.0,0.0
12,DB00091,DB00947,1,1.0,A,DB00091,pathway,1116,1.0,0.0,0.0
12,DB00091,DB00947,1,1.0,A,DB00091,pathway,1119,1.0,0.0,0.0
12,DB00091,DB00947,1,1.0,A,DB00091,pathway,1120,1.0,0.0,0.0
12,DB00091,DB00947,1,1.0,A,DB00091,pathway,1121,1.0,0.0,0.0
12,DB00091,DB00947,1,1.0,A,DB00091,pathway,1122,1.0,0.0,0.0
12,DB00091,DB00947,1,1.0,A,DB00091,pathway,1123,1.0,0.0,0.0
12,DB00091,DB00947,1,1.0,A,DB00091,pathway,1126,1.0,0.0,0.0
12,DB00091,DB00947,1,1.0,A,DB00091,pathway,1134,1.0,0.0,0.0
12,DB00091,DB00947,1,1.0,A,DB00091,pathway,1135,1.0,0.0,0.0
12,DB00091,DB00947,1,1.0,A,DB00091,pathway,1138,1.0,0.0,0.0
12,DB00091,DB00947,1,1.0,A,DB00091,pathway,1153,1.0,0.0,0.0
12,DB00091,DB00947,1,1.0,A,DB00091,pathway,1154,1.0,0.0,0.0
12,DB00091,DB00947,1,1.0,A,DB00091,pathway,1157,1.0,0.0,0.0
12,DB00091,DB00947,1,1.0,A,DB00091,pathway,1165,1.0,0.0,0.0
12,DB00091,DB00947,1,1.0,A,DB00091,pathway,1167,1.0,0.0,0.0
12,DB00091,DB00947,1,1.0,A,DB00091,pathway,1177,1.0,0.0,0.0
12,DB00091,DB00947,1,1.0,A,DB00091,pathway,1182,1.0,0.0,0.0
12,DB00091,DB00947,1,1.0,A,DB00091,pathway,1217,1.0,0.0,0.0
12,DB00091,DB00947,1,1.0,A,DB00091,pathway,1218,1.0,0.0,0.0
12,DB00091,DB00947,1,1.0,A,DB00091,pathway,1224,1.0,0.0,0.0
12,DB00091,DB00947,1,1.0,A,DB00091,pathway,1225,1.0,0.0,0.0
12,DB00091,DB00947,1,1.0,A,DB00091,pathway,1230,1.0,0.0,0.0
12,DB00091,DB00947,1,1.0,A,DB00091,pathway,1245,1.0,0.0,0.0
12,DB00091,DB00947,1,1.0,A,DB00091,pathway,1249,1.0,0.0,0.0
12,DB00091,DB00947,1,1.0,A,DB00091,pathway,1262,1.0,0.0,0.0
12,DB00091,DB00947,1,1.0,A,DB00091,pathway,1263,1.0,0.0,0.0
12,DB00091,DB00947,1,1.0,A,DB00091,pathway,1264,1.0,0.0,0.0
12,DB00091,DB00947,1,1.0,A,DB00091,pathway,1265,1.0,0.0,0.0
12,DB00091,DB00947,1,1.0,A,DB00091,pathway,1266,1.0,0.0,0.0
12,DB00091,DB00947,1,1.0,A,DB00091,pathway,1267,1.0,0.0,0.0
12,DB00091,DB00947,1,1.0,A,DB00091,pathway,1268,1.0,0.0,0.0
12,DB00091,DB00947,1,1.0,A,DB00091,pathway,1270,1.0,0.0,0.0
12,DB00091,DB00947,1,1.0,A,DB00091,pathway,1272,1.0,0.0,0.0
12,DB00091,DB00947,1,1.0,A,DB00091,pathway,1278,1.0,0.0,0.0
12,DB00091,DB00947,1,1.0,A,DB00091,pathway,1291,1.0,0.0,0.0
12,DB00091,DB00947,1,1.0,A,DB00091,pathway,1292,1.0,0.0,0.0
12,DB00091,DB00947,1,1.0,A,DB00091,pathway,1297,1.0,0.0,0.0
12,DB00091,DB00947,1,1.0,A,DB00091,pathway,1298,1.0,0.0,0.0
12,DB00091,DB00947,1,1.0,A,DB00091,pathway,1299,1.0,0.0,0.0
12,DB00091,DB00947,1,1.0,A,DB00091,pathway,1300,1.0,0.0,0.0
12,DB00091,DB00947,1,1.0,A,DB00091,pathway,1301,1.0,0.0,0.0
12,DB00091,DB00947,1,1.0,A,DB00091,pathway,1302,1.0,0.0,0.0
12,DB00091,DB00947,1,1.0,A,DB00091,pathway,1305,1.0,0.0,0.0
12,DB00091,DB00947,1,1.0,A,DB00091,pathway,1312,1.0,0.0,0.0
12,DB00091,DB00947,1,1.0,A,DB00091,pathway,1318,1.0,0.0,0.0
12,DB00091,DB00947,1,1.0,A,DB00091,pathway,1329,1.0,0.0,0.0
12,DB00091,DB00947,1,1.0,A,DB00091,pathway,1333,1.0,0.0,0.0
12,DB00091,DB00947,1,1.0,A,DB00091,pathway,1339,1.0,0.0,0.0
12,DB00091,DB00947,1,1.0,A,DB00091,pathway,1346,1.0,0.0,0.0
12,DB00091,DB00947,1,1.0,A,DB00091,pathway,1347,1.0,0.0,0.0
12,DB00091,DB00947,1,1.0,A,DB00091,pathway,1348,1.0,0.0,0.0
12,DB00091,DB00947,1,1.0,A,DB00091,pathway,1353,1.0,0.0,0.0
12,DB00091,DB00947,1,1.0,A,DB00091,pathway,1356,1.0,0.0,0.0
12,DB00091,DB00947,1,1.0,A,DB00091,pathway,1364,1.0,0.0,0.0
12,DB00091,DB00947,1,1.0,A,DB00091,pathway,1366,1.0,0.0,0.0
12,DB00091,DB00947,1,1.0,A,DB00091,pathway,1370,1.0,0.0,0.0
12,DB00091,DB00947,1,1.0,A,DB00091,pathway,1372,1.0,0.0,0.0
12,DB00091,DB00947,1,1.0,A,DB00091,pathway,1373,1.0,0.0,0.0
12,DB00091,DB00947,1,1.0,A,DB00091,pathway,1382,1.0,0.0,0.0
12,DB00091,DB00947,1,1.0,A,DB00091,pathway,1394,1.0,0.0,0.0
12,DB00091,DB00947,1,1.0,A,DB00091,pathway,1396,1.0,0.0,0.0
12,DB00091,DB00947,1,1.0,A,DB00091,pathway,1397,1.0,0.0,0.0
12,DB00091,DB00947,1,1.0,A,DB00091,pathway,1401,1.0,0.0,0.0
12,DB00091,DB00947,1,1.0,A,DB00091,pathway,1402,1.0,0.0,0.0
12,DB00091,DB00947,1,1.0,A,DB00091,pathway,1405,1.0,0.0,0.0
12,DB00091,DB00947,1,1.0,A,DB00091,pathway,1414,1.0,0.0,0.0
12,DB00091,DB00947,1,1.0,A,DB00091,pathway,1419,1.0,0.0,0.0
12,DB00091,DB00947,1,1.0,A,DB00091,pathway,1422,1.0,0.0,0.0
12,DB00091,DB00947,1,1.0,A,DB00091,pathway,1423,1.0,0.0,0.0
12,DB00091,DB00947,1,1.0,A,DB00091,pathway,1424,1.0,0.0,0.0
12,DB00091,DB00947,1,1.0,A,DB00091,pathway,1428,1.0,0.0,0.0
12,DB00091,DB00947,1,1.0,A,DB00091,pathway,1430,1.0,0.0,0.0
12,DB00091,DB00947,1,1.0,A,DB00091,pathway,1431,1.0,0.0,0.0
12,DB00091,DB00947,1,1.0,A,DB00091,pathway,1432,1.0,0.0,0.0
12,DB00091,DB00947,1,1.0,A,DB00091,pathway,1436,1.0,0.0,0.0
12,DB00091,DB00947,1,1.0,A,DB00091,pathway,1437,1.0,0.0,0.0
12,DB00091,DB00947,1,1.0,A,DB00091,pathway,1440,1.0,0.0,0.0
12,DB00091,DB00947,1,1.0,A,DB00091,pathway,1441,1.0,0.0,0.0
12,DB00091,DB00947,1,1.0,A,DB00091,pathway,1446,1.0,0.0,0.0
12,DB00091,DB00947,1,1.0,A,DB00091,pathway,1448,1.0,0.0,0.0
12,DB00091,DB00947,1,1.0,A,DB00091,pathway,1453,1.0,0.0,0.0
12,DB00091,DB00947,1,1.0,A,DB00091,pathway,1467,1.0,0.0,0.0
12,DB00091,DB00947,1,1.0,A,DB00091,pathway,1468,1.0,0.0,0.0
12,DB00091,DB00947,1,1.0,A,DB00091,pathway,1471,1.0,0.0,0.0
12,DB00091,DB00947,1,1.0,A,DB00091,pathway,1472,1.0,0.0,0.0
12,DB00091,DB00947,1,1.0,A,DB00091,pathway,1473,1.0,0.0,0.0
12,DB00091,DB00947,1,1.0,A,DB00091,pathway,1474,1.0,0.0,0.0
12,DB00091,DB00947,1,1.0,A,DB00091,pathway,1488,1.0,0.0,0.0
12,DB00091,DB00947,1,1.0,A,DB00091,pathway,1489,1.0,0.0,0.0
12,DB00091,DB00947,1,1.0,A,DB00091,pathway,1490,1.0,0.0,0.0
12,DB00091,DB00947,1,1.0,A,DB00091,pathway,1491,1.0,0.0,0.0
12,DB00091,DB00947,1,1.0,A,DB00091,pathway,1492,1.0,0.0,0.0
12,DB00091,DB00947,1,1.0,A,DB00091,pathway,1496,1.0,0.0,0.0
12,DB00091,DB00947,1,1.0,A,DB00091,pathway,1500,1.0,0.0,0.0
12,DB00091,DB00947,1,1.0,A,DB00091,pathway,1502,1.0,0.0,0.0
12,DB00091,DB00947,1,1.0,A,DB00091,pathway,1513,1.0,0.0,0.0
12,DB00091,DB00947,1,1.0,A,DB00091,pathway,1514,1.0,0.0,0.0
12,DB00091,DB00947,1,1.0,A,DB00091,pathway,1518,1.0,0.0,0.0
12,DB00091,DB00947,1,1.0,A,DB00091,pathway,1521,1.0,0.0,0.0
12,DB00091,DB00947,1,1.0,A,DB00091,pathway,1522,1.0,0.0,0.0
12,DB00091,DB00947,1,1.0,A,DB00091,pathway,1524,1.0,0.0,0.0
12,DB00091,DB00947,1,1.0,A,DB00091,pathway,1531,1.0,0.0,0.0
12,DB00091,DB00947,1,1.0,A,DB00091,pathway,1533,1.0,0.0,0.0
12,DB00091,DB00947,1,1.0,A,DB00091,pathway,1534,1.0,0.0,0.0
12,DB00091,DB00947,1,1.0,A,DB00091,pathway,1542,1.0,0.0,0.0
12,DB00091,DB00947,1,1.0,A,DB00091,pathway,1544,1.0,0.0,0.0
12,DB00091,DB00947,1,1.0,A,DB00091,pathway,1547,1.0,0.0,0.0
12,DB00091,DB00947,1,1.0,A,DB00091,pathway,1548,1.0,0.0,0.0
12,DB00091,DB00947,1,1.0,A,DB00091,pathway,1549,1.0,0.0,0.0
12,DB00091,DB00947,1,1.0,A,DB00091,pathway,1557,1.0,0.0,0.0
12,DB00091,DB00947,1,1.0,A,DB00091,pathway,1562,1.0,0.0,0.0
12,DB00091,DB00947,1,1.0,A,DB00091,pathway,1567,1.0,0.0,0.0
12,DB00091,DB00947,1,1.0,A,DB00091,pathway,1568,1.0,0.0,0.0
12,DB00091,DB00947,1,1.0,A,DB00091,pathway,1569,1.0,0.0,0.0
12,DB00091,DB00947,1,1.0,A,DB00091,pathway,1570,1.0,0.0,0.0
12,DB00091,DB00947,1,1.0,A,DB00091,pathway,1571,1.0,0.0,0.0
12,DB00091,DB00947,1,1.0,A,DB00091,pathway,1577,1.0,0.0,0.0
12,DB00091,DB00947,1,1.0,A,DB00091,pathway,1582,1.0,0.0,0.0
12,DB00091,DB00947,1,1.0,A,DB00091,pathway,1584,1.0,0.0,0.0
12,DB00091,DB00947,1,1.0,A,DB00091,pathway,1585,1.0,0.0,0.0
12,DB00091,DB00947,1,1.0,A,DB00091,pathway,1586,1.0,0.0,0.0
12,DB00091,DB00947,1,1.0,A,DB00091,pathway,1587,1.0,0.0,0.0
12,DB00091,DB00947,1,1.0,A,DB00091,pathway,1589,1.0,0.0,0.0
12,DB00091,DB00947,1,1.0,A,DB00091,pathway,1590,1.0,0.0,0.0
12,DB00091,DB00947,1,1.0,A,DB00091,pathway,1591,1.0,0.0,0.0
12,DB00091,DB00947,1,1.0,A,DB00091,pathway,1592,1.0,0.0,0.0
12,DB00091,DB00947,1,1.0,A,DB00091,pathway,1593,1.0,0.0,0.0
12,DB00091,DB00947,1,1.0,A,DB00091,pathway,1594,1.0,0.0,0.0
12,DB00091,DB00947,1,1.0,A,DB00091,pathway,1595,1.0,0.0,0.0
12,DB00091,DB00947,1,1.0,A,DB00091,pathway,1596,1.0,0.0,0.0
12,DB00091,DB00947,1,1.0,A,DB00091,pathway,1597,1.0,0.0,0.0
12,DB00091,DB00947,1,1.0,A,DB00091,pathway,1598,1.0,0.0,0.0
12,DB00091,DB00947,1,1.0,A,DB00091,pathway,1599,1.0,0.0,0.0
12,DB00091,DB00947,1,1.0,A,DB00091,pathway,1613,1.0,0.0,0.0
12,DB00091,DB00947,1,1.0,A,DB00091,pathway,1635,1.0,0.0,0.0
12,DB00091,DB00947,1,1.0,A,DB00091,pathway,1637,1.0,0.0,0.0
12,DB00091,DB00947,1,1.0,A,DB00091,pathway,1640,1.0,0.0,0.0
12,DB00091,DB00947,1,1.0,A,DB00091,pathway,1652,1.0,0.0,0.0
12,DB00091,DB00947,1,1.0,A,DB00091,pathway,1665,1.0,0.0,0.0
12,DB00091,DB00947,1,1.0,A,DB00091,pathway,1685,1.0,0.0,0.0
12,DB00091,DB00947,1,1.0,A,DB00091,pathway,1686,1.0,0.0,0.0
12,DB00091,DB00947,1,1.0,A,DB00091,pathway,1687,1.0,0.0,0.0
12,DB00091,DB00947,1,1.0,A,DB00091,pathway,1688,1.0,0.0,0.0
12,DB00091,DB00947,1,1.0,A,DB00091,pathway,1692,1.0,0.0,0.0
12,DB00091,DB00947,1,1.0,A,DB00091,pathway,1694,1.0,0.0,0.0
12,DB00091,DB00947,1,1.0,A,DB00091,pathway,1695,1.0,0.0,0.0
12,DB00091,DB00947,1,1.0,A,DB00091,pathway,1696,1.0,0.0,0.0
12,DB00091,DB00947,1,1.0,A,DB00091,pathway,1700,1.0,0.0,0.0
12,DB00091,DB00947,1,1.0,A,DB00091,pathway,1701,1.0,0.0,0.0
12,DB00091,DB00947,1,1.0,A,DB00091,pathway,1713,1.0,0.0,0.0
12,DB00091,DB00947,1,1.0,A,DB00091,pathway,1714,1.0,0.0,0.0
12,DB00091,DB00947,1,1.0,A,DB00091,pathway,1719,1.0,0.0,0.0
12,DB00091,DB00947,1,1.0,A,DB00091,pathway,1721,1.0,0.0,0.0
12,DB00091,DB00947,1,1.0,A,DB00091,pathway,1730,1.0,0.0,0.0
12,DB00091,DB00947,1,1.0,A,DB00091,pathway,1737,1.0,0.0,0.0
12,DB00091,DB00947,1,1.0,A,DB00091,pathway,1743,1.0,0.0,0.0
12,DB00091,DB00947,1,1.0,A,DB00091,pathway,1744,1.0,0.0,0.0
12,DB00091,DB00947,1,1.0,A,DB00091,pathway,1746,1.0,0.0,0.0
12,DB00091,DB00947,1,1.0,A,DB00091,pathway,1751,1.0,0.0,0.0
12,DB00091,DB00947,1,1.0,A,DB00091,pathway,1755,1.0,0.0,0.0
12,DB00091,DB00947,1,1.0,A,DB00091,pathway,1758,1.0,0.0,0.0
12,DB00091,DB00947,1,1.0,A,DB00091,pathway,1765,1.0,0.0,0.0
12,DB00091,DB00947,1,1.0,A,DB00091,pathway,1770,1.0,0.0,0.0
12,DB00091,DB00947,1,1.0,A,DB00091,pathway,1774,1.0,0.0,0.0
12,DB00091,DB00947,1,1.0,A,DB00091,pathway,1776,1.0,0.0,0.0
12,DB00091,DB00947,1,1.0,A,DB00091,pathway,1779,1.0,0.0,0.0
12,DB00091,DB00947,1,1.0,A,DB00091,pathway,1783,1.0,0.0,0.0
12,DB00091,DB00947,1,1.0,A,DB00091,pathway,1784,1.0,0.0,0.0
12,DB00091,DB00947,1,1.0,A,DB00091,pathway,1788,1.0,0.0,0.0
12,DB00091,DB00947,1,1.0,A,DB00091,pathway,1790,1.0,0.0,0.0
12,DB00091,DB00947,1,1.0,A,DB00091,pathway,1791,1.0,0.0,0.0
12,DB00091,DB00947,1,1.0,A,DB00091,pathway,1793,1.0,0.0,0.0
12,DB00091,DB00947,1,1.0,A,DB00091,pathway,1794,1.0,0.0,0.0
12,DB00091,DB00947,1,1.0,A,DB00091,pathway,1795,1.0,0.0,0.0
12,DB00091,DB00947,1,1.0,A,DB00091,pathway,1796,1.0,0.0,0.0
12,DB00091,DB00947,1,1.0,A,DB00091,pathway,1797,1.0,0.0,0.0
12,DB00091,DB00947,1,1.0,A,DB00091,pathway,1798,1.0,0.0,0.0
12,DB00091,DB00947,1,1.0,A,DB00091,pathway,1799,1.0,0.0,0.0
12,DB00091,DB00947,1,1.0,A,DB00091,pathway,1801,1.0,0.0,0.0
12,DB00091,DB00947,1,1.0,A,DB00091,pathway,1805,1.0,0.0,0.0
12,DB00091,DB00947,1,1.0,A,DB00091,pathway,1812,1.0,0.0,0.0
12,DB00091,DB00947,1,1.0,A,DB00091,pathway,1818,1.0,0.0,0.0
12,DB00091,DB00947,1,1.0,A,DB00091,pathway,1827,1.0,0.0,0.0
12,DB00091,DB00947,1,1.0,A,DB00091,pathway,1831,1.0,0.0,0.0
12,DB00091,DB00947,1,1.0,A,DB00091,pathway,1837,1.0,0.0,0.0
12,DB00091,DB00947,1,1.0,A,DB00091,pathway,1842,1.0,0.0,0.0
12,DB00091,DB00947,1,1.0,A,DB00091,pathway,1846,1.0,0.0,0.0
12,DB00091,DB00947,1,1.0,A,DB00091,pathway,1848,1.0,0.0,0.0
12,DB00091,DB00947,1,1.0,A,DB00091,pathway,1849,1.0,0.0,0.0
12,DB00091,DB00947,1,1.0,A,DB00091,pathway,1850,1.0,0.0,0.0
12,DB00091,DB00947,1,1.0,A,DB00091,pathway,1853,1.0,0.0,0.0
12,DB00091,DB00947,1,1.0,A,DB00091,pathway,1854,1.0,0.0,0.0
12,DB00091,DB00947,1,1.0,A,DB00091,pathway,1865,1.0,0.0,0.0
12,DB00091,DB00947,1,1.0,A,DB00091,pathway,1867,1.0,0.0,0.0
12,DB00091,DB00947,1,1.0,A,DB00091,pathway,1877,1.0,0.0,0.0
12,DB00091,DB00947,1,1.0,A,DB00091,pathway,1879,1.0,0.0,0.0
12,DB00091,DB00947,1,1.0,A,DB00091,pathway,1880,1.0,0.0,0.0
12,DB00091,DB00947,1,1.0,A,DB00091,pathway,1886,1.0,0.0,0.0
12,DB00091,DB00947,1,1.0,A,DB00091,pathway,1892,1.0,0.0,0.0
12,DB00091,DB00947,1,1.0,A,DB00091,pathway,1893,1.0,0.0,0.0
12,DB00091,DB00947,1,1.0,A,DB00091,pathway,1896,1.0,0.0,0.0
12,DB00091,DB00947,1,1.0,A,DB00091,pathway,1898,1.0,0.0,0.0
12,DB00091,DB00947,1,1.0,A,DB00091,pathway,1903,1.0,0.0,0.0
12,DB00091,DB00947,1,1.0,A,DB00091,pathway,1904,1.0,0.0,0.0
12,DB00091,DB00947,1,1.0,A,DB00091,pathway,1905,1.0,0.0,0.0
12,DB00091,DB00947,1,1.0,A,DB00091,pathway,1912,1.0,0.0,0.0
12,DB00091,DB00947,1,1.0,A,DB00091,pathway,1913,1.0,0.0,0.0
12,DB00091,DB00947,1,1.0,A,DB00091,pathway,1921,1.0,0.0,0.0
12,DB00091,DB00947,1,1.0,A,DB00091,pathway,1925,1.0,0.0,0.0
12,DB00091,DB00947,1,1.0,A,DB00091,pathway,1926,1.0,0.0,0.0
12,DB00091,DB00947,1,1.0,A,DB00091,pathway,1932,1.0,0.0,0.0
12,DB00091,DB00947,1,1.0,A,DB00091,pathway,1933,1.0,0.0,0.0
12,DB00091,DB00947,1,1.0,A,DB00091,pathway,1935,1.0,0.0,0.0
12,DB00091,DB00947,1,1.0,A,DB00091,pathway,1937,1.0,0.0,0.0
12,DB00091,DB00947,1,1.0,A,DB00091,pathway,1938,1.0,0.0,0.0
12,DB00091,DB00947,1,1.0,A,DB00091,pathway,1952,1.0,0.0,0.0
12,DB00091,DB00947,1,1.0,A,DB00091,pathway,1956,1.0,0.0,0.0
12,DB00091,DB00947,1,1.0,A,DB00091,pathway,1957,1.0,0.0,0.0
12,DB00091,DB00947,1,1.0,A,DB00091,pathway,1958,1.0,0.0,0.0
12,DB00091,DB00947,1,1.0,A,DB00091,pathway,1959,1.0,0.0,0.0
12,DB00091,DB00947,1,1.0,A,DB00091,pathway,1965,1.0,0.0,0.0
12,DB00091,DB00947,1,1.0,B,DB00947,pathway,79,1.0,0.0,0.0
12,DB00091,DB00947,1,1.0,B,DB00947,pathway,81,1.0,0.0,0.0
12,DB00091,DB00947,1,1.0,B,DB00947,pathway,91,1.0,0.0,0.0
12,DB00091,DB00947,1,1.0,B,DB00947,pathway,146,1.0,0.0,0.0
12,DB00091,DB00947,1,1.0,B,DB00947,pathway,159,1.0,0.0,0.0
12,DB00091,DB00947,1,1.0,B,DB00947,pathway,209,1.0,0.0,0.0
12,DB00091,DB00947,1,1.0,B,DB00947,pathway,315,1.0,0.0,0.0
12,DB00091,DB00947,1,1.0,B,DB00947,pathway,329,1.0,0.0,0.0
12,DB00091,DB00947,1,1.0,B,DB00947,pathway,333,1.0,0.0,0.0
12,DB00091,DB00947,1,1.0,B,DB00947,pathway,339,1.0,0.0,0.0
12,DB00091,DB00947,1,1.0,B,DB00947,pathway,340,1.0,0.0,0.0
12,DB00091,DB00947,1,1.0,B,DB00947,pathway,346,1.0,0.0,0.0
12,DB00091,DB00947,1,1.0,B,DB00947,pathway,374,1.0,0.0,0.0
12,DB00091,DB00947,1,1.0,B,DB00947,pathway,427,1.0,0.0,0.0
12,DB00091,DB00947,1,1.0,B,DB00947,pathway,439,1.0,0.0,0.0
12,DB00091,DB00947,1,1.0,B,DB00947,pathway,442,1.0,0.0,0.0
12,DB00091,DB00947,1,1.0,B,DB00947,pathway,444,1.0,0.0,0.0
12,DB00091,DB00947,1,1.0,B,DB00947,pathway,447,1.0,0.0,0.0
12,DB00091,DB00947,1,1.0,B,DB00947,pathway,455,1.0,0.0,0.0
12,DB00091,DB00947,1,1.0,B,DB00947,pathway,466,1.0,0.0,0.0
12,DB00091,DB00947,1,1.0,B,DB00947,pathway,488,1.0,0.0,0.0
12,DB00091,DB00947,1,1.0,B,DB00947,pathway,513,1.0,0.0,0.0
12,DB00091,DB00947,1,1.0,B,DB00947,pathway,521,1.0,0.0,0.0
12,DB00091,DB00947,1,1.0,B,DB00947,pathway,536,1.0,0.0,0.0
12,DB00091,DB00947,1,1.0,B,DB00947,pathway,557,1.0,0.0,0.0
12,DB00091,DB00947,1,1.0,B,DB00947,pathway,559,1.0,0.0,0.0
12,DB00091,DB00947,1,1.0,B,DB00947,pathway,588,1.0,0.0,0.0
12,DB00091,DB00947,1,1.0,B,DB00947,pathway,589,1.0,0.0,0.0
12,DB00091,DB00947,1,1.0,B,DB00947,pathway,594,1.0,0.0,0.0
12,DB00091,DB00947,1,1.0,B,DB00947,pathway,651,1.0,0.0,0.0
12,DB00091,DB00947,1,1.0,B,DB00947,pathway,703,1.0,0.0,0.0
12,DB00091,DB00947,1,1.0,B,DB00947,pathway,744,1.0,0.0,0.0
12,DB00091,DB00947,1,1.0,B,DB00947,pathway,840,1.0,0.0,0.0
12,DB00091,DB00947,1,1.0,B,DB00947,pathway,870,1.0,0.0,0.0
12,DB00091,DB00947,1,1.0,B,DB00947,pathway,877,1.0,0.0,0.0
12,DB00091,DB00947,1,1.0,B,DB00947,pathway,890,1.0,0.0,0.0
12,DB00091,DB00947,1,1.0,B,DB00947,pathway,908,1.0,0.0,0.0
12,DB00091,DB00947,1,1.0,B,DB00947,pathway,965,1.0,0.0,0.0
12,DB00091,DB00947,1,1.0,B,DB00947,pathway,1073,1.0,0.0,0.0
12,DB00091,DB00947,1,1.0,B,DB00947,pathway,1074,1.0,0.0,0.0
12,DB00091,DB00947,1,1.0,B,DB00947,pathway,1082,1.0,0.0,0.0
12,DB00091,DB00947,1,1.0,B,DB00947,pathway,1116,1.0,0.0,0.0
12,DB00091,DB00947,1,1.0,B,DB00947,pathway,1138,1.0,0.0,0.0
12,DB00091,DB00947,1,1.0,B,DB00947,pathway,1143,1.0,0.0,0.0
12,DB00091,DB00947,1,1.0,B,DB00947,pathway,1144,1.0,0.0,0.0
12,DB00091,DB00947,1,1.0,B,DB00947,pathway,1154,1.0,0.0,0.0
12,DB00091,DB00947,1,1.0,B,DB00947,pathway,1191,1.0,0.0,0.0
12,DB00091,DB00947,1,1.0,B,DB00947,pathway,1218,1.0,0.0,0.0
12,DB00091,DB00947,1,1.0,B,DB00947,pathway,1292,1.0,0.0,0.0
12,DB00091,DB00947,1,1.0,B,DB00947,pathway,1312,1.0,0.0,0.0
12,DB00091,DB00947,1,1.0,B,DB00947,pathway,1329,1.0,0.0,0.0
12,DB00091,DB00947,1,1.0,B,DB00947,pathway,1333,1.0,0.0,0.0
12,DB00091,DB00947,1,1.0,B,DB00947,pathway,1339,1.0,0.0,0.0
12,DB00091,DB00947,1,1.0,B,DB00947,pathway,1346,1.0,0.0,0.0
12,DB00091,DB00947,1,1.0,B,DB00947,pathway,1347,1.0,0.0,0.0
12,DB00091,DB00947,1,1.0,B,DB00947,pathway,1348,1.0,0.0,0.0
12,DB00091,DB00947,1,1.0,B,DB00947,pathway,1353,1.0,0.0,0.0
12,DB00091,DB00947,1,1.0,B,DB00947,pathway,1366,1.0,0.0,0.0
12,DB00091,DB00947,1,1.0,B,DB00947,pathway,1370,1.0,0.0,0.0
12,DB00091,DB00947,1,1.0,B,DB00947,pathway,1372,1.0,0.0,0.0
12,DB00091,DB00947,1,1.0,B,DB00947,pathway,1402,1.0,0.0,0.0
12,DB00091,DB00947,1,1.0,B,DB00947,pathway,1423,1.0,0.0,0.0
12,DB00091,DB00947,1,1.0,B,DB00947,pathway,1424,1.0,0.0,0.0
12,DB00091,DB00947,1,1.0,B,DB00947,pathway,1428,1.0,0.0,0.0
12,DB00091,DB00947,1,1.0,B,DB00947,pathway,1433,1.0,0.0,0.0
12,DB00091,DB00947,1,1.0,B,DB00947,pathway,1467,1.0,0.0,0.0
12,DB00091,DB00947,1,1.0,B,DB00947,pathway,1479,1.0,0.0,0.0
12,DB00091,DB00947,1,1.0,B,DB00947,pathway,1488,1.0,0.0,0.0
12,DB00091,DB00947,1,1.0,B,DB00947,pathway,1518,1.0,0.0,0.0
12,DB00091,DB00947,1,1.0,B,DB00947,pathway,1522,1.0,0.0,0.0
12,DB00091,DB00947,1,1.0,B,DB00947,pathway,1562,1.0,0.0,0.0
12,DB00091,DB00947,1,1.0,B,DB00947,pathway,1637,1.0,0.0,0.0
12,DB00091,DB00947,1,1.0,B,DB00947,pathway,1695,1.0,0.0,0.0
12,DB00091,DB00947,1,1.0,B,DB00947,pathway,1696,1.0,0.0,0.0
12,DB00091,DB00947,1,1.0,B,DB00947,pathway,1721,1.0,0.0,0.0
12,DB00091,DB00947,1,1.0,B,DB00947,pathway,1730,1.0,0.0,0.0
12,DB00091,DB00947,1,1.0,B,DB00947,pathway,1737,1.0,0.0,0.0
12,DB00091,DB00947,1,1.0,B,DB00947,pathway,1744,1.0,0.0,0.0
12,DB00091,DB00947,1,1.0,B,DB00947,pathway,1746,1.0,0.0,0.0
12,DB00091,DB00947,1,1.0,B,DB00947,pathway,1751,1.0,0.0,0.0
12,DB00091,DB00947,1,1.0,B,DB00947,pathway,1758,1.0,0.0,0.0
12,DB00091,DB00947,1,1.0,B,DB00947,pathway,1765,1.0,0.0,0.0
12,DB00091,DB00947,1,1.0,B,DB00947,pathway,1784,1.0,0.0,0.0
12,DB00091,DB00947,1,1.0,B,DB00947,pathway,1790,1.0,0.0,0.0
12,DB00091,DB00947,1,1.0,B,DB00947,pathway,1793,1.0,0.0,0.0
12,DB00091,DB00947,1,1.0,B,DB00947,pathway,1794,1.0,0.0,0.0
12,DB00091,DB00947,1,1.0,B,DB00947,pathway,1795,1.0,0.0,0.0
12,DB00091,DB00947,1,1.0,B,DB00947,pathway,1796,1.0,0.0,0.0
12,DB00091,DB00947,1,1.0,B,DB00947,pathway,1797,1.0,0.0,0.0
12,DB00091,DB00947,1,1.0,B,DB00947,pathway,1798,1.0,0.0,0.0
12,DB00091,DB00947,1,1.0,B,DB00947,pathway,1799,1.0,0.0,0.0
12,DB00091,DB00947,1,1.0,B,DB00947,pathway,1801,1.0,0.0,0.0
12,DB00091,DB00947,1,1.0,B,DB00947,pathway,1846,1.0,0.0,0.0
12,DB00091,DB00947,1,1.0,B,DB00947,pathway,1848,1.0,0.0,0.0
12,DB00091,DB00947,1,1.0,B,DB00947,pathway,1853,1.0,0.0,0.0
12,DB00091,DB00947,1,1.0,B,DB00947,pathway,1879,1.0,0.0,0.0
12,DB00091,DB00947,1,1.0,B,DB00947,pathway,1903,1.0,0.0,0.0
12,DB00091,DB00947,1,1.0,B,DB00947,pathway,1904,1.0,0.0,0.0
12,DB00091,DB00947,1,1.0,B,DB00947,pathway,1937,1.0,0.0,0.0
12,DB00091,DB00947,1,1.0,B,DB00947,pathway,1961,1.0,0.0,0.0
12,DB00091,DB00947,1,1.0,B,DB00947,pathway,1965,1.0,0.0,0.0
13,DB00091,DB00956,1,1.0,A,DB00091,pathway,0,1.0,0.0,0.0
13,DB00091,DB00956,1,1.0,A,DB00091,pathway,2,1.0,0.0,0.0
13,DB00091,DB00956,1,1.0,A,DB00091,pathway,4,1.0,0.0,0.0
13,DB00091,DB00956,1,1.0,A,DB00091,pathway,10,1.0,0.0,0.0
13,DB00091,DB00956,1,1.0,A,DB00091,pathway,11,1.0,0.0,0.0
13,DB00091,DB00956,1,1.0,A,DB00091,pathway,12,1.0,0.0,0.0
13,DB00091,DB00956,1,1.0,A,DB00091,pathway,13,1.0,0.0,0.0
13,DB00091,DB00956,1,1.0,A,DB00091,pathway,15,1.0,0.0,0.0
13,DB00091,DB00956,1,1.0,A,DB00091,pathway,26,1.0,0.0,0.0
13,DB00091,DB00956,1,1.0,A,DB00091,pathway,29,1.0,0.0,0.0
13,DB00091,DB00956,1,1.0,A,DB00091,pathway,31,1.0,0.0,0.0
13,DB00091,DB00956,1,1.0,A,DB00091,pathway,39,1.0,0.0,0.0
13,DB00091,DB00956,1,1.0,A,DB00091,pathway,43,1.0,0.0,0.0
13,DB00091,DB00956,1,1.0,A,DB00091,pathway,44,1.0,0.0,0.0
13,DB00091,DB00956,1,1.0,A,DB00091,pathway,51,1.0,0.0,0.0
13,DB00091,DB00956,1,1.0,A,DB00091,pathway,52,1.0,0.0,0.0
13,DB00091,DB00956,1,1.0,A,DB00091,pathway,53,1.0,0.0,0.0
13,DB00091,DB00956,1,1.0,A,DB00091,pathway,55,1.0,0.0,0.0
13,DB00091,DB00956,1,1.0,A,DB00091,pathway,57,1.0,0.0,0.0
13,DB00091,DB00956,1,1.0,A,DB00091,pathway,62,1.0,0.0,0.0
13,DB00091,DB00956,1,1.0,A,DB00091,pathway,66,1.0,0.0,0.0
13,DB00091,DB00956,1,1.0,A,DB00091,pathway,67,1.0,0.0,0.0
13,DB00091,DB00956,1,1.0,A,DB00091,pathway,72,1.0,0.0,0.0
13,DB00091,DB00956,1,1.0,A,DB00091,pathway,74,1.0,0.0,0.0
13,DB00091,DB00956,1,1.0,A,DB00091,pathway,75,1.0,0.0,0.0
13,DB00091,DB00956,1,1.0,A,DB00091,pathway,78,1.0,0.0,0.0
13,DB00091,DB00956,1,1.0,A,DB00091,pathway,79,1.0,0.0,0.0
13,DB00091,DB00956,1,1.0,A,DB00091,pathway,81,1.0,0.0,0.0
13,DB00091,DB00956,1,1.0,A,DB00091,pathway,82,1.0,0.0,0.0
13,DB00091,DB00956,1,1.0,A,DB00091,pathway,84,1.0,0.0,0.0
13,DB00091,DB00956,1,1.0,A,DB00091,pathway,91,1.0,0.0,0.0
13,DB00091,DB00956,1,1.0,A,DB00091,pathway,98,1.0,0.0,0.0
13,DB00091,DB00956,1,1.0,A,DB00091,pathway,100,1.0,0.0,0.0
13,DB00091,DB00956,1,1.0,A,DB00091,pathway,104,1.0,0.0,0.0
13,DB00091,DB00956,1,1.0,A,DB00091,pathway,110,1.0,0.0,0.0
13,DB00091,DB00956,1,1.0,A,DB00091,pathway,113,1.0,0.0,0.0
13,DB00091,DB00956,1,1.0,A,DB00091,pathway,116,1.0,0.0,0.0
13,DB00091,DB00956,1,1.0,A,DB00091,pathway,117,1.0,0.0,0.0
13,DB00091,DB00956,1,1.0,A,DB00091,pathway,119,1.0,0.0,0.0
13,DB00091,DB00956,1,1.0,A,DB00091,pathway,121,1.0,0.0,0.0
13,DB00091,DB00956,1,1.0,A,DB00091,pathway,123,1.0,0.0,0.0
13,DB00091,DB00956,1,1.0,A,DB00091,pathway,124,1.0,0.0,0.0
13,DB00091,DB00956,1,1.0,A,DB00091,pathway,136,1.0,0.0,0.0
13,DB00091,DB00956,1,1.0,A,DB00091,pathway,141,1.0,0.0,0.0
13,DB00091,DB00956,1,1.0,A,DB00091,pathway,143,1.0,0.0,0.0
13,DB00091,DB00956,1,1.0,A,DB00091,pathway,158,1.0,0.0,0.0
13,DB00091,DB00956,1,1.0,A,DB00091,pathway,159,1.0,0.0,0.0
13,DB00091,DB00956,1,1.0,A,DB00091,pathway,168,1.0,0.0,0.0
13,DB00091,DB00956,1,1.0,A,DB00091,pathway,169,1.0,0.0,0.0
13,DB00091,DB00956,1,1.0,A,DB00091,pathway,170,1.0,0.0,0.0
13,DB00091,DB00956,1,1.0,A,DB00091,pathway,171,1.0,0.0,0.0
13,DB00091,DB00956,1,1.0,A,DB00091,pathway,172,1.0,0.0,0.0
13,DB00091,DB00956,1,1.0,A,DB00091,pathway,176,1.0,0.0,0.0
13,DB00091,DB00956,1,1.0,A,DB00091,pathway,187,1.0,0.0,0.0
13,DB00091,DB00956,1,1.0,A,DB00091,pathway,188,1.0,0.0,0.0
13,DB00091,DB00956,1,1.0,A,DB00091,pathway,191,1.0,0.0,0.0
13,DB00091,DB00956,1,1.0,A,DB00091,pathway,193,1.0,0.0,0.0
13,DB00091,DB00956,1,1.0,A,DB00091,pathway,195,1.0,0.0,0.0
13,DB00091,DB00956,1,1.0,A,DB00091,pathway,205,1.0,0.0,0.0
13,DB00091,DB00956,1,1.0,A,DB00091,pathway,208,1.0,0.0,0.0
13,DB00091,DB00956,1,1.0,A,DB00091,pathway,209,1.0,0.0,0.0
13,DB00091,DB00956,1,1.0,A,DB00091,pathway,227,1.0,0.0,0.0
13,DB00091,DB00956,1,1.0,A,DB00091,pathway,237,1.0,0.0,0.0
13,DB00091,DB00956,1,1.0,A,DB00091,pathway,245,1.0,0.0,0.0
13,DB00091,DB00956,1,1.0,A,DB00091,pathway,247,1.0,0.0,0.0
13,DB00091,DB00956,1,1.0,A,DB00091,pathway,250,1.0,0.0,0.0
13,DB00091,DB00956,1,1.0,A,DB00091,pathway,263,1.0,0.0,0.0
13,DB00091,DB00956,1,1.0,A,DB00091,pathway,269,1.0,0.0,0.0
13,DB00091,DB00956,1,1.0,A,DB00091,pathway,281,1.0,0.0,0.0
13,DB00091,DB00956,1,1.0,A,DB00091,pathway,283,1.0,0.0,0.0
13,DB00091,DB00956,1,1.0,A,DB00091,pathway,285,1.0,0.0,0.0
13,DB00091,DB00956,1,1.0,A,DB00091,pathway,286,1.0,0.0,0.0
13,DB00091,DB00956,1,1.0,A,DB00091,pathway,287,1.0,0.0,0.0
13,DB00091,DB00956,1,1.0,A,DB00091,pathway,290,1.0,0.0,0.0
13,DB00091,DB00956,1,1.0,A,DB00091,pathway,296,1.0,0.0,0.0
13,DB00091,DB00956,1,1.0,A,DB00091,pathway,297,1.0,0.0,0.0
13,DB00091,DB00956,1,1.0,A,DB00091,pathway,308,1.0,0.0,0.0
13,DB00091,DB00956,1,1.0,A,DB00091,pathway,314,1.0,0.0,0.0
13,DB00091,DB00956,1,1.0,A,DB00091,pathway,315,1.0,0.0,0.0
13,DB00091,DB00956,1,1.0,A,DB00091,pathway,329,1.0,0.0,0.0
13,DB00091,DB00956,1,1.0,A,DB00091,pathway,332,1.0,0.0,0.0
13,DB00091,DB00956,1,1.0,A,DB00091,pathway,333,1.0,0.0,0.0
13,DB00091,DB00956,1,1.0,A,DB00091,pathway,340,1.0,0.0,0.0
13,DB00091,DB00956,1,1.0,A,DB00091,pathway,346,1.0,0.0,0.0
13,DB00091,DB00956,1,1.0,A,DB00091,pathway,350,1.0,0.0,0.0
13,DB00091,DB00956,1,1.0,A,DB00091,pathway,353,1.0,0.0,0.0
13,DB00091,DB00956,1,1.0,A,DB00091,pathway,358,1.0,0.0,0.0
13,DB00091,DB00956,1,1.0,A,DB00091,pathway,359,1.0,0.0,0.0
13,DB00091,DB00956,1,1.0,A,DB00091,pathway,362,1.0,0.0,0.0
13,DB00091,DB00956,1,1.0,A,DB00091,pathway,371,1.0,0.0,0.0
13,DB00091,DB00956,1,1.0,A,DB00091,pathway,374,1.0,0.0,0.0
13,DB00091,DB00956,1,1.0,A,DB00091,pathway,379,1.0,0.0,0.0
13,DB00091,DB00956,1,1.0,A,DB00091,pathway,385,1.0,0.0,0.0
13,DB00091,DB00956,1,1.0,A,DB00091,pathway,386,1.0,0.0,0.0
13,DB00091,DB00956,1,1.0,A,DB00091,pathway,387,1.0,0.0,0.0
13,DB00091,DB00956,1,1.0,A,DB00091,pathway,393,1.0,0.0,0.0
13,DB00091,DB00956,1,1.0,A,DB00091,pathway,394,1.0,0.0,0.0
13,DB00091,DB00956,1,1.0,A,DB00091,pathway,395,1.0,0.0,0.0
13,DB00091,DB00956,1,1.0,A,DB00091,pathway,396,1.0,0.0,0.0
13,DB00091,DB00956,1,1.0,A,DB00091,pathway,397,1.0,0.0,0.0
13,DB00091,DB00956,1,1.0,A,DB00091,pathway,398,1.0,0.0,0.0
13,DB00091,DB00956,1,1.0,A,DB00091,pathway,399,1.0,0.0,0.0
13,DB00091,DB00956,1,1.0,A,DB00091,pathway,401,1.0,0.0,0.0
13,DB00091,DB00956,1,1.0,A,DB00091,pathway,402,1.0,0.0,0.0
13,DB00091,DB00956,1,1.0,A,DB00091,pathway,427,1.0,0.0,0.0
13,DB00091,DB00956,1,1.0,A,DB00091,pathway,429,1.0,0.0,0.0
13,DB00091,DB00956,1,1.0,A,DB00091,pathway,430,1.0,0.0,0.0
13,DB00091,DB00956,1,1.0,A,DB00091,pathway,438,1.0,0.0,0.0
13,DB00091,DB00956,1,1.0,A,DB00091,pathway,439,1.0,0.0,0.0
13,DB00091,DB00956,1,1.0,A,DB00091,pathway,440,1.0,0.0,0.0
13,DB00091,DB00956,1,1.0,A,DB00091,pathway,441,1.0,0.0,0.0
13,DB00091,DB00956,1,1.0,A,DB00091,pathway,442,1.0,0.0,0.0
13,DB00091,DB00956,1,1.0,A,DB00091,pathway,443,1.0,0.0,0.0
13,DB00091,DB00956,1,1.0,A,DB00091,pathway,444,1.0,0.0,0.0
13,DB00091,DB00956,1,1.0,A,DB00091,pathway,446,1.0,0.0,0.0
13,DB00091,DB00956,1,1.0,A,DB00091,pathway,447,1.0,0.0,0.0
13,DB00091,DB00956,1,1.0,A,DB00091,pathway,452,1.0,0.0,0.0
13,DB00091,DB00956,1,1.0,A,DB00091,pathway,455,1.0,0.0,0.0
13,DB00091,DB00956,1,1.0,A,DB00091,pathway,457,1.0,0.0,0.0
13,DB00091,DB00956,1,1.0,A,DB00091,pathway,462,1.0,0.0,0.0
13,DB00091,DB00956,1,1.0,A,DB00091,pathway,464,1.0,0.0,0.0
13,DB00091,DB00956,1,1.0,A,DB00091,pathway,466,1.0,0.0,0.0
13,DB00091,DB00956,1,1.0,A,DB00091,pathway,467,1.0,0.0,0.0
13,DB00091,DB00956,1,1.0,A,DB00091,pathway,471,1.0,0.0,0.0
13,DB00091,DB00956,1,1.0,A,DB00091,pathway,473,1.0,0.0,0.0
13,DB00091,DB00956,1,1.0,A,DB00091,pathway,478,1.0,0.0,0.0
13,DB00091,DB00956,1,1.0,A,DB00091,pathway,479,1.0,0.0,0.0
13,DB00091,DB00956,1,1.0,A,DB00091,pathway,480,1.0,0.0,0.0
13,DB00091,DB00956,1,1.0,A,DB00091,pathway,481,1.0,0.0,0.0
13,DB00091,DB00956,1,1.0,A,DB00091,pathway,482,1.0,0.0,0.0
13,DB00091,DB00956,1,1.0,A,DB00091,pathway,488,1.0,0.0,0.0
13,DB00091,DB00956,1,1.0,A,DB00091,pathway,498,1.0,0.0,0.0
13,DB00091,DB00956,1,1.0,A,DB00091,pathway,499,1.0,0.0,0.0
13,DB00091,DB00956,1,1.0,A,DB00091,pathway,511,1.0,0.0,0.0
13,DB00091,DB00956,1,1.0,A,DB00091,pathway,512,1.0,0.0,0.0
13,DB00091,DB00956,1,1.0,A,DB00091,pathway,513,1.0,0.0,0.0
13,DB00091,DB00956,1,1.0,A,DB00091,pathway,515,1.0,0.0,0.0
13,DB00091,DB00956,1,1.0,A,DB00091,pathway,521,1.0,0.0,0.0
13,DB00091,DB00956,1,1.0,A,DB00091,pathway,524,1.0,0.0,0.0
13,DB00091,DB00956,1,1.0,A,DB00091,pathway,527,1.0,0.0,0.0
13,DB00091,DB00956,1,1.0,A,DB00091,pathway,528,1.0,0.0,0.0
13,DB00091,DB00956,1,1.0,A,DB00091,pathway,530,1.0,0.0,0.0
13,DB00091,DB00956,1,1.0,A,DB00091,pathway,531,1.0,0.0,0.0
13,DB00091,DB00956,1,1.0,A,DB00091,pathway,532,1.0,0.0,0.0
13,DB00091,DB00956,1,1.0,A,DB00091,pathway,536,1.0,0.0,0.0
13,DB00091,DB00956,1,1.0,A,DB00091,pathway,542,1.0,0.0,0.0
13,DB00091,DB00956,1,1.0,A,DB00091,pathway,544,1.0,0.0,0.0
13,DB00091,DB00956,1,1.0,A,DB00091,pathway,552,1.0,0.0,0.0
13,DB00091,DB00956,1,1.0,A,DB00091,pathway,557,1.0,0.0,0.0
13,DB00091,DB00956,1,1.0,A,DB00091,pathway,559,1.0,0.0,0.0
13,DB00091,DB00956,1,1.0,A,DB00091,pathway,587,1.0,0.0,0.0
13,DB00091,DB00956,1,1.0,A,DB00091,pathway,588,1.0,0.0,0.0
13,DB00091,DB00956,1,1.0,A,DB00091,pathway,589,1.0,0.0,0.0
13,DB00091,DB00956,1,1.0,A,DB00091,pathway,590,1.0,0.0,0.0
13,DB00091,DB00956,1,1.0,A,DB00091,pathway,591,1.0,0.0,0.0
13,DB00091,DB00956,1,1.0,A,DB00091,pathway,594,1.0,0.0,0.0
13,DB00091,DB00956,1,1.0,A,DB00091,pathway,602,1.0,0.0,0.0
13,DB00091,DB00956,1,1.0,A,DB00091,pathway,612,1.0,0.0,0.0
13,DB00091,DB00956,1,1.0,A,DB00091,pathway,614,1.0,0.0,0.0
13,DB00091,DB00956,1,1.0,A,DB00091,pathway,617,1.0,0.0,0.0
13,DB00091,DB00956,1,1.0,A,DB00091,pathway,619,1.0,0.0,0.0
13,DB00091,DB00956,1,1.0,A,DB00091,pathway,620,1.0,0.0,0.0
13,DB00091,DB00956,1,1.0,A,DB00091,pathway,625,1.0,0.0,0.0
13,DB00091,DB00956,1,1.0,A,DB00091,pathway,626,1.0,0.0,0.0
13,DB00091,DB00956,1,1.0,A,DB00091,pathway,627,1.0,0.0,0.0
13,DB00091,DB00956,1,1.0,A,DB00091,pathway,630,1.0,0.0,0.0
13,DB00091,DB00956,1,1.0,A,DB00091,pathway,631,1.0,0.0,0.0
13,DB00091,DB00956,1,1.0,A,DB00091,pathway,636,1.0,0.0,0.0
13,DB00091,DB00956,1,1.0,A,DB00091,pathway,637,1.0,0.0,0.0
13,DB00091,DB00956,1,1.0,A,DB00091,pathway,638,1.0,0.0,0.0
13,DB00091,DB00956,1,1.0,A,DB00091,pathway,640,1.0,0.0,0.0
13,DB00091,DB00956,1,1.0,A,DB00091,pathway,641,1.0,0.0,0.0
13,DB00091,DB00956,1,1.0,A,DB00091,pathway,642,1.0,0.0,0.0
13,DB00091,DB00956,1,1.0,A,DB00091,pathway,643,1.0,0.0,0.0
13,DB00091,DB00956,1,1.0,A,DB00091,pathway,644,1.0,0.0,0.0
13,DB00091,DB00956,1,1.0,A,DB00091,pathway,645,1.0,0.0,0.0
13,DB00091,DB00956,1,1.0,A,DB00091,pathway,646,1.0,0.0,0.0
13,DB00091,DB00956,1,1.0,A,DB00091,pathway,647,1.0,0.0,0.0
13,DB00091,DB00956,1,1.0,A,DB00091,pathway,650,1.0,0.0,0.0
13,DB00091,DB00956,1,1.0,A,DB00091,pathway,651,1.0,0.0,0.0
13,DB00091,DB00956,1,1.0,A,DB00091,pathway,652,1.0,0.0,0.0
13,DB00091,DB00956,1,1.0,A,DB00091,pathway,654,1.0,0.0,0.0
13,DB00091,DB00956,1,1.0,A,DB00091,pathway,655,1.0,0.0,0.0
13,DB00091,DB00956,1,1.0,A,DB00091,pathway,656,1.0,0.0,0.0
13,DB00091,DB00956,1,1.0,A,DB00091,pathway,658,1.0,0.0,0.0
13,DB00091,DB00956,1,1.0,A,DB00091,pathway,664,1.0,0.0,0.0
13,DB00091,DB00956,1,1.0,A,DB00091,pathway,668,1.0,0.0,0.0
13,DB00091,DB00956,1,1.0,A,DB00091,pathway,670,1.0,0.0,0.0
13,DB00091,DB00956,1,1.0,A,DB00091,pathway,671,1.0,0.0,0.0
13,DB00091,DB00956,1,1.0,A,DB00091,pathway,672,1.0,0.0,0.0
13,DB00091,DB00956,1,1.0,A,DB00091,pathway,673,1.0,0.0,0.0
13,DB00091,DB00956,1,1.0,A,DB00091,pathway,674,1.0,0.0,0.0
13,DB00091,DB00956,1,1.0,A,DB00091,pathway,677,1.0,0.0,0.0
13,DB00091,DB00956,1,1.0,A,DB00091,pathway,679,1.0,0.0,0.0
13,DB00091,DB00956,1,1.0,A,DB00091,pathway,683,1.0,0.0,0.0
13,DB00091,DB00956,1,1.0,A,DB00091,pathway,685,1.0,0.0,0.0
13,DB00091,DB00956,1,1.0,A,DB00091,pathway,686,1.0,0.0,0.0
13,DB00091,DB00956,1,1.0,A,DB00091,pathway,687,1.0,0.0,0.0
13,DB00091,DB00956,1,1.0,A,DB00091,pathway,688,1.0,0.0,0.0
13,DB00091,DB00956,1,1.0,A,DB00091,pathway,691,1.0,0.0,0.0
13,DB00091,DB00956,1,1.0,A,DB00091,pathway,692,1.0,0.0,0.0
13,DB00091,DB00956,1,1.0,A,DB00091,pathway,693,1.0,0.0,0.0
13,DB00091,DB00956,1,1.0,A,DB00091,pathway,694,1.0,0.0,0.0
13,DB00091,DB00956,1,1.0,A,DB00091,pathway,695,1.0,0.0,0.0
13,DB00091,DB00956,1,1.0,A,DB00091,pathway,696,1.0,0.0,0.0
13,DB00091,DB00956,1,1.0,A,DB00091,pathway,701,1.0,0.0,0.0
13,DB00091,DB00956,1,1.0,A,DB00091,pathway,703,1.0,0.0,0.0
13,DB00091,DB00956,1,1.0,A,DB00091,pathway,704,1.0,0.0,0.0
13,DB00091,DB00956,1,1.0,A,DB00091,pathway,705,1.0,0.0,0.0
13,DB00091,DB00956,1,1.0,A,DB00091,pathway,707,1.0,0.0,0.0
13,DB00091,DB00956,1,1.0,A,DB00091,pathway,708,1.0,0.0,0.0
13,DB00091,DB00956,1,1.0,A,DB00091,pathway,709,1.0,0.0,0.0
13,DB00091,DB00956,1,1.0,A,DB00091,pathway,711,1.0,0.0,0.0
13,DB00091,DB00956,1,1.0,A,DB00091,pathway,715,1.0,0.0,0.0
13,DB00091,DB00956,1,1.0,A,DB00091,pathway,716,1.0,0.0,0.0
13,DB00091,DB00956,1,1.0,A,DB00091,pathway,717,1.0,0.0,0.0
13,DB00091,DB00956,1,1.0,A,DB00091,pathway,718,1.0,0.0,0.0
13,DB00091,DB00956,1,1.0,A,DB00091,pathway,719,1.0,0.0,0.0
13,DB00091,DB00956,1,1.0,A,DB00091,pathway,728,1.0,0.0,0.0
13,DB00091,DB00956,1,1.0,A,DB00091,pathway,730,1.0,0.0,0.0
13,DB00091,DB00956,1,1.0,A,DB00091,pathway,732,1.0,0.0,0.0
13,DB00091,DB00956,1,1.0,A,DB00091,pathway,733,1.0,0.0,0.0
13,DB00091,DB00956,1,1.0,A,DB00091,pathway,744,1.0,0.0,0.0
13,DB00091,DB00956,1,1.0,A,DB00091,pathway,764,1.0,0.0,0.0
13,DB00091,DB00956,1,1.0,A,DB00091,pathway,765,1.0,0.0,0.0
13,DB00091,DB00956,1,1.0,A,DB00091,pathway,772,1.0,0.0,0.0
13,DB00091,DB00956,1,1.0,A,DB00091,pathway,775,1.0,0.0,0.0
13,DB00091,DB00956,1,1.0,A,DB00091,pathway,776,1.0,0.0,0.0
13,DB00091,DB00956,1,1.0,A,DB00091,pathway,777,1.0,0.0,0.0
13,DB00091,DB00956,1,1.0,A,DB00091,pathway,783,1.0,0.0,0.0
13,DB00091,DB00956,1,1.0,A,DB00091,pathway,784,1.0,0.0,0.0
13,DB00091,DB00956,1,1.0,A,DB00091,pathway,787,1.0,0.0,0.0
13,DB00091,DB00956,1,1.0,A,DB00091,pathway,788,1.0,0.0,0.0
13,DB00091,DB00956,1,1.0,A,DB00091,pathway,789,1.0,0.0,0.0
13,DB00091,DB00956,1,1.0,A,DB00091,pathway,797,1.0,0.0,0.0
13,DB00091,DB00956,1,1.0,A,DB00091,pathway,798,1.0,0.0,0.0
13,DB00091,DB00956,1,1.0,A,DB00091,pathway,799,1.0,0.0,0.0
13,DB00091,DB00956,1,1.0,A,DB00091,pathway,801,1.0,0.0,0.0
13,DB00091,DB00956,1,1.0,A,DB00091,pathway,805,1.0,0.0,0.0
13,DB00091,DB00956,1,1.0,A,DB00091,pathway,806,1.0,0.0,0.0
13,DB00091,DB00956,1,1.0,A,DB00091,pathway,811,1.0,0.0,0.0
13,DB00091,DB00956,1,1.0,A,DB00091,pathway,826,1.0,0.0,0.0
13,DB00091,DB00956,1,1.0,A,DB00091,pathway,830,1.0,0.0,0.0
13,DB00091,DB00956,1,1.0,A,DB00091,pathway,836,1.0,0.0,0.0
13,DB00091,DB00956,1,1.0,A,DB00091,pathway,837,1.0,0.0,0.0
13,DB00091,DB00956,1,1.0,A,DB00091,pathway,840,1.0,0.0,0.0
13,DB00091,DB00956,1,1.0,A,DB00091,pathway,845,1.0,0.0,0.0
13,DB00091,DB00956,1,1.0,A,DB00091,pathway,853,1.0,0.0,0.0
13,DB00091,DB00956,1,1.0,A,DB00091,pathway,854,1.0,0.0,0.0
13,DB00091,DB00956,1,1.0,A,DB00091,pathway,855,1.0,0.0,0.0
13,DB00091,DB00956,1,1.0,A,DB00091,pathway,863,1.0,0.0,0.0
13,DB00091,DB00956,1,1.0,A,DB00091,pathway,870,1.0,0.0,0.0
13,DB00091,DB00956,1,1.0,A,DB00091,pathway,874,1.0,0.0,0.0
13,DB00091,DB00956,1,1.0,A,DB00091,pathway,877,1.0,0.0,0.0
13,DB00091,DB00956,1,1.0,A,DB00091,pathway,883,1.0,0.0,0.0
13,DB00091,DB00956,1,1.0,A,DB00091,pathway,896,1.0,0.0,0.0
13,DB00091,DB00956,1,1.0,A,DB00091,pathway,910,1.0,0.0,0.0
13,DB00091,DB00956,1,1.0,A,DB00091,pathway,919,1.0,0.0,0.0
13,DB00091,DB00956,1,1.0,A,DB00091,pathway,922,1.0,0.0,0.0
13,DB00091,DB00956,1,1.0,A,DB00091,pathway,927,1.0,0.0,0.0
13,DB00091,DB00956,1,1.0,A,DB00091,pathway,940,1.0,0.0,0.0
13,DB00091,DB00956,1,1.0,A,DB00091,pathway,948,1.0,0.0,0.0
13,DB00091,DB00956,1,1.0,A,DB00091,pathway,955,1.0,0.0,0.0
13,DB00091,DB00956,1,1.0,A,DB00091,pathway,958,1.0,0.0,0.0
13,DB00091,DB00956,1,1.0,A,DB00091,pathway,959,1.0,0.0,0.0
13,DB00091,DB00956,1,1.0,A,DB00091,pathway,965,1.0,0.0,0.0
13,DB00091,DB00956,1,1.0,A,DB00091,pathway,968,1.0,0.0,0.0
13,DB00091,DB00956,1,1.0,A,DB00091,pathway,969,1.0,0.0,0.0
13,DB00091,DB00956,1,1.0,A,DB00091,pathway,970,1.0,0.0,0.0
13,DB00091,DB00956,1,1.0,A,DB00091,pathway,973,1.0,0.0,0.0
13,DB00091,DB00956,1,1.0,A,DB00091,pathway,981,1.0,0.0,0.0
13,DB00091,DB00956,1,1.0,A,DB00091,pathway,986,1.0,0.0,0.0
13,DB00091,DB00956,1,1.0,A,DB00091,pathway,987,1.0,0.0,0.0
13,DB00091,DB00956,1,1.0,A,DB00091,pathway,988,1.0,0.0,0.0
13,DB00091,DB00956,1,1.0,A,DB00091,pathway,989,1.0,0.0,0.0
13,DB00091,DB00956,1,1.0,A,DB00091,pathway,1009,1.0,0.0,0.0
13,DB00091,DB00956,1,1.0,A,DB00091,pathway,1010,1.0,0.0,0.0
13,DB00091,DB00956,1,1.0,A,DB00091,pathway,1011,1.0,0.0,0.0
13,DB00091,DB00956,1,1.0,A,DB00091,pathway,1012,1.0,0.0,0.0
13,DB00091,DB00956,1,1.0,A,DB00091,pathway,1018,1.0,0.0,0.0
13,DB00091,DB00956,1,1.0,A,DB00091,pathway,1019,1.0,0.0,0.0
13,DB00091,DB00956,1,1.0,A,DB00091,pathway,1020,1.0,0.0,0.0
13,DB00091,DB00956,1,1.0,A,DB00091,pathway,1031,1.0,0.0,0.0
13,DB00091,DB00956,1,1.0,A,DB00091,pathway,1037,1.0,0.0,0.0
13,DB00091,DB00956,1,1.0,A,DB00091,pathway,1041,1.0,0.0,0.0
13,DB00091,DB00956,1,1.0,A,DB00091,pathway,1044,1.0,0.0,0.0
13,DB00091,DB00956,1,1.0,A,DB00091,pathway,1045,1.0,0.0,0.0
13,DB00091,DB00956,1,1.0,A,DB00091,pathway,1046,1.0,0.0,0.0
13,DB00091,DB00956,1,1.0,A,DB00091,pathway,1047,1.0,0.0,0.0
13,DB00091,DB00956,1,1.0,A,DB00091,pathway,1048,1.0,0.0,0.0
13,DB00091,DB00956,1,1.0,A,DB00091,pathway,1054,1.0,0.0,0.0
13,DB00091,DB00956,1,1.0,A,DB00091,pathway,1057,1.0,0.0,0.0
13,DB00091,DB00956,1,1.0,A,DB00091,pathway,1062,1.0,0.0,0.0
13,DB00091,DB00956,1,1.0,A,DB00091,pathway,1064,1.0,0.0,0.0
13,DB00091,DB00956,1,1.0,A,DB00091,pathway,1066,1.0,0.0,0.0
13,DB00091,DB00956,1,1.0,A,DB00091,pathway,1073,1.0,0.0,0.0
13,DB00091,DB00956,1,1.0,A,DB00091,pathway,1074,1.0,0.0,0.0
13,DB00091,DB00956,1,1.0,A,DB00091,pathway,1079,1.0,0.0,0.0
13,DB00091,DB00956,1,1.0,A,DB00091,pathway,1080,1.0,0.0,0.0
13,DB00091,DB00956,1,1.0,A,DB00091,pathway,1081,1.0,0.0,0.0
13,DB00091,DB00956,1,1.0,A,DB00091,pathway,1082,1.0,0.0,0.0
13,DB00091,DB00956,1,1.0,A,DB00091,pathway,1083,1.0,0.0,0.0
13,DB00091,DB00956,1,1.0,A,DB00091,pathway,1084,1.0,0.0,0.0
13,DB00091,DB00956,1,1.0,A,DB00091,pathway,1085,1.0,0.0,0.0
13,DB00091,DB00956,1,1.0,A,DB00091,pathway,1089,1.0,0.0,0.0
13,DB00091,DB00956,1,1.0,A,DB00091,pathway,1090,1.0,0.0,0.0
13,DB00091,DB00956,1,1.0,A,DB00091,pathway,1099,1.0,0.0,0.0
13,DB00091,DB00956,1,1.0,A,DB00091,pathway,1100,1.0,0.0,0.0
13,DB00091,DB00956,1,1.0,A,DB00091,pathway,1102,1.0,0.0,0.0
13,DB00091,DB00956,1,1.0,A,DB00091,pathway,1103,1.0,0.0,0.0
13,DB00091,DB00956,1,1.0,A,DB00091,pathway,1107,1.0,0.0,0.0
13,DB00091,DB00956,1,1.0,A,DB00091,pathway,1108,1.0,0.0,0.0
13,DB00091,DB00956,1,1.0,A,DB00091,pathway,1110,1.0,0.0,0.0
13,DB00091,DB00956,1,1.0,A,DB00091,pathway,1116,1.0,0.0,0.0
13,DB00091,DB00956,1,1.0,A,DB00091,pathway,1119,1.0,0.0,0.0
13,DB00091,DB00956,1,1.0,A,DB00091,pathway,1120,1.0,0.0,0.0
13,DB00091,DB00956,1,1.0,A,DB00091,pathway,1121,1.0,0.0,0.0
13,DB00091,DB00956,1,1.0,A,DB00091,pathway,1122,1.0,0.0,0.0
13,DB00091,DB00956,1,1.0,A,DB00091,pathway,1123,1.0,0.0,0.0
13,DB00091,DB00956,1,1.0,A,DB00091,pathway,1126,1.0,0.0,0.0
13,DB00091,DB00956,1,1.0,A,DB00091,pathway,1134,1.0,0.0,0.0
13,DB00091,DB00956,1,1.0,A,DB00091,pathway,1135,1.0,0.0,0.0
13,DB00091,DB00956,1,1.0,A,DB00091,pathway,1138,1.0,0.0,0.0
13,DB00091,DB00956,1,1.0,A,DB00091,pathway,1153,1.0,0.0,0.0
13,DB00091,DB00956,1,1.0,A,DB00091,pathway,1154,1.0,0.0,0.0
13,DB00091,DB00956,1,1.0,A,DB00091,pathway,1157,1.0,0.0,0.0
13,DB00091,DB00956,1,1.0,A,DB00091,pathway,1165,1.0,0.0,0.0
13,DB00091,DB00956,1,1.0,A,DB00091,pathway,1167,1.0,0.0,0.0
13,DB00091,DB00956,1,1.0,A,DB00091,pathway,1177,1.0,0.0,0.0
13,DB00091,DB00956,1,1.0,A,DB00091,pathway,1182,1.0,0.0,0.0
13,DB00091,DB00956,1,1.0,A,DB00091,pathway,1217,1.0,0.0,0.0
13,DB00091,DB00956,1,1.0,A,DB00091,pathway,1218,1.0,0.0,0.0
13,DB00091,DB00956,1,1.0,A,DB00091,pathway,1224,1.0,0.0,0.0
13,DB00091,DB00956,1,1.0,A,DB00091,pathway,1225,1.0,0.0,0.0
13,DB00091,DB00956,1,1.0,A,DB00091,pathway,1230,1.0,0.0,0.0
13,DB00091,DB00956,1,1.0,A,DB00091,pathway,1245,1.0,0.0,0.0
13,DB00091,DB00956,1,1.0,A,DB00091,pathway,1249,1.0,0.0,0.0
13,DB00091,DB00956,1,1.0,A,DB00091,pathway,1262,1.0,0.0,0.0
13,DB00091,DB00956,1,1.0,A,DB00091,pathway,1263,1.0,0.0,0.0
13,DB00091,DB00956,1,1.0,A,DB00091,pathway,1264,1.0,0.0,0.0
13,DB00091,DB00956,1,1.0,A,DB00091,pathway,1265,1.0,0.0,0.0
13,DB00091,DB00956,1,1.0,A,DB00091,pathway,1266,1.0,0.0,0.0
13,DB00091,DB00956,1,1.0,A,DB00091,pathway,1267,1.0,0.0,0.0
13,DB00091,DB00956,1,1.0,A,DB00091,pathway,1268,1.0,0.0,0.0
13,DB00091,DB00956,1,1.0,A,DB00091,pathway,1270,1.0,0.0,0.0
13,DB00091,DB00956,1,1.0,A,DB00091,pathway,1272,1.0,0.0,0.0
13,DB00091,DB00956,1,1.0,A,DB00091,pathway,1278,1.0,0.0,0.0
13,DB00091,DB00956,1,1.0,A,DB00091,pathway,1291,1.0,0.0,0.0
13,DB00091,DB00956,1,1.0,A,DB00091,pathway,1292,1.0,0.0,0.0
13,DB00091,DB00956,1,1.0,A,DB00091,pathway,1297,1.0,0.0,0.0
13,DB00091,DB00956,1,1.0,A,DB00091,pathway,1298,1.0,0.0,0.0
13,DB00091,DB00956,1,1.0,A,DB00091,pathway,1299,1.0,0.0,0.0
13,DB00091,DB00956,1,1.0,A,DB00091,pathway,1300,1.0,0.0,0.0
13,DB00091,DB00956,1,1.0,A,DB00091,pathway,1301,1.0,0.0,0.0
13,DB00091,DB00956,1,1.0,A,DB00091,pathway,1302,1.0,0.0,0.0
13,DB00091,DB00956,1,1.0,A,DB00091,pathway,1305,1.0,0.0,0.0
13,DB00091,DB00956,1,1.0,A,DB00091,pathway,1312,1.0,0.0,0.0
13,DB00091,DB00956,1,1.0,A,DB00091,pathway,1318,1.0,0.0,0.0
13,DB00091,DB00956,1,1.0,A,DB00091,pathway,1329,1.0,0.0,0.0
13,DB00091,DB00956,1,1.0,A,DB00091,pathway,1333,1.0,0.0,0.0
13,DB00091,DB00956,1,1.0,A,DB00091,pathway,1339,1.0,0.0,0.0
13,DB00091,DB00956,1,1.0,A,DB00091,pathway,1346,1.0,0.0,0.0
13,DB00091,DB00956,1,1.0,A,DB00091,pathway,1347,1.0,0.0,0.0
13,DB00091,DB00956,1,1.0,A,DB00091,pathway,1348,1.0,0.0,0.0
13,DB00091,DB00956,1,1.0,A,DB00091,pathway,1353,1.0,0.0,0.0
13,DB00091,DB00956,1,1.0,A,DB00091,pathway,1356,1.0,0.0,0.0
13,DB00091,DB00956,1,1.0,A,DB00091,pathway,1364,1.0,0.0,0.0
13,DB00091,DB00956,1,1.0,A,DB00091,pathway,1366,1.0,0.0,0.0
13,DB00091,DB00956,1,1.0,A,DB00091,pathway,1370,1.0,0.0,0.0
13,DB00091,DB00956,1,1.0,A,DB00091,pathway,1372,1.0,0.0,0.0
13,DB00091,DB00956,1,1.0,A,DB00091,pathway,1373,1.0,0.0,0.0
13,DB00091,DB00956,1,1.0,A,DB00091,pathway,1382,1.0,0.0,0.0
13,DB00091,DB00956,1,1.0,A,DB00091,pathway,1394,1.0,0.0,0.0
13,DB00091,DB00956,1,1.0,A,DB00091,pathway,1396,1.0,0.0,0.0
13,DB00091,DB00956,1,1.0,A,DB00091,pathway,1397,1.0,0.0,0.0
13,DB00091,DB00956,1,1.0,A,DB00091,pathway,1401,1.0,0.0,0.0
13,DB00091,DB00956,1,1.0,A,DB00091,pathway,1402,1.0,0.0,0.0
13,DB00091,DB00956,1,1.0,A,DB00091,pathway,1405,1.0,0.0,0.0
13,DB00091,DB00956,1,1.0,A,DB00091,pathway,1414,1.0,0.0,0.0
13,DB00091,DB00956,1,1.0,A,DB00091,pathway,1419,1.0,0.0,0.0
13,DB00091,DB00956,1,1.0,A,DB00091,pathway,1422,1.0,0.0,0.0
13,DB00091,DB00956,1,1.0,A,DB00091,pathway,1423,1.0,0.0,0.0
13,DB00091,DB00956,1,1.0,A,DB00091,pathway,1424,1.0,0.0,0.0
13,DB00091,DB00956,1,1.0,A,DB00091,pathway,1428,1.0,0.0,0.0
13,DB00091,DB00956,1,1.0,A,DB00091,pathway,1430,1.0,0.0,0.0
13,DB00091,DB00956,1,1.0,A,DB00091,pathway,1431,1.0,0.0,0.0
13,DB00091,DB00956,1,1.0,A,DB00091,pathway,1432,1.0,0.0,0.0
13,DB00091,DB00956,1,1.0,A,DB00091,pathway,1436,1.0,0.0,0.0
13,DB00091,DB00956,1,1.0,A,DB00091,pathway,1437,1.0,0.0,0.0
13,DB00091,DB00956,1,1.0,A,DB00091,pathway,1440,1.0,0.0,0.0
13,DB00091,DB00956,1,1.0,A,DB00091,pathway,1441,1.0,0.0,0.0
13,DB00091,DB00956,1,1.0,A,DB00091,pathway,1446,1.0,0.0,0.0
13,DB00091,DB00956,1,1.0,A,DB00091,pathway,1448,1.0,0.0,0.0
13,DB00091,DB00956,1,1.0,A,DB00091,pathway,1453,1.0,0.0,0.0
13,DB00091,DB00956,1,1.0,A,DB00091,pathway,1467,1.0,0.0,0.0
13,DB00091,DB00956,1,1.0,A,DB00091,pathway,1468,1.0,0.0,0.0
13,DB00091,DB00956,1,1.0,A,DB00091,pathway,1471,1.0,0.0,0.0
13,DB00091,DB00956,1,1.0,A,DB00091,pathway,1472,1.0,0.0,0.0
13,DB00091,DB00956,1,1.0,A,DB00091,pathway,1473,1.0,0.0,0.0
13,DB00091,DB00956,1,1.0,A,DB00091,pathway,1474,1.0,0.0,0.0
13,DB00091,DB00956,1,1.0,A,DB00091,pathway,1488,1.0,0.0,0.0
13,DB00091,DB00956,1,1.0,A,DB00091,pathway,1489,1.0,0.0,0.0
13,DB00091,DB00956,1,1.0,A,DB00091,pathway,1490,1.0,0.0,0.0
13,DB00091,DB00956,1,1.0,A,DB00091,pathway,1491,1.0,0.0,0.0
13,DB00091,DB00956,1,1.0,A,DB00091,pathway,1492,1.0,0.0,0.0
13,DB00091,DB00956,1,1.0,A,DB00091,pathway,1496,1.0,0.0,0.0
13,DB00091,DB00956,1,1.0,A,DB00091,pathway,1500,1.0,0.0,0.0
13,DB00091,DB00956,1,1.0,A,DB00091,pathway,1502,1.0,0.0,0.0
13,DB00091,DB00956,1,1.0,A,DB00091,pathway,1513,1.0,0.0,0.0
13,DB00091,DB00956,1,1.0,A,DB00091,pathway,1514,1.0,0.0,0.0
13,DB00091,DB00956,1,1.0,A,DB00091,pathway,1518,1.0,0.0,0.0
13,DB00091,DB00956,1,1.0,A,DB00091,pathway,1521,1.0,0.0,0.0
13,DB00091,DB00956,1,1.0,A,DB00091,pathway,1522,1.0,0.0,0.0
13,DB00091,DB00956,1,1.0,A,DB00091,pathway,1524,1.0,0.0,0.0
13,DB00091,DB00956,1,1.0,A,DB00091,pathway,1531,1.0,0.0,0.0
13,DB00091,DB00956,1,1.0,A,DB00091,pathway,1533,1.0,0.0,0.0
13,DB00091,DB00956,1,1.0,A,DB00091,pathway,1534,1.0,0.0,0.0
13,DB00091,DB00956,1,1.0,A,DB00091,pathway,1542,1.0,0.0,0.0
13,DB00091,DB00956,1,1.0,A,DB00091,pathway,1544,1.0,0.0,0.0
13,DB00091,DB00956,1,1.0,A,DB00091,pathway,1547,1.0,0.0,0.0
13,DB00091,DB00956,1,1.0,A,DB00091,pathway,1548,1.0,0.0,0.0
13,DB00091,DB00956,1,1.0,A,DB00091,pathway,1549,1.0,0.0,0.0
13,DB00091,DB00956,1,1.0,A,DB00091,pathway,1557,1.0,0.0,0.0
13,DB00091,DB00956,1,1.0,A,DB00091,pathway,1562,1.0,0.0,0.0
13,DB00091,DB00956,1,1.0,A,DB00091,pathway,1567,1.0,0.0,0.0
13,DB00091,DB00956,1,1.0,A,DB00091,pathway,1568,1.0,0.0,0.0
13,DB00091,DB00956,1,1.0,A,DB00091,pathway,1569,1.0,0.0,0.0
13,DB00091,DB00956,1,1.0,A,DB00091,pathway,1570,1.0,0.0,0.0
13,DB00091,DB00956,1,1.0,A,DB00091,pathway,1571,1.0,0.0,0.0
13,DB00091,DB00956,1,1.0,A,DB00091,pathway,1577,1.0,0.0,0.0
13,DB00091,DB00956,1,1.0,A,DB00091,pathway,1582,1.0,0.0,0.0
13,DB00091,DB00956,1,1.0,A,DB00091,pathway,1584,1.0,0.0,0.0
13,DB00091,DB00956,1,1.0,A,DB00091,pathway,1585,1.0,0.0,0.0
13,DB00091,DB00956,1,1.0,A,DB00091,pathway,1586,1.0,0.0,0.0
13,DB00091,DB00956,1,1.0,A,DB00091,pathway,1587,1.0,0.0,0.0
13,DB00091,DB00956,1,1.0,A,DB00091,pathway,1589,1.0,0.0,0.0
13,DB00091,DB00956,1,1.0,A,DB00091,pathway,1590,1.0,0.0,0.0
13,DB00091,DB00956,1,1.0,A,DB00091,pathway,1591,1.0,0.0,0.0
13,DB00091,DB00956,1,1.0,A,DB00091,pathway,1592,1.0,0.0,0.0
13,DB00091,DB00956,1,1.0,A,DB00091,pathway,1593,1.0,0.0,0.0
13,DB00091,DB00956,1,1.0,A,DB00091,pathway,1594,1.0,0.0,0.0
13,DB00091,DB00956,1,1.0,A,DB00091,pathway,1595,1.0,0.0,0.0
13,DB00091,DB00956,1,1.0,A,DB00091,pathway,1596,1.0,0.0,0.0
13,DB00091,DB00956,1,1.0,A,DB00091,pathway,1597,1.0,0.0,0.0
13,DB00091,DB00956,1,1.0,A,DB00091,pathway,1598,1.0,0.0,0.0
13,DB00091,DB00956,1,1.0,A,DB00091,pathway,1599,1.0,0.0,0.0
13,DB00091,DB00956,1,1.0,A,DB00091,pathway,1613,1.0,0.0,0.0
13,DB00091,DB00956,1,1.0,A,DB00091,pathway,1635,1.0,0.0,0.0
13,DB00091,DB00956,1,1.0,A,DB00091,pathway,1637,1.0,0.0,0.0
13,DB00091,DB00956,1,1.0,A,DB00091,pathway,1640,1.0,0.0,0.0
13,DB00091,DB00956,1,1.0,A,DB00091,pathway,1652,1.0,0.0,0.0
13,DB00091,DB00956,1,1.0,A,DB00091,pathway,1665,1.0,0.0,0.0
13,DB00091,DB00956,1,1.0,A,DB00091,pathway,1685,1.0,0.0,0.0
13,DB00091,DB00956,1,1.0,A,DB00091,pathway,1686,1.0,0.0,0.0
13,DB00091,DB00956,1,1.0,A,DB00091,pathway,1687,1.0,0.0,0.0
13,DB00091,DB00956,1,1.0,A,DB00091,pathway,1688,1.0,0.0,0.0
13,DB00091,DB00956,1,1.0,A,DB00091,pathway,1692,1.0,0.0,0.0
13,DB00091,DB00956,1,1.0,A,DB00091,pathway,1694,1.0,0.0,0.0
13,DB00091,DB00956,1,1.0,A,DB00091,pathway,1695,1.0,0.0,0.0
13,DB00091,DB00956,1,1.0,A,DB00091,pathway,1696,1.0,0.0,0.0
13,DB00091,DB00956,1,1.0,A,DB00091,pathway,1700,1.0,0.0,0.0
13,DB00091,DB00956,1,1.0,A,DB00091,pathway,1701,1.0,0.0,0.0
13,DB00091,DB00956,1,1.0,A,DB00091,pathway,1713,1.0,0.0,0.0
13,DB00091,DB00956,1,1.0,A,DB00091,pathway,1714,1.0,0.0,0.0
13,DB00091,DB00956,1,1.0,A,DB00091,pathway,1719,1.0,0.0,0.0
13,DB00091,DB00956,1,1.0,A,DB00091,pathway,1721,1.0,0.0,0.0
13,DB00091,DB00956,1,1.0,A,DB00091,pathway,1730,1.0,0.0,0.0
13,DB00091,DB00956,1,1.0,A,DB00091,pathway,1737,1.0,0.0,0.0
13,DB00091,DB00956,1,1.0,A,DB00091,pathway,1743,1.0,0.0,0.0
13,DB00091,DB00956,1,1.0,A,DB00091,pathway,1744,1.0,0.0,0.0
13,DB00091,DB00956,1,1.0,A,DB00091,pathway,1746,1.0,0.0,0.0
13,DB00091,DB00956,1,1.0,A,DB00091,pathway,1751,1.0,0.0,0.0
13,DB00091,DB00956,1,1.0,A,DB00091,pathway,1755,1.0,0.0,0.0
13,DB00091,DB00956,1,1.0,A,DB00091,pathway,1758,1.0,0.0,0.0
13,DB00091,DB00956,1,1.0,A,DB00091,pathway,1765,1.0,0.0,0.0
13,DB00091,DB00956,1,1.0,A,DB00091,pathway,1770,1.0,0.0,0.0
13,DB00091,DB00956,1,1.0,A,DB00091,pathway,1774,1.0,0.0,0.0
13,DB00091,DB00956,1,1.0,A,DB00091,pathway,1776,1.0,0.0,0.0
13,DB00091,DB00956,1,1.0,A,DB00091,pathway,1779,1.0,0.0,0.0
13,DB00091,DB00956,1,1.0,A,DB00091,pathway,1783,1.0,0.0,0.0
13,DB00091,DB00956,1,1.0,A,DB00091,pathway,1784,1.0,0.0,0.0
13,DB00091,DB00956,1,1.0,A,DB00091,pathway,1788,1.0,0.0,0.0
13,DB00091,DB00956,1,1.0,A,DB00091,pathway,1790,1.0,0.0,0.0
13,DB00091,DB00956,1,1.0,A,DB00091,pathway,1791,1.0,0.0,0.0
13,DB00091,DB00956,1,1.0,A,DB00091,pathway,1793,1.0,0.0,0.0
13,DB00091,DB00956,1,1.0,A,DB00091,pathway,1794,1.0,0.0,0.0
13,DB00091,DB00956,1,1.0,A,DB00091,pathway,1795,1.0,0.0,0.0
13,DB00091,DB00956,1,1.0,A,DB00091,pathway,1796,1.0,0.0,0.0
13,DB00091,DB00956,1,1.0,A,DB00091,pathway,1797,1.0,0.0,0.0
13,DB00091,DB00956,1,1.0,A,DB00091,pathway,1798,1.0,0.0,0.0
13,DB00091,DB00956,1,1.0,A,DB00091,pathway,1799,1.0,0.0,0.0
13,DB00091,DB00956,1,1.0,A,DB00091,pathway,1801,1.0,0.0,0.0
13,DB00091,DB00956,1,1.0,A,DB00091,pathway,1805,1.0,0.0,0.0
13,DB00091,DB00956,1,1.0,A,DB00091,pathway,1812,1.0,0.0,0.0
13,DB00091,DB00956,1,1.0,A,DB00091,pathway,1818,1.0,0.0,0.0
13,DB00091,DB00956,1,1.0,A,DB00091,pathway,1827,1.0,0.0,0.0
13,DB00091,DB00956,1,1.0,A,DB00091,pathway,1831,1.0,0.0,0.0
13,DB00091,DB00956,1,1.0,A,DB00091,pathway,1837,1.0,0.0,0.0
13,DB00091,DB00956,1,1.0,A,DB00091,pathway,1842,1.0,0.0,0.0
13,DB00091,DB00956,1,1.0,A,DB00091,pathway,1846,1.0,0.0,0.0
13,DB00091,DB00956,1,1.0,A,DB00091,pathway,1848,1.0,0.0,0.0
13,DB00091,DB00956,1,1.0,A,DB00091,pathway,1849,1.0,0.0,0.0
13,DB00091,DB00956,1,1.0,A,DB00091,pathway,1850,1.0,0.0,0.0
13,DB00091,DB00956,1,1.0,A,DB00091,pathway,1853,1.0,0.0,0.0
13,DB00091,DB00956,1,1.0,A,DB00091,pathway,1854,1.0,0.0,0.0
13,DB00091,DB00956,1,1.0,A,DB00091,pathway,1865,1.0,0.0,0.0
13,DB00091,DB00956,1,1.0,A,DB00091,pathway,1867,1.0,0.0,0.0
13,DB00091,DB00956,1,1.0,A,DB00091,pathway,1877,1.0,0.0,0.0
13,DB00091,DB00956,1,1.0,A,DB00091,pathway,1879,1.0,0.0,0.0
13,DB00091,DB00956,1,1.0,A,DB00091,pathway,1880,1.0,0.0,0.0
13,DB00091,DB00956,1,1.0,A,DB00091,pathway,1886,1.0,0.0,0.0
13,DB00091,DB00956,1,1.0,A,DB00091,pathway,1892,1.0,0.0,0.0
13,DB00091,DB00956,1,1.0,A,DB00091,pathway,1893,1.0,0.0,0.0
13,DB00091,DB00956,1,1.0,A,DB00091,pathway,1896,1.0,0.0,0.0
13,DB00091,DB00956,1,1.0,A,DB00091,pathway,1898,1.0,0.0,0.0
13,DB00091,DB00956,1,1.0,A,DB00091,pathway,1903,1.0,0.0,0.0
13,DB00091,DB00956,1,1.0,A,DB00091,pathway,1904,1.0,0.0,0.0
13,DB00091,DB00956,1,1.0,A,DB00091,pathway,1905,1.0,0.0,0.0
13,DB00091,DB00956,1,1.0,A,DB00091,pathway,1912,1.0,0.0,0.0
13,DB00091,DB00956,1,1.0,A,DB00091,pathway,1913,1.0,0.0,0.0
13,DB00091,DB00956,1,1.0,A,DB00091,pathway,1921,1.0,0.0,0.0
13,DB00091,DB00956,1,1.0,A,DB00091,pathway,1925,1.0,0.0,0.0
13,DB00091,DB00956,1,1.0,A,DB00091,pathway,1926,1.0,0.0,0.0
13,DB00091,DB00956,1,1.0,A,DB00091,pathway,1932,1.0,0.0,0.0
13,DB00091,DB00956,1,1.0,A,DB00091,pathway,1933,1.0,0.0,0.0
13,DB00091,DB00956,1,1.0,A,DB00091,pathway,1935,1.0,0.0,0.0
13,DB00091,DB00956,1,1.0,A,DB00091,pathway,1937,1.0,0.0,0.0
13,DB00091,DB00956,1,1.0,A,DB00091,pathway,1938,1.0,0.0,0.0
13,DB00091,DB00956,1,1.0,A,DB00091,pathway,1952,1.0,0.0,0.0
13,DB00091,DB00956,1,1.0,A,DB00091,pathway,1956,1.0,0.0,0.0
13,DB00091,DB00956,1,1.0,A,DB00091,pathway,1957,1.0,0.0,0.0
13,DB00091,DB00956,1,1.0,A,DB00091,pathway,1958,1.0,0.0,0.0
13,DB00091,DB00956,1,1.0,A,DB00091,pathway,1959,1.0,0.0,0.0
13,DB00091,DB00956,1,1.0,A,DB00091,pathway,1965,1.0,0.0,0.0
13,DB00091,DB00956,1,1.0,B,DB00956,pathway,26,1.0,0.0,0.0
13,DB00091,DB00956,1,1.0,B,DB00956,pathway,143,1.0,0.0,0.0
13,DB00091,DB00956,1,1.0,B,DB00956,pathway,385,1.0,0.0,0.0
13,DB00091,DB00956,1,1.0,B,DB00956,pathway,438,1.0,0.0,0.0
13,DB00091,DB00956,1,1.0,B,DB00956,pathway,439,1.0,0.0,0.0
13,DB00091,DB00956,1,1.0,B,DB00956,pathway,440,1.0,0.0,0.0
13,DB00091,DB00956,1,1.0,B,DB00956,pathway,441,1.0,0.0,0.0
13,DB00091,DB00956,1,1.0,B,DB00956,pathway,444,1.0,0.0,0.0
13,DB00091,DB00956,1,1.0,B,DB00956,pathway,446,1.0,0.0,0.0
13,DB00091,DB00956,1,1.0,B,DB00956,pathway,455,1.0,0.0,0.0
13,DB00091,DB00956,1,1.0,B,DB00956,pathway,464,1.0,0.0,0.0
13,DB00091,DB00956,1,1.0,B,DB00956,pathway,620,1.0,0.0,0.0
13,DB00091,DB00956,1,1.0,B,DB00956,pathway,641,1.0,0.0,0.0
13,DB00091,DB00956,1,1.0,B,DB00956,pathway,718,1.0,0.0,0.0
13,DB00091,DB00956,1,1.0,B,DB00956,pathway,870,1.0,0.0,0.0
13,DB00091,DB00956,1,1.0,B,DB00956,pathway,1108,1.0,0.0,0.0
13,DB00091,DB00956,1,1.0,B,DB00956,pathway,1121,1.0,0.0,0.0
13,DB00091,DB00956,1,1.0,B,DB00956,pathway,1432,1.0,0.0,0.0
13,DB00091,DB00956,1,1.0,B,DB00956,pathway,1446,1.0,0.0,0.0
13,DB00091,DB00956,1,1.0,B,DB00956,pathway,1467,1.0,0.0,0.0
13,DB00091,DB00956,1,1.0,B,DB00956,pathway,1637,1.0,0.0,0.0
13,DB00091,DB00956,1,1.0,B,DB00956,pathway,1730,1.0,0.0,0.0
13,DB00091,DB00956,1,1.0,B,DB00956,pathway,1744,1.0,0.0,0.0
13,DB00091,DB00956,1,1.0,B,DB00956,pathway,1751,1.0,0.0,0.0
14,DB00091,DB01026,1,1.0,A,DB00091,pathway,0,1.0,0.0,0.0
14,DB00091,DB01026,1,1.0,A,DB00091,pathway,2,1.0,0.0,0.0
14,DB00091,DB01026,1,1.0,A,DB00091,pathway,4,1.0,0.0,0.0
14,DB00091,DB01026,1,1.0,A,DB00091,pathway,10,1.0,0.0,0.0
14,DB00091,DB01026,1,1.0,A,DB00091,pathway,11,1.0,0.0,0.0
14,DB00091,DB01026,1,1.0,A,DB00091,pathway,12,1.0,0.0,0.0
14,DB00091,DB01026,1,1.0,A,DB00091,pathway,13,1.0,0.0,0.0
14,DB00091,DB01026,1,1.0,A,DB00091,pathway,15,1.0,0.0,0.0
14,DB00091,DB01026,1,1.0,A,DB00091,pathway,26,1.0,0.0,0.0
14,DB00091,DB01026,1,1.0,A,DB00091,pathway,29,1.0,0.0,0.0
14,DB00091,DB01026,1,1.0,A,DB00091,pathway,31,1.0,0.0,0.0
14,DB00091,DB01026,1,1.0,A,DB00091,pathway,39,1.0,0.0,0.0
14,DB00091,DB01026,1,1.0,A,DB00091,pathway,43,1.0,0.0,0.0
14,DB00091,DB01026,1,1.0,A,DB00091,pathway,44,1.0,0.0,0.0
14,DB00091,DB01026,1,1.0,A,DB00091,pathway,51,1.0,0.0,0.0
14,DB00091,DB01026,1,1.0,A,DB00091,pathway,52,1.0,0.0,0.0
14,DB00091,DB01026,1,1.0,A,DB00091,pathway,53,1.0,0.0,0.0
14,DB00091,DB01026,1,1.0,A,DB00091,pathway,55,1.0,0.0,0.0
14,DB00091,DB01026,1,1.0,A,DB00091,pathway,57,1.0,0.0,0.0
14,DB00091,DB01026,1,1.0,A,DB00091,pathway,62,1.0,0.0,0.0
14,DB00091,DB01026,1,1.0,A,DB00091,pathway,66,1.0,0.0,0.0
14,DB00091,DB01026,1,1.0,A,DB00091,pathway,67,1.0,0.0,0.0
14,DB00091,DB01026,1,1.0,A,DB00091,pathway,72,1.0,0.0,0.0
14,DB00091,DB01026,1,1.0,A,DB00091,pathway,74,1.0,0.0,0.0
14,DB00091,DB01026,1,1.0,A,DB00091,pathway,75,1.0,0.0,0.0
14,DB00091,DB01026,1,1.0,A,DB00091,pathway,78,1.0,0.0,0.0
14,DB00091,DB01026,1,1.0,A,DB00091,pathway,79,1.0,0.0,0.0
14,DB00091,DB01026,1,1.0,A,DB00091,pathway,81,1.0,0.0,0.0
14,DB00091,DB01026,1,1.0,A,DB00091,pathway,82,1.0,0.0,0.0
14,DB00091,DB01026,1,1.0,A,DB00091,pathway,84,1.0,0.0,0.0
14,DB00091,DB01026,1,1.0,A,DB00091,pathway,91,1.0,0.0,0.0
14,DB00091,DB01026,1,1.0,A,DB00091,pathway,98,1.0,0.0,0.0
14,DB00091,DB01026,1,1.0,A,DB00091,pathway,100,1.0,0.0,0.0
14,DB00091,DB01026,1,1.0,A,DB00091,pathway,104,1.0,0.0,0.0
14,DB00091,DB01026,1,1.0,A,DB00091,pathway,110,1.0,0.0,0.0
14,DB00091,DB01026,1,1.0,A,DB00091,pathway,113,1.0,0.0,0.0
14,DB00091,DB01026,1,1.0,A,DB00091,pathway,116,1.0,0.0,0.0
14,DB00091,DB01026,1,1.0,A,DB00091,pathway,117,1.0,0.0,0.0
14,DB00091,DB01026,1,1.0,A,DB00091,pathway,119,1.0,0.0,0.0
14,DB00091,DB01026,1,1.0,A,DB00091,pathway,121,1.0,0.0,0.0
14,DB00091,DB01026,1,1.0,A,DB00091,pathway,123,1.0,0.0,0.0
14,DB00091,DB01026,1,1.0,A,DB00091,pathway,124,1.0,0.0,0.0
14,DB00091,DB01026,1,1.0,A,DB00091,pathway,136,1.0,0.0,0.0
14,DB00091,DB01026,1,1.0,A,DB00091,pathway,141,1.0,0.0,0.0
14,DB00091,DB01026,1,1.0,A,DB00091,pathway,143,1.0,0.0,0.0
14,DB00091,DB01026,1,1.0,A,DB00091,pathway,158,1.0,0.0,0.0
14,DB00091,DB01026,1,1.0,A,DB00091,pathway,159,1.0,0.0,0.0
14,DB00091,DB01026,1,1.0,A,DB00091,pathway,168,1.0,0.0,0.0
14,DB00091,DB01026,1,1.0,A,DB00091,pathway,169,1.0,0.0,0.0
14,DB00091,DB01026,1,1.0,A,DB00091,pathway,170,1.0,0.0,0.0
14,DB00091,DB01026,1,1.0,A,DB00091,pathway,171,1.0,0.0,0.0
14,DB00091,DB01026,1,1.0,A,DB00091,pathway,172,1.0,0.0,0.0
14,DB00091,DB01026,1,1.0,A,DB00091,pathway,176,1.0,0.0,0.0
14,DB00091,DB01026,1,1.0,A,DB00091,pathway,187,1.0,0.0,0.0
14,DB00091,DB01026,1,1.0,A,DB00091,pathway,188,1.0,0.0,0.0
14,DB00091,DB01026,1,1.0,A,DB00091,pathway,191,1.0,0.0,0.0
14,DB00091,DB01026,1,1.0,A,DB00091,pathway,193,1.0,0.0,0.0
14,DB00091,DB01026,1,1.0,A,DB00091,pathway,195,1.0,0.0,0.0
14,DB00091,DB01026,1,1.0,A,DB00091,pathway,205,1.0,0.0,0.0
14,DB00091,DB01026,1,1.0,A,DB00091,pathway,208,1.0,0.0,0.0
14,DB00091,DB01026,1,1.0,A,DB00091,pathway,209,1.0,0.0,0.0
14,DB00091,DB01026,1,1.0,A,DB00091,pathway,227,1.0,0.0,0.0
14,DB00091,DB01026,1,1.0,A,DB00091,pathway,237,1.0,0.0,0.0
14,DB00091,DB01026,1,1.0,A,DB00091,pathway,245,1.0,0.0,0.0
14,DB00091,DB01026,1,1.0,A,DB00091,pathway,247,1.0,0.0,0.0
14,DB00091,DB01026,1,1.0,A,DB00091,pathway,250,1.0,0.0,0.0
14,DB00091,DB01026,1,1.0,A,DB00091,pathway,263,1.0,0.0,0.0
14,DB00091,DB01026,1,1.0,A,DB00091,pathway,269,1.0,0.0,0.0
14,DB00091,DB01026,1,1.0,A,DB00091,pathway,281,1.0,0.0,0.0
14,DB00091,DB01026,1,1.0,A,DB00091,pathway,283,1.0,0.0,0.0
14,DB00091,DB01026,1,1.0,A,DB00091,pathway,285,1.0,0.0,0.0
14,DB00091,DB01026,1,1.0,A,DB00091,pathway,286,1.0,0.0,0.0
14,DB00091,DB01026,1,1.0,A,DB00091,pathway,287,1.0,0.0,0.0
14,DB00091,DB01026,1,1.0,A,DB00091,pathway,290,1.0,0.0,0.0
14,DB00091,DB01026,1,1.0,A,DB00091,pathway,296,1.0,0.0,0.0
14,DB00091,DB01026,1,1.0,A,DB00091,pathway,297,1.0,0.0,0.0
14,DB00091,DB01026,1,1.0,A,DB00091,pathway,308,1.0,0.0,0.0
14,DB00091,DB01026,1,1.0,A,DB00091,pathway,314,1.0,0.0,0.0
14,DB00091,DB01026,1,1.0,A,DB00091,pathway,315,1.0,0.0,0.0
14,DB00091,DB01026,1,1.0,A,DB00091,pathway,329,1.0,0.0,0.0
14,DB00091,DB01026,1,1.0,A,DB00091,pathway,332,1.0,0.0,0.0
14,DB00091,DB01026,1,1.0,A,DB00091,pathway,333,1.0,0.0,0.0
14,DB00091,DB01026,1,1.0,A,DB00091,pathway,340,1.0,0.0,0.0
14,DB00091,DB01026,1,1.0,A,DB00091,pathway,346,1.0,0.0,0.0
14,DB00091,DB01026,1,1.0,A,DB00091,pathway,350,1.0,0.0,0.0
14,DB00091,DB01026,1,1.0,A,DB00091,pathway,353,1.0,0.0,0.0
14,DB00091,DB01026,1,1.0,A,DB00091,pathway,358,1.0,0.0,0.0
14,DB00091,DB01026,1,1.0,A,DB00091,pathway,359,1.0,0.0,0.0
14,DB00091,DB01026,1,1.0,A,DB00091,pathway,362,1.0,0.0,0.0
14,DB00091,DB01026,1,1.0,A,DB00091,pathway,371,1.0,0.0,0.0
14,DB00091,DB01026,1,1.0,A,DB00091,pathway,374,1.0,0.0,0.0
14,DB00091,DB01026,1,1.0,A,DB00091,pathway,379,1.0,0.0,0.0
14,DB00091,DB01026,1,1.0,A,DB00091,pathway,385,1.0,0.0,0.0
14,DB00091,DB01026,1,1.0,A,DB00091,pathway,386,1.0,0.0,0.0
14,DB00091,DB01026,1,1.0,A,DB00091,pathway,387,1.0,0.0,0.0
14,DB00091,DB01026,1,1.0,A,DB00091,pathway,393,1.0,0.0,0.0
14,DB00091,DB01026,1,1.0,A,DB00091,pathway,394,1.0,0.0,0.0
14,DB00091,DB01026,1,1.0,A,DB00091,pathway,395,1.0,0.0,0.0
14,DB00091,DB01026,1,1.0,A,DB00091,pathway,396,1.0,0.0,0.0
14,DB00091,DB01026,1,1.0,A,DB00091,pathway,397,1.0,0.0,0.0
14,DB00091,DB01026,1,1.0,A,DB00091,pathway,398,1.0,0.0,0.0
14,DB00091,DB01026,1,1.0,A,DB00091,pathway,399,1.0,0.0,0.0
14,DB00091,DB01026,1,1.0,A,DB00091,pathway,401,1.0,0.0,0.0
14,DB00091,DB01026,1,1.0,A,DB00091,pathway,402,1.0,0.0,0.0
14,DB00091,DB01026,1,1.0,A,DB00091,pathway,427,1.0,0.0,0.0
14,DB00091,DB01026,1,1.0,A,DB00091,pathway,429,1.0,0.0,0.0
14,DB00091,DB01026,1,1.0,A,DB00091,pathway,430,1.0,0.0,0.0
14,DB00091,DB01026,1,1.0,A,DB00091,pathway,438,1.0,0.0,0.0
14,DB00091,DB01026,1,1.0,A,DB00091,pathway,439,1.0,0.0,0.0
14,DB00091,DB01026,1,1.0,A,DB00091,pathway,440,1.0,0.0,0.0
14,DB00091,DB01026,1,1.0,A,DB00091,pathway,441,1.0,0.0,0.0
14,DB00091,DB01026,1,1.0,A,DB00091,pathway,442,1.0,0.0,0.0
14,DB00091,DB01026,1,1.0,A,DB00091,pathway,443,1.0,0.0,0.0
14,DB00091,DB01026,1,1.0,A,DB00091,pathway,444,1.0,0.0,0.0
14,DB00091,DB01026,1,1.0,A,DB00091,pathway,446,1.0,0.0,0.0
14,DB00091,DB01026,1,1.0,A,DB00091,pathway,447,1.0,0.0,0.0
14,DB00091,DB01026,1,1.0,A,DB00091,pathway,452,1.0,0.0,0.0
14,DB00091,DB01026,1,1.0,A,DB00091,pathway,455,1.0,0.0,0.0
14,DB00091,DB01026,1,1.0,A,DB00091,pathway,457,1.0,0.0,0.0
14,DB00091,DB01026,1,1.0,A,DB00091,pathway,462,1.0,0.0,0.0
14,DB00091,DB01026,1,1.0,A,DB00091,pathway,464,1.0,0.0,0.0
14,DB00091,DB01026,1,1.0,A,DB00091,pathway,466,1.0,0.0,0.0
14,DB00091,DB01026,1,1.0,A,DB00091,pathway,467,1.0,0.0,0.0
14,DB00091,DB01026,1,1.0,A,DB00091,pathway,471,1.0,0.0,0.0
14,DB00091,DB01026,1,1.0,A,DB00091,pathway,473,1.0,0.0,0.0
14,DB00091,DB01026,1,1.0,A,DB00091,pathway,478,1.0,0.0,0.0
14,DB00091,DB01026,1,1.0,A,DB00091,pathway,479,1.0,0.0,0.0
14,DB00091,DB01026,1,1.0,A,DB00091,pathway,480,1.0,0.0,0.0
14,DB00091,DB01026,1,1.0,A,DB00091,pathway,481,1.0,0.0,0.0
14,DB00091,DB01026,1,1.0,A,DB00091,pathway,482,1.0,0.0,0.0
14,DB00091,DB01026,1,1.0,A,DB00091,pathway,488,1.0,0.0,0.0
14,DB00091,DB01026,1,1.0,A,DB00091,pathway,498,1.0,0.0,0.0
14,DB00091,DB01026,1,1.0,A,DB00091,pathway,499,1.0,0.0,0.0
14,DB00091,DB01026,1,1.0,A,DB00091,pathway,511,1.0,0.0,0.0
14,DB00091,DB01026,1,1.0,A,DB00091,pathway,512,1.0,0.0,0.0
14,DB00091,DB01026,1,1.0,A,DB00091,pathway,513,1.0,0.0,0.0
14,DB00091,DB01026,1,1.0,A,DB00091,pathway,515,1.0,0.0,0.0
14,DB00091,DB01026,1,1.0,A,DB00091,pathway,521,1.0,0.0,0.0
14,DB00091,DB01026,1,1.0,A,DB00091,pathway,524,1.0,0.0,0.0
14,DB00091,DB01026,1,1.0,A,DB00091,pathway,527,1.0,0.0,0.0
14,DB00091,DB01026,1,1.0,A,DB00091,pathway,528,1.0,0.0,0.0
14,DB00091,DB01026,1,1.0,A,DB00091,pathway,530,1.0,0.0,0.0
14,DB00091,DB01026,1,1.0,A,DB00091,pathway,531,1.0,0.0,0.0
14,DB00091,DB01026,1,1.0,A,DB00091,pathway,532,1.0,0.0,0.0
14,DB00091,DB01026,1,1.0,A,DB00091,pathway,536,1.0,0.0,0.0
14,DB00091,DB01026,1,1.0,A,DB00091,pathway,542,1.0,0.0,0.0
14,DB00091,DB01026,1,1.0,A,DB00091,pathway,544,1.0,0.0,0.0
14,DB00091,DB01026,1,1.0,A,DB00091,pathway,552,1.0,0.0,0.0
14,DB00091,DB01026,1,1.0,A,DB00091,pathway,557,1.0,0.0,0.0
14,DB00091,DB01026,1,1.0,A,DB00091,pathway,559,1.0,0.0,0.0
14,DB00091,DB01026,1,1.0,A,DB00091,pathway,587,1.0,0.0,0.0
14,DB00091,DB01026,1,1.0,A,DB00091,pathway,588,1.0,0.0,0.0
14,DB00091,DB01026,1,1.0,A,DB00091,pathway,589,1.0,0.0,0.0
14,DB00091,DB01026,1,1.0,A,DB00091,pathway,590,1.0,0.0,0.0
14,DB00091,DB01026,1,1.0,A,DB00091,pathway,591,1.0,0.0,0.0
14,DB00091,DB01026,1,1.0,A,DB00091,pathway,594,1.0,0.0,0.0
14,DB00091,DB01026,1,1.0,A,DB00091,pathway,602,1.0,0.0,0.0
14,DB00091,DB01026,1,1.0,A,DB00091,pathway,612,1.0,0.0,0.0
14,DB00091,DB01026,1,1.0,A,DB00091,pathway,614,1.0,0.0,0.0
14,DB00091,DB01026,1,1.0,A,DB00091,pathway,617,1.0,0.0,0.0
14,DB00091,DB01026,1,1.0,A,DB00091,pathway,619,1.0,0.0,0.0
14,DB00091,DB01026,1,1.0,A,DB00091,pathway,620,1.0,0.0,0.0
14,DB00091,DB01026,1,1.0,A,DB00091,pathway,625,1.0,0.0,0.0
14,DB00091,DB01026,1,1.0,A,DB00091,pathway,626,1.0,0.0,0.0
14,DB00091,DB01026,1,1.0,A,DB00091,pathway,627,1.0,0.0,0.0
14,DB00091,DB01026,1,1.0,A,DB00091,pathway,630,1.0,0.0,0.0
14,DB00091,DB01026,1,1.0,A,DB00091,pathway,631,1.0,0.0,0.0
14,DB00091,DB01026,1,1.0,A,DB00091,pathway,636,1.0,0.0,0.0
14,DB00091,DB01026,1,1.0,A,DB00091,pathway,637,1.0,0.0,0.0
14,DB00091,DB01026,1,1.0,A,DB00091,pathway,638,1.0,0.0,0.0
14,DB00091,DB01026,1,1.0,A,DB00091,pathway,640,1.0,0.0,0.0
14,DB00091,DB01026,1,1.0,A,DB00091,pathway,641,1.0,0.0,0.0
14,DB00091,DB01026,1,1.0,A,DB00091,pathway,642,1.0,0.0,0.0
14,DB00091,DB01026,1,1.0,A,DB00091,pathway,643,1.0,0.0,0.0
14,DB00091,DB01026,1,1.0,A,DB00091,pathway,644,1.0,0.0,0.0
14,DB00091,DB01026,1,1.0,A,DB00091,pathway,645,1.0,0.0,0.0
14,DB00091,DB01026,1,1.0,A,DB00091,pathway,646,1.0,0.0,0.0
14,DB00091,DB01026,1,1.0,A,DB00091,pathway,647,1.0,0.0,0.0
14,DB00091,DB01026,1,1.0,A,DB00091,pathway,650,1.0,0.0,0.0
14,DB00091,DB01026,1,1.0,A,DB00091,pathway,651,1.0,0.0,0.0
14,DB00091,DB01026,1,1.0,A,DB00091,pathway,652,1.0,0.0,0.0
14,DB00091,DB01026,1,1.0,A,DB00091,pathway,654,1.0,0.0,0.0
14,DB00091,DB01026,1,1.0,A,DB00091,pathway,655,1.0,0.0,0.0
14,DB00091,DB01026,1,1.0,A,DB00091,pathway,656,1.0,0.0,0.0
14,DB00091,DB01026,1,1.0,A,DB00091,pathway,658,1.0,0.0,0.0
14,DB00091,DB01026,1,1.0,A,DB00091,pathway,664,1.0,0.0,0.0
14,DB00091,DB01026,1,1.0,A,DB00091,pathway,668,1.0,0.0,0.0
14,DB00091,DB01026,1,1.0,A,DB00091,pathway,670,1.0,0.0,0.0
14,DB00091,DB01026,1,1.0,A,DB00091,pathway,671,1.0,0.0,0.0
14,DB00091,DB01026,1,1.0,A,DB00091,pathway,672,1.0,0.0,0.0
14,DB00091,DB01026,1,1.0,A,DB00091,pathway,673,1.0,0.0,0.0
14,DB00091,DB01026,1,1.0,A,DB00091,pathway,674,1.0,0.0,0.0
14,DB00091,DB01026,1,1.0,A,DB00091,pathway,677,1.0,0.0,0.0
14,DB00091,DB01026,1,1.0,A,DB00091,pathway,679,1.0,0.0,0.0
14,DB00091,DB01026,1,1.0,A,DB00091,pathway,683,1.0,0.0,0.0
14,DB00091,DB01026,1,1.0,A,DB00091,pathway,685,1.0,0.0,0.0
14,DB00091,DB01026,1,1.0,A,DB00091,pathway,686,1.0,0.0,0.0
14,DB00091,DB01026,1,1.0,A,DB00091,pathway,687,1.0,0.0,0.0
14,DB00091,DB01026,1,1.0,A,DB00091,pathway,688,1.0,0.0,0.0
14,DB00091,DB01026,1,1.0,A,DB00091,pathway,691,1.0,0.0,0.0
14,DB00091,DB01026,1,1.0,A,DB00091,pathway,692,1.0,0.0,0.0
14,DB00091,DB01026,1,1.0,A,DB00091,pathway,693,1.0,0.0,0.0
14,DB00091,DB01026,1,1.0,A,DB00091,pathway,694,1.0,0.0,0.0
14,DB00091,DB01026,1,1.0,A,DB00091,pathway,695,1.0,0.0,0.0
14,DB00091,DB01026,1,1.0,A,DB00091,pathway,696,1.0,0.0,0.0
14,DB00091,DB01026,1,1.0,A,DB00091,pathway,701,1.0,0.0,0.0
14,DB00091,DB01026,1,1.0,A,DB00091,pathway,703,1.0,0.0,0.0
14,DB00091,DB01026,1,1.0,A,DB00091,pathway,704,1.0,0.0,0.0
14,DB00091,DB01026,1,1.0,A,DB00091,pathway,705,1.0,0.0,0.0
14,DB00091,DB01026,1,1.0,A,DB00091,pathway,707,1.0,0.0,0.0
14,DB00091,DB01026,1,1.0,A,DB00091,pathway,708,1.0,0.0,0.0
14,DB00091,DB01026,1,1.0,A,DB00091,pathway,709,1.0,0.0,0.0
14,DB00091,DB01026,1,1.0,A,DB00091,pathway,711,1.0,0.0,0.0
14,DB00091,DB01026,1,1.0,A,DB00091,pathway,715,1.0,0.0,0.0
14,DB00091,DB01026,1,1.0,A,DB00091,pathway,716,1.0,0.0,0.0
14,DB00091,DB01026,1,1.0,A,DB00091,pathway,717,1.0,0.0,0.0
14,DB00091,DB01026,1,1.0,A,DB00091,pathway,718,1.0,0.0,0.0
14,DB00091,DB01026,1,1.0,A,DB00091,pathway,719,1.0,0.0,0.0
14,DB00091,DB01026,1,1.0,A,DB00091,pathway,728,1.0,0.0,0.0
14,DB00091,DB01026,1,1.0,A,DB00091,pathway,730,1.0,0.0,0.0
14,DB00091,DB01026,1,1.0,A,DB00091,pathway,732,1.0,0.0,0.0
14,DB00091,DB01026,1,1.0,A,DB00091,pathway,733,1.0,0.0,0.0
14,DB00091,DB01026,1,1.0,A,DB00091,pathway,744,1.0,0.0,0.0
14,DB00091,DB01026,1,1.0,A,DB00091,pathway,764,1.0,0.0,0.0
14,DB00091,DB01026,1,1.0,A,DB00091,pathway,765,1.0,0.0,0.0
14,DB00091,DB01026,1,1.0,A,DB00091,pathway,772,1.0,0.0,0.0
14,DB00091,DB01026,1,1.0,A,DB00091,pathway,775,1.0,0.0,0.0
14,DB00091,DB01026,1,1.0,A,DB00091,pathway,776,1.0,0.0,0.0
14,DB00091,DB01026,1,1.0,A,DB00091,pathway,777,1.0,0.0,0.0
14,DB00091,DB01026,1,1.0,A,DB00091,pathway,783,1.0,0.0,0.0
14,DB00091,DB01026,1,1.0,A,DB00091,pathway,784,1.0,0.0,0.0
14,DB00091,DB01026,1,1.0,A,DB00091,pathway,787,1.0,0.0,0.0
14,DB00091,DB01026,1,1.0,A,DB00091,pathway,788,1.0,0.0,0.0
14,DB00091,DB01026,1,1.0,A,DB00091,pathway,789,1.0,0.0,0.0
14,DB00091,DB01026,1,1.0,A,DB00091,pathway,797,1.0,0.0,0.0
14,DB00091,DB01026,1,1.0,A,DB00091,pathway,798,1.0,0.0,0.0
14,DB00091,DB01026,1,1.0,A,DB00091,pathway,799,1.0,0.0,0.0
14,DB00091,DB01026,1,1.0,A,DB00091,pathway,801,1.0,0.0,0.0
14,DB00091,DB01026,1,1.0,A,DB00091,pathway,805,1.0,0.0,0.0
14,DB00091,DB01026,1,1.0,A,DB00091,pathway,806,1.0,0.0,0.0
14,DB00091,DB01026,1,1.0,A,DB00091,pathway,811,1.0,0.0,0.0
14,DB00091,DB01026,1,1.0,A,DB00091,pathway,826,1.0,0.0,0.0
14,DB00091,DB01026,1,1.0,A,DB00091,pathway,830,1.0,0.0,0.0
14,DB00091,DB01026,1,1.0,A,DB00091,pathway,836,1.0,0.0,0.0
14,DB00091,DB01026,1,1.0,A,DB00091,pathway,837,1.0,0.0,0.0
14,DB00091,DB01026,1,1.0,A,DB00091,pathway,840,1.0,0.0,0.0
14,DB00091,DB01026,1,1.0,A,DB00091,pathway,845,1.0,0.0,0.0
14,DB00091,DB01026,1,1.0,A,DB00091,pathway,853,1.0,0.0,0.0
14,DB00091,DB01026,1,1.0,A,DB00091,pathway,854,1.0,0.0,0.0
14,DB00091,DB01026,1,1.0,A,DB00091,pathway,855,1.0,0.0,0.0
14,DB00091,DB01026,1,1.0,A,DB00091,pathway,863,1.0,0.0,0.0
14,DB00091,DB01026,1,1.0,A,DB00091,pathway,870,1.0,0.0,0.0
14,DB00091,DB01026,1,1.0,A,DB00091,pathway,874,1.0,0.0,0.0
14,DB00091,DB01026,1,1.0,A,DB00091,pathway,877,1.0,0.0,0.0
14,DB00091,DB01026,1,1.0,A,DB00091,pathway,883,1.0,0.0,0.0
14,DB00091,DB01026,1,1.0,A,DB00091,pathway,896,1.0,0.0,0.0
14,DB00091,DB01026,1,1.0,A,DB00091,pathway,910,1.0,0.0,0.0
14,DB00091,DB01026,1,1.0,A,DB00091,pathway,919,1.0,0.0,0.0
14,DB00091,DB01026,1,1.0,A,DB00091,pathway,922,1.0,0.0,0.0
14,DB00091,DB01026,1,1.0,A,DB00091,pathway,927,1.0,0.0,0.0
14,DB00091,DB01026,1,1.0,A,DB00091,pathway,940,1.0,0.0,0.0
14,DB00091,DB01026,1,1.0,A,DB00091,pathway,948,1.0,0.0,0.0
14,DB00091,DB01026,1,1.0,A,DB00091,pathway,955,1.0,0.0,0.0
14,DB00091,DB01026,1,1.0,A,DB00091,pathway,958,1.0,0.0,0.0
14,DB00091,DB01026,1,1.0,A,DB00091,pathway,959,1.0,0.0,0.0
14,DB00091,DB01026,1,1.0,A,DB00091,pathway,965,1.0,0.0,0.0
14,DB00091,DB01026,1,1.0,A,DB00091,pathway,968,1.0,0.0,0.0
14,DB00091,DB01026,1,1.0,A,DB00091,pathway,969,1.0,0.0,0.0
14,DB00091,DB01026,1,1.0,A,DB00091,pathway,970,1.0,0.0,0.0
14,DB00091,DB01026,1,1.0,A,DB00091,pathway,973,1.0,0.0,0.0
14,DB00091,DB01026,1,1.0,A,DB00091,pathway,981,1.0,0.0,0.0
14,DB00091,DB01026,1,1.0,A,DB00091,pathway,986,1.0,0.0,0.0
14,DB00091,DB01026,1,1.0,A,DB00091,pathway,987,1.0,0.0,0.0
14,DB00091,DB01026,1,1.0,A,DB00091,pathway,988,1.0,0.0,0.0
14,DB00091,DB01026,1,1.0,A,DB00091,pathway,989,1.0,0.0,0.0
14,DB00091,DB01026,1,1.0,A,DB00091,pathway,1009,1.0,0.0,0.0
14,DB00091,DB01026,1,1.0,A,DB00091,pathway,1010,1.0,0.0,0.0
14,DB00091,DB01026,1,1.0,A,DB00091,pathway,1011,1.0,0.0,0.0
14,DB00091,DB01026,1,1.0,A,DB00091,pathway,1012,1.0,0.0,0.0
14,DB00091,DB01026,1,1.0,A,DB00091,pathway,1018,1.0,0.0,0.0
14,DB00091,DB01026,1,1.0,A,DB00091,pathway,1019,1.0,0.0,0.0
14,DB00091,DB01026,1,1.0,A,DB00091,pathway,1020,1.0,0.0,0.0
14,DB00091,DB01026,1,1.0,A,DB00091,pathway,1031,1.0,0.0,0.0
14,DB00091,DB01026,1,1.0,A,DB00091,pathway,1037,1.0,0.0,0.0
14,DB00091,DB01026,1,1.0,A,DB00091,pathway,1041,1.0,0.0,0.0
14,DB00091,DB01026,1,1.0,A,DB00091,pathway,1044,1.0,0.0,0.0
14,DB00091,DB01026,1,1.0,A,DB00091,pathway,1045,1.0,0.0,0.0
14,DB00091,DB01026,1,1.0,A,DB00091,pathway,1046,1.0,0.0,0.0
14,DB00091,DB01026,1,1.0,A,DB00091,pathway,1047,1.0,0.0,0.0
14,DB00091,DB01026,1,1.0,A,DB00091,pathway,1048,1.0,0.0,0.0
14,DB00091,DB01026,1,1.0,A,DB00091,pathway,1054,1.0,0.0,0.0
14,DB00091,DB01026,1,1.0,A,DB00091,pathway,1057,1.0,0.0,0.0
14,DB00091,DB01026,1,1.0,A,DB00091,pathway,1062,1.0,0.0,0.0
14,DB00091,DB01026,1,1.0,A,DB00091,pathway,1064,1.0,0.0,0.0
14,DB00091,DB01026,1,1.0,A,DB00091,pathway,1066,1.0,0.0,0.0
14,DB00091,DB01026,1,1.0,A,DB00091,pathway,1073,1.0,0.0,0.0
14,DB00091,DB01026,1,1.0,A,DB00091,pathway,1074,1.0,0.0,0.0
14,DB00091,DB01026,1,1.0,A,DB00091,pathway,1079,1.0,0.0,0.0
14,DB00091,DB01026,1,1.0,A,DB00091,pathway,1080,1.0,0.0,0.0
14,DB00091,DB01026,1,1.0,A,DB00091,pathway,1081,1.0,0.0,0.0
14,DB00091,DB01026,1,1.0,A,DB00091,pathway,1082,1.0,0.0,0.0
14,DB00091,DB01026,1,1.0,A,DB00091,pathway,1083,1.0,0.0,0.0
14,DB00091,DB01026,1,1.0,A,DB00091,pathway,1084,1.0,0.0,0.0
14,DB00091,DB01026,1,1.0,A,DB00091,pathway,1085,1.0,0.0,0.0
14,DB00091,DB01026,1,1.0,A,DB00091,pathway,1089,1.0,0.0,0.0
14,DB00091,DB01026,1,1.0,A,DB00091,pathway,1090,1.0,0.0,0.0
14,DB00091,DB01026,1,1.0,A,DB00091,pathway,1099,1.0,0.0,0.0
14,DB00091,DB01026,1,1.0,A,DB00091,pathway,1100,1.0,0.0,0.0
14,DB00091,DB01026,1,1.0,A,DB00091,pathway,1102,1.0,0.0,0.0
14,DB00091,DB01026,1,1.0,A,DB00091,pathway,1103,1.0,0.0,0.0
14,DB00091,DB01026,1,1.0,A,DB00091,pathway,1107,1.0,0.0,0.0
14,DB00091,DB01026,1,1.0,A,DB00091,pathway,1108,1.0,0.0,0.0
14,DB00091,DB01026,1,1.0,A,DB00091,pathway,1110,1.0,0.0,0.0
14,DB00091,DB01026,1,1.0,A,DB00091,pathway,1116,1.0,0.0,0.0
14,DB00091,DB01026,1,1.0,A,DB00091,pathway,1119,1.0,0.0,0.0
14,DB00091,DB01026,1,1.0,A,DB00091,pathway,1120,1.0,0.0,0.0
14,DB00091,DB01026,1,1.0,A,DB00091,pathway,1121,1.0,0.0,0.0
14,DB00091,DB01026,1,1.0,A,DB00091,pathway,1122,1.0,0.0,0.0
14,DB00091,DB01026,1,1.0,A,DB00091,pathway,1123,1.0,0.0,0.0
14,DB00091,DB01026,1,1.0,A,DB00091,pathway,1126,1.0,0.0,0.0
14,DB00091,DB01026,1,1.0,A,DB00091,pathway,1134,1.0,0.0,0.0
14,DB00091,DB01026,1,1.0,A,DB00091,pathway,1135,1.0,0.0,0.0
14,DB00091,DB01026,1,1.0,A,DB00091,pathway,1138,1.0,0.0,0.0
14,DB00091,DB01026,1,1.0,A,DB00091,pathway,1153,1.0,0.0,0.0
14,DB00091,DB01026,1,1.0,A,DB00091,pathway,1154,1.0,0.0,0.0
14,DB00091,DB01026,1,1.0,A,DB00091,pathway,1157,1.0,0.0,0.0
14,DB00091,DB01026,1,1.0,A,DB00091,pathway,1165,1.0,0.0,0.0
14,DB00091,DB01026,1,1.0,A,DB00091,pathway,1167,1.0,0.0,0.0
14,DB00091,DB01026,1,1.0,A,DB00091,pathway,1177,1.0,0.0,0.0
14,DB00091,DB01026,1,1.0,A,DB00091,pathway,1182,1.0,0.0,0.0
14,DB00091,DB01026,1,1.0,A,DB00091,pathway,1217,1.0,0.0,0.0
14,DB00091,DB01026,1,1.0,A,DB00091,pathway,1218,1.0,0.0,0.0
14,DB00091,DB01026,1,1.0,A,DB00091,pathway,1224,1.0,0.0,0.0
14,DB00091,DB01026,1,1.0,A,DB00091,pathway,1225,1.0,0.0,0.0
14,DB00091,DB01026,1,1.0,A,DB00091,pathway,1230,1.0,0.0,0.0
14,DB00091,DB01026,1,1.0,A,DB00091,pathway,1245,1.0,0.0,0.0
14,DB00091,DB01026,1,1.0,A,DB00091,pathway,1249,1.0,0.0,0.0
14,DB00091,DB01026,1,1.0,A,DB00091,pathway,1262,1.0,0.0,0.0
14,DB00091,DB01026,1,1.0,A,DB00091,pathway,1263,1.0,0.0,0.0
14,DB00091,DB01026,1,1.0,A,DB00091,pathway,1264,1.0,0.0,0.0
14,DB00091,DB01026,1,1.0,A,DB00091,pathway,1265,1.0,0.0,0.0
14,DB00091,DB01026,1,1.0,A,DB00091,pathway,1266,1.0,0.0,0.0
14,DB00091,DB01026,1,1.0,A,DB00091,pathway,1267,1.0,0.0,0.0
14,DB00091,DB01026,1,1.0,A,DB00091,pathway,1268,1.0,0.0,0.0
14,DB00091,DB01026,1,1.0,A,DB00091,pathway,1270,1.0,0.0,0.0
14,DB00091,DB01026,1,1.0,A,DB00091,pathway,1272,1.0,0.0,0.0
14,DB00091,DB01026,1,1.0,A,DB00091,pathway,1278,1.0,0.0,0.0
14,DB00091,DB01026,1,1.0,A,DB00091,pathway,1291,1.0,0.0,0.0
14,DB00091,DB01026,1,1.0,A,DB00091,pathway,1292,1.0,0.0,0.0
14,DB00091,DB01026,1,1.0,A,DB00091,pathway,1297,1.0,0.0,0.0
14,DB00091,DB01026,1,1.0,A,DB00091,pathway,1298,1.0,0.0,0.0
14,DB00091,DB01026,1,1.0,A,DB00091,pathway,1299,1.0,0.0,0.0
14,DB00091,DB01026,1,1.0,A,DB00091,pathway,1300,1.0,0.0,0.0
14,DB00091,DB01026,1,1.0,A,DB00091,pathway,1301,1.0,0.0,0.0
14,DB00091,DB01026,1,1.0,A,DB00091,pathway,1302,1.0,0.0,0.0
14,DB00091,DB01026,1,1.0,A,DB00091,pathway,1305,1.0,0.0,0.0
14,DB00091,DB01026,1,1.0,A,DB00091,pathway,1312,1.0,0.0,0.0
14,DB00091,DB01026,1,1.0,A,DB00091,pathway,1318,1.0,0.0,0.0
14,DB00091,DB01026,1,1.0,A,DB00091,pathway,1329,1.0,0.0,0.0
14,DB00091,DB01026,1,1.0,A,DB00091,pathway,1333,1.0,0.0,0.0
14,DB00091,DB01026,1,1.0,A,DB00091,pathway,1339,1.0,0.0,0.0
14,DB00091,DB01026,1,1.0,A,DB00091,pathway,1346,1.0,0.0,0.0
14,DB00091,DB01026,1,1.0,A,DB00091,pathway,1347,1.0,0.0,0.0
14,DB00091,DB01026,1,1.0,A,DB00091,pathway,1348,1.0,0.0,0.0
14,DB00091,DB01026,1,1.0,A,DB00091,pathway,1353,1.0,0.0,0.0
14,DB00091,DB01026,1,1.0,A,DB00091,pathway,1356,1.0,0.0,0.0
14,DB00091,DB01026,1,1.0,A,DB00091,pathway,1364,1.0,0.0,0.0
14,DB00091,DB01026,1,1.0,A,DB00091,pathway,1366,1.0,0.0,0.0
14,DB00091,DB01026,1,1.0,A,DB00091,pathway,1370,1.0,0.0,0.0
14,DB00091,DB01026,1,1.0,A,DB00091,pathway,1372,1.0,0.0,0.0
14,DB00091,DB01026,1,1.0,A,DB00091,pathway,1373,1.0,0.0,0.0
14,DB00091,DB01026,1,1.0,A,DB00091,pathway,1382,1.0,0.0,0.0
14,DB00091,DB01026,1,1.0,A,DB00091,pathway,1394,1.0,0.0,0.0
14,DB00091,DB01026,1,1.0,A,DB00091,pathway,1396,1.0,0.0,0.0
14,DB00091,DB01026,1,1.0,A,DB00091,pathway,1397,1.0,0.0,0.0
14,DB00091,DB01026,1,1.0,A,DB00091,pathway,1401,1.0,0.0,0.0
14,DB00091,DB01026,1,1.0,A,DB00091,pathway,1402,1.0,0.0,0.0
14,DB00091,DB01026,1,1.0,A,DB00091,pathway,1405,1.0,0.0,0.0
14,DB00091,DB01026,1,1.0,A,DB00091,pathway,1414,1.0,0.0,0.0
14,DB00091,DB01026,1,1.0,A,DB00091,pathway,1419,1.0,0.0,0.0
14,DB00091,DB01026,1,1.0,A,DB00091,pathway,1422,1.0,0.0,0.0
14,DB00091,DB01026,1,1.0,A,DB00091,pathway,1423,1.0,0.0,0.0
14,DB00091,DB01026,1,1.0,A,DB00091,pathway,1424,1.0,0.0,0.0
14,DB00091,DB01026,1,1.0,A,DB00091,pathway,1428,1.0,0.0,0.0
14,DB00091,DB01026,1,1.0,A,DB00091,pathway,1430,1.0,0.0,0.0
14,DB00091,DB01026,1,1.0,A,DB00091,pathway,1431,1.0,0.0,0.0
14,DB00091,DB01026,1,1.0,A,DB00091,pathway,1432,1.0,0.0,0.0
14,DB00091,DB01026,1,1.0,A,DB00091,pathway,1436,1.0,0.0,0.0
14,DB00091,DB01026,1,1.0,A,DB00091,pathway,1437,1.0,0.0,0.0
14,DB00091,DB01026,1,1.0,A,DB00091,pathway,1440,1.0,0.0,0.0
14,DB00091,DB01026,1,1.0,A,DB00091,pathway,1441,1.0,0.0,0.0
14,DB00091,DB01026,1,1.0,A,DB00091,pathway,1446,1.0,0.0,0.0
14,DB00091,DB01026,1,1.0,A,DB00091,pathway,1448,1.0,0.0,0.0
14,DB00091,DB01026,1,1.0,A,DB00091,pathway,1453,1.0,0.0,0.0
14,DB00091,DB01026,1,1.0,A,DB00091,pathway,1467,1.0,0.0,0.0
14,DB00091,DB01026,1,1.0,A,DB00091,pathway,1468,1.0,0.0,0.0
14,DB00091,DB01026,1,1.0,A,DB00091,pathway,1471,1.0,0.0,0.0
14,DB00091,DB01026,1,1.0,A,DB00091,pathway,1472,1.0,0.0,0.0
14,DB00091,DB01026,1,1.0,A,DB00091,pathway,1473,1.0,0.0,0.0
14,DB00091,DB01026,1,1.0,A,DB00091,pathway,1474,1.0,0.0,0.0
14,DB00091,DB01026,1,1.0,A,DB00091,pathway,1488,1.0,0.0,0.0
14,DB00091,DB01026,1,1.0,A,DB00091,pathway,1489,1.0,0.0,0.0
14,DB00091,DB01026,1,1.0,A,DB00091,pathway,1490,1.0,0.0,0.0
14,DB00091,DB01026,1,1.0,A,DB00091,pathway,1491,1.0,0.0,0.0
14,DB00091,DB01026,1,1.0,A,DB00091,pathway,1492,1.0,0.0,0.0
14,DB00091,DB01026,1,1.0,A,DB00091,pathway,1496,1.0,0.0,0.0
14,DB00091,DB01026,1,1.0,A,DB00091,pathway,1500,1.0,0.0,0.0
14,DB00091,DB01026,1,1.0,A,DB00091,pathway,1502,1.0,0.0,0.0
14,DB00091,DB01026,1,1.0,A,DB00091,pathway,1513,1.0,0.0,0.0
14,DB00091,DB01026,1,1.0,A,DB00091,pathway,1514,1.0,0.0,0.0
14,DB00091,DB01026,1,1.0,A,DB00091,pathway,1518,1.0,0.0,0.0
14,DB00091,DB01026,1,1.0,A,DB00091,pathway,1521,1.0,0.0,0.0
14,DB00091,DB01026,1,1.0,A,DB00091,pathway,1522,1.0,0.0,0.0
14,DB00091,DB01026,1,1.0,A,DB00091,pathway,1524,1.0,0.0,0.0
14,DB00091,DB01026,1,1.0,A,DB00091,pathway,1531,1.0,0.0,0.0
14,DB00091,DB01026,1,1.0,A,DB00091,pathway,1533,1.0,0.0,0.0
14,DB00091,DB01026,1,1.0,A,DB00091,pathway,1534,1.0,0.0,0.0
14,DB00091,DB01026,1,1.0,A,DB00091,pathway,1542,1.0,0.0,0.0
14,DB00091,DB01026,1,1.0,A,DB00091,pathway,1544,1.0,0.0,0.0
14,DB00091,DB01026,1,1.0,A,DB00091,pathway,1547,1.0,0.0,0.0
14,DB00091,DB01026,1,1.0,A,DB00091,pathway,1548,1.0,0.0,0.0
14,DB00091,DB01026,1,1.0,A,DB00091,pathway,1549,1.0,0.0,0.0
14,DB00091,DB01026,1,1.0,A,DB00091,pathway,1557,1.0,0.0,0.0
14,DB00091,DB01026,1,1.0,A,DB00091,pathway,1562,1.0,0.0,0.0
14,DB00091,DB01026,1,1.0,A,DB00091,pathway,1567,1.0,0.0,0.0
14,DB00091,DB01026,1,1.0,A,DB00091,pathway,1568,1.0,0.0,0.0
14,DB00091,DB01026,1,1.0,A,DB00091,pathway,1569,1.0,0.0,0.0
14,DB00091,DB01026,1,1.0,A,DB00091,pathway,1570,1.0,0.0,0.0
14,DB00091,DB01026,1,1.0,A,DB00091,pathway,1571,1.0,0.0,0.0
14,DB00091,DB01026,1,1.0,A,DB00091,pathway,1577,1.0,0.0,0.0
14,DB00091,DB01026,1,1.0,A,DB00091,pathway,1582,1.0,0.0,0.0
14,DB00091,DB01026,1,1.0,A,DB00091,pathway,1584,1.0,0.0,0.0
14,DB00091,DB01026,1,1.0,A,DB00091,pathway,1585,1.0,0.0,0.0
14,DB00091,DB01026,1,1.0,A,DB00091,pathway,1586,1.0,0.0,0.0
14,DB00091,DB01026,1,1.0,A,DB00091,pathway,1587,1.0,0.0,0.0
14,DB00091,DB01026,1,1.0,A,DB00091,pathway,1589,1.0,0.0,0.0
14,DB00091,DB01026,1,1.0,A,DB00091,pathway,1590,1.0,0.0,0.0
14,DB00091,DB01026,1,1.0,A,DB00091,pathway,1591,1.0,0.0,0.0
14,DB00091,DB01026,1,1.0,A,DB00091,pathway,1592,1.0,0.0,0.0
14,DB00091,DB01026,1,1.0,A,DB00091,pathway,1593,1.0,0.0,0.0
14,DB00091,DB01026,1,1.0,A,DB00091,pathway,1594,1.0,0.0,0.0
14,DB00091,DB01026,1,1.0,A,DB00091,pathway,1595,1.0,0.0,0.0
14,DB00091,DB01026,1,1.0,A,DB00091,pathway,1596,1.0,0.0,0.0
14,DB00091,DB01026,1,1.0,A,DB00091,pathway,1597,1.0,0.0,0.0
14,DB00091,DB01026,1,1.0,A,DB00091,pathway,1598,1.0,0.0,0.0
14,DB00091,DB01026,1,1.0,A,DB00091,pathway,1599,1.0,0.0,0.0
14,DB00091,DB01026,1,1.0,A,DB00091,pathway,1613,1.0,0.0,0.0
14,DB00091,DB01026,1,1.0,A,DB00091,pathway,1635,1.0,0.0,0.0
14,DB00091,DB01026,1,1.0,A,DB00091,pathway,1637,1.0,0.0,0.0
14,DB00091,DB01026,1,1.0,A,DB00091,pathway,1640,1.0,0.0,0.0
14,DB00091,DB01026,1,1.0,A,DB00091,pathway,1652,1.0,0.0,0.0
14,DB00091,DB01026,1,1.0,A,DB00091,pathway,1665,1.0,0.0,0.0
14,DB00091,DB01026,1,1.0,A,DB00091,pathway,1685,1.0,0.0,0.0
14,DB00091,DB01026,1,1.0,A,DB00091,pathway,1686,1.0,0.0,0.0
14,DB00091,DB01026,1,1.0,A,DB00091,pathway,1687,1.0,0.0,0.0
14,DB00091,DB01026,1,1.0,A,DB00091,pathway,1688,1.0,0.0,0.0
14,DB00091,DB01026,1,1.0,A,DB00091,pathway,1692,1.0,0.0,0.0
14,DB00091,DB01026,1,1.0,A,DB00091,pathway,1694,1.0,0.0,0.0
14,DB00091,DB01026,1,1.0,A,DB00091,pathway,1695,1.0,0.0,0.0
14,DB00091,DB01026,1,1.0,A,DB00091,pathway,1696,1.0,0.0,0.0
14,DB00091,DB01026,1,1.0,A,DB00091,pathway,1700,1.0,0.0,0.0
14,DB00091,DB01026,1,1.0,A,DB00091,pathway,1701,1.0,0.0,0.0
14,DB00091,DB01026,1,1.0,A,DB00091,pathway,1713,1.0,0.0,0.0
14,DB00091,DB01026,1,1.0,A,DB00091,pathway,1714,1.0,0.0,0.0
14,DB00091,DB01026,1,1.0,A,DB00091,pathway,1719,1.0,0.0,0.0
14,DB00091,DB01026,1,1.0,A,DB00091,pathway,1721,1.0,0.0,0.0
14,DB00091,DB01026,1,1.0,A,DB00091,pathway,1730,1.0,0.0,0.0
14,DB00091,DB01026,1,1.0,A,DB00091,pathway,1737,1.0,0.0,0.0
14,DB00091,DB01026,1,1.0,A,DB00091,pathway,1743,1.0,0.0,0.0
14,DB00091,DB01026,1,1.0,A,DB00091,pathway,1744,1.0,0.0,0.0
14,DB00091,DB01026,1,1.0,A,DB00091,pathway,1746,1.0,0.0,0.0
14,DB00091,DB01026,1,1.0,A,DB00091,pathway,1751,1.0,0.0,0.0
14,DB00091,DB01026,1,1.0,A,DB00091,pathway,1755,1.0,0.0,0.0
14,DB00091,DB01026,1,1.0,A,DB00091,pathway,1758,1.0,0.0,0.0
14,DB00091,DB01026,1,1.0,A,DB00091,pathway,1765,1.0,0.0,0.0
14,DB00091,DB01026,1,1.0,A,DB00091,pathway,1770,1.0,0.0,0.0
14,DB00091,DB01026,1,1.0,A,DB00091,pathway,1774,1.0,0.0,0.0
14,DB00091,DB01026,1,1.0,A,DB00091,pathway,1776,1.0,0.0,0.0
14,DB00091,DB01026,1,1.0,A,DB00091,pathway,1779,1.0,0.0,0.0
14,DB00091,DB01026,1,1.0,A,DB00091,pathway,1783,1.0,0.0,0.0
14,DB00091,DB01026,1,1.0,A,DB00091,pathway,1784,1.0,0.0,0.0
14,DB00091,DB01026,1,1.0,A,DB00091,pathway,1788,1.0,0.0,0.0
14,DB00091,DB01026,1,1.0,A,DB00091,pathway,1790,1.0,0.0,0.0
14,DB00091,DB01026,1,1.0,A,DB00091,pathway,1791,1.0,0.0,0.0
14,DB00091,DB01026,1,1.0,A,DB00091,pathway,1793,1.0,0.0,0.0
14,DB00091,DB01026,1,1.0,A,DB00091,pathway,1794,1.0,0.0,0.0
14,DB00091,DB01026,1,1.0,A,DB00091,pathway,1795,1.0,0.0,0.0
14,DB00091,DB01026,1,1.0,A,DB00091,pathway,1796,1.0,0.0,0.0
14,DB00091,DB01026,1,1.0,A,DB00091,pathway,1797,1.0,0.0,0.0
14,DB00091,DB01026,1,1.0,A,DB00091,pathway,1798,1.0,0.0,0.0
14,DB00091,DB01026,1,1.0,A,DB00091,pathway,1799,1.0,0.0,0.0
14,DB00091,DB01026,1,1.0,A,DB00091,pathway,1801,1.0,0.0,0.0
14,DB00091,DB01026,1,1.0,A,DB00091,pathway,1805,1.0,0.0,0.0
14,DB00091,DB01026,1,1.0,A,DB00091,pathway,1812,1.0,0.0,0.0
14,DB00091,DB01026,1,1.0,A,DB00091,pathway,1818,1.0,0.0,0.0
14,DB00091,DB01026,1,1.0,A,DB00091,pathway,1827,1.0,0.0,0.0
14,DB00091,DB01026,1,1.0,A,DB00091,pathway,1831,1.0,0.0,0.0
14,DB00091,DB01026,1,1.0,A,DB00091,pathway,1837,1.0,0.0,0.0
14,DB00091,DB01026,1,1.0,A,DB00091,pathway,1842,1.0,0.0,0.0
14,DB00091,DB01026,1,1.0,A,DB00091,pathway,1846,1.0,0.0,0.0
14,DB00091,DB01026,1,1.0,A,DB00091,pathway,1848,1.0,0.0,0.0
14,DB00091,DB01026,1,1.0,A,DB00091,pathway,1849,1.0,0.0,0.0
14,DB00091,DB01026,1,1.0,A,DB00091,pathway,1850,1.0,0.0,0.0
14,DB00091,DB01026,1,1.0,A,DB00091,pathway,1853,1.0,0.0,0.0
14,DB00091,DB01026,1,1.0,A,DB00091,pathway,1854,1.0,0.0,0.0
14,DB00091,DB01026,1,1.0,A,DB00091,pathway,1865,1.0,0.0,0.0
14,DB00091,DB01026,1,1.0,A,DB00091,pathway,1867,1.0,0.0,0.0
14,DB00091,DB01026,1,1.0,A,DB00091,pathway,1877,1.0,0.0,0.0
14,DB00091,DB01026,1,1.0,A,DB00091,pathway,1879,1.0,0.0,0.0
14,DB00091,DB01026,1,1.0,A,DB00091,pathway,1880,1.0,0.0,0.0
14,DB00091,DB01026,1,1.0,A,DB00091,pathway,1886,1.0,0.0,0.0
14,DB00091,DB01026,1,1.0,A,DB00091,pathway,1892,1.0,0.0,0.0
14,DB00091,DB01026,1,1.0,A,DB00091,pathway,1893,1.0,0.0,0.0
14,DB00091,DB01026,1,1.0,A,DB00091,pathway,1896,1.0,0.0,0.0
14,DB00091,DB01026,1,1.0,A,DB00091,pathway,1898,1.0,0.0,0.0
14,DB00091,DB01026,1,1.0,A,DB00091,pathway,1903,1.0,0.0,0.0
14,DB00091,DB01026,1,1.0,A,DB00091,pathway,1904,1.0,0.0,0.0
14,DB00091,DB01026,1,1.0,A,DB00091,pathway,1905,1.0,0.0,0.0
14,DB00091,DB01026,1,1.0,A,DB00091,pathway,1912,1.0,0.0,0.0
14,DB00091,DB01026,1,1.0,A,DB00091,pathway,1913,1.0,0.0,0.0
14,DB00091,DB01026,1,1.0,A,DB00091,pathway,1921,1.0,0.0,0.0
14,DB00091,DB01026,1,1.0,A,DB00091,pathway,1925,1.0,0.0,0.0
14,DB00091,DB01026,1,1.0,A,DB00091,pathway,1926,1.0,0.0,0.0
14,DB00091,DB01026,1,1.0,A,DB00091,pathway,1932,1.0,0.0,0.0
14,DB00091,DB01026,1,1.0,A,DB00091,pathway,1933,1.0,0.0,0.0
14,DB00091,DB01026,1,1.0,A,DB00091,pathway,1935,1.0,0.0,0.0
14,DB00091,DB01026,1,1.0,A,DB00091,pathway,1937,1.0,0.0,0.0
14,DB00091,DB01026,1,1.0,A,DB00091,pathway,1938,1.0,0.0,0.0
14,DB00091,DB01026,1,1.0,A,DB00091,pathway,1952,1.0,0.0,0.0
14,DB00091,DB01026,1,1.0,A,DB00091,pathway,1956,1.0,0.0,0.0
14,DB00091,DB01026,1,1.0,A,DB00091,pathway,1957,1.0,0.0,0.0
14,DB00091,DB01026,1,1.0,A,DB00091,pathway,1958,1.0,0.0,0.0
14,DB00091,DB01026,1,1.0,A,DB00091,pathway,1959,1.0,0.0,0.0
14,DB00091,DB01026,1,1.0,A,DB00091,pathway,1965,1.0,0.0,0.0
14,DB00091,DB01026,1,1.0,B,DB01026,pathway,2,1.0,0.0,0.0
14,DB00091,DB01026,1,1.0,B,DB01026,pathway,4,1.0,0.0,0.0
14,DB00091,DB01026,1,1.0,B,DB01026,pathway,11,1.0,0.0,0.0
14,DB00091,DB01026,1,1.0,B,DB01026,pathway,16,1.0,0.0,0.0
14,DB00091,DB01026,1,1.0,B,DB01026,pathway,26,1.0,0.0,0.0
14,DB00091,DB01026,1,1.0,B,DB01026,pathway,29,1.0,0.0,0.0
14,DB00091,DB01026,1,1.0,B,DB01026,pathway,31,1.0,0.0,0.0
14,DB00091,DB01026,1,1.0,B,DB01026,pathway,39,1.0,0.0,0.0
14,DB00091,DB01026,1,1.0,B,DB01026,pathway,43,1.0,0.0,0.0
14,DB00091,DB01026,1,1.0,B,DB01026,pathway,44,1.0,0.0,0.0
14,DB00091,DB01026,1,1.0,B,DB01026,pathway,51,1.0,0.0,0.0
14,DB00091,DB01026,1,1.0,B,DB01026,pathway,52,1.0,0.0,0.0
14,DB00091,DB01026,1,1.0,B,DB01026,pathway,53,1.0,0.0,0.0
14,DB00091,DB01026,1,1.0,B,DB01026,pathway,54,1.0,0.0,0.0
14,DB00091,DB01026,1,1.0,B,DB01026,pathway,55,1.0,0.0,0.0
14,DB00091,DB01026,1,1.0,B,DB01026,pathway,57,1.0,0.0,0.0
14,DB00091,DB01026,1,1.0,B,DB01026,pathway,62,1.0,0.0,0.0
14,DB00091,DB01026,1,1.0,B,DB01026,pathway,63,1.0,0.0,0.0
14,DB00091,DB01026,1,1.0,B,DB01026,pathway,64,1.0,0.0,0.0
14,DB00091,DB01026,1,1.0,B,DB01026,pathway,65,1.0,0.0,0.0
14,DB00091,DB01026,1,1.0,B,DB01026,pathway,66,1.0,0.0,0.0
14,DB00091,DB01026,1,1.0,B,DB01026,pathway,67,1.0,0.0,0.0
14,DB00091,DB01026,1,1.0,B,DB01026,pathway,72,1.0,0.0,0.0
14,DB00091,DB01026,1,1.0,B,DB01026,pathway,74,1.0,0.0,0.0
14,DB00091,DB01026,1,1.0,B,DB01026,pathway,75,1.0,0.0,0.0
14,DB00091,DB01026,1,1.0,B,DB01026,pathway,78,1.0,0.0,0.0
14,DB00091,DB01026,1,1.0,B,DB01026,pathway,79,1.0,0.0,0.0
14,DB00091,DB01026,1,1.0,B,DB01026,pathway,81,1.0,0.0,0.0
14,DB00091,DB01026,1,1.0,B,DB01026,pathway,84,1.0,0.0,0.0
14,DB00091,DB01026,1,1.0,B,DB01026,pathway,91,1.0,0.0,0.0
14,DB00091,DB01026,1,1.0,B,DB01026,pathway,98,1.0,0.0,0.0
14,DB00091,DB01026,1,1.0,B,DB01026,pathway,100,1.0,0.0,0.0
14,DB00091,DB01026,1,1.0,B,DB01026,pathway,104,1.0,0.0,0.0
14,DB00091,DB01026,1,1.0,B,DB01026,pathway,109,1.0,0.0,0.0
14,DB00091,DB01026,1,1.0,B,DB01026,pathway,110,1.0,0.0,0.0
14,DB00091,DB01026,1,1.0,B,DB01026,pathway,113,1.0,0.0,0.0
14,DB00091,DB01026,1,1.0,B,DB01026,pathway,116,1.0,0.0,0.0
14,DB00091,DB01026,1,1.0,B,DB01026,pathway,117,1.0,0.0,0.0
14,DB00091,DB01026,1,1.0,B,DB01026,pathway,119,1.0,0.0,0.0
14,DB00091,DB01026,1,1.0,B,DB01026,pathway,121,1.0,0.0,0.0
14,DB00091,DB01026,1,1.0,B,DB01026,pathway,123,1.0,0.0,0.0
14,DB00091,DB01026,1,1.0,B,DB01026,pathway,124,1.0,0.0,0.0
14,DB00091,DB01026,1,1.0,B,DB01026,pathway,136,1.0,0.0,0.0
14,DB00091,DB01026,1,1.0,B,DB01026,pathway,141,1.0,0.0,0.0
14,DB00091,DB01026,1,1.0,B,DB01026,pathway,143,1.0,0.0,0.0
14,DB00091,DB01026,1,1.0,B,DB01026,pathway,146,1.0,0.0,0.0
14,DB00091,DB01026,1,1.0,B,DB01026,pathway,158,1.0,0.0,0.0
14,DB00091,DB01026,1,1.0,B,DB01026,pathway,159,1.0,0.0,0.0
14,DB00091,DB01026,1,1.0,B,DB01026,pathway,171,1.0,0.0,0.0
14,DB00091,DB01026,1,1.0,B,DB01026,pathway,172,1.0,0.0,0.0
14,DB00091,DB01026,1,1.0,B,DB01026,pathway,178,1.0,0.0,0.0
14,DB00091,DB01026,1,1.0,B,DB01026,pathway,186,1.0,0.0,0.0
14,DB00091,DB01026,1,1.0,B,DB01026,pathway,191,1.0,0.0,0.0
14,DB00091,DB01026,1,1.0,B,DB01026,pathway,205,1.0,0.0,0.0
14,DB00091,DB01026,1,1.0,B,DB01026,pathway,227,1.0,0.0,0.0
14,DB00091,DB01026,1,1.0,B,DB01026,pathway,237,1.0,0.0,0.0
14,DB00091,DB01026,1,1.0,B,DB01026,pathway,245,1.0,0.0,0.0
14,DB00091,DB01026,1,1.0,B,DB01026,pathway,247,1.0,0.0,0.0
14,DB00091,DB01026,1,1.0,B,DB01026,pathway,250,1.0,0.0,0.0
14,DB00091,DB01026,1,1.0,B,DB01026,pathway,263,1.0,0.0,0.0
14,DB00091,DB01026,1,1.0,B,DB01026,pathway,266,1.0,0.0,0.0
14,DB00091,DB01026,1,1.0,B,DB01026,pathway,281,1.0,0.0,0.0
14,DB00091,DB01026,1,1.0,B,DB01026,pathway,283,1.0,0.0,0.0
14,DB00091,DB01026,1,1.0,B,DB01026,pathway,285,1.0,0.0,0.0
14,DB00091,DB01026,1,1.0,B,DB01026,pathway,286,1.0,0.0,0.0
14,DB00091,DB01026,1,1.0,B,DB01026,pathway,287,1.0,0.0,0.0
14,DB00091,DB01026,1,1.0,B,DB01026,pathway,294,1.0,0.0,0.0
14,DB00091,DB01026,1,1.0,B,DB01026,pathway,296,1.0,0.0,0.0
14,DB00091,DB01026,1,1.0,B,DB01026,pathway,297,1.0,0.0,0.0
14,DB00091,DB01026,1,1.0,B,DB01026,pathway,308,1.0,0.0,0.0
14,DB00091,DB01026,1,1.0,B,DB01026,pathway,314,1.0,0.0,0.0
14,DB00091,DB01026,1,1.0,B,DB01026,pathway,315,1.0,0.0,0.0
14,DB00091,DB01026,1,1.0,B,DB01026,pathway,329,1.0,0.0,0.0
14,DB00091,DB01026,1,1.0,B,DB01026,pathway,332,1.0,0.0,0.0
14,DB00091,DB01026,1,1.0,B,DB01026,pathway,333,1.0,0.0,0.0
14,DB00091,DB01026,1,1.0,B,DB01026,pathway,338,1.0,0.0,0.0
14,DB00091,DB01026,1,1.0,B,DB01026,pathway,339,1.0,0.0,0.0
14,DB00091,DB01026,1,1.0,B,DB01026,pathway,340,1.0,0.0,0.0
14,DB00091,DB01026,1,1.0,B,DB01026,pathway,344,1.0,0.0,0.0
14,DB00091,DB01026,1,1.0,B,DB01026,pathway,346,1.0,0.0,0.0
14,DB00091,DB01026,1,1.0,B,DB01026,pathway,347,1.0,0.0,0.0
14,DB00091,DB01026,1,1.0,B,DB01026,pathway,348,1.0,0.0,0.0
14,DB00091,DB01026,1,1.0,B,DB01026,pathway,350,1.0,0.0,0.0
14,DB00091,DB01026,1,1.0,B,DB01026,pathway,353,1.0,0.0,0.0
14,DB00091,DB01026,1,1.0,B,DB01026,pathway,358,1.0,0.0,0.0
14,DB00091,DB01026,1,1.0,B,DB01026,pathway,359,1.0,0.0,0.0
14,DB00091,DB01026,1,1.0,B,DB01026,pathway,362,1.0,0.0,0.0
14,DB00091,DB01026,1,1.0,B,DB01026,pathway,371,1.0,0.0,0.0
14,DB00091,DB01026,1,1.0,B,DB01026,pathway,374,1.0,0.0,0.0
14,DB00091,DB01026,1,1.0,B,DB01026,pathway,379,1.0,0.0,0.0
14,DB00091,DB01026,1,1.0,B,DB01026,pathway,385,1.0,0.0,0.0
14,DB00091,DB01026,1,1.0,B,DB01026,pathway,386,1.0,0.0,0.0
14,DB00091,DB01026,1,1.0,B,DB01026,pathway,387,1.0,0.0,0.0
14,DB00091,DB01026,1,1.0,B,DB01026,pathway,393,1.0,0.0,0.0
14,DB00091,DB01026,1,1.0,B,DB01026,pathway,394,1.0,0.0,0.0
14,DB00091,DB01026,1,1.0,B,DB01026,pathway,395,1.0,0.0,0.0
14,DB00091,DB01026,1,1.0,B,DB01026,pathway,396,1.0,0.0,0.0
14,DB00091,DB01026,1,1.0,B,DB01026,pathway,397,1.0,0.0,0.0
14,DB00091,DB01026,1,1.0,B,DB01026,pathway,398,1.0,0.0,0.0
14,DB00091,DB01026,1,1.0,B,DB01026,pathway,399,1.0,0.0,0.0
14,DB00091,DB01026,1,1.0,B,DB01026,pathway,401,1.0,0.0,0.0
14,DB00091,DB01026,1,1.0,B,DB01026,pathway,402,1.0,0.0,0.0
14,DB00091,DB01026,1,1.0,B,DB01026,pathway,418,1.0,0.0,0.0
14,DB00091,DB01026,1,1.0,B,DB01026,pathway,429,1.0,0.0,0.0
14,DB00091,DB01026,1,1.0,B,DB01026,pathway,430,1.0,0.0,0.0
14,DB00091,DB01026,1,1.0,B,DB01026,pathway,437,1.0,0.0,0.0
14,DB00091,DB01026,1,1.0,B,DB01026,pathway,438,1.0,0.0,0.0
14,DB00091,DB01026,1,1.0,B,DB01026,pathway,439,1.0,0.0,0.0
14,DB00091,DB01026,1,1.0,B,DB01026,pathway,440,1.0,0.0,0.0
14,DB00091,DB01026,1,1.0,B,DB01026,pathway,441,1.0,0.0,0.0
14,DB00091,DB01026,1,1.0,B,DB01026,pathway,442,1.0,0.0,0.0
14,DB00091,DB01026,1,1.0,B,DB01026,pathway,443,1.0,0.0,0.0
14,DB00091,DB01026,1,1.0,B,DB01026,pathway,444,1.0,0.0,0.0
14,DB00091,DB01026,1,1.0,B,DB01026,pathway,445,1.0,0.0,0.0
14,DB00091,DB01026,1,1.0,B,DB01026,pathway,446,1.0,0.0,0.0
14,DB00091,DB01026,1,1.0,B,DB01026,pathway,447,1.0,0.0,0.0
14,DB00091,DB01026,1,1.0,B,DB01026,pathway,448,1.0,0.0,0.0
14,DB00091,DB01026,1,1.0,B,DB01026,pathway,452,1.0,0.0,0.0
14,DB00091,DB01026,1,1.0,B,DB01026,pathway,455,1.0,0.0,0.0
14,DB00091,DB01026,1,1.0,B,DB01026,pathway,457,1.0,0.0,0.0
14,DB00091,DB01026,1,1.0,B,DB01026,pathway,462,1.0,0.0,0.0
14,DB00091,DB01026,1,1.0,B,DB01026,pathway,464,1.0,0.0,0.0
14,DB00091,DB01026,1,1.0,B,DB01026,pathway,466,1.0,0.0,0.0
14,DB00091,DB01026,1,1.0,B,DB01026,pathway,467,1.0,0.0,0.0
14,DB00091,DB01026,1,1.0,B,DB01026,pathway,471,1.0,0.0,0.0
14,DB00091,DB01026,1,1.0,B,DB01026,pathway,473,1.0,0.0,0.0
14,DB00091,DB01026,1,1.0,B,DB01026,pathway,474,1.0,0.0,0.0
14,DB00091,DB01026,1,1.0,B,DB01026,pathway,477,1.0,0.0,0.0
14,DB00091,DB01026,1,1.0,B,DB01026,pathway,478,1.0,0.0,0.0
14,DB00091,DB01026,1,1.0,B,DB01026,pathway,480,1.0,0.0,0.0
14,DB00091,DB01026,1,1.0,B,DB01026,pathway,481,1.0,0.0,0.0
14,DB00091,DB01026,1,1.0,B,DB01026,pathway,482,1.0,0.0,0.0
14,DB00091,DB01026,1,1.0,B,DB01026,pathway,488,1.0,0.0,0.0
14,DB00091,DB01026,1,1.0,B,DB01026,pathway,498,1.0,0.0,0.0
14,DB00091,DB01026,1,1.0,B,DB01026,pathway,499,1.0,0.0,0.0
14,DB00091,DB01026,1,1.0,B,DB01026,pathway,511,1.0,0.0,0.0
14,DB00091,DB01026,1,1.0,B,DB01026,pathway,512,1.0,0.0,0.0
14,DB00091,DB01026,1,1.0,B,DB01026,pathway,513,1.0,0.0,0.0
14,DB00091,DB01026,1,1.0,B,DB01026,pathway,514,1.0,0.0,0.0
14,DB00091,DB01026,1,1.0,B,DB01026,pathway,515,1.0,0.0,0.0
14,DB00091,DB01026,1,1.0,B,DB01026,pathway,516,1.0,0.0,0.0
14,DB00091,DB01026,1,1.0,B,DB01026,pathway,521,1.0,0.0,0.0
14,DB00091,DB01026,1,1.0,B,DB01026,pathway,524,1.0,0.0,0.0
14,DB00091,DB01026,1,1.0,B,DB01026,pathway,528,1.0,0.0,0.0
14,DB00091,DB01026,1,1.0,B,DB01026,pathway,530,1.0,0.0,0.0
14,DB00091,DB01026,1,1.0,B,DB01026,pathway,531,1.0,0.0,0.0
14,DB00091,DB01026,1,1.0,B,DB01026,pathway,532,1.0,0.0,0.0
14,DB00091,DB01026,1,1.0,B,DB01026,pathway,533,1.0,0.0,0.0
14,DB00091,DB01026,1,1.0,B,DB01026,pathway,536,1.0,0.0,0.0
14,DB00091,DB01026,1,1.0,B,DB01026,pathway,542,1.0,0.0,0.0
14,DB00091,DB01026,1,1.0,B,DB01026,pathway,544,1.0,0.0,0.0
14,DB00091,DB01026,1,1.0,B,DB01026,pathway,552,1.0,0.0,0.0
14,DB00091,DB01026,1,1.0,B,DB01026,pathway,553,1.0,0.0,0.0
14,DB00091,DB01026,1,1.0,B,DB01026,pathway,557,1.0,0.0,0.0
14,DB00091,DB01026,1,1.0,B,DB01026,pathway,558,1.0,0.0,0.0
14,DB00091,DB01026,1,1.0,B,DB01026,pathway,561,1.0,0.0,0.0
14,DB00091,DB01026,1,1.0,B,DB01026,pathway,567,1.0,0.0,0.0
14,DB00091,DB01026,1,1.0,B,DB01026,pathway,571,1.0,0.0,0.0
14,DB00091,DB01026,1,1.0,B,DB01026,pathway,572,1.0,0.0,0.0
14,DB00091,DB01026,1,1.0,B,DB01026,pathway,573,1.0,0.0,0.0
14,DB00091,DB01026,1,1.0,B,DB01026,pathway,587,1.0,0.0,0.0
14,DB00091,DB01026,1,1.0,B,DB01026,pathway,588,1.0,0.0,0.0
14,DB00091,DB01026,1,1.0,B,DB01026,pathway,589,1.0,0.0,0.0
14,DB00091,DB01026,1,1.0,B,DB01026,pathway,593,1.0,0.0,0.0
14,DB00091,DB01026,1,1.0,B,DB01026,pathway,594,1.0,0.0,0.0
14,DB00091,DB01026,1,1.0,B,DB01026,pathway,611,1.0,0.0,0.0
14,DB00091,DB01026,1,1.0,B,DB01026,pathway,614,1.0,0.0,0.0
14,DB00091,DB01026,1,1.0,B,DB01026,pathway,617,1.0,0.0,0.0
14,DB00091,DB01026,1,1.0,B,DB01026,pathway,619,1.0,0.0,0.0
14,DB00091,DB01026,1,1.0,B,DB01026,pathway,620,1.0,0.0,0.0
14,DB00091,DB01026,1,1.0,B,DB01026,pathway,622,1.0,0.0,0.0
14,DB00091,DB01026,1,1.0,B,DB01026,pathway,625,1.0,0.0,0.0
14,DB00091,DB01026,1,1.0,B,DB01026,pathway,626,1.0,0.0,0.0
14,DB00091,DB01026,1,1.0,B,DB01026,pathway,627,1.0,0.0,0.0
14,DB00091,DB01026,1,1.0,B,DB01026,pathway,630,1.0,0.0,0.0
14,DB00091,DB01026,1,1.0,B,DB01026,pathway,631,1.0,0.0,0.0
14,DB00091,DB01026,1,1.0,B,DB01026,pathway,636,1.0,0.0,0.0
14,DB00091,DB01026,1,1.0,B,DB01026,pathway,637,1.0,0.0,0.0
14,DB00091,DB01026,1,1.0,B,DB01026,pathway,641,1.0,0.0,0.0
14,DB00091,DB01026,1,1.0,B,DB01026,pathway,645,1.0,0.0,0.0
14,DB00091,DB01026,1,1.0,B,DB01026,pathway,646,1.0,0.0,0.0
14,DB00091,DB01026,1,1.0,B,DB01026,pathway,647,1.0,0.0,0.0
14,DB00091,DB01026,1,1.0,B,DB01026,pathway,650,1.0,0.0,0.0
14,DB00091,DB01026,1,1.0,B,DB01026,pathway,651,1.0,0.0,0.0
14,DB00091,DB01026,1,1.0,B,DB01026,pathway,652,1.0,0.0,0.0
14,DB00091,DB01026,1,1.0,B,DB01026,pathway,654,1.0,0.0,0.0
14,DB00091,DB01026,1,1.0,B,DB01026,pathway,655,1.0,0.0,0.0
14,DB00091,DB01026,1,1.0,B,DB01026,pathway,656,1.0,0.0,0.0
14,DB00091,DB01026,1,1.0,B,DB01026,pathway,658,1.0,0.0,0.0
14,DB00091,DB01026,1,1.0,B,DB01026,pathway,664,1.0,0.0,0.0
14,DB00091,DB01026,1,1.0,B,DB01026,pathway,668,1.0,0.0,0.0
14,DB00091,DB01026,1,1.0,B,DB01026,pathway,670,1.0,0.0,0.0
14,DB00091,DB01026,1,1.0,B,DB01026,pathway,671,1.0,0.0,0.0
14,DB00091,DB01026,1,1.0,B,DB01026,pathway,672,1.0,0.0,0.0
14,DB00091,DB01026,1,1.0,B,DB01026,pathway,673,1.0,0.0,0.0
14,DB00091,DB01026,1,1.0,B,DB01026,pathway,674,1.0,0.0,0.0
14,DB00091,DB01026,1,1.0,B,DB01026,pathway,677,1.0,0.0,0.0
14,DB00091,DB01026,1,1.0,B,DB01026,pathway,679,1.0,0.0,0.0
14,DB00091,DB01026,1,1.0,B,DB01026,pathway,684,1.0,0.0,0.0
14,DB00091,DB01026,1,1.0,B,DB01026,pathway,685,1.0,0.0,0.0
14,DB00091,DB01026,1,1.0,B,DB01026,pathway,686,1.0,0.0,0.0
14,DB00091,DB01026,1,1.0,B,DB01026,pathway,687,1.0,0.0,0.0
14,DB00091,DB01026,1,1.0,B,DB01026,pathway,688,1.0,0.0,0.0
14,DB00091,DB01026,1,1.0,B,DB01026,pathway,691,1.0,0.0,0.0
14,DB00091,DB01026,1,1.0,B,DB01026,pathway,692,1.0,0.0,0.0
14,DB00091,DB01026,1,1.0,B,DB01026,pathway,693,1.0,0.0,0.0
14,DB00091,DB01026,1,1.0,B,DB01026,pathway,694,1.0,0.0,0.0
14,DB00091,DB01026,1,1.0,B,DB01026,pathway,695,1.0,0.0,0.0
14,DB00091,DB01026,1,1.0,B,DB01026,pathway,696,1.0,0.0,0.0
14,DB00091,DB01026,1,1.0,B,DB01026,pathway,701,1.0,0.0,0.0
14,DB00091,DB01026,1,1.0,B,DB01026,pathway,703,1.0,0.0,0.0
14,DB00091,DB01026,1,1.0,B,DB01026,pathway,704,1.0,0.0,0.0
14,DB00091,DB01026,1,1.0,B,DB01026,pathway,705,1.0,0.0,0.0
14,DB00091,DB01026,1,1.0,B,DB01026,pathway,707,1.0,0.0,0.0
14,DB00091,DB01026,1,1.0,B,DB01026,pathway,708,1.0,0.0,0.0
14,DB00091,DB01026,1,1.0,B,DB01026,pathway,709,1.0,0.0,0.0
14,DB00091,DB01026,1,1.0,B,DB01026,pathway,711,1.0,0.0,0.0
14,DB00091,DB01026,1,1.0,B,DB01026,pathway,715,1.0,0.0,0.0
14,DB00091,DB01026,1,1.0,B,DB01026,pathway,716,1.0,0.0,0.0
14,DB00091,DB01026,1,1.0,B,DB01026,pathway,717,1.0,0.0,0.0
14,DB00091,DB01026,1,1.0,B,DB01026,pathway,718,1.0,0.0,0.0
14,DB00091,DB01026,1,1.0,B,DB01026,pathway,719,1.0,0.0,0.0
14,DB00091,DB01026,1,1.0,B,DB01026,pathway,728,1.0,0.0,0.0
14,DB00091,DB01026,1,1.0,B,DB01026,pathway,730,1.0,0.0,0.0
14,DB00091,DB01026,1,1.0,B,DB01026,pathway,732,1.0,0.0,0.0
14,DB00091,DB01026,1,1.0,B,DB01026,pathway,744,1.0,0.0,0.0
14,DB00091,DB01026,1,1.0,B,DB01026,pathway,762,1.0,0.0,0.0
14,DB00091,DB01026,1,1.0,B,DB01026,pathway,764,1.0,0.0,0.0
14,DB00091,DB01026,1,1.0,B,DB01026,pathway,765,1.0,0.0,0.0
14,DB00091,DB01026,1,1.0,B,DB01026,pathway,772,1.0,0.0,0.0
14,DB00091,DB01026,1,1.0,B,DB01026,pathway,775,1.0,0.0,0.0
14,DB00091,DB01026,1,1.0,B,DB01026,pathway,776,1.0,0.0,0.0
14,DB00091,DB01026,1,1.0,B,DB01026,pathway,777,1.0,0.0,0.0
14,DB00091,DB01026,1,1.0,B,DB01026,pathway,783,1.0,0.0,0.0
14,DB00091,DB01026,1,1.0,B,DB01026,pathway,784,1.0,0.0,0.0
14,DB00091,DB01026,1,1.0,B,DB01026,pathway,787,1.0,0.0,0.0
14,DB00091,DB01026,1,1.0,B,DB01026,pathway,788,1.0,0.0,0.0
14,DB00091,DB01026,1,1.0,B,DB01026,pathway,789,1.0,0.0,0.0
14,DB00091,DB01026,1,1.0,B,DB01026,pathway,797,1.0,0.0,0.0
14,DB00091,DB01026,1,1.0,B,DB01026,pathway,799,1.0,0.0,0.0
14,DB00091,DB01026,1,1.0,B,DB01026,pathway,801,1.0,0.0,0.0
14,DB00091,DB01026,1,1.0,B,DB01026,pathway,805,1.0,0.0,0.0
14,DB00091,DB01026,1,1.0,B,DB01026,pathway,806,1.0,0.0,0.0
14,DB00091,DB01026,1,1.0,B,DB01026,pathway,811,1.0,0.0,0.0
14,DB00091,DB01026,1,1.0,B,DB01026,pathway,830,1.0,0.0,0.0
14,DB00091,DB01026,1,1.0,B,DB01026,pathway,837,1.0,0.0,0.0
14,DB00091,DB01026,1,1.0,B,DB01026,pathway,845,1.0,0.0,0.0
14,DB00091,DB01026,1,1.0,B,DB01026,pathway,853,1.0,0.0,0.0
14,DB00091,DB01026,1,1.0,B,DB01026,pathway,854,1.0,0.0,0.0
14,DB00091,DB01026,1,1.0,B,DB01026,pathway,855,1.0,0.0,0.0
14,DB00091,DB01026,1,1.0,B,DB01026,pathway,863,1.0,0.0,0.0
14,DB00091,DB01026,1,1.0,B,DB01026,pathway,866,1.0,0.0,0.0
14,DB00091,DB01026,1,1.0,B,DB01026,pathway,870,1.0,0.0,0.0
14,DB00091,DB01026,1,1.0,B,DB01026,pathway,874,1.0,0.0,0.0
14,DB00091,DB01026,1,1.0,B,DB01026,pathway,877,1.0,0.0,0.0
14,DB00091,DB01026,1,1.0,B,DB01026,pathway,889,1.0,0.0,0.0
14,DB00091,DB01026,1,1.0,B,DB01026,pathway,890,1.0,0.0,0.0
14,DB00091,DB01026,1,1.0,B,DB01026,pathway,894,1.0,0.0,0.0
14,DB00091,DB01026,1,1.0,B,DB01026,pathway,895,1.0,0.0,0.0
14,DB00091,DB01026,1,1.0,B,DB01026,pathway,896,1.0,0.0,0.0
14,DB00091,DB01026,1,1.0,B,DB01026,pathway,897,1.0,0.0,0.0
14,DB00091,DB01026,1,1.0,B,DB01026,pathway,898,1.0,0.0,0.0
14,DB00091,DB01026,1,1.0,B,DB01026,pathway,900,1.0,0.0,0.0
14,DB00091,DB01026,1,1.0,B,DB01026,pathway,902,1.0,0.0,0.0
14,DB00091,DB01026,1,1.0,B,DB01026,pathway,907,1.0,0.0,0.0
14,DB00091,DB01026,1,1.0,B,DB01026,pathway,908,1.0,0.0,0.0
14,DB00091,DB01026,1,1.0,B,DB01026,pathway,910,1.0,0.0,0.0
14,DB00091,DB01026,1,1.0,B,DB01026,pathway,915,1.0,0.0,0.0
14,DB00091,DB01026,1,1.0,B,DB01026,pathway,919,1.0,0.0,0.0
14,DB00091,DB01026,1,1.0,B,DB01026,pathway,920,1.0,0.0,0.0
14,DB00091,DB01026,1,1.0,B,DB01026,pathway,926,1.0,0.0,0.0
14,DB00091,DB01026,1,1.0,B,DB01026,pathway,927,1.0,0.0,0.0
14,DB00091,DB01026,1,1.0,B,DB01026,pathway,940,1.0,0.0,0.0
14,DB00091,DB01026,1,1.0,B,DB01026,pathway,948,1.0,0.0,0.0
14,DB00091,DB01026,1,1.0,B,DB01026,pathway,955,1.0,0.0,0.0
14,DB00091,DB01026,1,1.0,B,DB01026,pathway,958,1.0,0.0,0.0
14,DB00091,DB01026,1,1.0,B,DB01026,pathway,959,1.0,0.0,0.0
14,DB00091,DB01026,1,1.0,B,DB01026,pathway,965,1.0,0.0,0.0
14,DB00091,DB01026,1,1.0,B,DB01026,pathway,968,1.0,0.0,0.0
14,DB00091,DB01026,1,1.0,B,DB01026,pathway,969,1.0,0.0,0.0
14,DB00091,DB01026,1,1.0,B,DB01026,pathway,970,1.0,0.0,0.0
14,DB00091,DB01026,1,1.0,B,DB01026,pathway,973,1.0,0.0,0.0
14,DB00091,DB01026,1,1.0,B,DB01026,pathway,981,1.0,0.0,0.0
14,DB00091,DB01026,1,1.0,B,DB01026,pathway,986,1.0,0.0,0.0
14,DB00091,DB01026,1,1.0,B,DB01026,pathway,987,1.0,0.0,0.0
14,DB00091,DB01026,1,1.0,B,DB01026,pathway,989,1.0,0.0,0.0
14,DB00091,DB01026,1,1.0,B,DB01026,pathway,1009,1.0,0.0,0.0
14,DB00091,DB01026,1,1.0,B,DB01026,pathway,1010,1.0,0.0,0.0
14,DB00091,DB01026,1,1.0,B,DB01026,pathway,1011,1.0,0.0,0.0
14,DB00091,DB01026,1,1.0,B,DB01026,pathway,1012,1.0,0.0,0.0
14,DB00091,DB01026,1,1.0,B,DB01026,pathway,1018,1.0,0.0,0.0
14,DB00091,DB01026,1,1.0,B,DB01026,pathway,1020,1.0,0.0,0.0
14,DB00091,DB01026,1,1.0,B,DB01026,pathway,1030,1.0,0.0,0.0
14,DB00091,DB01026,1,1.0,B,DB01026,pathway,1031,1.0,0.0,0.0
14,DB00091,DB01026,1,1.0,B,DB01026,pathway,1037,1.0,0.0,0.0
14,DB00091,DB01026,1,1.0,B,DB01026,pathway,1041,1.0,0.0,0.0
14,DB00091,DB01026,1,1.0,B,DB01026,pathway,1044,1.0,0.0,0.0
14,DB00091,DB01026,1,1.0,B,DB01026,pathway,1045,1.0,0.0,0.0
14,DB00091,DB01026,1,1.0,B,DB01026,pathway,1047,1.0,0.0,0.0
14,DB00091,DB01026,1,1.0,B,DB01026,pathway,1048,1.0,0.0,0.0
14,DB00091,DB01026,1,1.0,B,DB01026,pathway,1054,1.0,0.0,0.0
14,DB00091,DB01026,1,1.0,B,DB01026,pathway,1062,1.0,0.0,0.0
14,DB00091,DB01026,1,1.0,B,DB01026,pathway,1063,1.0,0.0,0.0
14,DB00091,DB01026,1,1.0,B,DB01026,pathway,1064,1.0,0.0,0.0
14,DB00091,DB01026,1,1.0,B,DB01026,pathway,1065,1.0,0.0,0.0
14,DB00091,DB01026,1,1.0,B,DB01026,pathway,1066,1.0,0.0,0.0
14,DB00091,DB01026,1,1.0,B,DB01026,pathway,1073,1.0,0.0,0.0
14,DB00091,DB01026,1,1.0,B,DB01026,pathway,1074,1.0,0.0,0.0
14,DB00091,DB01026,1,1.0,B,DB01026,pathway,1079,1.0,0.0,0.0
14,DB00091,DB01026,1,1.0,B,DB01026,pathway,1080,1.0,0.0,0.0
14,DB00091,DB01026,1,1.0,B,DB01026,pathway,1081,1.0,0.0,0.0
14,DB00091,DB01026,1,1.0,B,DB01026,pathway,1082,1.0,0.0,0.0
14,DB00091,DB01026,1,1.0,B,DB01026,pathway,1083,1.0,0.0,0.0
14,DB00091,DB01026,1,1.0,B,DB01026,pathway,1084,1.0,0.0,0.0
14,DB00091,DB01026,1,1.0,B,DB01026,pathway,1085,1.0,0.0,0.0
14,DB00091,DB01026,1,1.0,B,DB01026,pathway,1089,1.0,0.0,0.0
14,DB00091,DB01026,1,1.0,B,DB01026,pathway,1090,1.0,0.0,0.0
14,DB00091,DB01026,1,1.0,B,DB01026,pathway,1099,1.0,0.0,0.0
14,DB00091,DB01026,1,1.0,B,DB01026,pathway,1100,1.0,0.0,0.0
14,DB00091,DB01026,1,1.0,B,DB01026,pathway,1102,1.0,0.0,0.0
14,DB00091,DB01026,1,1.0,B,DB01026,pathway,1103,1.0,0.0,0.0
14,DB00091,DB01026,1,1.0,B,DB01026,pathway,1107,1.0,0.0,0.0
14,DB00091,DB01026,1,1.0,B,DB01026,pathway,1108,1.0,0.0,0.0
14,DB00091,DB01026,1,1.0,B,DB01026,pathway,1114,1.0,0.0,0.0
14,DB00091,DB01026,1,1.0,B,DB01026,pathway,1116,1.0,0.0,0.0
14,DB00091,DB01026,1,1.0,B,DB01026,pathway,1119,1.0,0.0,0.0
14,DB00091,DB01026,1,1.0,B,DB01026,pathway,1120,1.0,0.0,0.0
14,DB00091,DB01026,1,1.0,B,DB01026,pathway,1121,1.0,0.0,0.0
14,DB00091,DB01026,1,1.0,B,DB01026,pathway,1122,1.0,0.0,0.0
14,DB00091,DB01026,1,1.0,B,DB01026,pathway,1123,1.0,0.0,0.0
14,DB00091,DB01026,1,1.0,B,DB01026,pathway,1124,1.0,0.0,0.0
14,DB00091,DB01026,1,1.0,B,DB01026,pathway,1125,1.0,0.0,0.0
14,DB00091,DB01026,1,1.0,B,DB01026,pathway,1126,1.0,0.0,0.0
14,DB00091,DB01026,1,1.0,B,DB01026,pathway,1127,1.0,0.0,0.0
14,DB00091,DB01026,1,1.0,B,DB01026,pathway,1130,1.0,0.0,0.0
14,DB00091,DB01026,1,1.0,B,DB01026,pathway,1131,1.0,0.0,0.0
14,DB00091,DB01026,1,1.0,B,DB01026,pathway,1132,1.0,0.0,0.0
14,DB00091,DB01026,1,1.0,B,DB01026,pathway,1133,1.0,0.0,0.0
14,DB00091,DB01026,1,1.0,B,DB01026,pathway,1134,1.0,0.0,0.0
14,DB00091,DB01026,1,1.0,B,DB01026,pathway,1135,1.0,0.0,0.0
14,DB00091,DB01026,1,1.0,B,DB01026,pathway,1136,1.0,0.0,0.0
14,DB00091,DB01026,1,1.0,B,DB01026,pathway,1137,1.0,0.0,0.0
14,DB00091,DB01026,1,1.0,B,DB01026,pathway,1138,1.0,0.0,0.0
14,DB00091,DB01026,1,1.0,B,DB01026,pathway,1143,1.0,0.0,0.0
14,DB00091,DB01026,1,1.0,B,DB01026,pathway,1144,1.0,0.0,0.0
14,DB00091,DB01026,1,1.0,B,DB01026,pathway,1152,1.0,0.0,0.0
14,DB00091,DB01026,1,1.0,B,DB01026,pathway,1153,1.0,0.0,0.0
14,DB00091,DB01026,1,1.0,B,DB01026,pathway,1154,1.0,0.0,0.0
14,DB00091,DB01026,1,1.0,B,DB01026,pathway,1157,1.0,0.0,0.0
14,DB00091,DB01026,1,1.0,B,DB01026,pathway,1165,1.0,0.0,0.0
14,DB00091,DB01026,1,1.0,B,DB01026,pathway,1167,1.0,0.0,0.0
14,DB00091,DB01026,1,1.0,B,DB01026,pathway,1169,1.0,0.0,0.0
14,DB00091,DB01026,1,1.0,B,DB01026,pathway,1177,1.0,0.0,0.0
14,DB00091,DB01026,1,1.0,B,DB01026,pathway,1179,1.0,0.0,0.0
14,DB00091,DB01026,1,1.0,B,DB01026,pathway,1180,1.0,0.0,0.0
14,DB00091,DB01026,1,1.0,B,DB01026,pathway,1182,1.0,0.0,0.0
14,DB00091,DB01026,1,1.0,B,DB01026,pathway,1184,1.0,0.0,0.0
14,DB00091,DB01026,1,1.0,B,DB01026,pathway,1189,1.0,0.0,0.0
14,DB00091,DB01026,1,1.0,B,DB01026,pathway,1196,1.0,0.0,0.0
14,DB00091,DB01026,1,1.0,B,DB01026,pathway,1200,1.0,0.0,0.0
14,DB00091,DB01026,1,1.0,B,DB01026,pathway,1217,1.0,0.0,0.0
14,DB00091,DB01026,1,1.0,B,DB01026,pathway,1218,1.0,0.0,0.0
14,DB00091,DB01026,1,1.0,B,DB01026,pathway,1230,1.0,0.0,0.0
14,DB00091,DB01026,1,1.0,B,DB01026,pathway,1245,1.0,0.0,0.0
14,DB00091,DB01026,1,1.0,B,DB01026,pathway,1249,1.0,0.0,0.0
14,DB00091,DB01026,1,1.0,B,DB01026,pathway,1250,1.0,0.0,0.0
14,DB00091,DB01026,1,1.0,B,DB01026,pathway,1262,1.0,0.0,0.0
14,DB00091,DB01026,1,1.0,B,DB01026,pathway,1263,1.0,0.0,0.0
14,DB00091,DB01026,1,1.0,B,DB01026,pathway,1264,1.0,0.0,0.0
14,DB00091,DB01026,1,1.0,B,DB01026,pathway,1265,1.0,0.0,0.0
14,DB00091,DB01026,1,1.0,B,DB01026,pathway,1267,1.0,0.0,0.0
14,DB00091,DB01026,1,1.0,B,DB01026,pathway,1268,1.0,0.0,0.0
14,DB00091,DB01026,1,1.0,B,DB01026,pathway,1270,1.0,0.0,0.0
14,DB00091,DB01026,1,1.0,B,DB01026,pathway,1272,1.0,0.0,0.0
14,DB00091,DB01026,1,1.0,B,DB01026,pathway,1278,1.0,0.0,0.0
14,DB00091,DB01026,1,1.0,B,DB01026,pathway,1286,1.0,0.0,0.0
14,DB00091,DB01026,1,1.0,B,DB01026,pathway,1291,1.0,0.0,0.0
14,DB00091,DB01026,1,1.0,B,DB01026,pathway,1292,1.0,0.0,0.0
14,DB00091,DB01026,1,1.0,B,DB01026,pathway,1298,1.0,0.0,0.0
14,DB00091,DB01026,1,1.0,B,DB01026,pathway,1299,1.0,0.0,0.0
14,DB00091,DB01026,1,1.0,B,DB01026,pathway,1300,1.0,0.0,0.0
14,DB00091,DB01026,1,1.0,B,DB01026,pathway,1301,1.0,0.0,0.0
14,DB00091,DB01026,1,1.0,B,DB01026,pathway,1302,1.0,0.0,0.0
14,DB00091,DB01026,1,1.0,B,DB01026,pathway,1305,1.0,0.0,0.0
14,DB00091,DB01026,1,1.0,B,DB01026,pathway,1312,1.0,0.0,0.0
14,DB00091,DB01026,1,1.0,B,DB01026,pathway,1316,1.0,0.0,0.0
14,DB00091,DB01026,1,1.0,B,DB01026,pathway,1324,1.0,0.0,0.0
14,DB00091,DB01026,1,1.0,B,DB01026,pathway,1329,1.0,0.0,0.0
14,DB00091,DB01026,1,1.0,B,DB01026,pathway,1333,1.0,0.0,0.0
14,DB00091,DB01026,1,1.0,B,DB01026,pathway,1338,1.0,0.0,0.0
14,DB00091,DB01026,1,1.0,B,DB01026,pathway,1339,1.0,0.0,0.0
14,DB00091,DB01026,1,1.0,B,DB01026,pathway,1346,1.0,0.0,0.0
14,DB00091,DB01026,1,1.0,B,DB01026,pathway,1347,1.0,0.0,0.0
14,DB00091,DB01026,1,1.0,B,DB01026,pathway,1348,1.0,0.0,0.0
14,DB00091,DB01026,1,1.0,B,DB01026,pathway,1352,1.0,0.0,0.0
14,DB00091,DB01026,1,1.0,B,DB01026,pathway,1356,1.0,0.0,0.0
14,DB00091,DB01026,1,1.0,B,DB01026,pathway,1366,1.0,0.0,0.0
14,DB00091,DB01026,1,1.0,B,DB01026,pathway,1369,1.0,0.0,0.0
14,DB00091,DB01026,1,1.0,B,DB01026,pathway,1370,1.0,0.0,0.0
14,DB00091,DB01026,1,1.0,B,DB01026,pathway,1372,1.0,0.0,0.0
14,DB00091,DB01026,1,1.0,B,DB01026,pathway,1373,1.0,0.0,0.0
14,DB00091,DB01026,1,1.0,B,DB01026,pathway,1385,1.0,0.0,0.0
14,DB00091,DB01026,1,1.0,B,DB01026,pathway,1401,1.0,0.0,0.0
14,DB00091,DB01026,1,1.0,B,DB01026,pathway,1402,1.0,0.0,0.0
14,DB00091,DB01026,1,1.0,B,DB01026,pathway,1405,1.0,0.0,0.0
14,DB00091,DB01026,1,1.0,B,DB01026,pathway,1414,1.0,0.0,0.0
14,DB00091,DB01026,1,1.0,B,DB01026,pathway,1419,1.0,0.0,0.0
14,DB00091,DB01026,1,1.0,B,DB01026,pathway,1422,1.0,0.0,0.0
14,DB00091,DB01026,1,1.0,B,DB01026,pathway,1424,1.0,0.0,0.0
14,DB00091,DB01026,1,1.0,B,DB01026,pathway,1428,1.0,0.0,0.0
14,DB00091,DB01026,1,1.0,B,DB01026,pathway,1430,1.0,0.0,0.0
14,DB00091,DB01026,1,1.0,B,DB01026,pathway,1431,1.0,0.0,0.0
14,DB00091,DB01026,1,1.0,B,DB01026,pathway,1432,1.0,0.0,0.0
14,DB00091,DB01026,1,1.0,B,DB01026,pathway,1436,1.0,0.0,0.0
14,DB00091,DB01026,1,1.0,B,DB01026,pathway,1438,1.0,0.0,0.0
14,DB00091,DB01026,1,1.0,B,DB01026,pathway,1446,1.0,0.0,0.0
14,DB00091,DB01026,1,1.0,B,DB01026,pathway,1448,1.0,0.0,0.0
14,DB00091,DB01026,1,1.0,B,DB01026,pathway,1453,1.0,0.0,0.0
14,DB00091,DB01026,1,1.0,B,DB01026,pathway,1467,1.0,0.0,0.0
14,DB00091,DB01026,1,1.0,B,DB01026,pathway,1468,1.0,0.0,0.0
14,DB00091,DB01026,1,1.0,B,DB01026,pathway,1471,1.0,0.0,0.0
14,DB00091,DB01026,1,1.0,B,DB01026,pathway,1472,1.0,0.0,0.0
14,DB00091,DB01026,1,1.0,B,DB01026,pathway,1473,1.0,0.0,0.0
14,DB00091,DB01026,1,1.0,B,DB01026,pathway,1474,1.0,0.0,0.0
14,DB00091,DB01026,1,1.0,B,DB01026,pathway,1488,1.0,0.0,0.0
14,DB00091,DB01026,1,1.0,B,DB01026,pathway,1489,1.0,0.0,0.0
14,DB00091,DB01026,1,1.0,B,DB01026,pathway,1491,1.0,0.0,0.0
14,DB00091,DB01026,1,1.0,B,DB01026,pathway,1496,1.0,0.0,0.0
14,DB00091,DB01026,1,1.0,B,DB01026,pathway,1500,1.0,0.0,0.0
14,DB00091,DB01026,1,1.0,B,DB01026,pathway,1513,1.0,0.0,0.0
14,DB00091,DB01026,1,1.0,B,DB01026,pathway,1514,1.0,0.0,0.0
14,DB00091,DB01026,1,1.0,B,DB01026,pathway,1518,1.0,0.0,0.0
14,DB00091,DB01026,1,1.0,B,DB01026,pathway,1521,1.0,0.0,0.0
14,DB00091,DB01026,1,1.0,B,DB01026,pathway,1522,1.0,0.0,0.0
14,DB00091,DB01026,1,1.0,B,DB01026,pathway,1524,1.0,0.0,0.0
14,DB00091,DB01026,1,1.0,B,DB01026,pathway,1528,1.0,0.0,0.0
14,DB00091,DB01026,1,1.0,B,DB01026,pathway,1531,1.0,0.0,0.0
14,DB00091,DB01026,1,1.0,B,DB01026,pathway,1533,1.0,0.0,0.0
14,DB00091,DB01026,1,1.0,B,DB01026,pathway,1534,1.0,0.0,0.0
14,DB00091,DB01026,1,1.0,B,DB01026,pathway,1542,1.0,0.0,0.0
14,DB00091,DB01026,1,1.0,B,DB01026,pathway,1544,1.0,0.0,0.0
14,DB00091,DB01026,1,1.0,B,DB01026,pathway,1545,1.0,0.0,0.0
14,DB00091,DB01026,1,1.0,B,DB01026,pathway,1547,1.0,0.0,0.0
14,DB00091,DB01026,1,1.0,B,DB01026,pathway,1548,1.0,0.0,0.0
14,DB00091,DB01026,1,1.0,B,DB01026,pathway,1549,1.0,0.0,0.0
14,DB00091,DB01026,1,1.0,B,DB01026,pathway,1562,1.0,0.0,0.0
14,DB00091,DB01026,1,1.0,B,DB01026,pathway,1567,1.0,0.0,0.0
14,DB00091,DB01026,1,1.0,B,DB01026,pathway,1568,1.0,0.0,0.0
14,DB00091,DB01026,1,1.0,B,DB01026,pathway,1569,1.0,0.0,0.0
14,DB00091,DB01026,1,1.0,B,DB01026,pathway,1570,1.0,0.0,0.0
14,DB00091,DB01026,1,1.0,B,DB01026,pathway,1571,1.0,0.0,0.0
14,DB00091,DB01026,1,1.0,B,DB01026,pathway,1576,1.0,0.0,0.0
14,DB00091,DB01026,1,1.0,B,DB01026,pathway,1577,1.0,0.0,0.0
14,DB00091,DB01026,1,1.0,B,DB01026,pathway,1582,1.0,0.0,0.0
14,DB00091,DB01026,1,1.0,B,DB01026,pathway,1584,1.0,0.0,0.0
14,DB00091,DB01026,1,1.0,B,DB01026,pathway,1585,1.0,0.0,0.0
14,DB00091,DB01026,1,1.0,B,DB01026,pathway,1586,1.0,0.0,0.0
14,DB00091,DB01026,1,1.0,B,DB01026,pathway,1587,1.0,0.0,0.0
14,DB00091,DB01026,1,1.0,B,DB01026,pathway,1589,1.0,0.0,0.0
14,DB00091,DB01026,1,1.0,B,DB01026,pathway,1590,1.0,0.0,0.0
14,DB00091,DB01026,1,1.0,B,DB01026,pathway,1591,1.0,0.0,0.0
14,DB00091,DB01026,1,1.0,B,DB01026,pathway,1592,1.0,0.0,0.0
14,DB00091,DB01026,1,1.0,B,DB01026,pathway,1593,1.0,0.0,0.0
14,DB00091,DB01026,1,1.0,B,DB01026,pathway,1594,1.0,0.0,0.0
14,DB00091,DB01026,1,1.0,B,DB01026,pathway,1595,1.0,0.0,0.0
14,DB00091,DB01026,1,1.0,B,DB01026,pathway,1596,1.0,0.0,0.0
14,DB00091,DB01026,1,1.0,B,DB01026,pathway,1597,1.0,0.0,0.0
14,DB00091,DB01026,1,1.0,B,DB01026,pathway,1598,1.0,0.0,0.0
14,DB00091,DB01026,1,1.0,B,DB01026,pathway,1599,1.0,0.0,0.0
14,DB00091,DB01026,1,1.0,B,DB01026,pathway,1613,1.0,0.0,0.0
14,DB00091,DB01026,1,1.0,B,DB01026,pathway,1637,1.0,0.0,0.0
14,DB00091,DB01026,1,1.0,B,DB01026,pathway,1640,1.0,0.0,0.0
14,DB00091,DB01026,1,1.0,B,DB01026,pathway,1652,1.0,0.0,0.0
14,DB00091,DB01026,1,1.0,B,DB01026,pathway,1665,1.0,0.0,0.0
14,DB00091,DB01026,1,1.0,B,DB01026,pathway,1666,1.0,0.0,0.0
14,DB00091,DB01026,1,1.0,B,DB01026,pathway,1685,1.0,0.0,0.0
14,DB00091,DB01026,1,1.0,B,DB01026,pathway,1686,1.0,0.0,0.0
14,DB00091,DB01026,1,1.0,B,DB01026,pathway,1690,1.0,0.0,0.0
14,DB00091,DB01026,1,1.0,B,DB01026,pathway,1692,1.0,0.0,0.0
14,DB00091,DB01026,1,1.0,B,DB01026,pathway,1694,1.0,0.0,0.0
14,DB00091,DB01026,1,1.0,B,DB01026,pathway,1695,1.0,0.0,0.0
14,DB00091,DB01026,1,1.0,B,DB01026,pathway,1696,1.0,0.0,0.0
14,DB00091,DB01026,1,1.0,B,DB01026,pathway,1700,1.0,0.0,0.0
14,DB00091,DB01026,1,1.0,B,DB01026,pathway,1701,1.0,0.0,0.0
14,DB00091,DB01026,1,1.0,B,DB01026,pathway,1711,1.0,0.0,0.0
14,DB00091,DB01026,1,1.0,B,DB01026,pathway,1712,1.0,0.0,0.0
14,DB00091,DB01026,1,1.0,B,DB01026,pathway,1713,1.0,0.0,0.0
14,DB00091,DB01026,1,1.0,B,DB01026,pathway,1714,1.0,0.0,0.0
14,DB00091,DB01026,1,1.0,B,DB01026,pathway,1719,1.0,0.0,0.0
14,DB00091,DB01026,1,1.0,B,DB01026,pathway,1728,1.0,0.0,0.0
14,DB00091,DB01026,1,1.0,B,DB01026,pathway,1729,1.0,0.0,0.0
14,DB00091,DB01026,1,1.0,B,DB01026,pathway,1730,1.0,0.0,0.0
14,DB00091,DB01026,1,1.0,B,DB01026,pathway,1737,1.0,0.0,0.0
14,DB00091,DB01026,1,1.0,B,DB01026,pathway,1741,1.0,0.0,0.0
14,DB00091,DB01026,1,1.0,B,DB01026,pathway,1743,1.0,0.0,0.0
14,DB00091,DB01026,1,1.0,B,DB01026,pathway,1744,1.0,0.0,0.0
14,DB00091,DB01026,1,1.0,B,DB01026,pathway,1746,1.0,0.0,0.0
14,DB00091,DB01026,1,1.0,B,DB01026,pathway,1751,1.0,0.0,0.0
14,DB00091,DB01026,1,1.0,B,DB01026,pathway,1752,1.0,0.0,0.0
14,DB00091,DB01026,1,1.0,B,DB01026,pathway,1758,1.0,0.0,0.0
14,DB00091,DB01026,1,1.0,B,DB01026,pathway,1765,1.0,0.0,0.0
14,DB00091,DB01026,1,1.0,B,DB01026,pathway,1770,1.0,0.0,0.0
14,DB00091,DB01026,1,1.0,B,DB01026,pathway,1774,1.0,0.0,0.0
14,DB00091,DB01026,1,1.0,B,DB01026,pathway,1776,1.0,0.0,0.0
14,DB00091,DB01026,1,1.0,B,DB01026,pathway,1779,1.0,0.0,0.0
14,DB00091,DB01026,1,1.0,B,DB01026,pathway,1783,1.0,0.0,0.0
14,DB00091,DB01026,1,1.0,B,DB01026,pathway,1788,1.0,0.0,0.0
14,DB00091,DB01026,1,1.0,B,DB01026,pathway,1791,1.0,0.0,0.0
14,DB00091,DB01026,1,1.0,B,DB01026,pathway,1792,1.0,0.0,0.0
14,DB00091,DB01026,1,1.0,B,DB01026,pathway,1793,1.0,0.0,0.0
14,DB00091,DB01026,1,1.0,B,DB01026,pathway,1794,1.0,0.0,0.0
14,DB00091,DB01026,1,1.0,B,DB01026,pathway,1795,1.0,0.0,0.0
14,DB00091,DB01026,1,1.0,B,DB01026,pathway,1796,1.0,0.0,0.0
14,DB00091,DB01026,1,1.0,B,DB01026,pathway,1797,1.0,0.0,0.0
14,DB00091,DB01026,1,1.0,B,DB01026,pathway,1798,1.0,0.0,0.0
14,DB00091,DB01026,1,1.0,B,DB01026,pathway,1799,1.0,0.0,0.0
14,DB00091,DB01026,1,1.0,B,DB01026,pathway,1801,1.0,0.0,0.0
14,DB00091,DB01026,1,1.0,B,DB01026,pathway,1802,1.0,0.0,0.0
14,DB00091,DB01026,1,1.0,B,DB01026,pathway,1805,1.0,0.0,0.0
14,DB00091,DB01026,1,1.0,B,DB01026,pathway,1809,1.0,0.0,0.0
14,DB00091,DB01026,1,1.0,B,DB01026,pathway,1812,1.0,0.0,0.0
14,DB00091,DB01026,1,1.0,B,DB01026,pathway,1818,1.0,0.0,0.0
14,DB00091,DB01026,1,1.0,B,DB01026,pathway,1830,1.0,0.0,0.0
14,DB00091,DB01026,1,1.0,B,DB01026,pathway,1833,1.0,0.0,0.0
14,DB00091,DB01026,1,1.0,B,DB01026,pathway,1837,1.0,0.0,0.0
14,DB00091,DB01026,1,1.0,B,DB01026,pathway,1842,1.0,0.0,0.0
14,DB00091,DB01026,1,1.0,B,DB01026,pathway,1848,1.0,0.0,0.0
14,DB00091,DB01026,1,1.0,B,DB01026,pathway,1849,1.0,0.0,0.0
14,DB00091,DB01026,1,1.0,B,DB01026,pathway,1850,1.0,0.0,0.0
14,DB00091,DB01026,1,1.0,B,DB01026,pathway,1853,1.0,0.0,0.0
14,DB00091,DB01026,1,1.0,B,DB01026,pathway,1854,1.0,0.0,0.0
14,DB00091,DB01026,1,1.0,B,DB01026,pathway,1865,1.0,0.0,0.0
14,DB00091,DB01026,1,1.0,B,DB01026,pathway,1867,1.0,0.0,0.0
14,DB00091,DB01026,1,1.0,B,DB01026,pathway,1872,1.0,0.0,0.0
14,DB00091,DB01026,1,1.0,B,DB01026,pathway,1879,1.0,0.0,0.0
14,DB00091,DB01026,1,1.0,B,DB01026,pathway,1880,1.0,0.0,0.0
14,DB00091,DB01026,1,1.0,B,DB01026,pathway,1892,1.0,0.0,0.0
14,DB00091,DB01026,1,1.0,B,DB01026,pathway,1898,1.0,0.0,0.0
14,DB00091,DB01026,1,1.0,B,DB01026,pathway,1903,1.0,0.0,0.0
14,DB00091,DB01026,1,1.0,B,DB01026,pathway,1904,1.0,0.0,0.0
14,DB00091,DB01026,1,1.0,B,DB01026,pathway,1905,1.0,0.0,0.0
14,DB00091,DB01026,1,1.0,B,DB01026,pathway,1913,1.0,0.0,0.0
14,DB00091,DB01026,1,1.0,B,DB01026,pathway,1921,1.0,0.0,0.0
14,DB00091,DB01026,1,1.0,B,DB01026,pathway,1925,1.0,0.0,0.0
14,DB00091,DB01026,1,1.0,B,DB01026,pathway,1926,1.0,0.0,0.0
14,DB00091,DB01026,1,1.0,B,DB01026,pathway,1930,1.0,0.0,0.0
14,DB00091,DB01026,1,1.0,B,DB01026,pathway,1932,1.0,0.0,0.0
14,DB00091,DB01026,1,1.0,B,DB01026,pathway,1933,1.0,0.0,0.0
14,DB00091,DB01026,1,1.0,B,DB01026,pathway,1937,1.0,0.0,0.0
14,DB00091,DB01026,1,1.0,B,DB01026,pathway,1938,1.0,0.0,0.0
14,DB00091,DB01026,1,1.0,B,DB01026,pathway,1952,1.0,0.0,0.0
14,DB00091,DB01026,1,1.0,B,DB01026,pathway,1958,1.0,0.0,0.0
14,DB00091,DB01026,1,1.0,B,DB01026,pathway,1959,1.0,0.0,0.0
14,DB00091,DB01026,1,1.0,B,DB01026,pathway,1965,1.0,0.0,0.0
14,DB00091,DB01026,1,1.0,B,DB01026,pathway,1968,1.0,0.0,0.0
15,DB00091,DB01211,1,1.0,A,DB00091,pathway,0,1.0,0.0,0.0
15,DB00091,DB01211,1,1.0,A,DB00091,pathway,2,1.0,0.0,0.0
15,DB00091,DB01211,1,1.0,A,DB00091,pathway,4,1.0,0.0,0.0
15,DB00091,DB01211,1,1.0,A,DB00091,pathway,10,1.0,0.0,0.0
15,DB00091,DB01211,1,1.0,A,DB00091,pathway,11,1.0,0.0,0.0
15,DB00091,DB01211,1,1.0,A,DB00091,pathway,12,1.0,0.0,0.0
15,DB00091,DB01211,1,1.0,A,DB00091,pathway,13,1.0,0.0,0.0
15,DB00091,DB01211,1,1.0,A,DB00091,pathway,15,1.0,0.0,0.0
15,DB00091,DB01211,1,1.0,A,DB00091,pathway,26,1.0,0.0,0.0
15,DB00091,DB01211,1,1.0,A,DB00091,pathway,29,1.0,0.0,0.0
15,DB00091,DB01211,1,1.0,A,DB00091,pathway,31,1.0,0.0,0.0
15,DB00091,DB01211,1,1.0,A,DB00091,pathway,39,1.0,0.0,0.0
15,DB00091,DB01211,1,1.0,A,DB00091,pathway,43,1.0,0.0,0.0
15,DB00091,DB01211,1,1.0,A,DB00091,pathway,44,1.0,0.0,0.0
15,DB00091,DB01211,1,1.0,A,DB00091,pathway,51,1.0,0.0,0.0
15,DB00091,DB01211,1,1.0,A,DB00091,pathway,52,1.0,0.0,0.0
15,DB00091,DB01211,1,1.0,A,DB00091,pathway,53,1.0,0.0,0.0
15,DB00091,DB01211,1,1.0,A,DB00091,pathway,55,1.0,0.0,0.0
15,DB00091,DB01211,1,1.0,A,DB00091,pathway,57,1.0,0.0,0.0
15,DB00091,DB01211,1,1.0,A,DB00091,pathway,62,1.0,0.0,0.0
15,DB00091,DB01211,1,1.0,A,DB00091,pathway,66,1.0,0.0,0.0
15,DB00091,DB01211,1,1.0,A,DB00091,pathway,67,1.0,0.0,0.0
15,DB00091,DB01211,1,1.0,A,DB00091,pathway,72,1.0,0.0,0.0
15,DB00091,DB01211,1,1.0,A,DB00091,pathway,74,1.0,0.0,0.0
15,DB00091,DB01211,1,1.0,A,DB00091,pathway,75,1.0,0.0,0.0
15,DB00091,DB01211,1,1.0,A,DB00091,pathway,78,1.0,0.0,0.0
15,DB00091,DB01211,1,1.0,A,DB00091,pathway,79,1.0,0.0,0.0
15,DB00091,DB01211,1,1.0,A,DB00091,pathway,81,1.0,0.0,0.0
15,DB00091,DB01211,1,1.0,A,DB00091,pathway,82,1.0,0.0,0.0
15,DB00091,DB01211,1,1.0,A,DB00091,pathway,84,1.0,0.0,0.0
15,DB00091,DB01211,1,1.0,A,DB00091,pathway,91,1.0,0.0,0.0
15,DB00091,DB01211,1,1.0,A,DB00091,pathway,98,1.0,0.0,0.0
15,DB00091,DB01211,1,1.0,A,DB00091,pathway,100,1.0,0.0,0.0
15,DB00091,DB01211,1,1.0,A,DB00091,pathway,104,1.0,0.0,0.0
15,DB00091,DB01211,1,1.0,A,DB00091,pathway,110,1.0,0.0,0.0
15,DB00091,DB01211,1,1.0,A,DB00091,pathway,113,1.0,0.0,0.0
15,DB00091,DB01211,1,1.0,A,DB00091,pathway,116,1.0,0.0,0.0
15,DB00091,DB01211,1,1.0,A,DB00091,pathway,117,1.0,0.0,0.0
15,DB00091,DB01211,1,1.0,A,DB00091,pathway,119,1.0,0.0,0.0
15,DB00091,DB01211,1,1.0,A,DB00091,pathway,121,1.0,0.0,0.0
15,DB00091,DB01211,1,1.0,A,DB00091,pathway,123,1.0,0.0,0.0
15,DB00091,DB01211,1,1.0,A,DB00091,pathway,124,1.0,0.0,0.0
15,DB00091,DB01211,1,1.0,A,DB00091,pathway,136,1.0,0.0,0.0
15,DB00091,DB01211,1,1.0,A,DB00091,pathway,141,1.0,0.0,0.0
15,DB00091,DB01211,1,1.0,A,DB00091,pathway,143,1.0,0.0,0.0
15,DB00091,DB01211,1,1.0,A,DB00091,pathway,158,1.0,0.0,0.0
15,DB00091,DB01211,1,1.0,A,DB00091,pathway,159,1.0,0.0,0.0
15,DB00091,DB01211,1,1.0,A,DB00091,pathway,168,1.0,0.0,0.0
15,DB00091,DB01211,1,1.0,A,DB00091,pathway,169,1.0,0.0,0.0
15,DB00091,DB01211,1,1.0,A,DB00091,pathway,170,1.0,0.0,0.0
15,DB00091,DB01211,1,1.0,A,DB00091,pathway,171,1.0,0.0,0.0
15,DB00091,DB01211,1,1.0,A,DB00091,pathway,172,1.0,0.0,0.0
15,DB00091,DB01211,1,1.0,A,DB00091,pathway,176,1.0,0.0,0.0
15,DB00091,DB01211,1,1.0,A,DB00091,pathway,187,1.0,0.0,0.0
15,DB00091,DB01211,1,1.0,A,DB00091,pathway,188,1.0,0.0,0.0
15,DB00091,DB01211,1,1.0,A,DB00091,pathway,191,1.0,0.0,0.0
15,DB00091,DB01211,1,1.0,A,DB00091,pathway,193,1.0,0.0,0.0
15,DB00091,DB01211,1,1.0,A,DB00091,pathway,195,1.0,0.0,0.0
15,DB00091,DB01211,1,1.0,A,DB00091,pathway,205,1.0,0.0,0.0
15,DB00091,DB01211,1,1.0,A,DB00091,pathway,208,1.0,0.0,0.0
15,DB00091,DB01211,1,1.0,A,DB00091,pathway,209,1.0,0.0,0.0
15,DB00091,DB01211,1,1.0,A,DB00091,pathway,227,1.0,0.0,0.0
15,DB00091,DB01211,1,1.0,A,DB00091,pathway,237,1.0,0.0,0.0
15,DB00091,DB01211,1,1.0,A,DB00091,pathway,245,1.0,0.0,0.0
15,DB00091,DB01211,1,1.0,A,DB00091,pathway,247,1.0,0.0,0.0
15,DB00091,DB01211,1,1.0,A,DB00091,pathway,250,1.0,0.0,0.0
15,DB00091,DB01211,1,1.0,A,DB00091,pathway,263,1.0,0.0,0.0
15,DB00091,DB01211,1,1.0,A,DB00091,pathway,269,1.0,0.0,0.0
15,DB00091,DB01211,1,1.0,A,DB00091,pathway,281,1.0,0.0,0.0
15,DB00091,DB01211,1,1.0,A,DB00091,pathway,283,1.0,0.0,0.0
15,DB00091,DB01211,1,1.0,A,DB00091,pathway,285,1.0,0.0,0.0
15,DB00091,DB01211,1,1.0,A,DB00091,pathway,286,1.0,0.0,0.0
15,DB00091,DB01211,1,1.0,A,DB00091,pathway,287,1.0,0.0,0.0
15,DB00091,DB01211,1,1.0,A,DB00091,pathway,290,1.0,0.0,0.0
15,DB00091,DB01211,1,1.0,A,DB00091,pathway,296,1.0,0.0,0.0
15,DB00091,DB01211,1,1.0,A,DB00091,pathway,297,1.0,0.0,0.0
15,DB00091,DB01211,1,1.0,A,DB00091,pathway,308,1.0,0.0,0.0
15,DB00091,DB01211,1,1.0,A,DB00091,pathway,314,1.0,0.0,0.0
15,DB00091,DB01211,1,1.0,A,DB00091,pathway,315,1.0,0.0,0.0
15,DB00091,DB01211,1,1.0,A,DB00091,pathway,329,1.0,0.0,0.0
15,DB00091,DB01211,1,1.0,A,DB00091,pathway,332,1.0,0.0,0.0
15,DB00091,DB01211,1,1.0,A,DB00091,pathway,333,1.0,0.0,0.0
15,DB00091,DB01211,1,1.0,A,DB00091,pathway,340,1.0,0.0,0.0
15,DB00091,DB01211,1,1.0,A,DB00091,pathway,346,1.0,0.0,0.0
15,DB00091,DB01211,1,1.0,A,DB00091,pathway,350,1.0,0.0,0.0
15,DB00091,DB01211,1,1.0,A,DB00091,pathway,353,1.0,0.0,0.0
15,DB00091,DB01211,1,1.0,A,DB00091,pathway,358,1.0,0.0,0.0
15,DB00091,DB01211,1,1.0,A,DB00091,pathway,359,1.0,0.0,0.0
15,DB00091,DB01211,1,1.0,A,DB00091,pathway,362,1.0,0.0,0.0
15,DB00091,DB01211,1,1.0,A,DB00091,pathway,371,1.0,0.0,0.0
15,DB00091,DB01211,1,1.0,A,DB00091,pathway,374,1.0,0.0,0.0
15,DB00091,DB01211,1,1.0,A,DB00091,pathway,379,1.0,0.0,0.0
15,DB00091,DB01211,1,1.0,A,DB00091,pathway,385,1.0,0.0,0.0
15,DB00091,DB01211,1,1.0,A,DB00091,pathway,386,1.0,0.0,0.0
15,DB00091,DB01211,1,1.0,A,DB00091,pathway,387,1.0,0.0,0.0
15,DB00091,DB01211,1,1.0,A,DB00091,pathway,393,1.0,0.0,0.0
15,DB00091,DB01211,1,1.0,A,DB00091,pathway,394,1.0,0.0,0.0
15,DB00091,DB01211,1,1.0,A,DB00091,pathway,395,1.0,0.0,0.0
15,DB00091,DB01211,1,1.0,A,DB00091,pathway,396,1.0,0.0,0.0
15,DB00091,DB01211,1,1.0,A,DB00091,pathway,397,1.0,0.0,0.0
15,DB00091,DB01211,1,1.0,A,DB00091,pathway,398,1.0,0.0,0.0
15,DB00091,DB01211,1,1.0,A,DB00091,pathway,399,1.0,0.0,0.0
15,DB00091,DB01211,1,1.0,A,DB00091,pathway,401,1.0,0.0,0.0
15,DB00091,DB01211,1,1.0,A,DB00091,pathway,402,1.0,0.0,0.0
15,DB00091,DB01211,1,1.0,A,DB00091,pathway,427,1.0,0.0,0.0
15,DB00091,DB01211,1,1.0,A,DB00091,pathway,429,1.0,0.0,0.0
15,DB00091,DB01211,1,1.0,A,DB00091,pathway,430,1.0,0.0,0.0
15,DB00091,DB01211,1,1.0,A,DB00091,pathway,438,1.0,0.0,0.0
15,DB00091,DB01211,1,1.0,A,DB00091,pathway,439,1.0,0.0,0.0
15,DB00091,DB01211,1,1.0,A,DB00091,pathway,440,1.0,0.0,0.0
15,DB00091,DB01211,1,1.0,A,DB00091,pathway,441,1.0,0.0,0.0
15,DB00091,DB01211,1,1.0,A,DB00091,pathway,442,1.0,0.0,0.0
15,DB00091,DB01211,1,1.0,A,DB00091,pathway,443,1.0,0.0,0.0
15,DB00091,DB01211,1,1.0,A,DB00091,pathway,444,1.0,0.0,0.0
15,DB00091,DB01211,1,1.0,A,DB00091,pathway,446,1.0,0.0,0.0
15,DB00091,DB01211,1,1.0,A,DB00091,pathway,447,1.0,0.0,0.0
15,DB00091,DB01211,1,1.0,A,DB00091,pathway,452,1.0,0.0,0.0
15,DB00091,DB01211,1,1.0,A,DB00091,pathway,455,1.0,0.0,0.0
15,DB00091,DB01211,1,1.0,A,DB00091,pathway,457,1.0,0.0,0.0
15,DB00091,DB01211,1,1.0,A,DB00091,pathway,462,1.0,0.0,0.0
15,DB00091,DB01211,1,1.0,A,DB00091,pathway,464,1.0,0.0,0.0
15,DB00091,DB01211,1,1.0,A,DB00091,pathway,466,1.0,0.0,0.0
15,DB00091,DB01211,1,1.0,A,DB00091,pathway,467,1.0,0.0,0.0
15,DB00091,DB01211,1,1.0,A,DB00091,pathway,471,1.0,0.0,0.0
15,DB00091,DB01211,1,1.0,A,DB00091,pathway,473,1.0,0.0,0.0
15,DB00091,DB01211,1,1.0,A,DB00091,pathway,478,1.0,0.0,0.0
15,DB00091,DB01211,1,1.0,A,DB00091,pathway,479,1.0,0.0,0.0
15,DB00091,DB01211,1,1.0,A,DB00091,pathway,480,1.0,0.0,0.0
15,DB00091,DB01211,1,1.0,A,DB00091,pathway,481,1.0,0.0,0.0
15,DB00091,DB01211,1,1.0,A,DB00091,pathway,482,1.0,0.0,0.0
15,DB00091,DB01211,1,1.0,A,DB00091,pathway,488,1.0,0.0,0.0
15,DB00091,DB01211,1,1.0,A,DB00091,pathway,498,1.0,0.0,0.0
15,DB00091,DB01211,1,1.0,A,DB00091,pathway,499,1.0,0.0,0.0
15,DB00091,DB01211,1,1.0,A,DB00091,pathway,511,1.0,0.0,0.0
15,DB00091,DB01211,1,1.0,A,DB00091,pathway,512,1.0,0.0,0.0
15,DB00091,DB01211,1,1.0,A,DB00091,pathway,513,1.0,0.0,0.0
15,DB00091,DB01211,1,1.0,A,DB00091,pathway,515,1.0,0.0,0.0
15,DB00091,DB01211,1,1.0,A,DB00091,pathway,521,1.0,0.0,0.0
15,DB00091,DB01211,1,1.0,A,DB00091,pathway,524,1.0,0.0,0.0
15,DB00091,DB01211,1,1.0,A,DB00091,pathway,527,1.0,0.0,0.0
15,DB00091,DB01211,1,1.0,A,DB00091,pathway,528,1.0,0.0,0.0
15,DB00091,DB01211,1,1.0,A,DB00091,pathway,530,1.0,0.0,0.0
15,DB00091,DB01211,1,1.0,A,DB00091,pathway,531,1.0,0.0,0.0
15,DB00091,DB01211,1,1.0,A,DB00091,pathway,532,1.0,0.0,0.0
15,DB00091,DB01211,1,1.0,A,DB00091,pathway,536,1.0,0.0,0.0
15,DB00091,DB01211,1,1.0,A,DB00091,pathway,542,1.0,0.0,0.0
15,DB00091,DB01211,1,1.0,A,DB00091,pathway,544,1.0,0.0,0.0
15,DB00091,DB01211,1,1.0,A,DB00091,pathway,552,1.0,0.0,0.0
15,DB00091,DB01211,1,1.0,A,DB00091,pathway,557,1.0,0.0,0.0
15,DB00091,DB01211,1,1.0,A,DB00091,pathway,559,1.0,0.0,0.0
15,DB00091,DB01211,1,1.0,A,DB00091,pathway,587,1.0,0.0,0.0
15,DB00091,DB01211,1,1.0,A,DB00091,pathway,588,1.0,0.0,0.0
15,DB00091,DB01211,1,1.0,A,DB00091,pathway,589,1.0,0.0,0.0
15,DB00091,DB01211,1,1.0,A,DB00091,pathway,590,1.0,0.0,0.0
15,DB00091,DB01211,1,1.0,A,DB00091,pathway,591,1.0,0.0,0.0
15,DB00091,DB01211,1,1.0,A,DB00091,pathway,594,1.0,0.0,0.0
15,DB00091,DB01211,1,1.0,A,DB00091,pathway,602,1.0,0.0,0.0
15,DB00091,DB01211,1,1.0,A,DB00091,pathway,612,1.0,0.0,0.0
15,DB00091,DB01211,1,1.0,A,DB00091,pathway,614,1.0,0.0,0.0
15,DB00091,DB01211,1,1.0,A,DB00091,pathway,617,1.0,0.0,0.0
15,DB00091,DB01211,1,1.0,A,DB00091,pathway,619,1.0,0.0,0.0
15,DB00091,DB01211,1,1.0,A,DB00091,pathway,620,1.0,0.0,0.0
15,DB00091,DB01211,1,1.0,A,DB00091,pathway,625,1.0,0.0,0.0
15,DB00091,DB01211,1,1.0,A,DB00091,pathway,626,1.0,0.0,0.0
15,DB00091,DB01211,1,1.0,A,DB00091,pathway,627,1.0,0.0,0.0
15,DB00091,DB01211,1,1.0,A,DB00091,pathway,630,1.0,0.0,0.0
15,DB00091,DB01211,1,1.0,A,DB00091,pathway,631,1.0,0.0,0.0
15,DB00091,DB01211,1,1.0,A,DB00091,pathway,636,1.0,0.0,0.0
15,DB00091,DB01211,1,1.0,A,DB00091,pathway,637,1.0,0.0,0.0
15,DB00091,DB01211,1,1.0,A,DB00091,pathway,638,1.0,0.0,0.0
15,DB00091,DB01211,1,1.0,A,DB00091,pathway,640,1.0,0.0,0.0
15,DB00091,DB01211,1,1.0,A,DB00091,pathway,641,1.0,0.0,0.0
15,DB00091,DB01211,1,1.0,A,DB00091,pathway,642,1.0,0.0,0.0
15,DB00091,DB01211,1,1.0,A,DB00091,pathway,643,1.0,0.0,0.0
15,DB00091,DB01211,1,1.0,A,DB00091,pathway,644,1.0,0.0,0.0
15,DB00091,DB01211,1,1.0,A,DB00091,pathway,645,1.0,0.0,0.0
15,DB00091,DB01211,1,1.0,A,DB00091,pathway,646,1.0,0.0,0.0
15,DB00091,DB01211,1,1.0,A,DB00091,pathway,647,1.0,0.0,0.0
15,DB00091,DB01211,1,1.0,A,DB00091,pathway,650,1.0,0.0,0.0
15,DB00091,DB01211,1,1.0,A,DB00091,pathway,651,1.0,0.0,0.0
15,DB00091,DB01211,1,1.0,A,DB00091,pathway,652,1.0,0.0,0.0
15,DB00091,DB01211,1,1.0,A,DB00091,pathway,654,1.0,0.0,0.0
15,DB00091,DB01211,1,1.0,A,DB00091,pathway,655,1.0,0.0,0.0
15,DB00091,DB01211,1,1.0,A,DB00091,pathway,656,1.0,0.0,0.0
15,DB00091,DB01211,1,1.0,A,DB00091,pathway,658,1.0,0.0,0.0
15,DB00091,DB01211,1,1.0,A,DB00091,pathway,664,1.0,0.0,0.0
15,DB00091,DB01211,1,1.0,A,DB00091,pathway,668,1.0,0.0,0.0
15,DB00091,DB01211,1,1.0,A,DB00091,pathway,670,1.0,0.0,0.0
15,DB00091,DB01211,1,1.0,A,DB00091,pathway,671,1.0,0.0,0.0
15,DB00091,DB01211,1,1.0,A,DB00091,pathway,672,1.0,0.0,0.0
15,DB00091,DB01211,1,1.0,A,DB00091,pathway,673,1.0,0.0,0.0
15,DB00091,DB01211,1,1.0,A,DB00091,pathway,674,1.0,0.0,0.0
15,DB00091,DB01211,1,1.0,A,DB00091,pathway,677,1.0,0.0,0.0
15,DB00091,DB01211,1,1.0,A,DB00091,pathway,679,1.0,0.0,0.0
15,DB00091,DB01211,1,1.0,A,DB00091,pathway,683,1.0,0.0,0.0
15,DB00091,DB01211,1,1.0,A,DB00091,pathway,685,1.0,0.0,0.0
15,DB00091,DB01211,1,1.0,A,DB00091,pathway,686,1.0,0.0,0.0
15,DB00091,DB01211,1,1.0,A,DB00091,pathway,687,1.0,0.0,0.0
15,DB00091,DB01211,1,1.0,A,DB00091,pathway,688,1.0,0.0,0.0
15,DB00091,DB01211,1,1.0,A,DB00091,pathway,691,1.0,0.0,0.0
15,DB00091,DB01211,1,1.0,A,DB00091,pathway,692,1.0,0.0,0.0
15,DB00091,DB01211,1,1.0,A,DB00091,pathway,693,1.0,0.0,0.0
15,DB00091,DB01211,1,1.0,A,DB00091,pathway,694,1.0,0.0,0.0
15,DB00091,DB01211,1,1.0,A,DB00091,pathway,695,1.0,0.0,0.0
15,DB00091,DB01211,1,1.0,A,DB00091,pathway,696,1.0,0.0,0.0
15,DB00091,DB01211,1,1.0,A,DB00091,pathway,701,1.0,0.0,0.0
15,DB00091,DB01211,1,1.0,A,DB00091,pathway,703,1.0,0.0,0.0
15,DB00091,DB01211,1,1.0,A,DB00091,pathway,704,1.0,0.0,0.0
15,DB00091,DB01211,1,1.0,A,DB00091,pathway,705,1.0,0.0,0.0
15,DB00091,DB01211,1,1.0,A,DB00091,pathway,707,1.0,0.0,0.0
15,DB00091,DB01211,1,1.0,A,DB00091,pathway,708,1.0,0.0,0.0
15,DB00091,DB01211,1,1.0,A,DB00091,pathway,709,1.0,0.0,0.0
15,DB00091,DB01211,1,1.0,A,DB00091,pathway,711,1.0,0.0,0.0
15,DB00091,DB01211,1,1.0,A,DB00091,pathway,715,1.0,0.0,0.0
15,DB00091,DB01211,1,1.0,A,DB00091,pathway,716,1.0,0.0,0.0
15,DB00091,DB01211,1,1.0,A,DB00091,pathway,717,1.0,0.0,0.0
15,DB00091,DB01211,1,1.0,A,DB00091,pathway,718,1.0,0.0,0.0
15,DB00091,DB01211,1,1.0,A,DB00091,pathway,719,1.0,0.0,0.0
15,DB00091,DB01211,1,1.0,A,DB00091,pathway,728,1.0,0.0,0.0
15,DB00091,DB01211,1,1.0,A,DB00091,pathway,730,1.0,0.0,0.0
15,DB00091,DB01211,1,1.0,A,DB00091,pathway,732,1.0,0.0,0.0
15,DB00091,DB01211,1,1.0,A,DB00091,pathway,733,1.0,0.0,0.0
15,DB00091,DB01211,1,1.0,A,DB00091,pathway,744,1.0,0.0,0.0
15,DB00091,DB01211,1,1.0,A,DB00091,pathway,764,1.0,0.0,0.0
15,DB00091,DB01211,1,1.0,A,DB00091,pathway,765,1.0,0.0,0.0
15,DB00091,DB01211,1,1.0,A,DB00091,pathway,772,1.0,0.0,0.0
15,DB00091,DB01211,1,1.0,A,DB00091,pathway,775,1.0,0.0,0.0
15,DB00091,DB01211,1,1.0,A,DB00091,pathway,776,1.0,0.0,0.0
15,DB00091,DB01211,1,1.0,A,DB00091,pathway,777,1.0,0.0,0.0
15,DB00091,DB01211,1,1.0,A,DB00091,pathway,783,1.0,0.0,0.0
15,DB00091,DB01211,1,1.0,A,DB00091,pathway,784,1.0,0.0,0.0
15,DB00091,DB01211,1,1.0,A,DB00091,pathway,787,1.0,0.0,0.0
15,DB00091,DB01211,1,1.0,A,DB00091,pathway,788,1.0,0.0,0.0
15,DB00091,DB01211,1,1.0,A,DB00091,pathway,789,1.0,0.0,0.0
15,DB00091,DB01211,1,1.0,A,DB00091,pathway,797,1.0,0.0,0.0
15,DB00091,DB01211,1,1.0,A,DB00091,pathway,798,1.0,0.0,0.0
15,DB00091,DB01211,1,1.0,A,DB00091,pathway,799,1.0,0.0,0.0
15,DB00091,DB01211,1,1.0,A,DB00091,pathway,801,1.0,0.0,0.0
15,DB00091,DB01211,1,1.0,A,DB00091,pathway,805,1.0,0.0,0.0
15,DB00091,DB01211,1,1.0,A,DB00091,pathway,806,1.0,0.0,0.0
15,DB00091,DB01211,1,1.0,A,DB00091,pathway,811,1.0,0.0,0.0
15,DB00091,DB01211,1,1.0,A,DB00091,pathway,826,1.0,0.0,0.0
15,DB00091,DB01211,1,1.0,A,DB00091,pathway,830,1.0,0.0,0.0
15,DB00091,DB01211,1,1.0,A,DB00091,pathway,836,1.0,0.0,0.0
15,DB00091,DB01211,1,1.0,A,DB00091,pathway,837,1.0,0.0,0.0
15,DB00091,DB01211,1,1.0,A,DB00091,pathway,840,1.0,0.0,0.0
15,DB00091,DB01211,1,1.0,A,DB00091,pathway,845,1.0,0.0,0.0
15,DB00091,DB01211,1,1.0,A,DB00091,pathway,853,1.0,0.0,0.0
15,DB00091,DB01211,1,1.0,A,DB00091,pathway,854,1.0,0.0,0.0
15,DB00091,DB01211,1,1.0,A,DB00091,pathway,855,1.0,0.0,0.0
15,DB00091,DB01211,1,1.0,A,DB00091,pathway,863,1.0,0.0,0.0
15,DB00091,DB01211,1,1.0,A,DB00091,pathway,870,1.0,0.0,0.0
15,DB00091,DB01211,1,1.0,A,DB00091,pathway,874,1.0,0.0,0.0
15,DB00091,DB01211,1,1.0,A,DB00091,pathway,877,1.0,0.0,0.0
15,DB00091,DB01211,1,1.0,A,DB00091,pathway,883,1.0,0.0,0.0
15,DB00091,DB01211,1,1.0,A,DB00091,pathway,896,1.0,0.0,0.0
15,DB00091,DB01211,1,1.0,A,DB00091,pathway,910,1.0,0.0,0.0
15,DB00091,DB01211,1,1.0,A,DB00091,pathway,919,1.0,0.0,0.0
15,DB00091,DB01211,1,1.0,A,DB00091,pathway,922,1.0,0.0,0.0
15,DB00091,DB01211,1,1.0,A,DB00091,pathway,927,1.0,0.0,0.0
15,DB00091,DB01211,1,1.0,A,DB00091,pathway,940,1.0,0.0,0.0
15,DB00091,DB01211,1,1.0,A,DB00091,pathway,948,1.0,0.0,0.0
15,DB00091,DB01211,1,1.0,A,DB00091,pathway,955,1.0,0.0,0.0
15,DB00091,DB01211,1,1.0,A,DB00091,pathway,958,1.0,0.0,0.0
15,DB00091,DB01211,1,1.0,A,DB00091,pathway,959,1.0,0.0,0.0
15,DB00091,DB01211,1,1.0,A,DB00091,pathway,965,1.0,0.0,0.0
15,DB00091,DB01211,1,1.0,A,DB00091,pathway,968,1.0,0.0,0.0
15,DB00091,DB01211,1,1.0,A,DB00091,pathway,969,1.0,0.0,0.0
15,DB00091,DB01211,1,1.0,A,DB00091,pathway,970,1.0,0.0,0.0
15,DB00091,DB01211,1,1.0,A,DB00091,pathway,973,1.0,0.0,0.0
15,DB00091,DB01211,1,1.0,A,DB00091,pathway,981,1.0,0.0,0.0
15,DB00091,DB01211,1,1.0,A,DB00091,pathway,986,1.0,0.0,0.0
15,DB00091,DB01211,1,1.0,A,DB00091,pathway,987,1.0,0.0,0.0
15,DB00091,DB01211,1,1.0,A,DB00091,pathway,988,1.0,0.0,0.0
15,DB00091,DB01211,1,1.0,A,DB00091,pathway,989,1.0,0.0,0.0
15,DB00091,DB01211,1,1.0,A,DB00091,pathway,1009,1.0,0.0,0.0
15,DB00091,DB01211,1,1.0,A,DB00091,pathway,1010,1.0,0.0,0.0
15,DB00091,DB01211,1,1.0,A,DB00091,pathway,1011,1.0,0.0,0.0
15,DB00091,DB01211,1,1.0,A,DB00091,pathway,1012,1.0,0.0,0.0
15,DB00091,DB01211,1,1.0,A,DB00091,pathway,1018,1.0,0.0,0.0
15,DB00091,DB01211,1,1.0,A,DB00091,pathway,1019,1.0,0.0,0.0
15,DB00091,DB01211,1,1.0,A,DB00091,pathway,1020,1.0,0.0,0.0
15,DB00091,DB01211,1,1.0,A,DB00091,pathway,1031,1.0,0.0,0.0
15,DB00091,DB01211,1,1.0,A,DB00091,pathway,1037,1.0,0.0,0.0
15,DB00091,DB01211,1,1.0,A,DB00091,pathway,1041,1.0,0.0,0.0
15,DB00091,DB01211,1,1.0,A,DB00091,pathway,1044,1.0,0.0,0.0
15,DB00091,DB01211,1,1.0,A,DB00091,pathway,1045,1.0,0.0,0.0
15,DB00091,DB01211,1,1.0,A,DB00091,pathway,1046,1.0,0.0,0.0
15,DB00091,DB01211,1,1.0,A,DB00091,pathway,1047,1.0,0.0,0.0
15,DB00091,DB01211,1,1.0,A,DB00091,pathway,1048,1.0,0.0,0.0
15,DB00091,DB01211,1,1.0,A,DB00091,pathway,1054,1.0,0.0,0.0
15,DB00091,DB01211,1,1.0,A,DB00091,pathway,1057,1.0,0.0,0.0
15,DB00091,DB01211,1,1.0,A,DB00091,pathway,1062,1.0,0.0,0.0
15,DB00091,DB01211,1,1.0,A,DB00091,pathway,1064,1.0,0.0,0.0
15,DB00091,DB01211,1,1.0,A,DB00091,pathway,1066,1.0,0.0,0.0
15,DB00091,DB01211,1,1.0,A,DB00091,pathway,1073,1.0,0.0,0.0
15,DB00091,DB01211,1,1.0,A,DB00091,pathway,1074,1.0,0.0,0.0
15,DB00091,DB01211,1,1.0,A,DB00091,pathway,1079,1.0,0.0,0.0
15,DB00091,DB01211,1,1.0,A,DB00091,pathway,1080,1.0,0.0,0.0
15,DB00091,DB01211,1,1.0,A,DB00091,pathway,1081,1.0,0.0,0.0
15,DB00091,DB01211,1,1.0,A,DB00091,pathway,1082,1.0,0.0,0.0
15,DB00091,DB01211,1,1.0,A,DB00091,pathway,1083,1.0,0.0,0.0
15,DB00091,DB01211,1,1.0,A,DB00091,pathway,1084,1.0,0.0,0.0
15,DB00091,DB01211,1,1.0,A,DB00091,pathway,1085,1.0,0.0,0.0
15,DB00091,DB01211,1,1.0,A,DB00091,pathway,1089,1.0,0.0,0.0
15,DB00091,DB01211,1,1.0,A,DB00091,pathway,1090,1.0,0.0,0.0
15,DB00091,DB01211,1,1.0,A,DB00091,pathway,1099,1.0,0.0,0.0
15,DB00091,DB01211,1,1.0,A,DB00091,pathway,1100,1.0,0.0,0.0
15,DB00091,DB01211,1,1.0,A,DB00091,pathway,1102,1.0,0.0,0.0
15,DB00091,DB01211,1,1.0,A,DB00091,pathway,1103,1.0,0.0,0.0
15,DB00091,DB01211,1,1.0,A,DB00091,pathway,1107,1.0,0.0,0.0
15,DB00091,DB01211,1,1.0,A,DB00091,pathway,1108,1.0,0.0,0.0
15,DB00091,DB01211,1,1.0,A,DB00091,pathway,1110,1.0,0.0,0.0
15,DB00091,DB01211,1,1.0,A,DB00091,pathway,1116,1.0,0.0,0.0
15,DB00091,DB01211,1,1.0,A,DB00091,pathway,1119,1.0,0.0,0.0
15,DB00091,DB01211,1,1.0,A,DB00091,pathway,1120,1.0,0.0,0.0
15,DB00091,DB01211,1,1.0,A,DB00091,pathway,1121,1.0,0.0,0.0
15,DB00091,DB01211,1,1.0,A,DB00091,pathway,1122,1.0,0.0,0.0
15,DB00091,DB01211,1,1.0,A,DB00091,pathway,1123,1.0,0.0,0.0
15,DB00091,DB01211,1,1.0,A,DB00091,pathway,1126,1.0,0.0,0.0
15,DB00091,DB01211,1,1.0,A,DB00091,pathway,1134,1.0,0.0,0.0
15,DB00091,DB01211,1,1.0,A,DB00091,pathway,1135,1.0,0.0,0.0
15,DB00091,DB01211,1,1.0,A,DB00091,pathway,1138,1.0,0.0,0.0
15,DB00091,DB01211,1,1.0,A,DB00091,pathway,1153,1.0,0.0,0.0
15,DB00091,DB01211,1,1.0,A,DB00091,pathway,1154,1.0,0.0,0.0
15,DB00091,DB01211,1,1.0,A,DB00091,pathway,1157,1.0,0.0,0.0
15,DB00091,DB01211,1,1.0,A,DB00091,pathway,1165,1.0,0.0,0.0
15,DB00091,DB01211,1,1.0,A,DB00091,pathway,1167,1.0,0.0,0.0
15,DB00091,DB01211,1,1.0,A,DB00091,pathway,1177,1.0,0.0,0.0
15,DB00091,DB01211,1,1.0,A,DB00091,pathway,1182,1.0,0.0,0.0
15,DB00091,DB01211,1,1.0,A,DB00091,pathway,1217,1.0,0.0,0.0
15,DB00091,DB01211,1,1.0,A,DB00091,pathway,1218,1.0,0.0,0.0
15,DB00091,DB01211,1,1.0,A,DB00091,pathway,1224,1.0,0.0,0.0
15,DB00091,DB01211,1,1.0,A,DB00091,pathway,1225,1.0,0.0,0.0
15,DB00091,DB01211,1,1.0,A,DB00091,pathway,1230,1.0,0.0,0.0
15,DB00091,DB01211,1,1.0,A,DB00091,pathway,1245,1.0,0.0,0.0
15,DB00091,DB01211,1,1.0,A,DB00091,pathway,1249,1.0,0.0,0.0
15,DB00091,DB01211,1,1.0,A,DB00091,pathway,1262,1.0,0.0,0.0
15,DB00091,DB01211,1,1.0,A,DB00091,pathway,1263,1.0,0.0,0.0
15,DB00091,DB01211,1,1.0,A,DB00091,pathway,1264,1.0,0.0,0.0
15,DB00091,DB01211,1,1.0,A,DB00091,pathway,1265,1.0,0.0,0.0
15,DB00091,DB01211,1,1.0,A,DB00091,pathway,1266,1.0,0.0,0.0
15,DB00091,DB01211,1,1.0,A,DB00091,pathway,1267,1.0,0.0,0.0
15,DB00091,DB01211,1,1.0,A,DB00091,pathway,1268,1.0,0.0,0.0
15,DB00091,DB01211,1,1.0,A,DB00091,pathway,1270,1.0,0.0,0.0
15,DB00091,DB01211,1,1.0,A,DB00091,pathway,1272,1.0,0.0,0.0
15,DB00091,DB01211,1,1.0,A,DB00091,pathway,1278,1.0,0.0,0.0
15,DB00091,DB01211,1,1.0,A,DB00091,pathway,1291,1.0,0.0,0.0
15,DB00091,DB01211,1,1.0,A,DB00091,pathway,1292,1.0,0.0,0.0
15,DB00091,DB01211,1,1.0,A,DB00091,pathway,1297,1.0,0.0,0.0
15,DB00091,DB01211,1,1.0,A,DB00091,pathway,1298,1.0,0.0,0.0
15,DB00091,DB01211,1,1.0,A,DB00091,pathway,1299,1.0,0.0,0.0
15,DB00091,DB01211,1,1.0,A,DB00091,pathway,1300,1.0,0.0,0.0
15,DB00091,DB01211,1,1.0,A,DB00091,pathway,1301,1.0,0.0,0.0
15,DB00091,DB01211,1,1.0,A,DB00091,pathway,1302,1.0,0.0,0.0
15,DB00091,DB01211,1,1.0,A,DB00091,pathway,1305,1.0,0.0,0.0
15,DB00091,DB01211,1,1.0,A,DB00091,pathway,1312,1.0,0.0,0.0
15,DB00091,DB01211,1,1.0,A,DB00091,pathway,1318,1.0,0.0,0.0
15,DB00091,DB01211,1,1.0,A,DB00091,pathway,1329,1.0,0.0,0.0
15,DB00091,DB01211,1,1.0,A,DB00091,pathway,1333,1.0,0.0,0.0
15,DB00091,DB01211,1,1.0,A,DB00091,pathway,1339,1.0,0.0,0.0
15,DB00091,DB01211,1,1.0,A,DB00091,pathway,1346,1.0,0.0,0.0
15,DB00091,DB01211,1,1.0,A,DB00091,pathway,1347,1.0,0.0,0.0
15,DB00091,DB01211,1,1.0,A,DB00091,pathway,1348,1.0,0.0,0.0
15,DB00091,DB01211,1,1.0,A,DB00091,pathway,1353,1.0,0.0,0.0
15,DB00091,DB01211,1,1.0,A,DB00091,pathway,1356,1.0,0.0,0.0
15,DB00091,DB01211,1,1.0,A,DB00091,pathway,1364,1.0,0.0,0.0
15,DB00091,DB01211,1,1.0,A,DB00091,pathway,1366,1.0,0.0,0.0
15,DB00091,DB01211,1,1.0,A,DB00091,pathway,1370,1.0,0.0,0.0
15,DB00091,DB01211,1,1.0,A,DB00091,pathway,1372,1.0,0.0,0.0
15,DB00091,DB01211,1,1.0,A,DB00091,pathway,1373,1.0,0.0,0.0
15,DB00091,DB01211,1,1.0,A,DB00091,pathway,1382,1.0,0.0,0.0
15,DB00091,DB01211,1,1.0,A,DB00091,pathway,1394,1.0,0.0,0.0
15,DB00091,DB01211,1,1.0,A,DB00091,pathway,1396,1.0,0.0,0.0
15,DB00091,DB01211,1,1.0,A,DB00091,pathway,1397,1.0,0.0,0.0
15,DB00091,DB01211,1,1.0,A,DB00091,pathway,1401,1.0,0.0,0.0
15,DB00091,DB01211,1,1.0,A,DB00091,pathway,1402,1.0,0.0,0.0
15,DB00091,DB01211,1,1.0,A,DB00091,pathway,1405,1.0,0.0,0.0
15,DB00091,DB01211,1,1.0,A,DB00091,pathway,1414,1.0,0.0,0.0
15,DB00091,DB01211,1,1.0,A,DB00091,pathway,1419,1.0,0.0,0.0
15,DB00091,DB01211,1,1.0,A,DB00091,pathway,1422,1.0,0.0,0.0
15,DB00091,DB01211,1,1.0,A,DB00091,pathway,1423,1.0,0.0,0.0
15,DB00091,DB01211,1,1.0,A,DB00091,pathway,1424,1.0,0.0,0.0
15,DB00091,DB01211,1,1.0,A,DB00091,pathway,1428,1.0,0.0,0.0
15,DB00091,DB01211,1,1.0,A,DB00091,pathway,1430,1.0,0.0,0.0
15,DB00091,DB01211,1,1.0,A,DB00091,pathway,1431,1.0,0.0,0.0
15,DB00091,DB01211,1,1.0,A,DB00091,pathway,1432,1.0,0.0,0.0
15,DB00091,DB01211,1,1.0,A,DB00091,pathway,1436,1.0,0.0,0.0
15,DB00091,DB01211,1,1.0,A,DB00091,pathway,1437,1.0,0.0,0.0
15,DB00091,DB01211,1,1.0,A,DB00091,pathway,1440,1.0,0.0,0.0
15,DB00091,DB01211,1,1.0,A,DB00091,pathway,1441,1.0,0.0,0.0
15,DB00091,DB01211,1,1.0,A,DB00091,pathway,1446,1.0,0.0,0.0
15,DB00091,DB01211,1,1.0,A,DB00091,pathway,1448,1.0,0.0,0.0
15,DB00091,DB01211,1,1.0,A,DB00091,pathway,1453,1.0,0.0,0.0
15,DB00091,DB01211,1,1.0,A,DB00091,pathway,1467,1.0,0.0,0.0
15,DB00091,DB01211,1,1.0,A,DB00091,pathway,1468,1.0,0.0,0.0
15,DB00091,DB01211,1,1.0,A,DB00091,pathway,1471,1.0,0.0,0.0
15,DB00091,DB01211,1,1.0,A,DB00091,pathway,1472,1.0,0.0,0.0
15,DB00091,DB01211,1,1.0,A,DB00091,pathway,1473,1.0,0.0,0.0
15,DB00091,DB01211,1,1.0,A,DB00091,pathway,1474,1.0,0.0,0.0
15,DB00091,DB01211,1,1.0,A,DB00091,pathway,1488,1.0,0.0,0.0
15,DB00091,DB01211,1,1.0,A,DB00091,pathway,1489,1.0,0.0,0.0
15,DB00091,DB01211,1,1.0,A,DB00091,pathway,1490,1.0,0.0,0.0
15,DB00091,DB01211,1,1.0,A,DB00091,pathway,1491,1.0,0.0,0.0
15,DB00091,DB01211,1,1.0,A,DB00091,pathway,1492,1.0,0.0,0.0
15,DB00091,DB01211,1,1.0,A,DB00091,pathway,1496,1.0,0.0,0.0
15,DB00091,DB01211,1,1.0,A,DB00091,pathway,1500,1.0,0.0,0.0
15,DB00091,DB01211,1,1.0,A,DB00091,pathway,1502,1.0,0.0,0.0
15,DB00091,DB01211,1,1.0,A,DB00091,pathway,1513,1.0,0.0,0.0
15,DB00091,DB01211,1,1.0,A,DB00091,pathway,1514,1.0,0.0,0.0
15,DB00091,DB01211,1,1.0,A,DB00091,pathway,1518,1.0,0.0,0.0
15,DB00091,DB01211,1,1.0,A,DB00091,pathway,1521,1.0,0.0,0.0
15,DB00091,DB01211,1,1.0,A,DB00091,pathway,1522,1.0,0.0,0.0
15,DB00091,DB01211,1,1.0,A,DB00091,pathway,1524,1.0,0.0,0.0
15,DB00091,DB01211,1,1.0,A,DB00091,pathway,1531,1.0,0.0,0.0
15,DB00091,DB01211,1,1.0,A,DB00091,pathway,1533,1.0,0.0,0.0
15,DB00091,DB01211,1,1.0,A,DB00091,pathway,1534,1.0,0.0,0.0
15,DB00091,DB01211,1,1.0,A,DB00091,pathway,1542,1.0,0.0,0.0
15,DB00091,DB01211,1,1.0,A,DB00091,pathway,1544,1.0,0.0,0.0
15,DB00091,DB01211,1,1.0,A,DB00091,pathway,1547,1.0,0.0,0.0
15,DB00091,DB01211,1,1.0,A,DB00091,pathway,1548,1.0,0.0,0.0
15,DB00091,DB01211,1,1.0,A,DB00091,pathway,1549,1.0,0.0,0.0
15,DB00091,DB01211,1,1.0,A,DB00091,pathway,1557,1.0,0.0,0.0
15,DB00091,DB01211,1,1.0,A,DB00091,pathway,1562,1.0,0.0,0.0
15,DB00091,DB01211,1,1.0,A,DB00091,pathway,1567,1.0,0.0,0.0
15,DB00091,DB01211,1,1.0,A,DB00091,pathway,1568,1.0,0.0,0.0
15,DB00091,DB01211,1,1.0,A,DB00091,pathway,1569,1.0,0.0,0.0
15,DB00091,DB01211,1,1.0,A,DB00091,pathway,1570,1.0,0.0,0.0
15,DB00091,DB01211,1,1.0,A,DB00091,pathway,1571,1.0,0.0,0.0
15,DB00091,DB01211,1,1.0,A,DB00091,pathway,1577,1.0,0.0,0.0
15,DB00091,DB01211,1,1.0,A,DB00091,pathway,1582,1.0,0.0,0.0
15,DB00091,DB01211,1,1.0,A,DB00091,pathway,1584,1.0,0.0,0.0
15,DB00091,DB01211,1,1.0,A,DB00091,pathway,1585,1.0,0.0,0.0
15,DB00091,DB01211,1,1.0,A,DB00091,pathway,1586,1.0,0.0,0.0
15,DB00091,DB01211,1,1.0,A,DB00091,pathway,1587,1.0,0.0,0.0
15,DB00091,DB01211,1,1.0,A,DB00091,pathway,1589,1.0,0.0,0.0
15,DB00091,DB01211,1,1.0,A,DB00091,pathway,1590,1.0,0.0,0.0
15,DB00091,DB01211,1,1.0,A,DB00091,pathway,1591,1.0,0.0,0.0
15,DB00091,DB01211,1,1.0,A,DB00091,pathway,1592,1.0,0.0,0.0
15,DB00091,DB01211,1,1.0,A,DB00091,pathway,1593,1.0,0.0,0.0
15,DB00091,DB01211,1,1.0,A,DB00091,pathway,1594,1.0,0.0,0.0
15,DB00091,DB01211,1,1.0,A,DB00091,pathway,1595,1.0,0.0,0.0
15,DB00091,DB01211,1,1.0,A,DB00091,pathway,1596,1.0,0.0,0.0
15,DB00091,DB01211,1,1.0,A,DB00091,pathway,1597,1.0,0.0,0.0
15,DB00091,DB01211,1,1.0,A,DB00091,pathway,1598,1.0,0.0,0.0
15,DB00091,DB01211,1,1.0,A,DB00091,pathway,1599,1.0,0.0,0.0
15,DB00091,DB01211,1,1.0,A,DB00091,pathway,1613,1.0,0.0,0.0
15,DB00091,DB01211,1,1.0,A,DB00091,pathway,1635,1.0,0.0,0.0
15,DB00091,DB01211,1,1.0,A,DB00091,pathway,1637,1.0,0.0,0.0
15,DB00091,DB01211,1,1.0,A,DB00091,pathway,1640,1.0,0.0,0.0
15,DB00091,DB01211,1,1.0,A,DB00091,pathway,1652,1.0,0.0,0.0
15,DB00091,DB01211,1,1.0,A,DB00091,pathway,1665,1.0,0.0,0.0
15,DB00091,DB01211,1,1.0,A,DB00091,pathway,1685,1.0,0.0,0.0
15,DB00091,DB01211,1,1.0,A,DB00091,pathway,1686,1.0,0.0,0.0
15,DB00091,DB01211,1,1.0,A,DB00091,pathway,1687,1.0,0.0,0.0
15,DB00091,DB01211,1,1.0,A,DB00091,pathway,1688,1.0,0.0,0.0
15,DB00091,DB01211,1,1.0,A,DB00091,pathway,1692,1.0,0.0,0.0
15,DB00091,DB01211,1,1.0,A,DB00091,pathway,1694,1.0,0.0,0.0
15,DB00091,DB01211,1,1.0,A,DB00091,pathway,1695,1.0,0.0,0.0
15,DB00091,DB01211,1,1.0,A,DB00091,pathway,1696,1.0,0.0,0.0
15,DB00091,DB01211,1,1.0,A,DB00091,pathway,1700,1.0,0.0,0.0
15,DB00091,DB01211,1,1.0,A,DB00091,pathway,1701,1.0,0.0,0.0
15,DB00091,DB01211,1,1.0,A,DB00091,pathway,1713,1.0,0.0,0.0
15,DB00091,DB01211,1,1.0,A,DB00091,pathway,1714,1.0,0.0,0.0
15,DB00091,DB01211,1,1.0,A,DB00091,pathway,1719,1.0,0.0,0.0
15,DB00091,DB01211,1,1.0,A,DB00091,pathway,1721,1.0,0.0,0.0
15,DB00091,DB01211,1,1.0,A,DB00091,pathway,1730,1.0,0.0,0.0
15,DB00091,DB01211,1,1.0,A,DB00091,pathway,1737,1.0,0.0,0.0
15,DB00091,DB01211,1,1.0,A,DB00091,pathway,1743,1.0,0.0,0.0
15,DB00091,DB01211,1,1.0,A,DB00091,pathway,1744,1.0,0.0,0.0
15,DB00091,DB01211,1,1.0,A,DB00091,pathway,1746,1.0,0.0,0.0
15,DB00091,DB01211,1,1.0,A,DB00091,pathway,1751,1.0,0.0,0.0
15,DB00091,DB01211,1,1.0,A,DB00091,pathway,1755,1.0,0.0,0.0
15,DB00091,DB01211,1,1.0,A,DB00091,pathway,1758,1.0,0.0,0.0
15,DB00091,DB01211,1,1.0,A,DB00091,pathway,1765,1.0,0.0,0.0
15,DB00091,DB01211,1,1.0,A,DB00091,pathway,1770,1.0,0.0,0.0
15,DB00091,DB01211,1,1.0,A,DB00091,pathway,1774,1.0,0.0,0.0
15,DB00091,DB01211,1,1.0,A,DB00091,pathway,1776,1.0,0.0,0.0
15,DB00091,DB01211,1,1.0,A,DB00091,pathway,1779,1.0,0.0,0.0
15,DB00091,DB01211,1,1.0,A,DB00091,pathway,1783,1.0,0.0,0.0
15,DB00091,DB01211,1,1.0,A,DB00091,pathway,1784,1.0,0.0,0.0
15,DB00091,DB01211,1,1.0,A,DB00091,pathway,1788,1.0,0.0,0.0
15,DB00091,DB01211,1,1.0,A,DB00091,pathway,1790,1.0,0.0,0.0
15,DB00091,DB01211,1,1.0,A,DB00091,pathway,1791,1.0,0.0,0.0
15,DB00091,DB01211,1,1.0,A,DB00091,pathway,1793,1.0,0.0,0.0
15,DB00091,DB01211,1,1.0,A,DB00091,pathway,1794,1.0,0.0,0.0
15,DB00091,DB01211,1,1.0,A,DB00091,pathway,1795,1.0,0.0,0.0
15,DB00091,DB01211,1,1.0,A,DB00091,pathway,1796,1.0,0.0,0.0
15,DB00091,DB01211,1,1.0,A,DB00091,pathway,1797,1.0,0.0,0.0
15,DB00091,DB01211,1,1.0,A,DB00091,pathway,1798,1.0,0.0,0.0
15,DB00091,DB01211,1,1.0,A,DB00091,pathway,1799,1.0,0.0,0.0
15,DB00091,DB01211,1,1.0,A,DB00091,pathway,1801,1.0,0.0,0.0
15,DB00091,DB01211,1,1.0,A,DB00091,pathway,1805,1.0,0.0,0.0
15,DB00091,DB01211,1,1.0,A,DB00091,pathway,1812,1.0,0.0,0.0
15,DB00091,DB01211,1,1.0,A,DB00091,pathway,1818,1.0,0.0,0.0
15,DB00091,DB01211,1,1.0,A,DB00091,pathway,1827,1.0,0.0,0.0
15,DB00091,DB01211,1,1.0,A,DB00091,pathway,1831,1.0,0.0,0.0
15,DB00091,DB01211,1,1.0,A,DB00091,pathway,1837,1.0,0.0,0.0
15,DB00091,DB01211,1,1.0,A,DB00091,pathway,1842,1.0,0.0,0.0
15,DB00091,DB01211,1,1.0,A,DB00091,pathway,1846,1.0,0.0,0.0
15,DB00091,DB01211,1,1.0,A,DB00091,pathway,1848,1.0,0.0,0.0
15,DB00091,DB01211,1,1.0,A,DB00091,pathway,1849,1.0,0.0,0.0
15,DB00091,DB01211,1,1.0,A,DB00091,pathway,1850,1.0,0.0,0.0
15,DB00091,DB01211,1,1.0,A,DB00091,pathway,1853,1.0,0.0,0.0
15,DB00091,DB01211,1,1.0,A,DB00091,pathway,1854,1.0,0.0,0.0
15,DB00091,DB01211,1,1.0,A,DB00091,pathway,1865,1.0,0.0,0.0
15,DB00091,DB01211,1,1.0,A,DB00091,pathway,1867,1.0,0.0,0.0
15,DB00091,DB01211,1,1.0,A,DB00091,pathway,1877,1.0,0.0,0.0
15,DB00091,DB01211,1,1.0,A,DB00091,pathway,1879,1.0,0.0,0.0
15,DB00091,DB01211,1,1.0,A,DB00091,pathway,1880,1.0,0.0,0.0
15,DB00091,DB01211,1,1.0,A,DB00091,pathway,1886,1.0,0.0,0.0
15,DB00091,DB01211,1,1.0,A,DB00091,pathway,1892,1.0,0.0,0.0
15,DB00091,DB01211,1,1.0,A,DB00091,pathway,1893,1.0,0.0,0.0
15,DB00091,DB01211,1,1.0,A,DB00091,pathway,1896,1.0,0.0,0.0
15,DB00091,DB01211,1,1.0,A,DB00091,pathway,1898,1.0,0.0,0.0
15,DB00091,DB01211,1,1.0,A,DB00091,pathway,1903,1.0,0.0,0.0
15,DB00091,DB01211,1,1.0,A,DB00091,pathway,1904,1.0,0.0,0.0
15,DB00091,DB01211,1,1.0,A,DB00091,pathway,1905,1.0,0.0,0.0
15,DB00091,DB01211,1,1.0,A,DB00091,pathway,1912,1.0,0.0,0.0
15,DB00091,DB01211,1,1.0,A,DB00091,pathway,1913,1.0,0.0,0.0
15,DB00091,DB01211,1,1.0,A,DB00091,pathway,1921,1.0,0.0,0.0
15,DB00091,DB01211,1,1.0,A,DB00091,pathway,1925,1.0,0.0,0.0
15,DB00091,DB01211,1,1.0,A,DB00091,pathway,1926,1.0,0.0,0.0
15,DB00091,DB01211,1,1.0,A,DB00091,pathway,1932,1.0,0.0,0.0
15,DB00091,DB01211,1,1.0,A,DB00091,pathway,1933,1.0,0.0,0.0
15,DB00091,DB01211,1,1.0,A,DB00091,pathway,1935,1.0,0.0,0.0
15,DB00091,DB01211,1,1.0,A,DB00091,pathway,1937,1.0,0.0,0.0
15,DB00091,DB01211,1,1.0,A,DB00091,pathway,1938,1.0,0.0,0.0
15,DB00091,DB01211,1,1.0,A,DB00091,pathway,1952,1.0,0.0,0.0
15,DB00091,DB01211,1,1.0,A,DB00091,pathway,1956,1.0,0.0,0.0
15,DB00091,DB01211,1,1.0,A,DB00091,pathway,1957,1.0,0.0,0.0
15,DB00091,DB01211,1,1.0,A,DB00091,pathway,1958,1.0,0.0,0.0
15,DB00091,DB01211,1,1.0,A,DB00091,pathway,1959,1.0,0.0,0.0
15,DB00091,DB01211,1,1.0,A,DB00091,pathway,1965,1.0,0.0,0.0
15,DB00091,DB01211,1,1.0,B,DB01211,pathway,2,1.0,0.0,0.0
15,DB00091,DB01211,1,1.0,B,DB01211,pathway,26,1.0,0.0,0.0
15,DB00091,DB01211,1,1.0,B,DB01211,pathway,29,1.0,0.0,0.0
15,DB00091,DB01211,1,1.0,B,DB01211,pathway,31,1.0,0.0,0.0
15,DB00091,DB01211,1,1.0,B,DB01211,pathway,39,1.0,0.0,0.0
15,DB00091,DB01211,1,1.0,B,DB01211,pathway,43,1.0,0.0,0.0
15,DB00091,DB01211,1,1.0,B,DB01211,pathway,44,1.0,0.0,0.0
15,DB00091,DB01211,1,1.0,B,DB01211,pathway,51,1.0,0.0,0.0
15,DB00091,DB01211,1,1.0,B,DB01211,pathway,52,1.0,0.0,0.0
15,DB00091,DB01211,1,1.0,B,DB01211,pathway,55,1.0,0.0,0.0
15,DB00091,DB01211,1,1.0,B,DB01211,pathway,57,1.0,0.0,0.0
15,DB00091,DB01211,1,1.0,B,DB01211,pathway,62,1.0,0.0,0.0
15,DB00091,DB01211,1,1.0,B,DB01211,pathway,66,1.0,0.0,0.0
15,DB00091,DB01211,1,1.0,B,DB01211,pathway,67,1.0,0.0,0.0
15,DB00091,DB01211,1,1.0,B,DB01211,pathway,72,1.0,0.0,0.0
15,DB00091,DB01211,1,1.0,B,DB01211,pathway,74,1.0,0.0,0.0
15,DB00091,DB01211,1,1.0,B,DB01211,pathway,75,1.0,0.0,0.0
15,DB00091,DB01211,1,1.0,B,DB01211,pathway,78,1.0,0.0,0.0
15,DB00091,DB01211,1,1.0,B,DB01211,pathway,79,1.0,0.0,0.0
15,DB00091,DB01211,1,1.0,B,DB01211,pathway,81,1.0,0.0,0.0
15,DB00091,DB01211,1,1.0,B,DB01211,pathway,84,1.0,0.0,0.0
15,DB00091,DB01211,1,1.0,B,DB01211,pathway,91,1.0,0.0,0.0
15,DB00091,DB01211,1,1.0,B,DB01211,pathway,98,1.0,0.0,0.0
15,DB00091,DB01211,1,1.0,B,DB01211,pathway,100,1.0,0.0,0.0
15,DB00091,DB01211,1,1.0,B,DB01211,pathway,110,1.0,0.0,0.0
15,DB00091,DB01211,1,1.0,B,DB01211,pathway,113,1.0,0.0,0.0
15,DB00091,DB01211,1,1.0,B,DB01211,pathway,116,1.0,0.0,0.0
15,DB00091,DB01211,1,1.0,B,DB01211,pathway,117,1.0,0.0,0.0
15,DB00091,DB01211,1,1.0,B,DB01211,pathway,119,1.0,0.0,0.0
15,DB00091,DB01211,1,1.0,B,DB01211,pathway,121,1.0,0.0,0.0
15,DB00091,DB01211,1,1.0,B,DB01211,pathway,123,1.0,0.0,0.0
15,DB00091,DB01211,1,1.0,B,DB01211,pathway,124,1.0,0.0,0.0
15,DB00091,DB01211,1,1.0,B,DB01211,pathway,136,1.0,0.0,0.0
15,DB00091,DB01211,1,1.0,B,DB01211,pathway,141,1.0,0.0,0.0
15,DB00091,DB01211,1,1.0,B,DB01211,pathway,143,1.0,0.0,0.0
15,DB00091,DB01211,1,1.0,B,DB01211,pathway,158,1.0,0.0,0.0
15,DB00091,DB01211,1,1.0,B,DB01211,pathway,159,1.0,0.0,0.0
15,DB00091,DB01211,1,1.0,B,DB01211,pathway,172,1.0,0.0,0.0
15,DB00091,DB01211,1,1.0,B,DB01211,pathway,191,1.0,0.0,0.0
15,DB00091,DB01211,1,1.0,B,DB01211,pathway,227,1.0,0.0,0.0
15,DB00091,DB01211,1,1.0,B,DB01211,pathway,237,1.0,0.0,0.0
15,DB00091,DB01211,1,1.0,B,DB01211,pathway,245,1.0,0.0,0.0
15,DB00091,DB01211,1,1.0,B,DB01211,pathway,247,1.0,0.0,0.0
15,DB00091,DB01211,1,1.0,B,DB01211,pathway,250,1.0,0.0,0.0
15,DB00091,DB01211,1,1.0,B,DB01211,pathway,281,1.0,0.0,0.0
15,DB00091,DB01211,1,1.0,B,DB01211,pathway,283,1.0,0.0,0.0
15,DB00091,DB01211,1,1.0,B,DB01211,pathway,285,1.0,0.0,0.0
15,DB00091,DB01211,1,1.0,B,DB01211,pathway,286,1.0,0.0,0.0
15,DB00091,DB01211,1,1.0,B,DB01211,pathway,287,1.0,0.0,0.0
15,DB00091,DB01211,1,1.0,B,DB01211,pathway,296,1.0,0.0,0.0
15,DB00091,DB01211,1,1.0,B,DB01211,pathway,297,1.0,0.0,0.0
15,DB00091,DB01211,1,1.0,B,DB01211,pathway,308,1.0,0.0,0.0
15,DB00091,DB01211,1,1.0,B,DB01211,pathway,315,1.0,0.0,0.0
15,DB00091,DB01211,1,1.0,B,DB01211,pathway,340,1.0,0.0,0.0
15,DB00091,DB01211,1,1.0,B,DB01211,pathway,350,1.0,0.0,0.0
15,DB00091,DB01211,1,1.0,B,DB01211,pathway,353,1.0,0.0,0.0
15,DB00091,DB01211,1,1.0,B,DB01211,pathway,358,1.0,0.0,0.0
15,DB00091,DB01211,1,1.0,B,DB01211,pathway,359,1.0,0.0,0.0
15,DB00091,DB01211,1,1.0,B,DB01211,pathway,371,1.0,0.0,0.0
15,DB00091,DB01211,1,1.0,B,DB01211,pathway,385,1.0,0.0,0.0
15,DB00091,DB01211,1,1.0,B,DB01211,pathway,386,1.0,0.0,0.0
15,DB00091,DB01211,1,1.0,B,DB01211,pathway,387,1.0,0.0,0.0
15,DB00091,DB01211,1,1.0,B,DB01211,pathway,393,1.0,0.0,0.0
15,DB00091,DB01211,1,1.0,B,DB01211,pathway,394,1.0,0.0,0.0
15,DB00091,DB01211,1,1.0,B,DB01211,pathway,395,1.0,0.0,0.0
15,DB00091,DB01211,1,1.0,B,DB01211,pathway,396,1.0,0.0,0.0
15,DB00091,DB01211,1,1.0,B,DB01211,pathway,397,1.0,0.0,0.0
15,DB00091,DB01211,1,1.0,B,DB01211,pathway,398,1.0,0.0,0.0
15,DB00091,DB01211,1,1.0,B,DB01211,pathway,399,1.0,0.0,0.0
15,DB00091,DB01211,1,1.0,B,DB01211,pathway,401,1.0,0.0,0.0
15,DB00091,DB01211,1,1.0,B,DB01211,pathway,402,1.0,0.0,0.0
15,DB00091,DB01211,1,1.0,B,DB01211,pathway,429,1.0,0.0,0.0
15,DB00091,DB01211,1,1.0,B,DB01211,pathway,430,1.0,0.0,0.0
15,DB00091,DB01211,1,1.0,B,DB01211,pathway,438,1.0,0.0,0.0
15,DB00091,DB01211,1,1.0,B,DB01211,pathway,439,1.0,0.0,0.0
15,DB00091,DB01211,1,1.0,B,DB01211,pathway,440,1.0,0.0,0.0
15,DB00091,DB01211,1,1.0,B,DB01211,pathway,441,1.0,0.0,0.0
15,DB00091,DB01211,1,1.0,B,DB01211,pathway,443,1.0,0.0,0.0
15,DB00091,DB01211,1,1.0,B,DB01211,pathway,444,1.0,0.0,0.0
15,DB00091,DB01211,1,1.0,B,DB01211,pathway,446,1.0,0.0,0.0
15,DB00091,DB01211,1,1.0,B,DB01211,pathway,447,1.0,0.0,0.0
15,DB00091,DB01211,1,1.0,B,DB01211,pathway,452,1.0,0.0,0.0
15,DB00091,DB01211,1,1.0,B,DB01211,pathway,455,1.0,0.0,0.0
15,DB00091,DB01211,1,1.0,B,DB01211,pathway,462,1.0,0.0,0.0
15,DB00091,DB01211,1,1.0,B,DB01211,pathway,464,1.0,0.0,0.0
15,DB00091,DB01211,1,1.0,B,DB01211,pathway,467,1.0,0.0,0.0
15,DB00091,DB01211,1,1.0,B,DB01211,pathway,471,1.0,0.0,0.0
15,DB00091,DB01211,1,1.0,B,DB01211,pathway,473,1.0,0.0,0.0
15,DB00091,DB01211,1,1.0,B,DB01211,pathway,480,1.0,0.0,0.0
15,DB00091,DB01211,1,1.0,B,DB01211,pathway,481,1.0,0.0,0.0
15,DB00091,DB01211,1,1.0,B,DB01211,pathway,482,1.0,0.0,0.0
15,DB00091,DB01211,1,1.0,B,DB01211,pathway,488,1.0,0.0,0.0
15,DB00091,DB01211,1,1.0,B,DB01211,pathway,498,1.0,0.0,0.0
15,DB00091,DB01211,1,1.0,B,DB01211,pathway,511,1.0,0.0,0.0
15,DB00091,DB01211,1,1.0,B,DB01211,pathway,512,1.0,0.0,0.0
15,DB00091,DB01211,1,1.0,B,DB01211,pathway,513,1.0,0.0,0.0
15,DB00091,DB01211,1,1.0,B,DB01211,pathway,515,1.0,0.0,0.0
15,DB00091,DB01211,1,1.0,B,DB01211,pathway,521,1.0,0.0,0.0
15,DB00091,DB01211,1,1.0,B,DB01211,pathway,528,1.0,0.0,0.0
15,DB00091,DB01211,1,1.0,B,DB01211,pathway,530,1.0,0.0,0.0
15,DB00091,DB01211,1,1.0,B,DB01211,pathway,531,1.0,0.0,0.0
15,DB00091,DB01211,1,1.0,B,DB01211,pathway,532,1.0,0.0,0.0
15,DB00091,DB01211,1,1.0,B,DB01211,pathway,536,1.0,0.0,0.0
15,DB00091,DB01211,1,1.0,B,DB01211,pathway,542,1.0,0.0,0.0
15,DB00091,DB01211,1,1.0,B,DB01211,pathway,587,1.0,0.0,0.0
15,DB00091,DB01211,1,1.0,B,DB01211,pathway,588,1.0,0.0,0.0
15,DB00091,DB01211,1,1.0,B,DB01211,pathway,589,1.0,0.0,0.0
15,DB00091,DB01211,1,1.0,B,DB01211,pathway,594,1.0,0.0,0.0
15,DB00091,DB01211,1,1.0,B,DB01211,pathway,614,1.0,0.0,0.0
15,DB00091,DB01211,1,1.0,B,DB01211,pathway,617,1.0,0.0,0.0
15,DB00091,DB01211,1,1.0,B,DB01211,pathway,619,1.0,0.0,0.0
15,DB00091,DB01211,1,1.0,B,DB01211,pathway,620,1.0,0.0,0.0
15,DB00091,DB01211,1,1.0,B,DB01211,pathway,625,1.0,0.0,0.0
15,DB00091,DB01211,1,1.0,B,DB01211,pathway,626,1.0,0.0,0.0
15,DB00091,DB01211,1,1.0,B,DB01211,pathway,627,1.0,0.0,0.0
15,DB00091,DB01211,1,1.0,B,DB01211,pathway,630,1.0,0.0,0.0
15,DB00091,DB01211,1,1.0,B,DB01211,pathway,631,1.0,0.0,0.0
15,DB00091,DB01211,1,1.0,B,DB01211,pathway,636,1.0,0.0,0.0
15,DB00091,DB01211,1,1.0,B,DB01211,pathway,637,1.0,0.0,0.0
15,DB00091,DB01211,1,1.0,B,DB01211,pathway,646,1.0,0.0,0.0
15,DB00091,DB01211,1,1.0,B,DB01211,pathway,650,1.0,0.0,0.0
15,DB00091,DB01211,1,1.0,B,DB01211,pathway,651,1.0,0.0,0.0
15,DB00091,DB01211,1,1.0,B,DB01211,pathway,652,1.0,0.0,0.0
15,DB00091,DB01211,1,1.0,B,DB01211,pathway,654,1.0,0.0,0.0
15,DB00091,DB01211,1,1.0,B,DB01211,pathway,655,1.0,0.0,0.0
15,DB00091,DB01211,1,1.0,B,DB01211,pathway,656,1.0,0.0,0.0
15,DB00091,DB01211,1,1.0,B,DB01211,pathway,658,1.0,0.0,0.0
15,DB00091,DB01211,1,1.0,B,DB01211,pathway,664,1.0,0.0,0.0
15,DB00091,DB01211,1,1.0,B,DB01211,pathway,670,1.0,0.0,0.0
15,DB00091,DB01211,1,1.0,B,DB01211,pathway,671,1.0,0.0,0.0
15,DB00091,DB01211,1,1.0,B,DB01211,pathway,672,1.0,0.0,0.0
15,DB00091,DB01211,1,1.0,B,DB01211,pathway,673,1.0,0.0,0.0
15,DB00091,DB01211,1,1.0,B,DB01211,pathway,674,1.0,0.0,0.0
15,DB00091,DB01211,1,1.0,B,DB01211,pathway,677,1.0,0.0,0.0
15,DB00091,DB01211,1,1.0,B,DB01211,pathway,679,1.0,0.0,0.0
15,DB00091,DB01211,1,1.0,B,DB01211,pathway,685,1.0,0.0,0.0
15,DB00091,DB01211,1,1.0,B,DB01211,pathway,686,1.0,0.0,0.0
15,DB00091,DB01211,1,1.0,B,DB01211,pathway,687,1.0,0.0,0.0
15,DB00091,DB01211,1,1.0,B,DB01211,pathway,688,1.0,0.0,0.0
15,DB00091,DB01211,1,1.0,B,DB01211,pathway,691,1.0,0.0,0.0
15,DB00091,DB01211,1,1.0,B,DB01211,pathway,692,1.0,0.0,0.0
15,DB00091,DB01211,1,1.0,B,DB01211,pathway,693,1.0,0.0,0.0
15,DB00091,DB01211,1,1.0,B,DB01211,pathway,694,1.0,0.0,0.0
15,DB00091,DB01211,1,1.0,B,DB01211,pathway,695,1.0,0.0,0.0
15,DB00091,DB01211,1,1.0,B,DB01211,pathway,701,1.0,0.0,0.0
15,DB00091,DB01211,1,1.0,B,DB01211,pathway,703,1.0,0.0,0.0
15,DB00091,DB01211,1,1.0,B,DB01211,pathway,704,1.0,0.0,0.0
15,DB00091,DB01211,1,1.0,B,DB01211,pathway,705,1.0,0.0,0.0
15,DB00091,DB01211,1,1.0,B,DB01211,pathway,707,1.0,0.0,0.0
15,DB00091,DB01211,1,1.0,B,DB01211,pathway,708,1.0,0.0,0.0
15,DB00091,DB01211,1,1.0,B,DB01211,pathway,709,1.0,0.0,0.0
15,DB00091,DB01211,1,1.0,B,DB01211,pathway,711,1.0,0.0,0.0
15,DB00091,DB01211,1,1.0,B,DB01211,pathway,715,1.0,0.0,0.0
15,DB00091,DB01211,1,1.0,B,DB01211,pathway,716,1.0,0.0,0.0
15,DB00091,DB01211,1,1.0,B,DB01211,pathway,717,1.0,0.0,0.0
15,DB00091,DB01211,1,1.0,B,DB01211,pathway,718,1.0,0.0,0.0
15,DB00091,DB01211,1,1.0,B,DB01211,pathway,719,1.0,0.0,0.0
15,DB00091,DB01211,1,1.0,B,DB01211,pathway,728,1.0,0.0,0.0
15,DB00091,DB01211,1,1.0,B,DB01211,pathway,730,1.0,0.0,0.0
15,DB00091,DB01211,1,1.0,B,DB01211,pathway,732,1.0,0.0,0.0
15,DB00091,DB01211,1,1.0,B,DB01211,pathway,764,1.0,0.0,0.0
15,DB00091,DB01211,1,1.0,B,DB01211,pathway,772,1.0,0.0,0.0
15,DB00091,DB01211,1,1.0,B,DB01211,pathway,775,1.0,0.0,0.0
15,DB00091,DB01211,1,1.0,B,DB01211,pathway,776,1.0,0.0,0.0
15,DB00091,DB01211,1,1.0,B,DB01211,pathway,777,1.0,0.0,0.0
15,DB00091,DB01211,1,1.0,B,DB01211,pathway,783,1.0,0.0,0.0
15,DB00091,DB01211,1,1.0,B,DB01211,pathway,787,1.0,0.0,0.0
15,DB00091,DB01211,1,1.0,B,DB01211,pathway,788,1.0,0.0,0.0
15,DB00091,DB01211,1,1.0,B,DB01211,pathway,797,1.0,0.0,0.0
15,DB00091,DB01211,1,1.0,B,DB01211,pathway,799,1.0,0.0,0.0
15,DB00091,DB01211,1,1.0,B,DB01211,pathway,801,1.0,0.0,0.0
15,DB00091,DB01211,1,1.0,B,DB01211,pathway,805,1.0,0.0,0.0
15,DB00091,DB01211,1,1.0,B,DB01211,pathway,806,1.0,0.0,0.0
15,DB00091,DB01211,1,1.0,B,DB01211,pathway,811,1.0,0.0,0.0
15,DB00091,DB01211,1,1.0,B,DB01211,pathway,830,1.0,0.0,0.0
15,DB00091,DB01211,1,1.0,B,DB01211,pathway,837,1.0,0.0,0.0
15,DB00091,DB01211,1,1.0,B,DB01211,pathway,845,1.0,0.0,0.0
15,DB00091,DB01211,1,1.0,B,DB01211,pathway,870,1.0,0.0,0.0
15,DB00091,DB01211,1,1.0,B,DB01211,pathway,877,1.0,0.0,0.0
15,DB00091,DB01211,1,1.0,B,DB01211,pathway,896,1.0,0.0,0.0
15,DB00091,DB01211,1,1.0,B,DB01211,pathway,910,1.0,0.0,0.0
15,DB00091,DB01211,1,1.0,B,DB01211,pathway,919,1.0,0.0,0.0
15,DB00091,DB01211,1,1.0,B,DB01211,pathway,940,1.0,0.0,0.0
15,DB00091,DB01211,1,1.0,B,DB01211,pathway,948,1.0,0.0,0.0
15,DB00091,DB01211,1,1.0,B,DB01211,pathway,955,1.0,0.0,0.0
15,DB00091,DB01211,1,1.0,B,DB01211,pathway,958,1.0,0.0,0.0
15,DB00091,DB01211,1,1.0,B,DB01211,pathway,959,1.0,0.0,0.0
15,DB00091,DB01211,1,1.0,B,DB01211,pathway,965,1.0,0.0,0.0
15,DB00091,DB01211,1,1.0,B,DB01211,pathway,968,1.0,0.0,0.0
15,DB00091,DB01211,1,1.0,B,DB01211,pathway,969,1.0,0.0,0.0
15,DB00091,DB01211,1,1.0,B,DB01211,pathway,970,1.0,0.0,0.0
15,DB00091,DB01211,1,1.0,B,DB01211,pathway,986,1.0,0.0,0.0
15,DB00091,DB01211,1,1.0,B,DB01211,pathway,987,1.0,0.0,0.0
15,DB00091,DB01211,1,1.0,B,DB01211,pathway,1009,1.0,0.0,0.0
15,DB00091,DB01211,1,1.0,B,DB01211,pathway,1010,1.0,0.0,0.0
15,DB00091,DB01211,1,1.0,B,DB01211,pathway,1011,1.0,0.0,0.0
15,DB00091,DB01211,1,1.0,B,DB01211,pathway,1012,1.0,0.0,0.0
15,DB00091,DB01211,1,1.0,B,DB01211,pathway,1031,1.0,0.0,0.0
15,DB00091,DB01211,1,1.0,B,DB01211,pathway,1037,1.0,0.0,0.0
15,DB00091,DB01211,1,1.0,B,DB01211,pathway,1041,1.0,0.0,0.0
15,DB00091,DB01211,1,1.0,B,DB01211,pathway,1044,1.0,0.0,0.0
15,DB00091,DB01211,1,1.0,B,DB01211,pathway,1045,1.0,0.0,0.0
15,DB00091,DB01211,1,1.0,B,DB01211,pathway,1047,1.0,0.0,0.0
15,DB00091,DB01211,1,1.0,B,DB01211,pathway,1048,1.0,0.0,0.0
15,DB00091,DB01211,1,1.0,B,DB01211,pathway,1054,1.0,0.0,0.0
15,DB00091,DB01211,1,1.0,B,DB01211,pathway,1062,1.0,0.0,0.0
15,DB00091,DB01211,1,1.0,B,DB01211,pathway,1073,1.0,0.0,0.0
15,DB00091,DB01211,1,1.0,B,DB01211,pathway,1074,1.0,0.0,0.0
15,DB00091,DB01211,1,1.0,B,DB01211,pathway,1103,1.0,0.0,0.0
15,DB00091,DB01211,1,1.0,B,DB01211,pathway,1107,1.0,0.0,0.0
15,DB00091,DB01211,1,1.0,B,DB01211,pathway,1108,1.0,0.0,0.0
15,DB00091,DB01211,1,1.0,B,DB01211,pathway,1116,1.0,0.0,0.0
15,DB00091,DB01211,1,1.0,B,DB01211,pathway,1119,1.0,0.0,0.0
15,DB00091,DB01211,1,1.0,B,DB01211,pathway,1120,1.0,0.0,0.0
15,DB00091,DB01211,1,1.0,B,DB01211,pathway,1121,1.0,0.0,0.0
15,DB00091,DB01211,1,1.0,B,DB01211,pathway,1122,1.0,0.0,0.0
15,DB00091,DB01211,1,1.0,B,DB01211,pathway,1123,1.0,0.0,0.0
15,DB00091,DB01211,1,1.0,B,DB01211,pathway,1126,1.0,0.0,0.0
15,DB00091,DB01211,1,1.0,B,DB01211,pathway,1134,1.0,0.0,0.0
15,DB00091,DB01211,1,1.0,B,DB01211,pathway,1154,1.0,0.0,0.0
15,DB00091,DB01211,1,1.0,B,DB01211,pathway,1157,1.0,0.0,0.0
15,DB00091,DB01211,1,1.0,B,DB01211,pathway,1165,1.0,0.0,0.0
15,DB00091,DB01211,1,1.0,B,DB01211,pathway,1167,1.0,0.0,0.0
15,DB00091,DB01211,1,1.0,B,DB01211,pathway,1182,1.0,0.0,0.0
15,DB00091,DB01211,1,1.0,B,DB01211,pathway,1217,1.0,0.0,0.0
15,DB00091,DB01211,1,1.0,B,DB01211,pathway,1230,1.0,0.0,0.0
15,DB00091,DB01211,1,1.0,B,DB01211,pathway,1245,1.0,0.0,0.0
15,DB00091,DB01211,1,1.0,B,DB01211,pathway,1249,1.0,0.0,0.0
15,DB00091,DB01211,1,1.0,B,DB01211,pathway,1262,1.0,0.0,0.0
15,DB00091,DB01211,1,1.0,B,DB01211,pathway,1263,1.0,0.0,0.0
15,DB00091,DB01211,1,1.0,B,DB01211,pathway,1264,1.0,0.0,0.0
15,DB00091,DB01211,1,1.0,B,DB01211,pathway,1265,1.0,0.0,0.0
15,DB00091,DB01211,1,1.0,B,DB01211,pathway,1267,1.0,0.0,0.0
15,DB00091,DB01211,1,1.0,B,DB01211,pathway,1268,1.0,0.0,0.0
15,DB00091,DB01211,1,1.0,B,DB01211,pathway,1270,1.0,0.0,0.0
15,DB00091,DB01211,1,1.0,B,DB01211,pathway,1272,1.0,0.0,0.0
15,DB00091,DB01211,1,1.0,B,DB01211,pathway,1278,1.0,0.0,0.0
15,DB00091,DB01211,1,1.0,B,DB01211,pathway,1291,1.0,0.0,0.0
15,DB00091,DB01211,1,1.0,B,DB01211,pathway,1298,1.0,0.0,0.0
15,DB00091,DB01211,1,1.0,B,DB01211,pathway,1299,1.0,0.0,0.0
15,DB00091,DB01211,1,1.0,B,DB01211,pathway,1300,1.0,0.0,0.0
15,DB00091,DB01211,1,1.0,B,DB01211,pathway,1302,1.0,0.0,0.0
15,DB00091,DB01211,1,1.0,B,DB01211,pathway,1305,1.0,0.0,0.0
15,DB00091,DB01211,1,1.0,B,DB01211,pathway,1312,1.0,0.0,0.0
15,DB00091,DB01211,1,1.0,B,DB01211,pathway,1329,1.0,0.0,0.0
15,DB00091,DB01211,1,1.0,B,DB01211,pathway,1333,1.0,0.0,0.0
15,DB00091,DB01211,1,1.0,B,DB01211,pathway,1339,1.0,0.0,0.0
15,DB00091,DB01211,1,1.0,B,DB01211,pathway,1346,1.0,0.0,0.0
15,DB00091,DB01211,1,1.0,B,DB01211,pathway,1347,1.0,0.0,0.0
15,DB00091,DB01211,1,1.0,B,DB01211,pathway,1348,1.0,0.0,0.0
15,DB00091,DB01211,1,1.0,B,DB01211,pathway,1356,1.0,0.0,0.0
15,DB00091,DB01211,1,1.0,B,DB01211,pathway,1372,1.0,0.0,0.0
15,DB00091,DB01211,1,1.0,B,DB01211,pathway,1401,1.0,0.0,0.0
15,DB00091,DB01211,1,1.0,B,DB01211,pathway,1402,1.0,0.0,0.0
15,DB00091,DB01211,1,1.0,B,DB01211,pathway,1405,1.0,0.0,0.0
15,DB00091,DB01211,1,1.0,B,DB01211,pathway,1414,1.0,0.0,0.0
15,DB00091,DB01211,1,1.0,B,DB01211,pathway,1419,1.0,0.0,0.0
15,DB00091,DB01211,1,1.0,B,DB01211,pathway,1422,1.0,0.0,0.0
15,DB00091,DB01211,1,1.0,B,DB01211,pathway,1428,1.0,0.0,0.0
15,DB00091,DB01211,1,1.0,B,DB01211,pathway,1430,1.0,0.0,0.0
15,DB00091,DB01211,1,1.0,B,DB01211,pathway,1431,1.0,0.0,0.0
15,DB00091,DB01211,1,1.0,B,DB01211,pathway,1432,1.0,0.0,0.0
15,DB00091,DB01211,1,1.0,B,DB01211,pathway,1436,1.0,0.0,0.0
15,DB00091,DB01211,1,1.0,B,DB01211,pathway,1446,1.0,0.0,0.0
15,DB00091,DB01211,1,1.0,B,DB01211,pathway,1453,1.0,0.0,0.0
15,DB00091,DB01211,1,1.0,B,DB01211,pathway,1467,1.0,0.0,0.0
15,DB00091,DB01211,1,1.0,B,DB01211,pathway,1468,1.0,0.0,0.0
15,DB00091,DB01211,1,1.0,B,DB01211,pathway,1488,1.0,0.0,0.0
15,DB00091,DB01211,1,1.0,B,DB01211,pathway,1491,1.0,0.0,0.0
15,DB00091,DB01211,1,1.0,B,DB01211,pathway,1514,1.0,0.0,0.0
15,DB00091,DB01211,1,1.0,B,DB01211,pathway,1518,1.0,0.0,0.0
15,DB00091,DB01211,1,1.0,B,DB01211,pathway,1521,1.0,0.0,0.0
15,DB00091,DB01211,1,1.0,B,DB01211,pathway,1522,1.0,0.0,0.0
15,DB00091,DB01211,1,1.0,B,DB01211,pathway,1531,1.0,0.0,0.0
15,DB00091,DB01211,1,1.0,B,DB01211,pathway,1534,1.0,0.0,0.0
15,DB00091,DB01211,1,1.0,B,DB01211,pathway,1544,1.0,0.0,0.0
15,DB00091,DB01211,1,1.0,B,DB01211,pathway,1547,1.0,0.0,0.0
15,DB00091,DB01211,1,1.0,B,DB01211,pathway,1548,1.0,0.0,0.0
15,DB00091,DB01211,1,1.0,B,DB01211,pathway,1549,1.0,0.0,0.0
15,DB00091,DB01211,1,1.0,B,DB01211,pathway,1562,1.0,0.0,0.0
15,DB00091,DB01211,1,1.0,B,DB01211,pathway,1567,1.0,0.0,0.0
15,DB00091,DB01211,1,1.0,B,DB01211,pathway,1568,1.0,0.0,0.0
15,DB00091,DB01211,1,1.0,B,DB01211,pathway,1569,1.0,0.0,0.0
15,DB00091,DB01211,1,1.0,B,DB01211,pathway,1570,1.0,0.0,0.0
15,DB00091,DB01211,1,1.0,B,DB01211,pathway,1571,1.0,0.0,0.0
15,DB00091,DB01211,1,1.0,B,DB01211,pathway,1577,1.0,0.0,0.0
15,DB00091,DB01211,1,1.0,B,DB01211,pathway,1582,1.0,0.0,0.0
15,DB00091,DB01211,1,1.0,B,DB01211,pathway,1584,1.0,0.0,0.0
15,DB00091,DB01211,1,1.0,B,DB01211,pathway,1585,1.0,0.0,0.0
15,DB00091,DB01211,1,1.0,B,DB01211,pathway,1586,1.0,0.0,0.0
15,DB00091,DB01211,1,1.0,B,DB01211,pathway,1587,1.0,0.0,0.0
15,DB00091,DB01211,1,1.0,B,DB01211,pathway,1589,1.0,0.0,0.0
15,DB00091,DB01211,1,1.0,B,DB01211,pathway,1590,1.0,0.0,0.0
15,DB00091,DB01211,1,1.0,B,DB01211,pathway,1591,1.0,0.0,0.0
15,DB00091,DB01211,1,1.0,B,DB01211,pathway,1592,1.0,0.0,0.0
15,DB00091,DB01211,1,1.0,B,DB01211,pathway,1593,1.0,0.0,0.0
15,DB00091,DB01211,1,1.0,B,DB01211,pathway,1594,1.0,0.0,0.0
15,DB00091,DB01211,1,1.0,B,DB01211,pathway,1595,1.0,0.0,0.0
15,DB00091,DB01211,1,1.0,B,DB01211,pathway,1596,1.0,0.0,0.0
15,DB00091,DB01211,1,1.0,B,DB01211,pathway,1597,1.0,0.0,0.0
15,DB00091,DB01211,1,1.0,B,DB01211,pathway,1598,1.0,0.0,0.0
15,DB00091,DB01211,1,1.0,B,DB01211,pathway,1599,1.0,0.0,0.0
15,DB00091,DB01211,1,1.0,B,DB01211,pathway,1613,1.0,0.0,0.0
15,DB00091,DB01211,1,1.0,B,DB01211,pathway,1637,1.0,0.0,0.0
15,DB00091,DB01211,1,1.0,B,DB01211,pathway,1640,1.0,0.0,0.0
15,DB00091,DB01211,1,1.0,B,DB01211,pathway,1652,1.0,0.0,0.0
15,DB00091,DB01211,1,1.0,B,DB01211,pathway,1692,1.0,0.0,0.0
15,DB00091,DB01211,1,1.0,B,DB01211,pathway,1713,1.0,0.0,0.0
15,DB00091,DB01211,1,1.0,B,DB01211,pathway,1719,1.0,0.0,0.0
15,DB00091,DB01211,1,1.0,B,DB01211,pathway,1730,1.0,0.0,0.0
15,DB00091,DB01211,1,1.0,B,DB01211,pathway,1737,1.0,0.0,0.0
15,DB00091,DB01211,1,1.0,B,DB01211,pathway,1744,1.0,0.0,0.0
15,DB00091,DB01211,1,1.0,B,DB01211,pathway,1751,1.0,0.0,0.0
15,DB00091,DB01211,1,1.0,B,DB01211,pathway,1770,1.0,0.0,0.0
15,DB00091,DB01211,1,1.0,B,DB01211,pathway,1774,1.0,0.0,0.0
15,DB00091,DB01211,1,1.0,B,DB01211,pathway,1776,1.0,0.0,0.0
15,DB00091,DB01211,1,1.0,B,DB01211,pathway,1788,1.0,0.0,0.0
15,DB00091,DB01211,1,1.0,B,DB01211,pathway,1805,1.0,0.0,0.0
15,DB00091,DB01211,1,1.0,B,DB01211,pathway,1812,1.0,0.0,0.0
15,DB00091,DB01211,1,1.0,B,DB01211,pathway,1818,1.0,0.0,0.0
15,DB00091,DB01211,1,1.0,B,DB01211,pathway,1837,1.0,0.0,0.0
15,DB00091,DB01211,1,1.0,B,DB01211,pathway,1848,1.0,0.0,0.0
15,DB00091,DB01211,1,1.0,B,DB01211,pathway,1850,1.0,0.0,0.0
15,DB00091,DB01211,1,1.0,B,DB01211,pathway,1865,1.0,0.0,0.0
15,DB00091,DB01211,1,1.0,B,DB01211,pathway,1867,1.0,0.0,0.0
15,DB00091,DB01211,1,1.0,B,DB01211,pathway,1880,1.0,0.0,0.0
15,DB00091,DB01211,1,1.0,B,DB01211,pathway,1892,1.0,0.0,0.0
15,DB00091,DB01211,1,1.0,B,DB01211,pathway,1898,1.0,0.0,0.0
15,DB00091,DB01211,1,1.0,B,DB01211,pathway,1903,1.0,0.0,0.0
15,DB00091,DB01211,1,1.0,B,DB01211,pathway,1904,1.0,0.0,0.0
15,DB00091,DB01211,1,1.0,B,DB01211,pathway,1905,1.0,0.0,0.0
15,DB00091,DB01211,1,1.0,B,DB01211,pathway,1932,1.0,0.0,0.0
15,DB00091,DB01211,1,1.0,B,DB01211,pathway,1938,1.0,0.0,0.0
15,DB00091,DB01211,1,1.0,B,DB01211,pathway,1958,1.0,0.0,0.0
15,DB00091,DB01211,1,1.0,B,DB01211,pathway,1959,1.0,0.0,0.0
15,DB00091,DB01211,1,1.0,B,DB01211,pathway,1965,1.0,0.0,0.0
16,DB00091,DB06595,1,1.0,A,DB00091,pathway,0,1.0,0.0,0.0
16,DB00091,DB06595,1,1.0,A,DB00091,pathway,2,1.0,0.0,0.0
16,DB00091,DB06595,1,1.0,A,DB00091,pathway,4,1.0,0.0,0.0
16,DB00091,DB06595,1,1.0,A,DB00091,pathway,10,1.0,0.0,0.0
16,DB00091,DB06595,1,1.0,A,DB00091,pathway,11,1.0,0.0,0.0
16,DB00091,DB06595,1,1.0,A,DB00091,pathway,12,1.0,0.0,0.0
16,DB00091,DB06595,1,1.0,A,DB00091,pathway,13,1.0,0.0,0.0
16,DB00091,DB06595,1,1.0,A,DB00091,pathway,15,1.0,0.0,0.0
16,DB00091,DB06595,1,1.0,A,DB00091,pathway,26,1.0,0.0,0.0
16,DB00091,DB06595,1,1.0,A,DB00091,pathway,29,1.0,0.0,0.0
16,DB00091,DB06595,1,1.0,A,DB00091,pathway,31,1.0,0.0,0.0
16,DB00091,DB06595,1,1.0,A,DB00091,pathway,39,1.0,0.0,0.0
16,DB00091,DB06595,1,1.0,A,DB00091,pathway,43,1.0,0.0,0.0
16,DB00091,DB06595,1,1.0,A,DB00091,pathway,44,1.0,0.0,0.0
16,DB00091,DB06595,1,1.0,A,DB00091,pathway,51,1.0,0.0,0.0
16,DB00091,DB06595,1,1.0,A,DB00091,pathway,52,1.0,0.0,0.0
16,DB00091,DB06595,1,1.0,A,DB00091,pathway,53,1.0,0.0,0.0
16,DB00091,DB06595,1,1.0,A,DB00091,pathway,55,1.0,0.0,0.0
16,DB00091,DB06595,1,1.0,A,DB00091,pathway,57,1.0,0.0,0.0
16,DB00091,DB06595,1,1.0,A,DB00091,pathway,62,1.0,0.0,0.0
16,DB00091,DB06595,1,1.0,A,DB00091,pathway,66,1.0,0.0,0.0
16,DB00091,DB06595,1,1.0,A,DB00091,pathway,67,1.0,0.0,0.0
16,DB00091,DB06595,1,1.0,A,DB00091,pathway,72,1.0,0.0,0.0
16,DB00091,DB06595,1,1.0,A,DB00091,pathway,74,1.0,0.0,0.0
16,DB00091,DB06595,1,1.0,A,DB00091,pathway,75,1.0,0.0,0.0
16,DB00091,DB06595,1,1.0,A,DB00091,pathway,78,1.0,0.0,0.0
16,DB00091,DB06595,1,1.0,A,DB00091,pathway,79,1.0,0.0,0.0
16,DB00091,DB06595,1,1.0,A,DB00091,pathway,81,1.0,0.0,0.0
16,DB00091,DB06595,1,1.0,A,DB00091,pathway,82,1.0,0.0,0.0
16,DB00091,DB06595,1,1.0,A,DB00091,pathway,84,1.0,0.0,0.0
16,DB00091,DB06595,1,1.0,A,DB00091,pathway,91,1.0,0.0,0.0
16,DB00091,DB06595,1,1.0,A,DB00091,pathway,98,1.0,0.0,0.0
16,DB00091,DB06595,1,1.0,A,DB00091,pathway,100,1.0,0.0,0.0
16,DB00091,DB06595,1,1.0,A,DB00091,pathway,104,1.0,0.0,0.0
16,DB00091,DB06595,1,1.0,A,DB00091,pathway,110,1.0,0.0,0.0
16,DB00091,DB06595,1,1.0,A,DB00091,pathway,113,1.0,0.0,0.0
16,DB00091,DB06595,1,1.0,A,DB00091,pathway,116,1.0,0.0,0.0
16,DB00091,DB06595,1,1.0,A,DB00091,pathway,117,1.0,0.0,0.0
16,DB00091,DB06595,1,1.0,A,DB00091,pathway,119,1.0,0.0,0.0
16,DB00091,DB06595,1,1.0,A,DB00091,pathway,121,1.0,0.0,0.0
16,DB00091,DB06595,1,1.0,A,DB00091,pathway,123,1.0,0.0,0.0
16,DB00091,DB06595,1,1.0,A,DB00091,pathway,124,1.0,0.0,0.0
16,DB00091,DB06595,1,1.0,A,DB00091,pathway,136,1.0,0.0,0.0
16,DB00091,DB06595,1,1.0,A,DB00091,pathway,141,1.0,0.0,0.0
16,DB00091,DB06595,1,1.0,A,DB00091,pathway,143,1.0,0.0,0.0
16,DB00091,DB06595,1,1.0,A,DB00091,pathway,158,1.0,0.0,0.0
16,DB00091,DB06595,1,1.0,A,DB00091,pathway,159,1.0,0.0,0.0
16,DB00091,DB06595,1,1.0,A,DB00091,pathway,168,1.0,0.0,0.0
16,DB00091,DB06595,1,1.0,A,DB00091,pathway,169,1.0,0.0,0.0
16,DB00091,DB06595,1,1.0,A,DB00091,pathway,170,1.0,0.0,0.0
16,DB00091,DB06595,1,1.0,A,DB00091,pathway,171,1.0,0.0,0.0
16,DB00091,DB06595,1,1.0,A,DB00091,pathway,172,1.0,0.0,0.0
16,DB00091,DB06595,1,1.0,A,DB00091,pathway,176,1.0,0.0,0.0
16,DB00091,DB06595,1,1.0,A,DB00091,pathway,187,1.0,0.0,0.0
16,DB00091,DB06595,1,1.0,A,DB00091,pathway,188,1.0,0.0,0.0
16,DB00091,DB06595,1,1.0,A,DB00091,pathway,191,1.0,0.0,0.0
16,DB00091,DB06595,1,1.0,A,DB00091,pathway,193,1.0,0.0,0.0
16,DB00091,DB06595,1,1.0,A,DB00091,pathway,195,1.0,0.0,0.0
16,DB00091,DB06595,1,1.0,A,DB00091,pathway,205,1.0,0.0,0.0
16,DB00091,DB06595,1,1.0,A,DB00091,pathway,208,1.0,0.0,0.0
16,DB00091,DB06595,1,1.0,A,DB00091,pathway,209,1.0,0.0,0.0
16,DB00091,DB06595,1,1.0,A,DB00091,pathway,227,1.0,0.0,0.0
16,DB00091,DB06595,1,1.0,A,DB00091,pathway,237,1.0,0.0,0.0
16,DB00091,DB06595,1,1.0,A,DB00091,pathway,245,1.0,0.0,0.0
16,DB00091,DB06595,1,1.0,A,DB00091,pathway,247,1.0,0.0,0.0
16,DB00091,DB06595,1,1.0,A,DB00091,pathway,250,1.0,0.0,0.0
16,DB00091,DB06595,1,1.0,A,DB00091,pathway,263,1.0,0.0,0.0
16,DB00091,DB06595,1,1.0,A,DB00091,pathway,269,1.0,0.0,0.0
16,DB00091,DB06595,1,1.0,A,DB00091,pathway,281,1.0,0.0,0.0
16,DB00091,DB06595,1,1.0,A,DB00091,pathway,283,1.0,0.0,0.0
16,DB00091,DB06595,1,1.0,A,DB00091,pathway,285,1.0,0.0,0.0
16,DB00091,DB06595,1,1.0,A,DB00091,pathway,286,1.0,0.0,0.0
16,DB00091,DB06595,1,1.0,A,DB00091,pathway,287,1.0,0.0,0.0
16,DB00091,DB06595,1,1.0,A,DB00091,pathway,290,1.0,0.0,0.0
16,DB00091,DB06595,1,1.0,A,DB00091,pathway,296,1.0,0.0,0.0
16,DB00091,DB06595,1,1.0,A,DB00091,pathway,297,1.0,0.0,0.0
16,DB00091,DB06595,1,1.0,A,DB00091,pathway,308,1.0,0.0,0.0
16,DB00091,DB06595,1,1.0,A,DB00091,pathway,314,1.0,0.0,0.0
16,DB00091,DB06595,1,1.0,A,DB00091,pathway,315,1.0,0.0,0.0
16,DB00091,DB06595,1,1.0,A,DB00091,pathway,329,1.0,0.0,0.0
16,DB00091,DB06595,1,1.0,A,DB00091,pathway,332,1.0,0.0,0.0
16,DB00091,DB06595,1,1.0,A,DB00091,pathway,333,1.0,0.0,0.0
16,DB00091,DB06595,1,1.0,A,DB00091,pathway,340,1.0,0.0,0.0
16,DB00091,DB06595,1,1.0,A,DB00091,pathway,346,1.0,0.0,0.0
16,DB00091,DB06595,1,1.0,A,DB00091,pathway,350,1.0,0.0,0.0
16,DB00091,DB06595,1,1.0,A,DB00091,pathway,353,1.0,0.0,0.0
16,DB00091,DB06595,1,1.0,A,DB00091,pathway,358,1.0,0.0,0.0
16,DB00091,DB06595,1,1.0,A,DB00091,pathway,359,1.0,0.0,0.0
16,DB00091,DB06595,1,1.0,A,DB00091,pathway,362,1.0,0.0,0.0
16,DB00091,DB06595,1,1.0,A,DB00091,pathway,371,1.0,0.0,0.0
16,DB00091,DB06595,1,1.0,A,DB00091,pathway,374,1.0,0.0,0.0
16,DB00091,DB06595,1,1.0,A,DB00091,pathway,379,1.0,0.0,0.0
16,DB00091,DB06595,1,1.0,A,DB00091,pathway,385,1.0,0.0,0.0
16,DB00091,DB06595,1,1.0,A,DB00091,pathway,386,1.0,0.0,0.0
16,DB00091,DB06595,1,1.0,A,DB00091,pathway,387,1.0,0.0,0.0
16,DB00091,DB06595,1,1.0,A,DB00091,pathway,393,1.0,0.0,0.0
16,DB00091,DB06595,1,1.0,A,DB00091,pathway,394,1.0,0.0,0.0
16,DB00091,DB06595,1,1.0,A,DB00091,pathway,395,1.0,0.0,0.0
16,DB00091,DB06595,1,1.0,A,DB00091,pathway,396,1.0,0.0,0.0
16,DB00091,DB06595,1,1.0,A,DB00091,pathway,397,1.0,0.0,0.0
16,DB00091,DB06595,1,1.0,A,DB00091,pathway,398,1.0,0.0,0.0
16,DB00091,DB06595,1,1.0,A,DB00091,pathway,399,1.0,0.0,0.0
16,DB00091,DB06595,1,1.0,A,DB00091,pathway,401,1.0,0.0,0.0
16,DB00091,DB06595,1,1.0,A,DB00091,pathway,402,1.0,0.0,0.0
16,DB00091,DB06595,1,1.0,A,DB00091,pathway,427,1.0,0.0,0.0
16,DB00091,DB06595,1,1.0,A,DB00091,pathway,429,1.0,0.0,0.0
16,DB00091,DB06595,1,1.0,A,DB00091,pathway,430,1.0,0.0,0.0
16,DB00091,DB06595,1,1.0,A,DB00091,pathway,438,1.0,0.0,0.0
16,DB00091,DB06595,1,1.0,A,DB00091,pathway,439,1.0,0.0,0.0
16,DB00091,DB06595,1,1.0,A,DB00091,pathway,440,1.0,0.0,0.0
16,DB00091,DB06595,1,1.0,A,DB00091,pathway,441,1.0,0.0,0.0
16,DB00091,DB06595,1,1.0,A,DB00091,pathway,442,1.0,0.0,0.0
16,DB00091,DB06595,1,1.0,A,DB00091,pathway,443,1.0,0.0,0.0
16,DB00091,DB06595,1,1.0,A,DB00091,pathway,444,1.0,0.0,0.0
16,DB00091,DB06595,1,1.0,A,DB00091,pathway,446,1.0,0.0,0.0
16,DB00091,DB06595,1,1.0,A,DB00091,pathway,447,1.0,0.0,0.0
16,DB00091,DB06595,1,1.0,A,DB00091,pathway,452,1.0,0.0,0.0
16,DB00091,DB06595,1,1.0,A,DB00091,pathway,455,1.0,0.0,0.0
16,DB00091,DB06595,1,1.0,A,DB00091,pathway,457,1.0,0.0,0.0
16,DB00091,DB06595,1,1.0,A,DB00091,pathway,462,1.0,0.0,0.0
16,DB00091,DB06595,1,1.0,A,DB00091,pathway,464,1.0,0.0,0.0
16,DB00091,DB06595,1,1.0,A,DB00091,pathway,466,1.0,0.0,0.0
16,DB00091,DB06595,1,1.0,A,DB00091,pathway,467,1.0,0.0,0.0
16,DB00091,DB06595,1,1.0,A,DB00091,pathway,471,1.0,0.0,0.0
16,DB00091,DB06595,1,1.0,A,DB00091,pathway,473,1.0,0.0,0.0
16,DB00091,DB06595,1,1.0,A,DB00091,pathway,478,1.0,0.0,0.0
16,DB00091,DB06595,1,1.0,A,DB00091,pathway,479,1.0,0.0,0.0
16,DB00091,DB06595,1,1.0,A,DB00091,pathway,480,1.0,0.0,0.0
16,DB00091,DB06595,1,1.0,A,DB00091,pathway,481,1.0,0.0,0.0
16,DB00091,DB06595,1,1.0,A,DB00091,pathway,482,1.0,0.0,0.0
16,DB00091,DB06595,1,1.0,A,DB00091,pathway,488,1.0,0.0,0.0
16,DB00091,DB06595,1,1.0,A,DB00091,pathway,498,1.0,0.0,0.0
16,DB00091,DB06595,1,1.0,A,DB00091,pathway,499,1.0,0.0,0.0
16,DB00091,DB06595,1,1.0,A,DB00091,pathway,511,1.0,0.0,0.0
16,DB00091,DB06595,1,1.0,A,DB00091,pathway,512,1.0,0.0,0.0
16,DB00091,DB06595,1,1.0,A,DB00091,pathway,513,1.0,0.0,0.0
16,DB00091,DB06595,1,1.0,A,DB00091,pathway,515,1.0,0.0,0.0
16,DB00091,DB06595,1,1.0,A,DB00091,pathway,521,1.0,0.0,0.0
16,DB00091,DB06595,1,1.0,A,DB00091,pathway,524,1.0,0.0,0.0
16,DB00091,DB06595,1,1.0,A,DB00091,pathway,527,1.0,0.0,0.0
16,DB00091,DB06595,1,1.0,A,DB00091,pathway,528,1.0,0.0,0.0
16,DB00091,DB06595,1,1.0,A,DB00091,pathway,530,1.0,0.0,0.0
16,DB00091,DB06595,1,1.0,A,DB00091,pathway,531,1.0,0.0,0.0
16,DB00091,DB06595,1,1.0,A,DB00091,pathway,532,1.0,0.0,0.0
16,DB00091,DB06595,1,1.0,A,DB00091,pathway,536,1.0,0.0,0.0
16,DB00091,DB06595,1,1.0,A,DB00091,pathway,542,1.0,0.0,0.0
16,DB00091,DB06595,1,1.0,A,DB00091,pathway,544,1.0,0.0,0.0
16,DB00091,DB06595,1,1.0,A,DB00091,pathway,552,1.0,0.0,0.0
16,DB00091,DB06595,1,1.0,A,DB00091,pathway,557,1.0,0.0,0.0
16,DB00091,DB06595,1,1.0,A,DB00091,pathway,559,1.0,0.0,0.0
16,DB00091,DB06595,1,1.0,A,DB00091,pathway,587,1.0,0.0,0.0
16,DB00091,DB06595,1,1.0,A,DB00091,pathway,588,1.0,0.0,0.0
16,DB00091,DB06595,1,1.0,A,DB00091,pathway,589,1.0,0.0,0.0
16,DB00091,DB06595,1,1.0,A,DB00091,pathway,590,1.0,0.0,0.0
16,DB00091,DB06595,1,1.0,A,DB00091,pathway,591,1.0,0.0,0.0
16,DB00091,DB06595,1,1.0,A,DB00091,pathway,594,1.0,0.0,0.0
16,DB00091,DB06595,1,1.0,A,DB00091,pathway,602,1.0,0.0,0.0
16,DB00091,DB06595,1,1.0,A,DB00091,pathway,612,1.0,0.0,0.0
16,DB00091,DB06595,1,1.0,A,DB00091,pathway,614,1.0,0.0,0.0
16,DB00091,DB06595,1,1.0,A,DB00091,pathway,617,1.0,0.0,0.0
16,DB00091,DB06595,1,1.0,A,DB00091,pathway,619,1.0,0.0,0.0
16,DB00091,DB06595,1,1.0,A,DB00091,pathway,620,1.0,0.0,0.0
16,DB00091,DB06595,1,1.0,A,DB00091,pathway,625,1.0,0.0,0.0
16,DB00091,DB06595,1,1.0,A,DB00091,pathway,626,1.0,0.0,0.0
16,DB00091,DB06595,1,1.0,A,DB00091,pathway,627,1.0,0.0,0.0
16,DB00091,DB06595,1,1.0,A,DB00091,pathway,630,1.0,0.0,0.0
16,DB00091,DB06595,1,1.0,A,DB00091,pathway,631,1.0,0.0,0.0
16,DB00091,DB06595,1,1.0,A,DB00091,pathway,636,1.0,0.0,0.0
16,DB00091,DB06595,1,1.0,A,DB00091,pathway,637,1.0,0.0,0.0
16,DB00091,DB06595,1,1.0,A,DB00091,pathway,638,1.0,0.0,0.0
16,DB00091,DB06595,1,1.0,A,DB00091,pathway,640,1.0,0.0,0.0
16,DB00091,DB06595,1,1.0,A,DB00091,pathway,641,1.0,0.0,0.0
16,DB00091,DB06595,1,1.0,A,DB00091,pathway,642,1.0,0.0,0.0
16,DB00091,DB06595,1,1.0,A,DB00091,pathway,643,1.0,0.0,0.0
16,DB00091,DB06595,1,1.0,A,DB00091,pathway,644,1.0,0.0,0.0
16,DB00091,DB06595,1,1.0,A,DB00091,pathway,645,1.0,0.0,0.0
16,DB00091,DB06595,1,1.0,A,DB00091,pathway,646,1.0,0.0,0.0
16,DB00091,DB06595,1,1.0,A,DB00091,pathway,647,1.0,0.0,0.0
16,DB00091,DB06595,1,1.0,A,DB00091,pathway,650,1.0,0.0,0.0
16,DB00091,DB06595,1,1.0,A,DB00091,pathway,651,1.0,0.0,0.0
16,DB00091,DB06595,1,1.0,A,DB00091,pathway,652,1.0,0.0,0.0
16,DB00091,DB06595,1,1.0,A,DB00091,pathway,654,1.0,0.0,0.0
16,DB00091,DB06595,1,1.0,A,DB00091,pathway,655,1.0,0.0,0.0
16,DB00091,DB06595,1,1.0,A,DB00091,pathway,656,1.0,0.0,0.0
16,DB00091,DB06595,1,1.0,A,DB00091,pathway,658,1.0,0.0,0.0
16,DB00091,DB06595,1,1.0,A,DB00091,pathway,664,1.0,0.0,0.0
16,DB00091,DB06595,1,1.0,A,DB00091,pathway,668,1.0,0.0,0.0
16,DB00091,DB06595,1,1.0,A,DB00091,pathway,670,1.0,0.0,0.0
16,DB00091,DB06595,1,1.0,A,DB00091,pathway,671,1.0,0.0,0.0
16,DB00091,DB06595,1,1.0,A,DB00091,pathway,672,1.0,0.0,0.0
16,DB00091,DB06595,1,1.0,A,DB00091,pathway,673,1.0,0.0,0.0
16,DB00091,DB06595,1,1.0,A,DB00091,pathway,674,1.0,0.0,0.0
16,DB00091,DB06595,1,1.0,A,DB00091,pathway,677,1.0,0.0,0.0
16,DB00091,DB06595,1,1.0,A,DB00091,pathway,679,1.0,0.0,0.0
16,DB00091,DB06595,1,1.0,A,DB00091,pathway,683,1.0,0.0,0.0
16,DB00091,DB06595,1,1.0,A,DB00091,pathway,685,1.0,0.0,0.0
16,DB00091,DB06595,1,1.0,A,DB00091,pathway,686,1.0,0.0,0.0
16,DB00091,DB06595,1,1.0,A,DB00091,pathway,687,1.0,0.0,0.0
16,DB00091,DB06595,1,1.0,A,DB00091,pathway,688,1.0,0.0,0.0
16,DB00091,DB06595,1,1.0,A,DB00091,pathway,691,1.0,0.0,0.0
16,DB00091,DB06595,1,1.0,A,DB00091,pathway,692,1.0,0.0,0.0
16,DB00091,DB06595,1,1.0,A,DB00091,pathway,693,1.0,0.0,0.0
16,DB00091,DB06595,1,1.0,A,DB00091,pathway,694,1.0,0.0,0.0
16,DB00091,DB06595,1,1.0,A,DB00091,pathway,695,1.0,0.0,0.0
16,DB00091,DB06595,1,1.0,A,DB00091,pathway,696,1.0,0.0,0.0
16,DB00091,DB06595,1,1.0,A,DB00091,pathway,701,1.0,0.0,0.0
16,DB00091,DB06595,1,1.0,A,DB00091,pathway,703,1.0,0.0,0.0
16,DB00091,DB06595,1,1.0,A,DB00091,pathway,704,1.0,0.0,0.0
16,DB00091,DB06595,1,1.0,A,DB00091,pathway,705,1.0,0.0,0.0
16,DB00091,DB06595,1,1.0,A,DB00091,pathway,707,1.0,0.0,0.0
16,DB00091,DB06595,1,1.0,A,DB00091,pathway,708,1.0,0.0,0.0
16,DB00091,DB06595,1,1.0,A,DB00091,pathway,709,1.0,0.0,0.0
16,DB00091,DB06595,1,1.0,A,DB00091,pathway,711,1.0,0.0,0.0
16,DB00091,DB06595,1,1.0,A,DB00091,pathway,715,1.0,0.0,0.0
16,DB00091,DB06595,1,1.0,A,DB00091,pathway,716,1.0,0.0,0.0
16,DB00091,DB06595,1,1.0,A,DB00091,pathway,717,1.0,0.0,0.0
16,DB00091,DB06595,1,1.0,A,DB00091,pathway,718,1.0,0.0,0.0
16,DB00091,DB06595,1,1.0,A,DB00091,pathway,719,1.0,0.0,0.0
16,DB00091,DB06595,1,1.0,A,DB00091,pathway,728,1.0,0.0,0.0
16,DB00091,DB06595,1,1.0,A,DB00091,pathway,730,1.0,0.0,0.0
16,DB00091,DB06595,1,1.0,A,DB00091,pathway,732,1.0,0.0,0.0
16,DB00091,DB06595,1,1.0,A,DB00091,pathway,733,1.0,0.0,0.0
16,DB00091,DB06595,1,1.0,A,DB00091,pathway,744,1.0,0.0,0.0
16,DB00091,DB06595,1,1.0,A,DB00091,pathway,764,1.0,0.0,0.0
16,DB00091,DB06595,1,1.0,A,DB00091,pathway,765,1.0,0.0,0.0
16,DB00091,DB06595,1,1.0,A,DB00091,pathway,772,1.0,0.0,0.0
16,DB00091,DB06595,1,1.0,A,DB00091,pathway,775,1.0,0.0,0.0
16,DB00091,DB06595,1,1.0,A,DB00091,pathway,776,1.0,0.0,0.0
16,DB00091,DB06595,1,1.0,A,DB00091,pathway,777,1.0,0.0,0.0
16,DB00091,DB06595,1,1.0,A,DB00091,pathway,783,1.0,0.0,0.0
16,DB00091,DB06595,1,1.0,A,DB00091,pathway,784,1.0,0.0,0.0
16,DB00091,DB06595,1,1.0,A,DB00091,pathway,787,1.0,0.0,0.0
16,DB00091,DB06595,1,1.0,A,DB00091,pathway,788,1.0,0.0,0.0
16,DB00091,DB06595,1,1.0,A,DB00091,pathway,789,1.0,0.0,0.0
16,DB00091,DB06595,1,1.0,A,DB00091,pathway,797,1.0,0.0,0.0
16,DB00091,DB06595,1,1.0,A,DB00091,pathway,798,1.0,0.0,0.0
16,DB00091,DB06595,1,1.0,A,DB00091,pathway,799,1.0,0.0,0.0
16,DB00091,DB06595,1,1.0,A,DB00091,pathway,801,1.0,0.0,0.0
16,DB00091,DB06595,1,1.0,A,DB00091,pathway,805,1.0,0.0,0.0
16,DB00091,DB06595,1,1.0,A,DB00091,pathway,806,1.0,0.0,0.0
16,DB00091,DB06595,1,1.0,A,DB00091,pathway,811,1.0,0.0,0.0
16,DB00091,DB06595,1,1.0,A,DB00091,pathway,826,1.0,0.0,0.0
16,DB00091,DB06595,1,1.0,A,DB00091,pathway,830,1.0,0.0,0.0
16,DB00091,DB06595,1,1.0,A,DB00091,pathway,836,1.0,0.0,0.0
16,DB00091,DB06595,1,1.0,A,DB00091,pathway,837,1.0,0.0,0.0
16,DB00091,DB06595,1,1.0,A,DB00091,pathway,840,1.0,0.0,0.0
16,DB00091,DB06595,1,1.0,A,DB00091,pathway,845,1.0,0.0,0.0
16,DB00091,DB06595,1,1.0,A,DB00091,pathway,853,1.0,0.0,0.0
16,DB00091,DB06595,1,1.0,A,DB00091,pathway,854,1.0,0.0,0.0
16,DB00091,DB06595,1,1.0,A,DB00091,pathway,855,1.0,0.0,0.0
16,DB00091,DB06595,1,1.0,A,DB00091,pathway,863,1.0,0.0,0.0
16,DB00091,DB06595,1,1.0,A,DB00091,pathway,870,1.0,0.0,0.0
16,DB00091,DB06595,1,1.0,A,DB00091,pathway,874,1.0,0.0,0.0
16,DB00091,DB06595,1,1.0,A,DB00091,pathway,877,1.0,0.0,0.0
16,DB00091,DB06595,1,1.0,A,DB00091,pathway,883,1.0,0.0,0.0
16,DB00091,DB06595,1,1.0,A,DB00091,pathway,896,1.0,0.0,0.0
16,DB00091,DB06595,1,1.0,A,DB00091,pathway,910,1.0,0.0,0.0
16,DB00091,DB06595,1,1.0,A,DB00091,pathway,919,1.0,0.0,0.0
16,DB00091,DB06595,1,1.0,A,DB00091,pathway,922,1.0,0.0,0.0
16,DB00091,DB06595,1,1.0,A,DB00091,pathway,927,1.0,0.0,0.0
16,DB00091,DB06595,1,1.0,A,DB00091,pathway,940,1.0,0.0,0.0
16,DB00091,DB06595,1,1.0,A,DB00091,pathway,948,1.0,0.0,0.0
16,DB00091,DB06595,1,1.0,A,DB00091,pathway,955,1.0,0.0,0.0
16,DB00091,DB06595,1,1.0,A,DB00091,pathway,958,1.0,0.0,0.0
16,DB00091,DB06595,1,1.0,A,DB00091,pathway,959,1.0,0.0,0.0
16,DB00091,DB06595,1,1.0,A,DB00091,pathway,965,1.0,0.0,0.0
16,DB00091,DB06595,1,1.0,A,DB00091,pathway,968,1.0,0.0,0.0
16,DB00091,DB06595,1,1.0,A,DB00091,pathway,969,1.0,0.0,0.0
16,DB00091,DB06595,1,1.0,A,DB00091,pathway,970,1.0,0.0,0.0
16,DB00091,DB06595,1,1.0,A,DB00091,pathway,973,1.0,0.0,0.0
16,DB00091,DB06595,1,1.0,A,DB00091,pathway,981,1.0,0.0,0.0
16,DB00091,DB06595,1,1.0,A,DB00091,pathway,986,1.0,0.0,0.0
16,DB00091,DB06595,1,1.0,A,DB00091,pathway,987,1.0,0.0,0.0
16,DB00091,DB06595,1,1.0,A,DB00091,pathway,988,1.0,0.0,0.0
16,DB00091,DB06595,1,1.0,A,DB00091,pathway,989,1.0,0.0,0.0
16,DB00091,DB06595,1,1.0,A,DB00091,pathway,1009,1.0,0.0,0.0
16,DB00091,DB06595,1,1.0,A,DB00091,pathway,1010,1.0,0.0,0.0
16,DB00091,DB06595,1,1.0,A,DB00091,pathway,1011,1.0,0.0,0.0
16,DB00091,DB06595,1,1.0,A,DB00091,pathway,1012,1.0,0.0,0.0
16,DB00091,DB06595,1,1.0,A,DB00091,pathway,1018,1.0,0.0,0.0
16,DB00091,DB06595,1,1.0,A,DB00091,pathway,1019,1.0,0.0,0.0
16,DB00091,DB06595,1,1.0,A,DB00091,pathway,1020,1.0,0.0,0.0
16,DB00091,DB06595,1,1.0,A,DB00091,pathway,1031,1.0,0.0,0.0
16,DB00091,DB06595,1,1.0,A,DB00091,pathway,1037,1.0,0.0,0.0
16,DB00091,DB06595,1,1.0,A,DB00091,pathway,1041,1.0,0.0,0.0
16,DB00091,DB06595,1,1.0,A,DB00091,pathway,1044,1.0,0.0,0.0
16,DB00091,DB06595,1,1.0,A,DB00091,pathway,1045,1.0,0.0,0.0
16,DB00091,DB06595,1,1.0,A,DB00091,pathway,1046,1.0,0.0,0.0
16,DB00091,DB06595,1,1.0,A,DB00091,pathway,1047,1.0,0.0,0.0
16,DB00091,DB06595,1,1.0,A,DB00091,pathway,1048,1.0,0.0,0.0
16,DB00091,DB06595,1,1.0,A,DB00091,pathway,1054,1.0,0.0,0.0
16,DB00091,DB06595,1,1.0,A,DB00091,pathway,1057,1.0,0.0,0.0
16,DB00091,DB06595,1,1.0,A,DB00091,pathway,1062,1.0,0.0,0.0
16,DB00091,DB06595,1,1.0,A,DB00091,pathway,1064,1.0,0.0,0.0
16,DB00091,DB06595,1,1.0,A,DB00091,pathway,1066,1.0,0.0,0.0
16,DB00091,DB06595,1,1.0,A,DB00091,pathway,1073,1.0,0.0,0.0
16,DB00091,DB06595,1,1.0,A,DB00091,pathway,1074,1.0,0.0,0.0
16,DB00091,DB06595,1,1.0,A,DB00091,pathway,1079,1.0,0.0,0.0
16,DB00091,DB06595,1,1.0,A,DB00091,pathway,1080,1.0,0.0,0.0
16,DB00091,DB06595,1,1.0,A,DB00091,pathway,1081,1.0,0.0,0.0
16,DB00091,DB06595,1,1.0,A,DB00091,pathway,1082,1.0,0.0,0.0
16,DB00091,DB06595,1,1.0,A,DB00091,pathway,1083,1.0,0.0,0.0
16,DB00091,DB06595,1,1.0,A,DB00091,pathway,1084,1.0,0.0,0.0
16,DB00091,DB06595,1,1.0,A,DB00091,pathway,1085,1.0,0.0,0.0
16,DB00091,DB06595,1,1.0,A,DB00091,pathway,1089,1.0,0.0,0.0
16,DB00091,DB06595,1,1.0,A,DB00091,pathway,1090,1.0,0.0,0.0
16,DB00091,DB06595,1,1.0,A,DB00091,pathway,1099,1.0,0.0,0.0
16,DB00091,DB06595,1,1.0,A,DB00091,pathway,1100,1.0,0.0,0.0
16,DB00091,DB06595,1,1.0,A,DB00091,pathway,1102,1.0,0.0,0.0
16,DB00091,DB06595,1,1.0,A,DB00091,pathway,1103,1.0,0.0,0.0
16,DB00091,DB06595,1,1.0,A,DB00091,pathway,1107,1.0,0.0,0.0
16,DB00091,DB06595,1,1.0,A,DB00091,pathway,1108,1.0,0.0,0.0
16,DB00091,DB06595,1,1.0,A,DB00091,pathway,1110,1.0,0.0,0.0
16,DB00091,DB06595,1,1.0,A,DB00091,pathway,1116,1.0,0.0,0.0
16,DB00091,DB06595,1,1.0,A,DB00091,pathway,1119,1.0,0.0,0.0
16,DB00091,DB06595,1,1.0,A,DB00091,pathway,1120,1.0,0.0,0.0
16,DB00091,DB06595,1,1.0,A,DB00091,pathway,1121,1.0,0.0,0.0
16,DB00091,DB06595,1,1.0,A,DB00091,pathway,1122,1.0,0.0,0.0
16,DB00091,DB06595,1,1.0,A,DB00091,pathway,1123,1.0,0.0,0.0
16,DB00091,DB06595,1,1.0,A,DB00091,pathway,1126,1.0,0.0,0.0
16,DB00091,DB06595,1,1.0,A,DB00091,pathway,1134,1.0,0.0,0.0
16,DB00091,DB06595,1,1.0,A,DB00091,pathway,1135,1.0,0.0,0.0
16,DB00091,DB06595,1,1.0,A,DB00091,pathway,1138,1.0,0.0,0.0
16,DB00091,DB06595,1,1.0,A,DB00091,pathway,1153,1.0,0.0,0.0
16,DB00091,DB06595,1,1.0,A,DB00091,pathway,1154,1.0,0.0,0.0
16,DB00091,DB06595,1,1.0,A,DB00091,pathway,1157,1.0,0.0,0.0
16,DB00091,DB06595,1,1.0,A,DB00091,pathway,1165,1.0,0.0,0.0
16,DB00091,DB06595,1,1.0,A,DB00091,pathway,1167,1.0,0.0,0.0
16,DB00091,DB06595,1,1.0,A,DB00091,pathway,1177,1.0,0.0,0.0
16,DB00091,DB06595,1,1.0,A,DB00091,pathway,1182,1.0,0.0,0.0
16,DB00091,DB06595,1,1.0,A,DB00091,pathway,1217,1.0,0.0,0.0
16,DB00091,DB06595,1,1.0,A,DB00091,pathway,1218,1.0,0.0,0.0
16,DB00091,DB06595,1,1.0,A,DB00091,pathway,1224,1.0,0.0,0.0
16,DB00091,DB06595,1,1.0,A,DB00091,pathway,1225,1.0,0.0,0.0
16,DB00091,DB06595,1,1.0,A,DB00091,pathway,1230,1.0,0.0,0.0
16,DB00091,DB06595,1,1.0,A,DB00091,pathway,1245,1.0,0.0,0.0
16,DB00091,DB06595,1,1.0,A,DB00091,pathway,1249,1.0,0.0,0.0
16,DB00091,DB06595,1,1.0,A,DB00091,pathway,1262,1.0,0.0,0.0
16,DB00091,DB06595,1,1.0,A,DB00091,pathway,1263,1.0,0.0,0.0
16,DB00091,DB06595,1,1.0,A,DB00091,pathway,1264,1.0,0.0,0.0
16,DB00091,DB06595,1,1.0,A,DB00091,pathway,1265,1.0,0.0,0.0
16,DB00091,DB06595,1,1.0,A,DB00091,pathway,1266,1.0,0.0,0.0
16,DB00091,DB06595,1,1.0,A,DB00091,pathway,1267,1.0,0.0,0.0
16,DB00091,DB06595,1,1.0,A,DB00091,pathway,1268,1.0,0.0,0.0
16,DB00091,DB06595,1,1.0,A,DB00091,pathway,1270,1.0,0.0,0.0
16,DB00091,DB06595,1,1.0,A,DB00091,pathway,1272,1.0,0.0,0.0
16,DB00091,DB06595,1,1.0,A,DB00091,pathway,1278,1.0,0.0,0.0
16,DB00091,DB06595,1,1.0,A,DB00091,pathway,1291,1.0,0.0,0.0
16,DB00091,DB06595,1,1.0,A,DB00091,pathway,1292,1.0,0.0,0.0
16,DB00091,DB06595,1,1.0,A,DB00091,pathway,1297,1.0,0.0,0.0
16,DB00091,DB06595,1,1.0,A,DB00091,pathway,1298,1.0,0.0,0.0
16,DB00091,DB06595,1,1.0,A,DB00091,pathway,1299,1.0,0.0,0.0
16,DB00091,DB06595,1,1.0,A,DB00091,pathway,1300,1.0,0.0,0.0
16,DB00091,DB06595,1,1.0,A,DB00091,pathway,1301,1.0,0.0,0.0
16,DB00091,DB06595,1,1.0,A,DB00091,pathway,1302,1.0,0.0,0.0
16,DB00091,DB06595,1,1.0,A,DB00091,pathway,1305,1.0,0.0,0.0
16,DB00091,DB06595,1,1.0,A,DB00091,pathway,1312,1.0,0.0,0.0
16,DB00091,DB06595,1,1.0,A,DB00091,pathway,1318,1.0,0.0,0.0
16,DB00091,DB06595,1,1.0,A,DB00091,pathway,1329,1.0,0.0,0.0
16,DB00091,DB06595,1,1.0,A,DB00091,pathway,1333,1.0,0.0,0.0
16,DB00091,DB06595,1,1.0,A,DB00091,pathway,1339,1.0,0.0,0.0
16,DB00091,DB06595,1,1.0,A,DB00091,pathway,1346,1.0,0.0,0.0
16,DB00091,DB06595,1,1.0,A,DB00091,pathway,1347,1.0,0.0,0.0
16,DB00091,DB06595,1,1.0,A,DB00091,pathway,1348,1.0,0.0,0.0
16,DB00091,DB06595,1,1.0,A,DB00091,pathway,1353,1.0,0.0,0.0
16,DB00091,DB06595,1,1.0,A,DB00091,pathway,1356,1.0,0.0,0.0
16,DB00091,DB06595,1,1.0,A,DB00091,pathway,1364,1.0,0.0,0.0
16,DB00091,DB06595,1,1.0,A,DB00091,pathway,1366,1.0,0.0,0.0
16,DB00091,DB06595,1,1.0,A,DB00091,pathway,1370,1.0,0.0,0.0
16,DB00091,DB06595,1,1.0,A,DB00091,pathway,1372,1.0,0.0,0.0
16,DB00091,DB06595,1,1.0,A,DB00091,pathway,1373,1.0,0.0,0.0
16,DB00091,DB06595,1,1.0,A,DB00091,pathway,1382,1.0,0.0,0.0
16,DB00091,DB06595,1,1.0,A,DB00091,pathway,1394,1.0,0.0,0.0
16,DB00091,DB06595,1,1.0,A,DB00091,pathway,1396,1.0,0.0,0.0
16,DB00091,DB06595,1,1.0,A,DB00091,pathway,1397,1.0,0.0,0.0
16,DB00091,DB06595,1,1.0,A,DB00091,pathway,1401,1.0,0.0,0.0
16,DB00091,DB06595,1,1.0,A,DB00091,pathway,1402,1.0,0.0,0.0
16,DB00091,DB06595,1,1.0,A,DB00091,pathway,1405,1.0,0.0,0.0
16,DB00091,DB06595,1,1.0,A,DB00091,pathway,1414,1.0,0.0,0.0
16,DB00091,DB06595,1,1.0,A,DB00091,pathway,1419,1.0,0.0,0.0
16,DB00091,DB06595,1,1.0,A,DB00091,pathway,1422,1.0,0.0,0.0
16,DB00091,DB06595,1,1.0,A,DB00091,pathway,1423,1.0,0.0,0.0
16,DB00091,DB06595,1,1.0,A,DB00091,pathway,1424,1.0,0.0,0.0
16,DB00091,DB06595,1,1.0,A,DB00091,pathway,1428,1.0,0.0,0.0
16,DB00091,DB06595,1,1.0,A,DB00091,pathway,1430,1.0,0.0,0.0
16,DB00091,DB06595,1,1.0,A,DB00091,pathway,1431,1.0,0.0,0.0
16,DB00091,DB06595,1,1.0,A,DB00091,pathway,1432,1.0,0.0,0.0
16,DB00091,DB06595,1,1.0,A,DB00091,pathway,1436,1.0,0.0,0.0
16,DB00091,DB06595,1,1.0,A,DB00091,pathway,1437,1.0,0.0,0.0
16,DB00091,DB06595,1,1.0,A,DB00091,pathway,1440,1.0,0.0,0.0
16,DB00091,DB06595,1,1.0,A,DB00091,pathway,1441,1.0,0.0,0.0
16,DB00091,DB06595,1,1.0,A,DB00091,pathway,1446,1.0,0.0,0.0
16,DB00091,DB06595,1,1.0,A,DB00091,pathway,1448,1.0,0.0,0.0
16,DB00091,DB06595,1,1.0,A,DB00091,pathway,1453,1.0,0.0,0.0
16,DB00091,DB06595,1,1.0,A,DB00091,pathway,1467,1.0,0.0,0.0
16,DB00091,DB06595,1,1.0,A,DB00091,pathway,1468,1.0,0.0,0.0
16,DB00091,DB06595,1,1.0,A,DB00091,pathway,1471,1.0,0.0,0.0
16,DB00091,DB06595,1,1.0,A,DB00091,pathway,1472,1.0,0.0,0.0
16,DB00091,DB06595,1,1.0,A,DB00091,pathway,1473,1.0,0.0,0.0
16,DB00091,DB06595,1,1.0,A,DB00091,pathway,1474,1.0,0.0,0.0
16,DB00091,DB06595,1,1.0,A,DB00091,pathway,1488,1.0,0.0,0.0
16,DB00091,DB06595,1,1.0,A,DB00091,pathway,1489,1.0,0.0,0.0
16,DB00091,DB06595,1,1.0,A,DB00091,pathway,1490,1.0,0.0,0.0
16,DB00091,DB06595,1,1.0,A,DB00091,pathway,1491,1.0,0.0,0.0
16,DB00091,DB06595,1,1.0,A,DB00091,pathway,1492,1.0,0.0,0.0
16,DB00091,DB06595,1,1.0,A,DB00091,pathway,1496,1.0,0.0,0.0
16,DB00091,DB06595,1,1.0,A,DB00091,pathway,1500,1.0,0.0,0.0
16,DB00091,DB06595,1,1.0,A,DB00091,pathway,1502,1.0,0.0,0.0
16,DB00091,DB06595,1,1.0,A,DB00091,pathway,1513,1.0,0.0,0.0
16,DB00091,DB06595,1,1.0,A,DB00091,pathway,1514,1.0,0.0,0.0
16,DB00091,DB06595,1,1.0,A,DB00091,pathway,1518,1.0,0.0,0.0
16,DB00091,DB06595,1,1.0,A,DB00091,pathway,1521,1.0,0.0,0.0
16,DB00091,DB06595,1,1.0,A,DB00091,pathway,1522,1.0,0.0,0.0
16,DB00091,DB06595,1,1.0,A,DB00091,pathway,1524,1.0,0.0,0.0
16,DB00091,DB06595,1,1.0,A,DB00091,pathway,1531,1.0,0.0,0.0
16,DB00091,DB06595,1,1.0,A,DB00091,pathway,1533,1.0,0.0,0.0
16,DB00091,DB06595,1,1.0,A,DB00091,pathway,1534,1.0,0.0,0.0
16,DB00091,DB06595,1,1.0,A,DB00091,pathway,1542,1.0,0.0,0.0
16,DB00091,DB06595,1,1.0,A,DB00091,pathway,1544,1.0,0.0,0.0
16,DB00091,DB06595,1,1.0,A,DB00091,pathway,1547,1.0,0.0,0.0
16,DB00091,DB06595,1,1.0,A,DB00091,pathway,1548,1.0,0.0,0.0
16,DB00091,DB06595,1,1.0,A,DB00091,pathway,1549,1.0,0.0,0.0
16,DB00091,DB06595,1,1.0,A,DB00091,pathway,1557,1.0,0.0,0.0
16,DB00091,DB06595,1,1.0,A,DB00091,pathway,1562,1.0,0.0,0.0
16,DB00091,DB06595,1,1.0,A,DB00091,pathway,1567,1.0,0.0,0.0
16,DB00091,DB06595,1,1.0,A,DB00091,pathway,1568,1.0,0.0,0.0
16,DB00091,DB06595,1,1.0,A,DB00091,pathway,1569,1.0,0.0,0.0
16,DB00091,DB06595,1,1.0,A,DB00091,pathway,1570,1.0,0.0,0.0
16,DB00091,DB06595,1,1.0,A,DB00091,pathway,1571,1.0,0.0,0.0
16,DB00091,DB06595,1,1.0,A,DB00091,pathway,1577,1.0,0.0,0.0
16,DB00091,DB06595,1,1.0,A,DB00091,pathway,1582,1.0,0.0,0.0
16,DB00091,DB06595,1,1.0,A,DB00091,pathway,1584,1.0,0.0,0.0
16,DB00091,DB06595,1,1.0,A,DB00091,pathway,1585,1.0,0.0,0.0
16,DB00091,DB06595,1,1.0,A,DB00091,pathway,1586,1.0,0.0,0.0
16,DB00091,DB06595,1,1.0,A,DB00091,pathway,1587,1.0,0.0,0.0
16,DB00091,DB06595,1,1.0,A,DB00091,pathway,1589,1.0,0.0,0.0
16,DB00091,DB06595,1,1.0,A,DB00091,pathway,1590,1.0,0.0,0.0
16,DB00091,DB06595,1,1.0,A,DB00091,pathway,1591,1.0,0.0,0.0
16,DB00091,DB06595,1,1.0,A,DB00091,pathway,1592,1.0,0.0,0.0
16,DB00091,DB06595,1,1.0,A,DB00091,pathway,1593,1.0,0.0,0.0
16,DB00091,DB06595,1,1.0,A,DB00091,pathway,1594,1.0,0.0,0.0
16,DB00091,DB06595,1,1.0,A,DB00091,pathway,1595,1.0,0.0,0.0
16,DB00091,DB06595,1,1.0,A,DB00091,pathway,1596,1.0,0.0,0.0
16,DB00091,DB06595,1,1.0,A,DB00091,pathway,1597,1.0,0.0,0.0
16,DB00091,DB06595,1,1.0,A,DB00091,pathway,1598,1.0,0.0,0.0
16,DB00091,DB06595,1,1.0,A,DB00091,pathway,1599,1.0,0.0,0.0
16,DB00091,DB06595,1,1.0,A,DB00091,pathway,1613,1.0,0.0,0.0
16,DB00091,DB06595,1,1.0,A,DB00091,pathway,1635,1.0,0.0,0.0
16,DB00091,DB06595,1,1.0,A,DB00091,pathway,1637,1.0,0.0,0.0
16,DB00091,DB06595,1,1.0,A,DB00091,pathway,1640,1.0,0.0,0.0
16,DB00091,DB06595,1,1.0,A,DB00091,pathway,1652,1.0,0.0,0.0
16,DB00091,DB06595,1,1.0,A,DB00091,pathway,1665,1.0,0.0,0.0
16,DB00091,DB06595,1,1.0,A,DB00091,pathway,1685,1.0,0.0,0.0
16,DB00091,DB06595,1,1.0,A,DB00091,pathway,1686,1.0,0.0,0.0
16,DB00091,DB06595,1,1.0,A,DB00091,pathway,1687,1.0,0.0,0.0
16,DB00091,DB06595,1,1.0,A,DB00091,pathway,1688,1.0,0.0,0.0
16,DB00091,DB06595,1,1.0,A,DB00091,pathway,1692,1.0,0.0,0.0
16,DB00091,DB06595,1,1.0,A,DB00091,pathway,1694,1.0,0.0,0.0
16,DB00091,DB06595,1,1.0,A,DB00091,pathway,1695,1.0,0.0,0.0
16,DB00091,DB06595,1,1.0,A,DB00091,pathway,1696,1.0,0.0,0.0
16,DB00091,DB06595,1,1.0,A,DB00091,pathway,1700,1.0,0.0,0.0
16,DB00091,DB06595,1,1.0,A,DB00091,pathway,1701,1.0,0.0,0.0
16,DB00091,DB06595,1,1.0,A,DB00091,pathway,1713,1.0,0.0,0.0
16,DB00091,DB06595,1,1.0,A,DB00091,pathway,1714,1.0,0.0,0.0
16,DB00091,DB06595,1,1.0,A,DB00091,pathway,1719,1.0,0.0,0.0
16,DB00091,DB06595,1,1.0,A,DB00091,pathway,1721,1.0,0.0,0.0
16,DB00091,DB06595,1,1.0,A,DB00091,pathway,1730,1.0,0.0,0.0
16,DB00091,DB06595,1,1.0,A,DB00091,pathway,1737,1.0,0.0,0.0
16,DB00091,DB06595,1,1.0,A,DB00091,pathway,1743,1.0,0.0,0.0
16,DB00091,DB06595,1,1.0,A,DB00091,pathway,1744,1.0,0.0,0.0
16,DB00091,DB06595,1,1.0,A,DB00091,pathway,1746,1.0,0.0,0.0
16,DB00091,DB06595,1,1.0,A,DB00091,pathway,1751,1.0,0.0,0.0
16,DB00091,DB06595,1,1.0,A,DB00091,pathway,1755,1.0,0.0,0.0
16,DB00091,DB06595,1,1.0,A,DB00091,pathway,1758,1.0,0.0,0.0
16,DB00091,DB06595,1,1.0,A,DB00091,pathway,1765,1.0,0.0,0.0
16,DB00091,DB06595,1,1.0,A,DB00091,pathway,1770,1.0,0.0,0.0
16,DB00091,DB06595,1,1.0,A,DB00091,pathway,1774,1.0,0.0,0.0
16,DB00091,DB06595,1,1.0,A,DB00091,pathway,1776,1.0,0.0,0.0
16,DB00091,DB06595,1,1.0,A,DB00091,pathway,1779,1.0,0.0,0.0
16,DB00091,DB06595,1,1.0,A,DB00091,pathway,1783,1.0,0.0,0.0
16,DB00091,DB06595,1,1.0,A,DB00091,pathway,1784,1.0,0.0,0.0
16,DB00091,DB06595,1,1.0,A,DB00091,pathway,1788,1.0,0.0,0.0
16,DB00091,DB06595,1,1.0,A,DB00091,pathway,1790,1.0,0.0,0.0
16,DB00091,DB06595,1,1.0,A,DB00091,pathway,1791,1.0,0.0,0.0
16,DB00091,DB06595,1,1.0,A,DB00091,pathway,1793,1.0,0.0,0.0
16,DB00091,DB06595,1,1.0,A,DB00091,pathway,1794,1.0,0.0,0.0
16,DB00091,DB06595,1,1.0,A,DB00091,pathway,1795,1.0,0.0,0.0
16,DB00091,DB06595,1,1.0,A,DB00091,pathway,1796,1.0,0.0,0.0
16,DB00091,DB06595,1,1.0,A,DB00091,pathway,1797,1.0,0.0,0.0
16,DB00091,DB06595,1,1.0,A,DB00091,pathway,1798,1.0,0.0,0.0
16,DB00091,DB06595,1,1.0,A,DB00091,pathway,1799,1.0,0.0,0.0
16,DB00091,DB06595,1,1.0,A,DB00091,pathway,1801,1.0,0.0,0.0
16,DB00091,DB06595,1,1.0,A,DB00091,pathway,1805,1.0,0.0,0.0
16,DB00091,DB06595,1,1.0,A,DB00091,pathway,1812,1.0,0.0,0.0
16,DB00091,DB06595,1,1.0,A,DB00091,pathway,1818,1.0,0.0,0.0
16,DB00091,DB06595,1,1.0,A,DB00091,pathway,1827,1.0,0.0,0.0
16,DB00091,DB06595,1,1.0,A,DB00091,pathway,1831,1.0,0.0,0.0
16,DB00091,DB06595,1,1.0,A,DB00091,pathway,1837,1.0,0.0,0.0
16,DB00091,DB06595,1,1.0,A,DB00091,pathway,1842,1.0,0.0,0.0
16,DB00091,DB06595,1,1.0,A,DB00091,pathway,1846,1.0,0.0,0.0
16,DB00091,DB06595,1,1.0,A,DB00091,pathway,1848,1.0,0.0,0.0
16,DB00091,DB06595,1,1.0,A,DB00091,pathway,1849,1.0,0.0,0.0
16,DB00091,DB06595,1,1.0,A,DB00091,pathway,1850,1.0,0.0,0.0
16,DB00091,DB06595,1,1.0,A,DB00091,pathway,1853,1.0,0.0,0.0
16,DB00091,DB06595,1,1.0,A,DB00091,pathway,1854,1.0,0.0,0.0
16,DB00091,DB06595,1,1.0,A,DB00091,pathway,1865,1.0,0.0,0.0
16,DB00091,DB06595,1,1.0,A,DB00091,pathway,1867,1.0,0.0,0.0
16,DB00091,DB06595,1,1.0,A,DB00091,pathway,1877,1.0,0.0,0.0
16,DB00091,DB06595,1,1.0,A,DB00091,pathway,1879,1.0,0.0,0.0
16,DB00091,DB06595,1,1.0,A,DB00091,pathway,1880,1.0,0.0,0.0
16,DB00091,DB06595,1,1.0,A,DB00091,pathway,1886,1.0,0.0,0.0
16,DB00091,DB06595,1,1.0,A,DB00091,pathway,1892,1.0,0.0,0.0
16,DB00091,DB06595,1,1.0,A,DB00091,pathway,1893,1.0,0.0,0.0
16,DB00091,DB06595,1,1.0,A,DB00091,pathway,1896,1.0,0.0,0.0
16,DB00091,DB06595,1,1.0,A,DB00091,pathway,1898,1.0,0.0,0.0
16,DB00091,DB06595,1,1.0,A,DB00091,pathway,1903,1.0,0.0,0.0
16,DB00091,DB06595,1,1.0,A,DB00091,pathway,1904,1.0,0.0,0.0
16,DB00091,DB06595,1,1.0,A,DB00091,pathway,1905,1.0,0.0,0.0
16,DB00091,DB06595,1,1.0,A,DB00091,pathway,1912,1.0,0.0,0.0
16,DB00091,DB06595,1,1.0,A,DB00091,pathway,1913,1.0,0.0,0.0
16,DB00091,DB06595,1,1.0,A,DB00091,pathway,1921,1.0,0.0,0.0
16,DB00091,DB06595,1,1.0,A,DB00091,pathway,1925,1.0,0.0,0.0
16,DB00091,DB06595,1,1.0,A,DB00091,pathway,1926,1.0,0.0,0.0
16,DB00091,DB06595,1,1.0,A,DB00091,pathway,1932,1.0,0.0,0.0
16,DB00091,DB06595,1,1.0,A,DB00091,pathway,1933,1.0,0.0,0.0
16,DB00091,DB06595,1,1.0,A,DB00091,pathway,1935,1.0,0.0,0.0
16,DB00091,DB06595,1,1.0,A,DB00091,pathway,1937,1.0,0.0,0.0
16,DB00091,DB06595,1,1.0,A,DB00091,pathway,1938,1.0,0.0,0.0
16,DB00091,DB06595,1,1.0,A,DB00091,pathway,1952,1.0,0.0,0.0
16,DB00091,DB06595,1,1.0,A,DB00091,pathway,1956,1.0,0.0,0.0
16,DB00091,DB06595,1,1.0,A,DB00091,pathway,1957,1.0,0.0,0.0
16,DB00091,DB06595,1,1.0,A,DB00091,pathway,1958,1.0,0.0,0.0
16,DB00091,DB06595,1,1.0,A,DB00091,pathway,1959,1.0,0.0,0.0
16,DB00091,DB06595,1,1.0,A,DB00091,pathway,1965,1.0,0.0,0.0
16,DB00091,DB06595,1,1.0,B,DB06595,pathway,0,1.0,0.0,0.0
16,DB00091,DB06595,1,1.0,B,DB06595,pathway,1,1.0,0.0,0.0
16,DB00091,DB06595,1,1.0,B,DB06595,pathway,2,1.0,0.0,0.0
16,DB00091,DB06595,1,1.0,B,DB06595,pathway,14,1.0,0.0,0.0
16,DB00091,DB06595,1,1.0,B,DB06595,pathway,15,1.0,0.0,0.0
16,DB00091,DB06595,1,1.0,B,DB06595,pathway,23,1.0,0.0,0.0
16,DB00091,DB06595,1,1.0,B,DB06595,pathway,27,1.0,0.0,0.0
16,DB00091,DB06595,1,1.0,B,DB06595,pathway,28,1.0,0.0,0.0
16,DB00091,DB06595,1,1.0,B,DB06595,pathway,29,1.0,0.0,0.0
16,DB00091,DB06595,1,1.0,B,DB06595,pathway,31,1.0,0.0,0.0
16,DB00091,DB06595,1,1.0,B,DB06595,pathway,41,1.0,0.0,0.0
16,DB00091,DB06595,1,1.0,B,DB06595,pathway,42,1.0,0.0,0.0
16,DB00091,DB06595,1,1.0,B,DB06595,pathway,43,1.0,0.0,0.0
16,DB00091,DB06595,1,1.0,B,DB06595,pathway,44,1.0,0.0,0.0
16,DB00091,DB06595,1,1.0,B,DB06595,pathway,46,1.0,0.0,0.0
16,DB00091,DB06595,1,1.0,B,DB06595,pathway,48,1.0,0.0,0.0
16,DB00091,DB06595,1,1.0,B,DB06595,pathway,50,1.0,0.0,0.0
16,DB00091,DB06595,1,1.0,B,DB06595,pathway,51,1.0,0.0,0.0
16,DB00091,DB06595,1,1.0,B,DB06595,pathway,52,1.0,0.0,0.0
16,DB00091,DB06595,1,1.0,B,DB06595,pathway,53,1.0,0.0,0.0
16,DB00091,DB06595,1,1.0,B,DB06595,pathway,54,1.0,0.0,0.0
16,DB00091,DB06595,1,1.0,B,DB06595,pathway,55,1.0,0.0,0.0
16,DB00091,DB06595,1,1.0,B,DB06595,pathway,56,1.0,0.0,0.0
16,DB00091,DB06595,1,1.0,B,DB06595,pathway,57,1.0,0.0,0.0
16,DB00091,DB06595,1,1.0,B,DB06595,pathway,58,1.0,0.0,0.0
16,DB00091,DB06595,1,1.0,B,DB06595,pathway,62,1.0,0.0,0.0
16,DB00091,DB06595,1,1.0,B,DB06595,pathway,65,1.0,0.0,0.0
16,DB00091,DB06595,1,1.0,B,DB06595,pathway,66,1.0,0.0,0.0
16,DB00091,DB06595,1,1.0,B,DB06595,pathway,67,1.0,0.0,0.0
16,DB00091,DB06595,1,1.0,B,DB06595,pathway,69,1.0,0.0,0.0
16,DB00091,DB06595,1,1.0,B,DB06595,pathway,71,1.0,0.0,0.0
16,DB00091,DB06595,1,1.0,B,DB06595,pathway,75,1.0,0.0,0.0
16,DB00091,DB06595,1,1.0,B,DB06595,pathway,76,1.0,0.0,0.0
16,DB00091,DB06595,1,1.0,B,DB06595,pathway,78,1.0,0.0,0.0
16,DB00091,DB06595,1,1.0,B,DB06595,pathway,79,1.0,0.0,0.0
16,DB00091,DB06595,1,1.0,B,DB06595,pathway,80,1.0,0.0,0.0
16,DB00091,DB06595,1,1.0,B,DB06595,pathway,81,1.0,0.0,0.0
16,DB00091,DB06595,1,1.0,B,DB06595,pathway,82,1.0,0.0,0.0
16,DB00091,DB06595,1,1.0,B,DB06595,pathway,83,1.0,0.0,0.0
16,DB00091,DB06595,1,1.0,B,DB06595,pathway,84,1.0,0.0,0.0
16,DB00091,DB06595,1,1.0,B,DB06595,pathway,98,1.0,0.0,0.0
16,DB00091,DB06595,1,1.0,B,DB06595,pathway,99,1.0,0.0,0.0
16,DB00091,DB06595,1,1.0,B,DB06595,pathway,100,1.0,0.0,0.0
16,DB00091,DB06595,1,1.0,B,DB06595,pathway,101,1.0,0.0,0.0
16,DB00091,DB06595,1,1.0,B,DB06595,pathway,102,1.0,0.0,0.0
16,DB00091,DB06595,1,1.0,B,DB06595,pathway,108,1.0,0.0,0.0
16,DB00091,DB06595,1,1.0,B,DB06595,pathway,112,1.0,0.0,0.0
16,DB00091,DB06595,1,1.0,B,DB06595,pathway,115,1.0,0.0,0.0
16,DB00091,DB06595,1,1.0,B,DB06595,pathway,116,1.0,0.0,0.0
16,DB00091,DB06595,1,1.0,B,DB06595,pathway,117,1.0,0.0,0.0
16,DB00091,DB06595,1,1.0,B,DB06595,pathway,118,1.0,0.0,0.0
16,DB00091,DB06595,1,1.0,B,DB06595,pathway,120,1.0,0.0,0.0
16,DB00091,DB06595,1,1.0,B,DB06595,pathway,122,1.0,0.0,0.0
16,DB00091,DB06595,1,1.0,B,DB06595,pathway,136,1.0,0.0,0.0
16,DB00091,DB06595,1,1.0,B,DB06595,pathway,140,1.0,0.0,0.0
16,DB00091,DB06595,1,1.0,B,DB06595,pathway,141,1.0,0.0,0.0
16,DB00091,DB06595,1,1.0,B,DB06595,pathway,142,1.0,0.0,0.0
16,DB00091,DB06595,1,1.0,B,DB06595,pathway,143,1.0,0.0,0.0
16,DB00091,DB06595,1,1.0,B,DB06595,pathway,150,1.0,0.0,0.0
16,DB00091,DB06595,1,1.0,B,DB06595,pathway,163,1.0,0.0,0.0
16,DB00091,DB06595,1,1.0,B,DB06595,pathway,172,1.0,0.0,0.0
16,DB00091,DB06595,1,1.0,B,DB06595,pathway,176,1.0,0.0,0.0
16,DB00091,DB06595,1,1.0,B,DB06595,pathway,177,1.0,0.0,0.0
16,DB00091,DB06595,1,1.0,B,DB06595,pathway,179,1.0,0.0,0.0
16,DB00091,DB06595,1,1.0,B,DB06595,pathway,180,1.0,0.0,0.0
16,DB00091,DB06595,1,1.0,B,DB06595,pathway,181,1.0,0.0,0.0
16,DB00091,DB06595,1,1.0,B,DB06595,pathway,186,1.0,0.0,0.0
16,DB00091,DB06595,1,1.0,B,DB06595,pathway,191,1.0,0.0,0.0
16,DB00091,DB06595,1,1.0,B,DB06595,pathway,192,1.0,0.0,0.0
16,DB00091,DB06595,1,1.0,B,DB06595,pathway,194,1.0,0.0,0.0
16,DB00091,DB06595,1,1.0,B,DB06595,pathway,195,1.0,0.0,0.0
16,DB00091,DB06595,1,1.0,B,DB06595,pathway,196,1.0,0.0,0.0
16,DB00091,DB06595,1,1.0,B,DB06595,pathway,197,1.0,0.0,0.0
16,DB00091,DB06595,1,1.0,B,DB06595,pathway,198,1.0,0.0,0.0
16,DB00091,DB06595,1,1.0,B,DB06595,pathway,200,1.0,0.0,0.0
16,DB00091,DB06595,1,1.0,B,DB06595,pathway,201,1.0,0.0,0.0
16,DB00091,DB06595,1,1.0,B,DB06595,pathway,204,1.0,0.0,0.0
16,DB00091,DB06595,1,1.0,B,DB06595,pathway,205,1.0,0.0,0.0
16,DB00091,DB06595,1,1.0,B,DB06595,pathway,208,1.0,0.0,0.0
16,DB00091,DB06595,1,1.0,B,DB06595,pathway,212,1.0,0.0,0.0
16,DB00091,DB06595,1,1.0,B,DB06595,pathway,213,1.0,0.0,0.0
16,DB00091,DB06595,1,1.0,B,DB06595,pathway,215,1.0,0.0,0.0
16,DB00091,DB06595,1,1.0,B,DB06595,pathway,216,1.0,0.0,0.0
16,DB00091,DB06595,1,1.0,B,DB06595,pathway,217,1.0,0.0,0.0
16,DB00091,DB06595,1,1.0,B,DB06595,pathway,218,1.0,0.0,0.0
16,DB00091,DB06595,1,1.0,B,DB06595,pathway,219,1.0,0.0,0.0
16,DB00091,DB06595,1,1.0,B,DB06595,pathway,220,1.0,0.0,0.0
16,DB00091,DB06595,1,1.0,B,DB06595,pathway,221,1.0,0.0,0.0
16,DB00091,DB06595,1,1.0,B,DB06595,pathway,222,1.0,0.0,0.0
16,DB00091,DB06595,1,1.0,B,DB06595,pathway,223,1.0,0.0,0.0
16,DB00091,DB06595,1,1.0,B,DB06595,pathway,224,1.0,0.0,0.0
16,DB00091,DB06595,1,1.0,B,DB06595,pathway,225,1.0,0.0,0.0
16,DB00091,DB06595,1,1.0,B,DB06595,pathway,226,1.0,0.0,0.0
16,DB00091,DB06595,1,1.0,B,DB06595,pathway,227,1.0,0.0,0.0
16,DB00091,DB06595,1,1.0,B,DB06595,pathway,234,1.0,0.0,0.0
16,DB00091,DB06595,1,1.0,B,DB06595,pathway,236,1.0,0.0,0.0
16,DB00091,DB06595,1,1.0,B,DB06595,pathway,237,1.0,0.0,0.0
16,DB00091,DB06595,1,1.0,B,DB06595,pathway,238,1.0,0.0,0.0
16,DB00091,DB06595,1,1.0,B,DB06595,pathway,239,1.0,0.0,0.0
16,DB00091,DB06595,1,1.0,B,DB06595,pathway,240,1.0,0.0,0.0
16,DB00091,DB06595,1,1.0,B,DB06595,pathway,241,1.0,0.0,0.0
16,DB00091,DB06595,1,1.0,B,DB06595,pathway,243,1.0,0.0,0.0
16,DB00091,DB06595,1,1.0,B,DB06595,pathway,245,1.0,0.0,0.0
16,DB00091,DB06595,1,1.0,B,DB06595,pathway,246,1.0,0.0,0.0
16,DB00091,DB06595,1,1.0,B,DB06595,pathway,247,1.0,0.0,0.0
16,DB00091,DB06595,1,1.0,B,DB06595,pathway,249,1.0,0.0,0.0
16,DB00091,DB06595,1,1.0,B,DB06595,pathway,254,1.0,0.0,0.0
16,DB00091,DB06595,1,1.0,B,DB06595,pathway,255,1.0,0.0,0.0
16,DB00091,DB06595,1,1.0,B,DB06595,pathway,256,1.0,0.0,0.0
16,DB00091,DB06595,1,1.0,B,DB06595,pathway,257,1.0,0.0,0.0
16,DB00091,DB06595,1,1.0,B,DB06595,pathway,258,1.0,0.0,0.0
16,DB00091,DB06595,1,1.0,B,DB06595,pathway,259,1.0,0.0,0.0
16,DB00091,DB06595,1,1.0,B,DB06595,pathway,271,1.0,0.0,0.0
16,DB00091,DB06595,1,1.0,B,DB06595,pathway,272,1.0,0.0,0.0
16,DB00091,DB06595,1,1.0,B,DB06595,pathway,274,1.0,0.0,0.0
16,DB00091,DB06595,1,1.0,B,DB06595,pathway,276,1.0,0.0,0.0
16,DB00091,DB06595,1,1.0,B,DB06595,pathway,277,1.0,0.0,0.0
16,DB00091,DB06595,1,1.0,B,DB06595,pathway,278,1.0,0.0,0.0
16,DB00091,DB06595,1,1.0,B,DB06595,pathway,279,1.0,0.0,0.0
16,DB00091,DB06595,1,1.0,B,DB06595,pathway,281,1.0,0.0,0.0
16,DB00091,DB06595,1,1.0,B,DB06595,pathway,282,1.0,0.0,0.0
16,DB00091,DB06595,1,1.0,B,DB06595,pathway,283,1.0,0.0,0.0
16,DB00091,DB06595,1,1.0,B,DB06595,pathway,285,1.0,0.0,0.0
16,DB00091,DB06595,1,1.0,B,DB06595,pathway,286,1.0,0.0,0.0
16,DB00091,DB06595,1,1.0,B,DB06595,pathway,287,1.0,0.0,0.0
16,DB00091,DB06595,1,1.0,B,DB06595,pathway,288,1.0,0.0,0.0
16,DB00091,DB06595,1,1.0,B,DB06595,pathway,289,1.0,0.0,0.0
16,DB00091,DB06595,1,1.0,B,DB06595,pathway,291,1.0,0.0,0.0
16,DB00091,DB06595,1,1.0,B,DB06595,pathway,292,1.0,0.0,0.0
16,DB00091,DB06595,1,1.0,B,DB06595,pathway,294,1.0,0.0,0.0
16,DB00091,DB06595,1,1.0,B,DB06595,pathway,297,1.0,0.0,0.0
16,DB00091,DB06595,1,1.0,B,DB06595,pathway,300,1.0,0.0,0.0
16,DB00091,DB06595,1,1.0,B,DB06595,pathway,301,1.0,0.0,0.0
16,DB00091,DB06595,1,1.0,B,DB06595,pathway,302,1.0,0.0,0.0
16,DB00091,DB06595,1,1.0,B,DB06595,pathway,303,1.0,0.0,0.0
16,DB00091,DB06595,1,1.0,B,DB06595,pathway,306,1.0,0.0,0.0
16,DB00091,DB06595,1,1.0,B,DB06595,pathway,307,1.0,0.0,0.0
16,DB00091,DB06595,1,1.0,B,DB06595,pathway,308,1.0,0.0,0.0
16,DB00091,DB06595,1,1.0,B,DB06595,pathway,309,1.0,0.0,0.0
16,DB00091,DB06595,1,1.0,B,DB06595,pathway,310,1.0,0.0,0.0
16,DB00091,DB06595,1,1.0,B,DB06595,pathway,311,1.0,0.0,0.0
16,DB00091,DB06595,1,1.0,B,DB06595,pathway,314,1.0,0.0,0.0
16,DB00091,DB06595,1,1.0,B,DB06595,pathway,315,1.0,0.0,0.0
16,DB00091,DB06595,1,1.0,B,DB06595,pathway,316,1.0,0.0,0.0
16,DB00091,DB06595,1,1.0,B,DB06595,pathway,329,1.0,0.0,0.0
16,DB00091,DB06595,1,1.0,B,DB06595,pathway,330,1.0,0.0,0.0
16,DB00091,DB06595,1,1.0,B,DB06595,pathway,341,1.0,0.0,0.0
16,DB00091,DB06595,1,1.0,B,DB06595,pathway,350,1.0,0.0,0.0
16,DB00091,DB06595,1,1.0,B,DB06595,pathway,352,1.0,0.0,0.0
16,DB00091,DB06595,1,1.0,B,DB06595,pathway,353,1.0,0.0,0.0
16,DB00091,DB06595,1,1.0,B,DB06595,pathway,357,1.0,0.0,0.0
16,DB00091,DB06595,1,1.0,B,DB06595,pathway,358,1.0,0.0,0.0
16,DB00091,DB06595,1,1.0,B,DB06595,pathway,359,1.0,0.0,0.0
16,DB00091,DB06595,1,1.0,B,DB06595,pathway,367,1.0,0.0,0.0
16,DB00091,DB06595,1,1.0,B,DB06595,pathway,368,1.0,0.0,0.0
16,DB00091,DB06595,1,1.0,B,DB06595,pathway,369,1.0,0.0,0.0
16,DB00091,DB06595,1,1.0,B,DB06595,pathway,370,1.0,0.0,0.0
16,DB00091,DB06595,1,1.0,B,DB06595,pathway,371,1.0,0.0,0.0
16,DB00091,DB06595,1,1.0,B,DB06595,pathway,372,1.0,0.0,0.0
16,DB00091,DB06595,1,1.0,B,DB06595,pathway,374,1.0,0.0,0.0
16,DB00091,DB06595,1,1.0,B,DB06595,pathway,376,1.0,0.0,0.0
16,DB00091,DB06595,1,1.0,B,DB06595,pathway,377,1.0,0.0,0.0
16,DB00091,DB06595,1,1.0,B,DB06595,pathway,379,1.0,0.0,0.0
16,DB00091,DB06595,1,1.0,B,DB06595,pathway,380,1.0,0.0,0.0
16,DB00091,DB06595,1,1.0,B,DB06595,pathway,381,1.0,0.0,0.0
16,DB00091,DB06595,1,1.0,B,DB06595,pathway,382,1.0,0.0,0.0
16,DB00091,DB06595,1,1.0,B,DB06595,pathway,383,1.0,0.0,0.0
16,DB00091,DB06595,1,1.0,B,DB06595,pathway,390,1.0,0.0,0.0
16,DB00091,DB06595,1,1.0,B,DB06595,pathway,393,1.0,0.0,0.0
16,DB00091,DB06595,1,1.0,B,DB06595,pathway,394,1.0,0.0,0.0
16,DB00091,DB06595,1,1.0,B,DB06595,pathway,395,1.0,0.0,0.0
16,DB00091,DB06595,1,1.0,B,DB06595,pathway,396,1.0,0.0,0.0
16,DB00091,DB06595,1,1.0,B,DB06595,pathway,398,1.0,0.0,0.0
16,DB00091,DB06595,1,1.0,B,DB06595,pathway,399,1.0,0.0,0.0
16,DB00091,DB06595,1,1.0,B,DB06595,pathway,400,1.0,0.0,0.0
16,DB00091,DB06595,1,1.0,B,DB06595,pathway,401,1.0,0.0,0.0
16,DB00091,DB06595,1,1.0,B,DB06595,pathway,402,1.0,0.0,0.0
16,DB00091,DB06595,1,1.0,B,DB06595,pathway,403,1.0,0.0,0.0
16,DB00091,DB06595,1,1.0,B,DB06595,pathway,404,1.0,0.0,0.0
16,DB00091,DB06595,1,1.0,B,DB06595,pathway,405,1.0,0.0,0.0
16,DB00091,DB06595,1,1.0,B,DB06595,pathway,406,1.0,0.0,0.0
16,DB00091,DB06595,1,1.0,B,DB06595,pathway,407,1.0,0.0,0.0
16,DB00091,DB06595,1,1.0,B,DB06595,pathway,410,1.0,0.0,0.0
16,DB00091,DB06595,1,1.0,B,DB06595,pathway,411,1.0,0.0,0.0
16,DB00091,DB06595,1,1.0,B,DB06595,pathway,416,1.0,0.0,0.0
16,DB00091,DB06595,1,1.0,B,DB06595,pathway,417,1.0,0.0,0.0
16,DB00091,DB06595,1,1.0,B,DB06595,pathway,418,1.0,0.0,0.0
16,DB00091,DB06595,1,1.0,B,DB06595,pathway,429,1.0,0.0,0.0
16,DB00091,DB06595,1,1.0,B,DB06595,pathway,431,1.0,0.0,0.0
16,DB00091,DB06595,1,1.0,B,DB06595,pathway,432,1.0,0.0,0.0
16,DB00091,DB06595,1,1.0,B,DB06595,pathway,433,1.0,0.0,0.0
16,DB00091,DB06595,1,1.0,B,DB06595,pathway,434,1.0,0.0,0.0
16,DB00091,DB06595,1,1.0,B,DB06595,pathway,435,1.0,0.0,0.0
16,DB00091,DB06595,1,1.0,B,DB06595,pathway,438,1.0,0.0,0.0
16,DB00091,DB06595,1,1.0,B,DB06595,pathway,439,1.0,0.0,0.0
16,DB00091,DB06595,1,1.0,B,DB06595,pathway,440,1.0,0.0,0.0
16,DB00091,DB06595,1,1.0,B,DB06595,pathway,441,1.0,0.0,0.0
16,DB00091,DB06595,1,1.0,B,DB06595,pathway,444,1.0,0.0,0.0
16,DB00091,DB06595,1,1.0,B,DB06595,pathway,446,1.0,0.0,0.0
16,DB00091,DB06595,1,1.0,B,DB06595,pathway,447,1.0,0.0,0.0
16,DB00091,DB06595,1,1.0,B,DB06595,pathway,448,1.0,0.0,0.0
16,DB00091,DB06595,1,1.0,B,DB06595,pathway,450,1.0,0.0,0.0
16,DB00091,DB06595,1,1.0,B,DB06595,pathway,451,1.0,0.0,0.0
16,DB00091,DB06595,1,1.0,B,DB06595,pathway,452,1.0,0.0,0.0
16,DB00091,DB06595,1,1.0,B,DB06595,pathway,455,1.0,0.0,0.0
16,DB00091,DB06595,1,1.0,B,DB06595,pathway,457,1.0,0.0,0.0
16,DB00091,DB06595,1,1.0,B,DB06595,pathway,463,1.0,0.0,0.0
16,DB00091,DB06595,1,1.0,B,DB06595,pathway,464,1.0,0.0,0.0
16,DB00091,DB06595,1,1.0,B,DB06595,pathway,466,1.0,0.0,0.0
16,DB00091,DB06595,1,1.0,B,DB06595,pathway,467,1.0,0.0,0.0
16,DB00091,DB06595,1,1.0,B,DB06595,pathway,469,1.0,0.0,0.0
16,DB00091,DB06595,1,1.0,B,DB06595,pathway,471,1.0,0.0,0.0
16,DB00091,DB06595,1,1.0,B,DB06595,pathway,477,1.0,0.0,0.0
16,DB00091,DB06595,1,1.0,B,DB06595,pathway,478,1.0,0.0,0.0
16,DB00091,DB06595,1,1.0,B,DB06595,pathway,479,1.0,0.0,0.0
16,DB00091,DB06595,1,1.0,B,DB06595,pathway,480,1.0,0.0,0.0
16,DB00091,DB06595,1,1.0,B,DB06595,pathway,481,1.0,0.0,0.0
16,DB00091,DB06595,1,1.0,B,DB06595,pathway,482,1.0,0.0,0.0
16,DB00091,DB06595,1,1.0,B,DB06595,pathway,488,1.0,0.0,0.0
16,DB00091,DB06595,1,1.0,B,DB06595,pathway,490,1.0,0.0,0.0
16,DB00091,DB06595,1,1.0,B,DB06595,pathway,493,1.0,0.0,0.0
16,DB00091,DB06595,1,1.0,B,DB06595,pathway,498,1.0,0.0,0.0
16,DB00091,DB06595,1,1.0,B,DB06595,pathway,500,1.0,0.0,0.0
16,DB00091,DB06595,1,1.0,B,DB06595,pathway,501,1.0,0.0,0.0
16,DB00091,DB06595,1,1.0,B,DB06595,pathway,503,1.0,0.0,0.0
16,DB00091,DB06595,1,1.0,B,DB06595,pathway,504,1.0,0.0,0.0
16,DB00091,DB06595,1,1.0,B,DB06595,pathway,505,1.0,0.0,0.0
16,DB00091,DB06595,1,1.0,B,DB06595,pathway,506,1.0,0.0,0.0
16,DB00091,DB06595,1,1.0,B,DB06595,pathway,507,1.0,0.0,0.0
16,DB00091,DB06595,1,1.0,B,DB06595,pathway,509,1.0,0.0,0.0
16,DB00091,DB06595,1,1.0,B,DB06595,pathway,510,1.0,0.0,0.0
16,DB00091,DB06595,1,1.0,B,DB06595,pathway,511,1.0,0.0,0.0
16,DB00091,DB06595,1,1.0,B,DB06595,pathway,512,1.0,0.0,0.0
16,DB00091,DB06595,1,1.0,B,DB06595,pathway,513,1.0,0.0,0.0
16,DB00091,DB06595,1,1.0,B,DB06595,pathway,515,1.0,0.0,0.0
16,DB00091,DB06595,1,1.0,B,DB06595,pathway,516,1.0,0.0,0.0
16,DB00091,DB06595,1,1.0,B,DB06595,pathway,517,1.0,0.0,0.0
16,DB00091,DB06595,1,1.0,B,DB06595,pathway,518,1.0,0.0,0.0
16,DB00091,DB06595,1,1.0,B,DB06595,pathway,519,1.0,0.0,0.0
16,DB00091,DB06595,1,1.0,B,DB06595,pathway,520,1.0,0.0,0.0
16,DB00091,DB06595,1,1.0,B,DB06595,pathway,521,1.0,0.0,0.0
16,DB00091,DB06595,1,1.0,B,DB06595,pathway,527,1.0,0.0,0.0
16,DB00091,DB06595,1,1.0,B,DB06595,pathway,528,1.0,0.0,0.0
16,DB00091,DB06595,1,1.0,B,DB06595,pathway,530,1.0,0.0,0.0
16,DB00091,DB06595,1,1.0,B,DB06595,pathway,531,1.0,0.0,0.0
16,DB00091,DB06595,1,1.0,B,DB06595,pathway,532,1.0,0.0,0.0
16,DB00091,DB06595,1,1.0,B,DB06595,pathway,533,1.0,0.0,0.0
16,DB00091,DB06595,1,1.0,B,DB06595,pathway,535,1.0,0.0,0.0
16,DB00091,DB06595,1,1.0,B,DB06595,pathway,536,1.0,0.0,0.0
16,DB00091,DB06595,1,1.0,B,DB06595,pathway,539,1.0,0.0,0.0
16,DB00091,DB06595,1,1.0,B,DB06595,pathway,540,1.0,0.0,0.0
16,DB00091,DB06595,1,1.0,B,DB06595,pathway,542,1.0,0.0,0.0
16,DB00091,DB06595,1,1.0,B,DB06595,pathway,543,1.0,0.0,0.0
16,DB00091,DB06595,1,1.0,B,DB06595,pathway,544,1.0,0.0,0.0
16,DB00091,DB06595,1,1.0,B,DB06595,pathway,552,1.0,0.0,0.0
16,DB00091,DB06595,1,1.0,B,DB06595,pathway,555,1.0,0.0,0.0
16,DB00091,DB06595,1,1.0,B,DB06595,pathway,560,1.0,0.0,0.0
16,DB00091,DB06595,1,1.0,B,DB06595,pathway,565,1.0,0.0,0.0
16,DB00091,DB06595,1,1.0,B,DB06595,pathway,566,1.0,0.0,0.0
16,DB00091,DB06595,1,1.0,B,DB06595,pathway,567,1.0,0.0,0.0
16,DB00091,DB06595,1,1.0,B,DB06595,pathway,570,1.0,0.0,0.0
16,DB00091,DB06595,1,1.0,B,DB06595,pathway,571,1.0,0.0,0.0
16,DB00091,DB06595,1,1.0,B,DB06595,pathway,586,1.0,0.0,0.0
16,DB00091,DB06595,1,1.0,B,DB06595,pathway,587,1.0,0.0,0.0
16,DB00091,DB06595,1,1.0,B,DB06595,pathway,588,1.0,0.0,0.0
16,DB00091,DB06595,1,1.0,B,DB06595,pathway,589,1.0,0.0,0.0
16,DB00091,DB06595,1,1.0,B,DB06595,pathway,591,1.0,0.0,0.0
16,DB00091,DB06595,1,1.0,B,DB06595,pathway,593,1.0,0.0,0.0
16,DB00091,DB06595,1,1.0,B,DB06595,pathway,594,1.0,0.0,0.0
16,DB00091,DB06595,1,1.0,B,DB06595,pathway,595,1.0,0.0,0.0
16,DB00091,DB06595,1,1.0,B,DB06595,pathway,602,1.0,0.0,0.0
16,DB00091,DB06595,1,1.0,B,DB06595,pathway,603,1.0,0.0,0.0
16,DB00091,DB06595,1,1.0,B,DB06595,pathway,604,1.0,0.0,0.0
16,DB00091,DB06595,1,1.0,B,DB06595,pathway,605,1.0,0.0,0.0
16,DB00091,DB06595,1,1.0,B,DB06595,pathway,611,1.0,0.0,0.0
16,DB00091,DB06595,1,1.0,B,DB06595,pathway,612,1.0,0.0,0.0
16,DB00091,DB06595,1,1.0,B,DB06595,pathway,613,1.0,0.0,0.0
16,DB00091,DB06595,1,1.0,B,DB06595,pathway,616,1.0,0.0,0.0
16,DB00091,DB06595,1,1.0,B,DB06595,pathway,617,1.0,0.0,0.0
16,DB00091,DB06595,1,1.0,B,DB06595,pathway,618,1.0,0.0,0.0
16,DB00091,DB06595,1,1.0,B,DB06595,pathway,619,1.0,0.0,0.0
16,DB00091,DB06595,1,1.0,B,DB06595,pathway,624,1.0,0.0,0.0
16,DB00091,DB06595,1,1.0,B,DB06595,pathway,628,1.0,0.0,0.0
16,DB00091,DB06595,1,1.0,B,DB06595,pathway,629,1.0,0.0,0.0
16,DB00091,DB06595,1,1.0,B,DB06595,pathway,632,1.0,0.0,0.0
16,DB00091,DB06595,1,1.0,B,DB06595,pathway,633,1.0,0.0,0.0
16,DB00091,DB06595,1,1.0,B,DB06595,pathway,634,1.0,0.0,0.0
16,DB00091,DB06595,1,1.0,B,DB06595,pathway,635,1.0,0.0,0.0
16,DB00091,DB06595,1,1.0,B,DB06595,pathway,638,1.0,0.0,0.0
16,DB00091,DB06595,1,1.0,B,DB06595,pathway,641,1.0,0.0,0.0
16,DB00091,DB06595,1,1.0,B,DB06595,pathway,643,1.0,0.0,0.0
16,DB00091,DB06595,1,1.0,B,DB06595,pathway,645,1.0,0.0,0.0
16,DB00091,DB06595,1,1.0,B,DB06595,pathway,647,1.0,0.0,0.0
16,DB00091,DB06595,1,1.0,B,DB06595,pathway,650,1.0,0.0,0.0
16,DB00091,DB06595,1,1.0,B,DB06595,pathway,653,1.0,0.0,0.0
16,DB00091,DB06595,1,1.0,B,DB06595,pathway,654,1.0,0.0,0.0
16,DB00091,DB06595,1,1.0,B,DB06595,pathway,655,1.0,0.0,0.0
16,DB00091,DB06595,1,1.0,B,DB06595,pathway,656,1.0,0.0,0.0
16,DB00091,DB06595,1,1.0,B,DB06595,pathway,658,1.0,0.0,0.0
16,DB00091,DB06595,1,1.0,B,DB06595,pathway,662,1.0,0.0,0.0
16,DB00091,DB06595,1,1.0,B,DB06595,pathway,663,1.0,0.0,0.0
16,DB00091,DB06595,1,1.0,B,DB06595,pathway,664,1.0,0.0,0.0
16,DB00091,DB06595,1,1.0,B,DB06595,pathway,675,1.0,0.0,0.0
16,DB00091,DB06595,1,1.0,B,DB06595,pathway,681,1.0,0.0,0.0
16,DB00091,DB06595,1,1.0,B,DB06595,pathway,682,1.0,0.0,0.0
16,DB00091,DB06595,1,1.0,B,DB06595,pathway,683,1.0,0.0,0.0
16,DB00091,DB06595,1,1.0,B,DB06595,pathway,685,1.0,0.0,0.0
16,DB00091,DB06595,1,1.0,B,DB06595,pathway,686,1.0,0.0,0.0
16,DB00091,DB06595,1,1.0,B,DB06595,pathway,687,1.0,0.0,0.0
16,DB00091,DB06595,1,1.0,B,DB06595,pathway,688,1.0,0.0,0.0
16,DB00091,DB06595,1,1.0,B,DB06595,pathway,690,1.0,0.0,0.0
16,DB00091,DB06595,1,1.0,B,DB06595,pathway,691,1.0,0.0,0.0
16,DB00091,DB06595,1,1.0,B,DB06595,pathway,692,1.0,0.0,0.0
16,DB00091,DB06595,1,1.0,B,DB06595,pathway,693,1.0,0.0,0.0
16,DB00091,DB06595,1,1.0,B,DB06595,pathway,694,1.0,0.0,0.0
16,DB00091,DB06595,1,1.0,B,DB06595,pathway,695,1.0,0.0,0.0
16,DB00091,DB06595,1,1.0,B,DB06595,pathway,701,1.0,0.0,0.0
16,DB00091,DB06595,1,1.0,B,DB06595,pathway,704,1.0,0.0,0.0
16,DB00091,DB06595,1,1.0,B,DB06595,pathway,705,1.0,0.0,0.0
16,DB00091,DB06595,1,1.0,B,DB06595,pathway,706,1.0,0.0,0.0
16,DB00091,DB06595,1,1.0,B,DB06595,pathway,707,1.0,0.0,0.0
16,DB00091,DB06595,1,1.0,B,DB06595,pathway,709,1.0,0.0,0.0
16,DB00091,DB06595,1,1.0,B,DB06595,pathway,715,1.0,0.0,0.0
16,DB00091,DB06595,1,1.0,B,DB06595,pathway,716,1.0,0.0,0.0
16,DB00091,DB06595,1,1.0,B,DB06595,pathway,717,1.0,0.0,0.0
16,DB00091,DB06595,1,1.0,B,DB06595,pathway,718,1.0,0.0,0.0
16,DB00091,DB06595,1,1.0,B,DB06595,pathway,719,1.0,0.0,0.0
16,DB00091,DB06595,1,1.0,B,DB06595,pathway,720,1.0,0.0,0.0
16,DB00091,DB06595,1,1.0,B,DB06595,pathway,721,1.0,0.0,0.0
16,DB00091,DB06595,1,1.0,B,DB06595,pathway,722,1.0,0.0,0.0
16,DB00091,DB06595,1,1.0,B,DB06595,pathway,729,1.0,0.0,0.0
16,DB00091,DB06595,1,1.0,B,DB06595,pathway,733,1.0,0.0,0.0
16,DB00091,DB06595,1,1.0,B,DB06595,pathway,745,1.0,0.0,0.0
16,DB00091,DB06595,1,1.0,B,DB06595,pathway,750,1.0,0.0,0.0
16,DB00091,DB06595,1,1.0,B,DB06595,pathway,751,1.0,0.0,0.0
16,DB00091,DB06595,1,1.0,B,DB06595,pathway,755,1.0,0.0,0.0
16,DB00091,DB06595,1,1.0,B,DB06595,pathway,759,1.0,0.0,0.0
16,DB00091,DB06595,1,1.0,B,DB06595,pathway,760,1.0,0.0,0.0
16,DB00091,DB06595,1,1.0,B,DB06595,pathway,762,1.0,0.0,0.0
16,DB00091,DB06595,1,1.0,B,DB06595,pathway,764,1.0,0.0,0.0
16,DB00091,DB06595,1,1.0,B,DB06595,pathway,766,1.0,0.0,0.0
16,DB00091,DB06595,1,1.0,B,DB06595,pathway,772,1.0,0.0,0.0
16,DB00091,DB06595,1,1.0,B,DB06595,pathway,773,1.0,0.0,0.0
16,DB00091,DB06595,1,1.0,B,DB06595,pathway,775,1.0,0.0,0.0
16,DB00091,DB06595,1,1.0,B,DB06595,pathway,776,1.0,0.0,0.0
16,DB00091,DB06595,1,1.0,B,DB06595,pathway,778,1.0,0.0,0.0
16,DB00091,DB06595,1,1.0,B,DB06595,pathway,779,1.0,0.0,0.0
16,DB00091,DB06595,1,1.0,B,DB06595,pathway,780,1.0,0.0,0.0
16,DB00091,DB06595,1,1.0,B,DB06595,pathway,781,1.0,0.0,0.0
16,DB00091,DB06595,1,1.0,B,DB06595,pathway,783,1.0,0.0,0.0
16,DB00091,DB06595,1,1.0,B,DB06595,pathway,787,1.0,0.0,0.0
16,DB00091,DB06595,1,1.0,B,DB06595,pathway,788,1.0,0.0,0.0
16,DB00091,DB06595,1,1.0,B,DB06595,pathway,789,1.0,0.0,0.0
16,DB00091,DB06595,1,1.0,B,DB06595,pathway,793,1.0,0.0,0.0
16,DB00091,DB06595,1,1.0,B,DB06595,pathway,794,1.0,0.0,0.0
16,DB00091,DB06595,1,1.0,B,DB06595,pathway,795,1.0,0.0,0.0
16,DB00091,DB06595,1,1.0,B,DB06595,pathway,798,1.0,0.0,0.0
16,DB00091,DB06595,1,1.0,B,DB06595,pathway,799,1.0,0.0,0.0
16,DB00091,DB06595,1,1.0,B,DB06595,pathway,800,1.0,0.0,0.0
16,DB00091,DB06595,1,1.0,B,DB06595,pathway,801,1.0,0.0,0.0
16,DB00091,DB06595,1,1.0,B,DB06595,pathway,802,1.0,0.0,0.0
16,DB00091,DB06595,1,1.0,B,DB06595,pathway,803,1.0,0.0,0.0
16,DB00091,DB06595,1,1.0,B,DB06595,pathway,804,1.0,0.0,0.0
16,DB00091,DB06595,1,1.0,B,DB06595,pathway,805,1.0,0.0,0.0
16,DB00091,DB06595,1,1.0,B,DB06595,pathway,806,1.0,0.0,0.0
16,DB00091,DB06595,1,1.0,B,DB06595,pathway,811,1.0,0.0,0.0
16,DB00091,DB06595,1,1.0,B,DB06595,pathway,813,1.0,0.0,0.0
16,DB00091,DB06595,1,1.0,B,DB06595,pathway,814,1.0,0.0,0.0
16,DB00091,DB06595,1,1.0,B,DB06595,pathway,815,1.0,0.0,0.0
16,DB00091,DB06595,1,1.0,B,DB06595,pathway,816,1.0,0.0,0.0
16,DB00091,DB06595,1,1.0,B,DB06595,pathway,817,1.0,0.0,0.0
16,DB00091,DB06595,1,1.0,B,DB06595,pathway,820,1.0,0.0,0.0
16,DB00091,DB06595,1,1.0,B,DB06595,pathway,824,1.0,0.0,0.0
16,DB00091,DB06595,1,1.0,B,DB06595,pathway,830,1.0,0.0,0.0
16,DB00091,DB06595,1,1.0,B,DB06595,pathway,831,1.0,0.0,0.0
16,DB00091,DB06595,1,1.0,B,DB06595,pathway,832,1.0,0.0,0.0
16,DB00091,DB06595,1,1.0,B,DB06595,pathway,833,1.0,0.0,0.0
16,DB00091,DB06595,1,1.0,B,DB06595,pathway,834,1.0,0.0,0.0
16,DB00091,DB06595,1,1.0,B,DB06595,pathway,835,1.0,0.0,0.0
16,DB00091,DB06595,1,1.0,B,DB06595,pathway,836,1.0,0.0,0.0
16,DB00091,DB06595,1,1.0,B,DB06595,pathway,837,1.0,0.0,0.0
16,DB00091,DB06595,1,1.0,B,DB06595,pathway,840,1.0,0.0,0.0
16,DB00091,DB06595,1,1.0,B,DB06595,pathway,845,1.0,0.0,0.0
16,DB00091,DB06595,1,1.0,B,DB06595,pathway,850,1.0,0.0,0.0
16,DB00091,DB06595,1,1.0,B,DB06595,pathway,853,1.0,0.0,0.0
16,DB00091,DB06595,1,1.0,B,DB06595,pathway,854,1.0,0.0,0.0
16,DB00091,DB06595,1,1.0,B,DB06595,pathway,855,1.0,0.0,0.0
16,DB00091,DB06595,1,1.0,B,DB06595,pathway,856,1.0,0.0,0.0
16,DB00091,DB06595,1,1.0,B,DB06595,pathway,859,1.0,0.0,0.0
16,DB00091,DB06595,1,1.0,B,DB06595,pathway,860,1.0,0.0,0.0
16,DB00091,DB06595,1,1.0,B,DB06595,pathway,861,1.0,0.0,0.0
16,DB00091,DB06595,1,1.0,B,DB06595,pathway,862,1.0,0.0,0.0
16,DB00091,DB06595,1,1.0,B,DB06595,pathway,864,1.0,0.0,0.0
16,DB00091,DB06595,1,1.0,B,DB06595,pathway,868,1.0,0.0,0.0
16,DB00091,DB06595,1,1.0,B,DB06595,pathway,870,1.0,0.0,0.0
16,DB00091,DB06595,1,1.0,B,DB06595,pathway,871,1.0,0.0,0.0
16,DB00091,DB06595,1,1.0,B,DB06595,pathway,872,1.0,0.0,0.0
16,DB00091,DB06595,1,1.0,B,DB06595,pathway,873,1.0,0.0,0.0
16,DB00091,DB06595,1,1.0,B,DB06595,pathway,875,1.0,0.0,0.0
16,DB00091,DB06595,1,1.0,B,DB06595,pathway,878,1.0,0.0,0.0
16,DB00091,DB06595,1,1.0,B,DB06595,pathway,881,1.0,0.0,0.0
16,DB00091,DB06595,1,1.0,B,DB06595,pathway,882,1.0,0.0,0.0
16,DB00091,DB06595,1,1.0,B,DB06595,pathway,883,1.0,0.0,0.0
16,DB00091,DB06595,1,1.0,B,DB06595,pathway,912,1.0,0.0,0.0
16,DB00091,DB06595,1,1.0,B,DB06595,pathway,913,1.0,0.0,0.0
16,DB00091,DB06595,1,1.0,B,DB06595,pathway,914,1.0,0.0,0.0
16,DB00091,DB06595,1,1.0,B,DB06595,pathway,915,1.0,0.0,0.0
16,DB00091,DB06595,1,1.0,B,DB06595,pathway,916,1.0,0.0,0.0
16,DB00091,DB06595,1,1.0,B,DB06595,pathway,917,1.0,0.0,0.0
16,DB00091,DB06595,1,1.0,B,DB06595,pathway,918,1.0,0.0,0.0
16,DB00091,DB06595,1,1.0,B,DB06595,pathway,920,1.0,0.0,0.0
16,DB00091,DB06595,1,1.0,B,DB06595,pathway,923,1.0,0.0,0.0
16,DB00091,DB06595,1,1.0,B,DB06595,pathway,924,1.0,0.0,0.0
16,DB00091,DB06595,1,1.0,B,DB06595,pathway,925,1.0,0.0,0.0
16,DB00091,DB06595,1,1.0,B,DB06595,pathway,926,1.0,0.0,0.0
16,DB00091,DB06595,1,1.0,B,DB06595,pathway,963,1.0,0.0,0.0
16,DB00091,DB06595,1,1.0,B,DB06595,pathway,965,1.0,0.0,0.0
16,DB00091,DB06595,1,1.0,B,DB06595,pathway,969,1.0,0.0,0.0
16,DB00091,DB06595,1,1.0,B,DB06595,pathway,970,1.0,0.0,0.0
16,DB00091,DB06595,1,1.0,B,DB06595,pathway,972,1.0,0.0,0.0
16,DB00091,DB06595,1,1.0,B,DB06595,pathway,973,1.0,0.0,0.0
16,DB00091,DB06595,1,1.0,B,DB06595,pathway,974,1.0,0.0,0.0
16,DB00091,DB06595,1,1.0,B,DB06595,pathway,979,1.0,0.0,0.0
16,DB00091,DB06595,1,1.0,B,DB06595,pathway,980,1.0,0.0,0.0
16,DB00091,DB06595,1,1.0,B,DB06595,pathway,981,1.0,0.0,0.0
16,DB00091,DB06595,1,1.0,B,DB06595,pathway,983,1.0,0.0,0.0
16,DB00091,DB06595,1,1.0,B,DB06595,pathway,984,1.0,0.0,0.0
16,DB00091,DB06595,1,1.0,B,DB06595,pathway,986,1.0,0.0,0.0
16,DB00091,DB06595,1,1.0,B,DB06595,pathway,987,1.0,0.0,0.0
16,DB00091,DB06595,1,1.0,B,DB06595,pathway,995,1.0,0.0,0.0
16,DB00091,DB06595,1,1.0,B,DB06595,pathway,998,1.0,0.0,0.0
16,DB00091,DB06595,1,1.0,B,DB06595,pathway,1000,1.0,0.0,0.0
16,DB00091,DB06595,1,1.0,B,DB06595,pathway,1005,1.0,0.0,0.0
16,DB00091,DB06595,1,1.0,B,DB06595,pathway,1006,1.0,0.0,0.0
16,DB00091,DB06595,1,1.0,B,DB06595,pathway,1007,1.0,0.0,0.0
16,DB00091,DB06595,1,1.0,B,DB06595,pathway,1008,1.0,0.0,0.0
16,DB00091,DB06595,1,1.0,B,DB06595,pathway,1009,1.0,0.0,0.0
16,DB00091,DB06595,1,1.0,B,DB06595,pathway,1010,1.0,0.0,0.0
16,DB00091,DB06595,1,1.0,B,DB06595,pathway,1011,1.0,0.0,0.0
16,DB00091,DB06595,1,1.0,B,DB06595,pathway,1012,1.0,0.0,0.0
16,DB00091,DB06595,1,1.0,B,DB06595,pathway,1013,1.0,0.0,0.0
16,DB00091,DB06595,1,1.0,B,DB06595,pathway,1014,1.0,0.0,0.0
16,DB00091,DB06595,1,1.0,B,DB06595,pathway,1015,1.0,0.0,0.0
16,DB00091,DB06595,1,1.0,B,DB06595,pathway,1016,1.0,0.0,0.0
16,DB00091,DB06595,1,1.0,B,DB06595,pathway,1025,1.0,0.0,0.0
16,DB00091,DB06595,1,1.0,B,DB06595,pathway,1037,1.0,0.0,0.0
16,DB00091,DB06595,1,1.0,B,DB06595,pathway,1038,1.0,0.0,0.0
16,DB00091,DB06595,1,1.0,B,DB06595,pathway,1040,1.0,0.0,0.0
16,DB00091,DB06595,1,1.0,B,DB06595,pathway,1041,1.0,0.0,0.0
16,DB00091,DB06595,1,1.0,B,DB06595,pathway,1043,1.0,0.0,0.0
16,DB00091,DB06595,1,1.0,B,DB06595,pathway,1044,1.0,0.0,0.0
16,DB00091,DB06595,1,1.0,B,DB06595,pathway,1045,1.0,0.0,0.0
16,DB00091,DB06595,1,1.0,B,DB06595,pathway,1046,1.0,0.0,0.0
16,DB00091,DB06595,1,1.0,B,DB06595,pathway,1047,1.0,0.0,0.0
16,DB00091,DB06595,1,1.0,B,DB06595,pathway,1048,1.0,0.0,0.0
16,DB00091,DB06595,1,1.0,B,DB06595,pathway,1049,1.0,0.0,0.0
16,DB00091,DB06595,1,1.0,B,DB06595,pathway,1050,1.0,0.0,0.0
16,DB00091,DB06595,1,1.0,B,DB06595,pathway,1056,1.0,0.0,0.0
16,DB00091,DB06595,1,1.0,B,DB06595,pathway,1063,1.0,0.0,0.0
16,DB00091,DB06595,1,1.0,B,DB06595,pathway,1064,1.0,0.0,0.0
16,DB00091,DB06595,1,1.0,B,DB06595,pathway,1068,1.0,0.0,0.0
16,DB00091,DB06595,1,1.0,B,DB06595,pathway,1071,1.0,0.0,0.0
16,DB00091,DB06595,1,1.0,B,DB06595,pathway,1073,1.0,0.0,0.0
16,DB00091,DB06595,1,1.0,B,DB06595,pathway,1074,1.0,0.0,0.0
16,DB00091,DB06595,1,1.0,B,DB06595,pathway,1077,1.0,0.0,0.0
16,DB00091,DB06595,1,1.0,B,DB06595,pathway,1080,1.0,0.0,0.0
16,DB00091,DB06595,1,1.0,B,DB06595,pathway,1084,1.0,0.0,0.0
16,DB00091,DB06595,1,1.0,B,DB06595,pathway,1085,1.0,0.0,0.0
16,DB00091,DB06595,1,1.0,B,DB06595,pathway,1088,1.0,0.0,0.0
16,DB00091,DB06595,1,1.0,B,DB06595,pathway,1090,1.0,0.0,0.0
16,DB00091,DB06595,1,1.0,B,DB06595,pathway,1092,1.0,0.0,0.0
16,DB00091,DB06595,1,1.0,B,DB06595,pathway,1096,1.0,0.0,0.0
16,DB00091,DB06595,1,1.0,B,DB06595,pathway,1097,1.0,0.0,0.0
16,DB00091,DB06595,1,1.0,B,DB06595,pathway,1098,1.0,0.0,0.0
16,DB00091,DB06595,1,1.0,B,DB06595,pathway,1099,1.0,0.0,0.0
16,DB00091,DB06595,1,1.0,B,DB06595,pathway,1100,1.0,0.0,0.0
16,DB00091,DB06595,1,1.0,B,DB06595,pathway,1101,1.0,0.0,0.0
16,DB00091,DB06595,1,1.0,B,DB06595,pathway,1103,1.0,0.0,0.0
16,DB00091,DB06595,1,1.0,B,DB06595,pathway,1105,1.0,0.0,0.0
16,DB00091,DB06595,1,1.0,B,DB06595,pathway,1107,1.0,0.0,0.0
16,DB00091,DB06595,1,1.0,B,DB06595,pathway,1108,1.0,0.0,0.0
16,DB00091,DB06595,1,1.0,B,DB06595,pathway,1110,1.0,0.0,0.0
16,DB00091,DB06595,1,1.0,B,DB06595,pathway,1111,1.0,0.0,0.0
16,DB00091,DB06595,1,1.0,B,DB06595,pathway,1112,1.0,0.0,0.0
16,DB00091,DB06595,1,1.0,B,DB06595,pathway,1113,1.0,0.0,0.0
16,DB00091,DB06595,1,1.0,B,DB06595,pathway,1114,1.0,0.0,0.0
16,DB00091,DB06595,1,1.0,B,DB06595,pathway,1116,1.0,0.0,0.0
16,DB00091,DB06595,1,1.0,B,DB06595,pathway,1117,1.0,0.0,0.0
16,DB00091,DB06595,1,1.0,B,DB06595,pathway,1119,1.0,0.0,0.0
16,DB00091,DB06595,1,1.0,B,DB06595,pathway,1120,1.0,0.0,0.0
16,DB00091,DB06595,1,1.0,B,DB06595,pathway,1121,1.0,0.0,0.0
16,DB00091,DB06595,1,1.0,B,DB06595,pathway,1122,1.0,0.0,0.0
16,DB00091,DB06595,1,1.0,B,DB06595,pathway,1130,1.0,0.0,0.0
16,DB00091,DB06595,1,1.0,B,DB06595,pathway,1131,1.0,0.0,0.0
16,DB00091,DB06595,1,1.0,B,DB06595,pathway,1132,1.0,0.0,0.0
16,DB00091,DB06595,1,1.0,B,DB06595,pathway,1134,1.0,0.0,0.0
16,DB00091,DB06595,1,1.0,B,DB06595,pathway,1135,1.0,0.0,0.0
16,DB00091,DB06595,1,1.0,B,DB06595,pathway,1136,1.0,0.0,0.0
16,DB00091,DB06595,1,1.0,B,DB06595,pathway,1137,1.0,0.0,0.0
16,DB00091,DB06595,1,1.0,B,DB06595,pathway,1138,1.0,0.0,0.0
16,DB00091,DB06595,1,1.0,B,DB06595,pathway,1141,1.0,0.0,0.0
16,DB00091,DB06595,1,1.0,B,DB06595,pathway,1142,1.0,0.0,0.0
16,DB00091,DB06595,1,1.0,B,DB06595,pathway,1143,1.0,0.0,0.0
16,DB00091,DB06595,1,1.0,B,DB06595,pathway,1144,1.0,0.0,0.0
16,DB00091,DB06595,1,1.0,B,DB06595,pathway,1145,1.0,0.0,0.0
16,DB00091,DB06595,1,1.0,B,DB06595,pathway,1150,1.0,0.0,0.0
16,DB00091,DB06595,1,1.0,B,DB06595,pathway,1152,1.0,0.0,0.0
16,DB00091,DB06595,1,1.0,B,DB06595,pathway,1153,1.0,0.0,0.0
16,DB00091,DB06595,1,1.0,B,DB06595,pathway,1154,1.0,0.0,0.0
16,DB00091,DB06595,1,1.0,B,DB06595,pathway,1155,1.0,0.0,0.0
16,DB00091,DB06595,1,1.0,B,DB06595,pathway,1157,1.0,0.0,0.0
16,DB00091,DB06595,1,1.0,B,DB06595,pathway,1158,1.0,0.0,0.0
16,DB00091,DB06595,1,1.0,B,DB06595,pathway,1159,1.0,0.0,0.0
16,DB00091,DB06595,1,1.0,B,DB06595,pathway,1160,1.0,0.0,0.0
16,DB00091,DB06595,1,1.0,B,DB06595,pathway,1161,1.0,0.0,0.0
16,DB00091,DB06595,1,1.0,B,DB06595,pathway,1162,1.0,0.0,0.0
16,DB00091,DB06595,1,1.0,B,DB06595,pathway,1163,1.0,0.0,0.0
16,DB00091,DB06595,1,1.0,B,DB06595,pathway,1165,1.0,0.0,0.0
16,DB00091,DB06595,1,1.0,B,DB06595,pathway,1166,1.0,0.0,0.0
16,DB00091,DB06595,1,1.0,B,DB06595,pathway,1167,1.0,0.0,0.0
16,DB00091,DB06595,1,1.0,B,DB06595,pathway,1171,1.0,0.0,0.0
16,DB00091,DB06595,1,1.0,B,DB06595,pathway,1172,1.0,0.0,0.0
16,DB00091,DB06595,1,1.0,B,DB06595,pathway,1173,1.0,0.0,0.0
16,DB00091,DB06595,1,1.0,B,DB06595,pathway,1174,1.0,0.0,0.0
16,DB00091,DB06595,1,1.0,B,DB06595,pathway,1175,1.0,0.0,0.0
16,DB00091,DB06595,1,1.0,B,DB06595,pathway,1176,1.0,0.0,0.0
16,DB00091,DB06595,1,1.0,B,DB06595,pathway,1177,1.0,0.0,0.0
16,DB00091,DB06595,1,1.0,B,DB06595,pathway,1178,1.0,0.0,0.0
16,DB00091,DB06595,1,1.0,B,DB06595,pathway,1179,1.0,0.0,0.0
16,DB00091,DB06595,1,1.0,B,DB06595,pathway,1180,1.0,0.0,0.0
16,DB00091,DB06595,1,1.0,B,DB06595,pathway,1181,1.0,0.0,0.0
16,DB00091,DB06595,1,1.0,B,DB06595,pathway,1182,1.0,0.0,0.0
16,DB00091,DB06595,1,1.0,B,DB06595,pathway,1183,1.0,0.0,0.0
16,DB00091,DB06595,1,1.0,B,DB06595,pathway,1185,1.0,0.0,0.0
16,DB00091,DB06595,1,1.0,B,DB06595,pathway,1186,1.0,0.0,0.0
16,DB00091,DB06595,1,1.0,B,DB06595,pathway,1201,1.0,0.0,0.0
16,DB00091,DB06595,1,1.0,B,DB06595,pathway,1202,1.0,0.0,0.0
16,DB00091,DB06595,1,1.0,B,DB06595,pathway,1203,1.0,0.0,0.0
16,DB00091,DB06595,1,1.0,B,DB06595,pathway,1204,1.0,0.0,0.0
16,DB00091,DB06595,1,1.0,B,DB06595,pathway,1213,1.0,0.0,0.0
16,DB00091,DB06595,1,1.0,B,DB06595,pathway,1215,1.0,0.0,0.0
16,DB00091,DB06595,1,1.0,B,DB06595,pathway,1217,1.0,0.0,0.0
16,DB00091,DB06595,1,1.0,B,DB06595,pathway,1218,1.0,0.0,0.0
16,DB00091,DB06595,1,1.0,B,DB06595,pathway,1219,1.0,0.0,0.0
16,DB00091,DB06595,1,1.0,B,DB06595,pathway,1220,1.0,0.0,0.0
16,DB00091,DB06595,1,1.0,B,DB06595,pathway,1221,1.0,0.0,0.0
16,DB00091,DB06595,1,1.0,B,DB06595,pathway,1222,1.0,0.0,0.0
16,DB00091,DB06595,1,1.0,B,DB06595,pathway,1223,1.0,0.0,0.0
16,DB00091,DB06595,1,1.0,B,DB06595,pathway,1227,1.0,0.0,0.0
16,DB00091,DB06595,1,1.0,B,DB06595,pathway,1229,1.0,0.0,0.0
16,DB00091,DB06595,1,1.0,B,DB06595,pathway,1230,1.0,0.0,0.0
16,DB00091,DB06595,1,1.0,B,DB06595,pathway,1231,1.0,0.0,0.0
16,DB00091,DB06595,1,1.0,B,DB06595,pathway,1232,1.0,0.0,0.0
16,DB00091,DB06595,1,1.0,B,DB06595,pathway,1234,1.0,0.0,0.0
16,DB00091,DB06595,1,1.0,B,DB06595,pathway,1239,1.0,0.0,0.0
16,DB00091,DB06595,1,1.0,B,DB06595,pathway,1243,1.0,0.0,0.0
16,DB00091,DB06595,1,1.0,B,DB06595,pathway,1245,1.0,0.0,0.0
16,DB00091,DB06595,1,1.0,B,DB06595,pathway,1246,1.0,0.0,0.0
16,DB00091,DB06595,1,1.0,B,DB06595,pathway,1247,1.0,0.0,0.0
16,DB00091,DB06595,1,1.0,B,DB06595,pathway,1248,1.0,0.0,0.0
16,DB00091,DB06595,1,1.0,B,DB06595,pathway,1249,1.0,0.0,0.0
16,DB00091,DB06595,1,1.0,B,DB06595,pathway,1251,1.0,0.0,0.0
16,DB00091,DB06595,1,1.0,B,DB06595,pathway,1253,1.0,0.0,0.0
16,DB00091,DB06595,1,1.0,B,DB06595,pathway,1257,1.0,0.0,0.0
16,DB00091,DB06595,1,1.0,B,DB06595,pathway,1258,1.0,0.0,0.0
16,DB00091,DB06595,1,1.0,B,DB06595,pathway,1260,1.0,0.0,0.0
16,DB00091,DB06595,1,1.0,B,DB06595,pathway,1265,1.0,0.0,0.0
16,DB00091,DB06595,1,1.0,B,DB06595,pathway,1266,1.0,0.0,0.0
16,DB00091,DB06595,1,1.0,B,DB06595,pathway,1267,1.0,0.0,0.0
16,DB00091,DB06595,1,1.0,B,DB06595,pathway,1270,1.0,0.0,0.0
16,DB00091,DB06595,1,1.0,B,DB06595,pathway,1271,1.0,0.0,0.0
16,DB00091,DB06595,1,1.0,B,DB06595,pathway,1272,1.0,0.0,0.0
16,DB00091,DB06595,1,1.0,B,DB06595,pathway,1273,1.0,0.0,0.0
16,DB00091,DB06595,1,1.0,B,DB06595,pathway,1274,1.0,0.0,0.0
16,DB00091,DB06595,1,1.0,B,DB06595,pathway,1275,1.0,0.0,0.0
16,DB00091,DB06595,1,1.0,B,DB06595,pathway,1276,1.0,0.0,0.0
16,DB00091,DB06595,1,1.0,B,DB06595,pathway,1277,1.0,0.0,0.0
16,DB00091,DB06595,1,1.0,B,DB06595,pathway,1278,1.0,0.0,0.0
16,DB00091,DB06595,1,1.0,B,DB06595,pathway,1279,1.0,0.0,0.0
16,DB00091,DB06595,1,1.0,B,DB06595,pathway,1283,1.0,0.0,0.0
16,DB00091,DB06595,1,1.0,B,DB06595,pathway,1284,1.0,0.0,0.0
16,DB00091,DB06595,1,1.0,B,DB06595,pathway,1285,1.0,0.0,0.0
16,DB00091,DB06595,1,1.0,B,DB06595,pathway,1286,1.0,0.0,0.0
16,DB00091,DB06595,1,1.0,B,DB06595,pathway,1287,1.0,0.0,0.0
16,DB00091,DB06595,1,1.0,B,DB06595,pathway,1288,1.0,0.0,0.0
16,DB00091,DB06595,1,1.0,B,DB06595,pathway,1289,1.0,0.0,0.0
16,DB00091,DB06595,1,1.0,B,DB06595,pathway,1290,1.0,0.0,0.0
16,DB00091,DB06595,1,1.0,B,DB06595,pathway,1291,1.0,0.0,0.0
16,DB00091,DB06595,1,1.0,B,DB06595,pathway,1292,1.0,0.0,0.0
16,DB00091,DB06595,1,1.0,B,DB06595,pathway,1293,1.0,0.0,0.0
16,DB00091,DB06595,1,1.0,B,DB06595,pathway,1294,1.0,0.0,0.0
16,DB00091,DB06595,1,1.0,B,DB06595,pathway,1295,1.0,0.0,0.0
16,DB00091,DB06595,1,1.0,B,DB06595,pathway,1296,1.0,0.0,0.0
16,DB00091,DB06595,1,1.0,B,DB06595,pathway,1297,1.0,0.0,0.0
16,DB00091,DB06595,1,1.0,B,DB06595,pathway,1298,1.0,0.0,0.0
16,DB00091,DB06595,1,1.0,B,DB06595,pathway,1299,1.0,0.0,0.0
16,DB00091,DB06595,1,1.0,B,DB06595,pathway,1300,1.0,0.0,0.0
16,DB00091,DB06595,1,1.0,B,DB06595,pathway,1301,1.0,0.0,0.0
16,DB00091,DB06595,1,1.0,B,DB06595,pathway,1302,1.0,0.0,0.0
16,DB00091,DB06595,1,1.0,B,DB06595,pathway,1304,1.0,0.0,0.0
16,DB00091,DB06595,1,1.0,B,DB06595,pathway,1305,1.0,0.0,0.0
16,DB00091,DB06595,1,1.0,B,DB06595,pathway,1312,1.0,0.0,0.0
16,DB00091,DB06595,1,1.0,B,DB06595,pathway,1316,1.0,0.0,0.0
16,DB00091,DB06595,1,1.0,B,DB06595,pathway,1317,1.0,0.0,0.0
16,DB00091,DB06595,1,1.0,B,DB06595,pathway,1319,1.0,0.0,0.0
16,DB00091,DB06595,1,1.0,B,DB06595,pathway,1320,1.0,0.0,0.0
16,DB00091,DB06595,1,1.0,B,DB06595,pathway,1321,1.0,0.0,0.0
16,DB00091,DB06595,1,1.0,B,DB06595,pathway,1322,1.0,0.0,0.0
16,DB00091,DB06595,1,1.0,B,DB06595,pathway,1323,1.0,0.0,0.0
16,DB00091,DB06595,1,1.0,B,DB06595,pathway,1324,1.0,0.0,0.0
16,DB00091,DB06595,1,1.0,B,DB06595,pathway,1325,1.0,0.0,0.0
16,DB00091,DB06595,1,1.0,B,DB06595,pathway,1326,1.0,0.0,0.0
16,DB00091,DB06595,1,1.0,B,DB06595,pathway,1329,1.0,0.0,0.0
16,DB00091,DB06595,1,1.0,B,DB06595,pathway,1334,1.0,0.0,0.0
16,DB00091,DB06595,1,1.0,B,DB06595,pathway,1335,1.0,0.0,0.0
16,DB00091,DB06595,1,1.0,B,DB06595,pathway,1337,1.0,0.0,0.0
16,DB00091,DB06595,1,1.0,B,DB06595,pathway,1339,1.0,0.0,0.0
16,DB00091,DB06595,1,1.0,B,DB06595,pathway,1340,1.0,0.0,0.0
16,DB00091,DB06595,1,1.0,B,DB06595,pathway,1342,1.0,0.0,0.0
16,DB00091,DB06595,1,1.0,B,DB06595,pathway,1343,1.0,0.0,0.0
16,DB00091,DB06595,1,1.0,B,DB06595,pathway,1344,1.0,0.0,0.0
16,DB00091,DB06595,1,1.0,B,DB06595,pathway,1347,1.0,0.0,0.0
16,DB00091,DB06595,1,1.0,B,DB06595,pathway,1348,1.0,0.0,0.0
16,DB00091,DB06595,1,1.0,B,DB06595,pathway,1350,1.0,0.0,0.0
16,DB00091,DB06595,1,1.0,B,DB06595,pathway,1354,1.0,0.0,0.0
16,DB00091,DB06595,1,1.0,B,DB06595,pathway,1356,1.0,0.0,0.0
16,DB00091,DB06595,1,1.0,B,DB06595,pathway,1359,1.0,0.0,0.0
16,DB00091,DB06595,1,1.0,B,DB06595,pathway,1364,1.0,0.0,0.0
16,DB00091,DB06595,1,1.0,B,DB06595,pathway,1366,1.0,0.0,0.0
16,DB00091,DB06595,1,1.0,B,DB06595,pathway,1370,1.0,0.0,0.0
16,DB00091,DB06595,1,1.0,B,DB06595,pathway,1378,1.0,0.0,0.0
16,DB00091,DB06595,1,1.0,B,DB06595,pathway,1387,1.0,0.0,0.0
16,DB00091,DB06595,1,1.0,B,DB06595,pathway,1390,1.0,0.0,0.0
16,DB00091,DB06595,1,1.0,B,DB06595,pathway,1391,1.0,0.0,0.0
16,DB00091,DB06595,1,1.0,B,DB06595,pathway,1394,1.0,0.0,0.0
16,DB00091,DB06595,1,1.0,B,DB06595,pathway,1396,1.0,0.0,0.0
16,DB00091,DB06595,1,1.0,B,DB06595,pathway,1397,1.0,0.0,0.0
16,DB00091,DB06595,1,1.0,B,DB06595,pathway,1398,1.0,0.0,0.0
16,DB00091,DB06595,1,1.0,B,DB06595,pathway,1399,1.0,0.0,0.0
16,DB00091,DB06595,1,1.0,B,DB06595,pathway,1400,1.0,0.0,0.0
16,DB00091,DB06595,1,1.0,B,DB06595,pathway,1401,1.0,0.0,0.0
16,DB00091,DB06595,1,1.0,B,DB06595,pathway,1402,1.0,0.0,0.0
16,DB00091,DB06595,1,1.0,B,DB06595,pathway,1404,1.0,0.0,0.0
16,DB00091,DB06595,1,1.0,B,DB06595,pathway,1405,1.0,0.0,0.0
16,DB00091,DB06595,1,1.0,B,DB06595,pathway,1407,1.0,0.0,0.0
16,DB00091,DB06595,1,1.0,B,DB06595,pathway,1408,1.0,0.0,0.0
16,DB00091,DB06595,1,1.0,B,DB06595,pathway,1409,1.0,0.0,0.0
16,DB00091,DB06595,1,1.0,B,DB06595,pathway,1410,1.0,0.0,0.0
16,DB00091,DB06595,1,1.0,B,DB06595,pathway,1411,1.0,0.0,0.0
16,DB00091,DB06595,1,1.0,B,DB06595,pathway,1412,1.0,0.0,0.0
16,DB00091,DB06595,1,1.0,B,DB06595,pathway,1413,1.0,0.0,0.0
16,DB00091,DB06595,1,1.0,B,DB06595,pathway,1414,1.0,0.0,0.0
16,DB00091,DB06595,1,1.0,B,DB06595,pathway,1415,1.0,0.0,0.0
16,DB00091,DB06595,1,1.0,B,DB06595,pathway,1416,1.0,0.0,0.0
16,DB00091,DB06595,1,1.0,B,DB06595,pathway,1417,1.0,0.0,0.0
16,DB00091,DB06595,1,1.0,B,DB06595,pathway,1418,1.0,0.0,0.0
16,DB00091,DB06595,1,1.0,B,DB06595,pathway,1419,1.0,0.0,0.0
16,DB00091,DB06595,1,1.0,B,DB06595,pathway,1420,1.0,0.0,0.0
16,DB00091,DB06595,1,1.0,B,DB06595,pathway,1421,1.0,0.0,0.0
16,DB00091,DB06595,1,1.0,B,DB06595,pathway,1422,1.0,0.0,0.0
16,DB00091,DB06595,1,1.0,B,DB06595,pathway,1424,1.0,0.0,0.0
16,DB00091,DB06595,1,1.0,B,DB06595,pathway,1425,1.0,0.0,0.0
16,DB00091,DB06595,1,1.0,B,DB06595,pathway,1426,1.0,0.0,0.0
16,DB00091,DB06595,1,1.0,B,DB06595,pathway,1427,1.0,0.0,0.0
16,DB00091,DB06595,1,1.0,B,DB06595,pathway,1428,1.0,0.0,0.0
16,DB00091,DB06595,1,1.0,B,DB06595,pathway,1432,1.0,0.0,0.0
16,DB00091,DB06595,1,1.0,B,DB06595,pathway,1436,1.0,0.0,0.0
16,DB00091,DB06595,1,1.0,B,DB06595,pathway,1437,1.0,0.0,0.0
16,DB00091,DB06595,1,1.0,B,DB06595,pathway,1438,1.0,0.0,0.0
16,DB00091,DB06595,1,1.0,B,DB06595,pathway,1439,1.0,0.0,0.0
16,DB00091,DB06595,1,1.0,B,DB06595,pathway,1440,1.0,0.0,0.0
16,DB00091,DB06595,1,1.0,B,DB06595,pathway,1441,1.0,0.0,0.0
16,DB00091,DB06595,1,1.0,B,DB06595,pathway,1442,1.0,0.0,0.0
16,DB00091,DB06595,1,1.0,B,DB06595,pathway,1445,1.0,0.0,0.0
16,DB00091,DB06595,1,1.0,B,DB06595,pathway,1446,1.0,0.0,0.0
16,DB00091,DB06595,1,1.0,B,DB06595,pathway,1451,1.0,0.0,0.0
16,DB00091,DB06595,1,1.0,B,DB06595,pathway,1452,1.0,0.0,0.0
16,DB00091,DB06595,1,1.0,B,DB06595,pathway,1457,1.0,0.0,0.0
16,DB00091,DB06595,1,1.0,B,DB06595,pathway,1459,1.0,0.0,0.0
16,DB00091,DB06595,1,1.0,B,DB06595,pathway,1460,1.0,0.0,0.0
16,DB00091,DB06595,1,1.0,B,DB06595,pathway,1463,1.0,0.0,0.0
16,DB00091,DB06595,1,1.0,B,DB06595,pathway,1464,1.0,0.0,0.0
16,DB00091,DB06595,1,1.0,B,DB06595,pathway,1465,1.0,0.0,0.0
16,DB00091,DB06595,1,1.0,B,DB06595,pathway,1466,1.0,0.0,0.0
16,DB00091,DB06595,1,1.0,B,DB06595,pathway,1467,1.0,0.0,0.0
16,DB00091,DB06595,1,1.0,B,DB06595,pathway,1469,1.0,0.0,0.0
16,DB00091,DB06595,1,1.0,B,DB06595,pathway,1470,1.0,0.0,0.0
16,DB00091,DB06595,1,1.0,B,DB06595,pathway,1475,1.0,0.0,0.0
16,DB00091,DB06595,1,1.0,B,DB06595,pathway,1476,1.0,0.0,0.0
16,DB00091,DB06595,1,1.0,B,DB06595,pathway,1477,1.0,0.0,0.0
16,DB00091,DB06595,1,1.0,B,DB06595,pathway,1478,1.0,0.0,0.0
16,DB00091,DB06595,1,1.0,B,DB06595,pathway,1479,1.0,0.0,0.0
16,DB00091,DB06595,1,1.0,B,DB06595,pathway,1481,1.0,0.0,0.0
16,DB00091,DB06595,1,1.0,B,DB06595,pathway,1482,1.0,0.0,0.0
16,DB00091,DB06595,1,1.0,B,DB06595,pathway,1483,1.0,0.0,0.0
16,DB00091,DB06595,1,1.0,B,DB06595,pathway,1484,1.0,0.0,0.0
16,DB00091,DB06595,1,1.0,B,DB06595,pathway,1488,1.0,0.0,0.0
16,DB00091,DB06595,1,1.0,B,DB06595,pathway,1489,1.0,0.0,0.0
16,DB00091,DB06595,1,1.0,B,DB06595,pathway,1490,1.0,0.0,0.0
16,DB00091,DB06595,1,1.0,B,DB06595,pathway,1491,1.0,0.0,0.0
16,DB00091,DB06595,1,1.0,B,DB06595,pathway,1492,1.0,0.0,0.0
16,DB00091,DB06595,1,1.0,B,DB06595,pathway,1496,1.0,0.0,0.0
16,DB00091,DB06595,1,1.0,B,DB06595,pathway,1498,1.0,0.0,0.0
16,DB00091,DB06595,1,1.0,B,DB06595,pathway,1499,1.0,0.0,0.0
16,DB00091,DB06595,1,1.0,B,DB06595,pathway,1500,1.0,0.0,0.0
16,DB00091,DB06595,1,1.0,B,DB06595,pathway,1501,1.0,0.0,0.0
16,DB00091,DB06595,1,1.0,B,DB06595,pathway,1502,1.0,0.0,0.0
16,DB00091,DB06595,1,1.0,B,DB06595,pathway,1503,1.0,0.0,0.0
16,DB00091,DB06595,1,1.0,B,DB06595,pathway,1504,1.0,0.0,0.0
16,DB00091,DB06595,1,1.0,B,DB06595,pathway,1505,1.0,0.0,0.0
16,DB00091,DB06595,1,1.0,B,DB06595,pathway,1506,1.0,0.0,0.0
16,DB00091,DB06595,1,1.0,B,DB06595,pathway,1507,1.0,0.0,0.0
16,DB00091,DB06595,1,1.0,B,DB06595,pathway,1508,1.0,0.0,0.0
16,DB00091,DB06595,1,1.0,B,DB06595,pathway,1509,1.0,0.0,0.0
16,DB00091,DB06595,1,1.0,B,DB06595,pathway,1510,1.0,0.0,0.0
16,DB00091,DB06595,1,1.0,B,DB06595,pathway,1511,1.0,0.0,0.0
16,DB00091,DB06595,1,1.0,B,DB06595,pathway,1512,1.0,0.0,0.0
16,DB00091,DB06595,1,1.0,B,DB06595,pathway,1514,1.0,0.0,0.0
16,DB00091,DB06595,1,1.0,B,DB06595,pathway,1515,1.0,0.0,0.0
16,DB00091,DB06595,1,1.0,B,DB06595,pathway,1517,1.0,0.0,0.0
16,DB00091,DB06595,1,1.0,B,DB06595,pathway,1518,1.0,0.0,0.0
16,DB00091,DB06595,1,1.0,B,DB06595,pathway,1519,1.0,0.0,0.0
16,DB00091,DB06595,1,1.0,B,DB06595,pathway,1520,1.0,0.0,0.0
16,DB00091,DB06595,1,1.0,B,DB06595,pathway,1522,1.0,0.0,0.0
16,DB00091,DB06595,1,1.0,B,DB06595,pathway,1523,1.0,0.0,0.0
16,DB00091,DB06595,1,1.0,B,DB06595,pathway,1524,1.0,0.0,0.0
16,DB00091,DB06595,1,1.0,B,DB06595,pathway,1526,1.0,0.0,0.0
16,DB00091,DB06595,1,1.0,B,DB06595,pathway,1529,1.0,0.0,0.0
16,DB00091,DB06595,1,1.0,B,DB06595,pathway,1530,1.0,0.0,0.0
16,DB00091,DB06595,1,1.0,B,DB06595,pathway,1532,1.0,0.0,0.0
16,DB00091,DB06595,1,1.0,B,DB06595,pathway,1534,1.0,0.0,0.0
16,DB00091,DB06595,1,1.0,B,DB06595,pathway,1535,1.0,0.0,0.0
16,DB00091,DB06595,1,1.0,B,DB06595,pathway,1538,1.0,0.0,0.0
16,DB00091,DB06595,1,1.0,B,DB06595,pathway,1539,1.0,0.0,0.0
16,DB00091,DB06595,1,1.0,B,DB06595,pathway,1540,1.0,0.0,0.0
16,DB00091,DB06595,1,1.0,B,DB06595,pathway,1541,1.0,0.0,0.0
16,DB00091,DB06595,1,1.0,B,DB06595,pathway,1543,1.0,0.0,0.0
16,DB00091,DB06595,1,1.0,B,DB06595,pathway,1544,1.0,0.0,0.0
16,DB00091,DB06595,1,1.0,B,DB06595,pathway,1545,1.0,0.0,0.0
16,DB00091,DB06595,1,1.0,B,DB06595,pathway,1546,1.0,0.0,0.0
16,DB00091,DB06595,1,1.0,B,DB06595,pathway,1547,1.0,0.0,0.0
16,DB00091,DB06595,1,1.0,B,DB06595,pathway,1548,1.0,0.0,0.0
16,DB00091,DB06595,1,1.0,B,DB06595,pathway,1549,1.0,0.0,0.0
16,DB00091,DB06595,1,1.0,B,DB06595,pathway,1557,1.0,0.0,0.0
16,DB00091,DB06595,1,1.0,B,DB06595,pathway,1559,1.0,0.0,0.0
16,DB00091,DB06595,1,1.0,B,DB06595,pathway,1560,1.0,0.0,0.0
16,DB00091,DB06595,1,1.0,B,DB06595,pathway,1562,1.0,0.0,0.0
16,DB00091,DB06595,1,1.0,B,DB06595,pathway,1563,1.0,0.0,0.0
16,DB00091,DB06595,1,1.0,B,DB06595,pathway,1564,1.0,0.0,0.0
16,DB00091,DB06595,1,1.0,B,DB06595,pathway,1565,1.0,0.0,0.0
16,DB00091,DB06595,1,1.0,B,DB06595,pathway,1566,1.0,0.0,0.0
16,DB00091,DB06595,1,1.0,B,DB06595,pathway,1567,1.0,0.0,0.0
16,DB00091,DB06595,1,1.0,B,DB06595,pathway,1568,1.0,0.0,0.0
16,DB00091,DB06595,1,1.0,B,DB06595,pathway,1569,1.0,0.0,0.0
16,DB00091,DB06595,1,1.0,B,DB06595,pathway,1570,1.0,0.0,0.0
16,DB00091,DB06595,1,1.0,B,DB06595,pathway,1571,1.0,0.0,0.0
16,DB00091,DB06595,1,1.0,B,DB06595,pathway,1576,1.0,0.0,0.0
16,DB00091,DB06595,1,1.0,B,DB06595,pathway,1578,1.0,0.0,0.0
16,DB00091,DB06595,1,1.0,B,DB06595,pathway,1580,1.0,0.0,0.0
16,DB00091,DB06595,1,1.0,B,DB06595,pathway,1581,1.0,0.0,0.0
16,DB00091,DB06595,1,1.0,B,DB06595,pathway,1582,1.0,0.0,0.0
16,DB00091,DB06595,1,1.0,B,DB06595,pathway,1584,1.0,0.0,0.0
16,DB00091,DB06595,1,1.0,B,DB06595,pathway,1585,1.0,0.0,0.0
16,DB00091,DB06595,1,1.0,B,DB06595,pathway,1587,1.0,0.0,0.0
16,DB00091,DB06595,1,1.0,B,DB06595,pathway,1589,1.0,0.0,0.0
16,DB00091,DB06595,1,1.0,B,DB06595,pathway,1590,1.0,0.0,0.0
16,DB00091,DB06595,1,1.0,B,DB06595,pathway,1591,1.0,0.0,0.0
16,DB00091,DB06595,1,1.0,B,DB06595,pathway,1592,1.0,0.0,0.0
16,DB00091,DB06595,1,1.0,B,DB06595,pathway,1593,1.0,0.0,0.0
16,DB00091,DB06595,1,1.0,B,DB06595,pathway,1594,1.0,0.0,0.0
16,DB00091,DB06595,1,1.0,B,DB06595,pathway,1595,1.0,0.0,0.0
16,DB00091,DB06595,1,1.0,B,DB06595,pathway,1596,1.0,0.0,0.0
16,DB00091,DB06595,1,1.0,B,DB06595,pathway,1597,1.0,0.0,0.0
16,DB00091,DB06595,1,1.0,B,DB06595,pathway,1598,1.0,0.0,0.0
16,DB00091,DB06595,1,1.0,B,DB06595,pathway,1599,1.0,0.0,0.0
16,DB00091,DB06595,1,1.0,B,DB06595,pathway,1602,1.0,0.0,0.0
16,DB00091,DB06595,1,1.0,B,DB06595,pathway,1603,1.0,0.0,0.0
16,DB00091,DB06595,1,1.0,B,DB06595,pathway,1604,1.0,0.0,0.0
16,DB00091,DB06595,1,1.0,B,DB06595,pathway,1605,1.0,0.0,0.0
16,DB00091,DB06595,1,1.0,B,DB06595,pathway,1606,1.0,0.0,0.0
16,DB00091,DB06595,1,1.0,B,DB06595,pathway,1607,1.0,0.0,0.0
16,DB00091,DB06595,1,1.0,B,DB06595,pathway,1608,1.0,0.0,0.0
16,DB00091,DB06595,1,1.0,B,DB06595,pathway,1609,1.0,0.0,0.0
16,DB00091,DB06595,1,1.0,B,DB06595,pathway,1610,1.0,0.0,0.0
16,DB00091,DB06595,1,1.0,B,DB06595,pathway,1611,1.0,0.0,0.0
16,DB00091,DB06595,1,1.0,B,DB06595,pathway,1613,1.0,0.0,0.0
16,DB00091,DB06595,1,1.0,B,DB06595,pathway,1625,1.0,0.0,0.0
16,DB00091,DB06595,1,1.0,B,DB06595,pathway,1626,1.0,0.0,0.0
16,DB00091,DB06595,1,1.0,B,DB06595,pathway,1627,1.0,0.0,0.0
16,DB00091,DB06595,1,1.0,B,DB06595,pathway,1628,1.0,0.0,0.0
16,DB00091,DB06595,1,1.0,B,DB06595,pathway,1629,1.0,0.0,0.0
16,DB00091,DB06595,1,1.0,B,DB06595,pathway,1630,1.0,0.0,0.0
16,DB00091,DB06595,1,1.0,B,DB06595,pathway,1631,1.0,0.0,0.0
16,DB00091,DB06595,1,1.0,B,DB06595,pathway,1632,1.0,0.0,0.0
16,DB00091,DB06595,1,1.0,B,DB06595,pathway,1633,1.0,0.0,0.0
16,DB00091,DB06595,1,1.0,B,DB06595,pathway,1635,1.0,0.0,0.0
16,DB00091,DB06595,1,1.0,B,DB06595,pathway,1637,1.0,0.0,0.0
16,DB00091,DB06595,1,1.0,B,DB06595,pathway,1639,1.0,0.0,0.0
16,DB00091,DB06595,1,1.0,B,DB06595,pathway,1640,1.0,0.0,0.0
16,DB00091,DB06595,1,1.0,B,DB06595,pathway,1642,1.0,0.0,0.0
16,DB00091,DB06595,1,1.0,B,DB06595,pathway,1646,1.0,0.0,0.0
16,DB00091,DB06595,1,1.0,B,DB06595,pathway,1650,1.0,0.0,0.0
16,DB00091,DB06595,1,1.0,B,DB06595,pathway,1652,1.0,0.0,0.0
16,DB00091,DB06595,1,1.0,B,DB06595,pathway,1653,1.0,0.0,0.0
16,DB00091,DB06595,1,1.0,B,DB06595,pathway,1656,1.0,0.0,0.0
16,DB00091,DB06595,1,1.0,B,DB06595,pathway,1660,1.0,0.0,0.0
16,DB00091,DB06595,1,1.0,B,DB06595,pathway,1661,1.0,0.0,0.0
16,DB00091,DB06595,1,1.0,B,DB06595,pathway,1662,1.0,0.0,0.0
16,DB00091,DB06595,1,1.0,B,DB06595,pathway,1664,1.0,0.0,0.0
16,DB00091,DB06595,1,1.0,B,DB06595,pathway,1667,1.0,0.0,0.0
16,DB00091,DB06595,1,1.0,B,DB06595,pathway,1668,1.0,0.0,0.0
16,DB00091,DB06595,1,1.0,B,DB06595,pathway,1669,1.0,0.0,0.0
16,DB00091,DB06595,1,1.0,B,DB06595,pathway,1670,1.0,0.0,0.0
16,DB00091,DB06595,1,1.0,B,DB06595,pathway,1671,1.0,0.0,0.0
16,DB00091,DB06595,1,1.0,B,DB06595,pathway,1672,1.0,0.0,0.0
16,DB00091,DB06595,1,1.0,B,DB06595,pathway,1673,1.0,0.0,0.0
16,DB00091,DB06595,1,1.0,B,DB06595,pathway,1674,1.0,0.0,0.0
16,DB00091,DB06595,1,1.0,B,DB06595,pathway,1675,1.0,0.0,0.0
16,DB00091,DB06595,1,1.0,B,DB06595,pathway,1676,1.0,0.0,0.0
16,DB00091,DB06595,1,1.0,B,DB06595,pathway,1677,1.0,0.0,0.0
16,DB00091,DB06595,1,1.0,B,DB06595,pathway,1678,1.0,0.0,0.0
16,DB00091,DB06595,1,1.0,B,DB06595,pathway,1679,1.0,0.0,0.0
16,DB00091,DB06595,1,1.0,B,DB06595,pathway,1680,1.0,0.0,0.0
16,DB00091,DB06595,1,1.0,B,DB06595,pathway,1681,1.0,0.0,0.0
16,DB00091,DB06595,1,1.0,B,DB06595,pathway,1682,1.0,0.0,0.0
16,DB00091,DB06595,1,1.0,B,DB06595,pathway,1683,1.0,0.0,0.0
16,DB00091,DB06595,1,1.0,B,DB06595,pathway,1684,1.0,0.0,0.0
16,DB00091,DB06595,1,1.0,B,DB06595,pathway,1687,1.0,0.0,0.0
16,DB00091,DB06595,1,1.0,B,DB06595,pathway,1688,1.0,0.0,0.0
16,DB00091,DB06595,1,1.0,B,DB06595,pathway,1691,1.0,0.0,0.0
16,DB00091,DB06595,1,1.0,B,DB06595,pathway,1692,1.0,0.0,0.0
16,DB00091,DB06595,1,1.0,B,DB06595,pathway,1693,1.0,0.0,0.0
16,DB00091,DB06595,1,1.0,B,DB06595,pathway,1694,1.0,0.0,0.0
16,DB00091,DB06595,1,1.0,B,DB06595,pathway,1704,1.0,0.0,0.0
16,DB00091,DB06595,1,1.0,B,DB06595,pathway,1705,1.0,0.0,0.0
16,DB00091,DB06595,1,1.0,B,DB06595,pathway,1706,1.0,0.0,0.0
16,DB00091,DB06595,1,1.0,B,DB06595,pathway,1707,1.0,0.0,0.0
16,DB00091,DB06595,1,1.0,B,DB06595,pathway,1708,1.0,0.0,0.0
16,DB00091,DB06595,1,1.0,B,DB06595,pathway,1709,1.0,0.0,0.0
16,DB00091,DB06595,1,1.0,B,DB06595,pathway,1710,1.0,0.0,0.0
16,DB00091,DB06595,1,1.0,B,DB06595,pathway,1712,1.0,0.0,0.0
16,DB00091,DB06595,1,1.0,B,DB06595,pathway,1713,1.0,0.0,0.0
16,DB00091,DB06595,1,1.0,B,DB06595,pathway,1714,1.0,0.0,0.0
16,DB00091,DB06595,1,1.0,B,DB06595,pathway,1715,1.0,0.0,0.0
16,DB00091,DB06595,1,1.0,B,DB06595,pathway,1716,1.0,0.0,0.0
16,DB00091,DB06595,1,1.0,B,DB06595,pathway,1719,1.0,0.0,0.0
16,DB00091,DB06595,1,1.0,B,DB06595,pathway,1722,1.0,0.0,0.0
16,DB00091,DB06595,1,1.0,B,DB06595,pathway,1728,1.0,0.0,0.0
16,DB00091,DB06595,1,1.0,B,DB06595,pathway,1730,1.0,0.0,0.0
16,DB00091,DB06595,1,1.0,B,DB06595,pathway,1731,1.0,0.0,0.0
16,DB00091,DB06595,1,1.0,B,DB06595,pathway,1732,1.0,0.0,0.0
16,DB00091,DB06595,1,1.0,B,DB06595,pathway,1733,1.0,0.0,0.0
16,DB00091,DB06595,1,1.0,B,DB06595,pathway,1734,1.0,0.0,0.0
16,DB00091,DB06595,1,1.0,B,DB06595,pathway,1735,1.0,0.0,0.0
16,DB00091,DB06595,1,1.0,B,DB06595,pathway,1737,1.0,0.0,0.0
16,DB00091,DB06595,1,1.0,B,DB06595,pathway,1740,1.0,0.0,0.0
16,DB00091,DB06595,1,1.0,B,DB06595,pathway,1742,1.0,0.0,0.0
16,DB00091,DB06595,1,1.0,B,DB06595,pathway,1744,1.0,0.0,0.0
16,DB00091,DB06595,1,1.0,B,DB06595,pathway,1745,1.0,0.0,0.0
16,DB00091,DB06595,1,1.0,B,DB06595,pathway,1746,1.0,0.0,0.0
16,DB00091,DB06595,1,1.0,B,DB06595,pathway,1748,1.0,0.0,0.0
16,DB00091,DB06595,1,1.0,B,DB06595,pathway,1751,1.0,0.0,0.0
16,DB00091,DB06595,1,1.0,B,DB06595,pathway,1752,1.0,0.0,0.0
16,DB00091,DB06595,1,1.0,B,DB06595,pathway,1753,1.0,0.0,0.0
16,DB00091,DB06595,1,1.0,B,DB06595,pathway,1756,1.0,0.0,0.0
16,DB00091,DB06595,1,1.0,B,DB06595,pathway,1758,1.0,0.0,0.0
16,DB00091,DB06595,1,1.0,B,DB06595,pathway,1765,1.0,0.0,0.0
16,DB00091,DB06595,1,1.0,B,DB06595,pathway,1770,1.0,0.0,0.0
16,DB00091,DB06595,1,1.0,B,DB06595,pathway,1772,1.0,0.0,0.0
16,DB00091,DB06595,1,1.0,B,DB06595,pathway,1773,1.0,0.0,0.0
16,DB00091,DB06595,1,1.0,B,DB06595,pathway,1776,1.0,0.0,0.0
16,DB00091,DB06595,1,1.0,B,DB06595,pathway,1790,1.0,0.0,0.0
16,DB00091,DB06595,1,1.0,B,DB06595,pathway,1791,1.0,0.0,0.0
16,DB00091,DB06595,1,1.0,B,DB06595,pathway,1798,1.0,0.0,0.0
16,DB00091,DB06595,1,1.0,B,DB06595,pathway,1805,1.0,0.0,0.0
16,DB00091,DB06595,1,1.0,B,DB06595,pathway,1808,1.0,0.0,0.0
16,DB00091,DB06595,1,1.0,B,DB06595,pathway,1811,1.0,0.0,0.0
16,DB00091,DB06595,1,1.0,B,DB06595,pathway,1812,1.0,0.0,0.0
16,DB00091,DB06595,1,1.0,B,DB06595,pathway,1815,1.0,0.0,0.0
16,DB00091,DB06595,1,1.0,B,DB06595,pathway,1816,1.0,0.0,0.0
16,DB00091,DB06595,1,1.0,B,DB06595,pathway,1818,1.0,0.0,0.0
16,DB00091,DB06595,1,1.0,B,DB06595,pathway,1820,1.0,0.0,0.0
16,DB00091,DB06595,1,1.0,B,DB06595,pathway,1823,1.0,0.0,0.0
16,DB00091,DB06595,1,1.0,B,DB06595,pathway,1824,1.0,0.0,0.0
16,DB00091,DB06595,1,1.0,B,DB06595,pathway,1825,1.0,0.0,0.0
16,DB00091,DB06595,1,1.0,B,DB06595,pathway,1826,1.0,0.0,0.0
16,DB00091,DB06595,1,1.0,B,DB06595,pathway,1830,1.0,0.0,0.0
16,DB00091,DB06595,1,1.0,B,DB06595,pathway,1831,1.0,0.0,0.0
16,DB00091,DB06595,1,1.0,B,DB06595,pathway,1832,1.0,0.0,0.0
16,DB00091,DB06595,1,1.0,B,DB06595,pathway,1833,1.0,0.0,0.0
16,DB00091,DB06595,1,1.0,B,DB06595,pathway,1837,1.0,0.0,0.0
16,DB00091,DB06595,1,1.0,B,DB06595,pathway,1839,1.0,0.0,0.0
16,DB00091,DB06595,1,1.0,B,DB06595,pathway,1841,1.0,0.0,0.0
16,DB00091,DB06595,1,1.0,B,DB06595,pathway,1844,1.0,0.0,0.0
16,DB00091,DB06595,1,1.0,B,DB06595,pathway,1847,1.0,0.0,0.0
16,DB00091,DB06595,1,1.0,B,DB06595,pathway,1848,1.0,0.0,0.0
16,DB00091,DB06595,1,1.0,B,DB06595,pathway,1849,1.0,0.0,0.0
16,DB00091,DB06595,1,1.0,B,DB06595,pathway,1850,1.0,0.0,0.0
16,DB00091,DB06595,1,1.0,B,DB06595,pathway,1851,1.0,0.0,0.0
16,DB00091,DB06595,1,1.0,B,DB06595,pathway,1853,1.0,0.0,0.0
16,DB00091,DB06595,1,1.0,B,DB06595,pathway,1860,1.0,0.0,0.0
16,DB00091,DB06595,1,1.0,B,DB06595,pathway,1865,1.0,0.0,0.0
16,DB00091,DB06595,1,1.0,B,DB06595,pathway,1866,1.0,0.0,0.0
16,DB00091,DB06595,1,1.0,B,DB06595,pathway,1867,1.0,0.0,0.0
16,DB00091,DB06595,1,1.0,B,DB06595,pathway,1871,1.0,0.0,0.0
16,DB00091,DB06595,1,1.0,B,DB06595,pathway,1872,1.0,0.0,0.0
16,DB00091,DB06595,1,1.0,B,DB06595,pathway,1873,1.0,0.0,0.0
16,DB00091,DB06595,1,1.0,B,DB06595,pathway,1875,1.0,0.0,0.0
16,DB00091,DB06595,1,1.0,B,DB06595,pathway,1876,1.0,0.0,0.0
16,DB00091,DB06595,1,1.0,B,DB06595,pathway,1877,1.0,0.0,0.0
16,DB00091,DB06595,1,1.0,B,DB06595,pathway,1886,1.0,0.0,0.0
16,DB00091,DB06595,1,1.0,B,DB06595,pathway,1891,1.0,0.0,0.0
16,DB00091,DB06595,1,1.0,B,DB06595,pathway,1892,1.0,0.0,0.0
16,DB00091,DB06595,1,1.0,B,DB06595,pathway,1893,1.0,0.0,0.0
16,DB00091,DB06595,1,1.0,B,DB06595,pathway,1895,1.0,0.0,0.0
16,DB00091,DB06595,1,1.0,B,DB06595,pathway,1896,1.0,0.0,0.0
16,DB00091,DB06595,1,1.0,B,DB06595,pathway,1902,1.0,0.0,0.0
16,DB00091,DB06595,1,1.0,B,DB06595,pathway,1903,1.0,0.0,0.0
16,DB00091,DB06595,1,1.0,B,DB06595,pathway,1904,1.0,0.0,0.0
16,DB00091,DB06595,1,1.0,B,DB06595,pathway,1905,1.0,0.0,0.0
16,DB00091,DB06595,1,1.0,B,DB06595,pathway,1906,1.0,0.0,0.0
16,DB00091,DB06595,1,1.0,B,DB06595,pathway,1907,1.0,0.0,0.0
16,DB00091,DB06595,1,1.0,B,DB06595,pathway,1908,1.0,0.0,0.0
16,DB00091,DB06595,1,1.0,B,DB06595,pathway,1911,1.0,0.0,0.0
16,DB00091,DB06595,1,1.0,B,DB06595,pathway,1912,1.0,0.0,0.0
16,DB00091,DB06595,1,1.0,B,DB06595,pathway,1914,1.0,0.0,0.0
16,DB00091,DB06595,1,1.0,B,DB06595,pathway,1916,1.0,0.0,0.0
16,DB00091,DB06595,1,1.0,B,DB06595,pathway,1917,1.0,0.0,0.0
16,DB00091,DB06595,1,1.0,B,DB06595,pathway,1918,1.0,0.0,0.0
16,DB00091,DB06595,1,1.0,B,DB06595,pathway,1919,1.0,0.0,0.0
16,DB00091,DB06595,1,1.0,B,DB06595,pathway,1930,1.0,0.0,0.0
16,DB00091,DB06595,1,1.0,B,DB06595,pathway,1932,1.0,0.0,0.0
16,DB00091,DB06595,1,1.0,B,DB06595,pathway,1943,1.0,0.0,0.0
16,DB00091,DB06595,1,1.0,B,DB06595,pathway,1951,1.0,0.0,0.0
16,DB00091,DB06595,1,1.0,B,DB06595,pathway,1952,1.0,0.0,0.0
16,DB00091,DB06595,1,1.0,B,DB06595,pathway,1958,1.0,0.0,0.0
16,DB00091,DB06595,1,1.0,B,DB06595,pathway,1961,1.0,0.0,0.0
16,DB00091,DB06595,1,1.0,B,DB06595,pathway,1964,1.0,0.0,0.0
16,DB00091,DB06595,1,1.0,B,DB06595,pathway,1965,1.0,0.0,0.0
17,DB00091,DB06697,1,1.0,A,DB00091,pathway,0,1.0,0.0,0.0
17,DB00091,DB06697,1,1.0,A,DB00091,pathway,2,1.0,0.0,0.0
17,DB00091,DB06697,1,1.0,A,DB00091,pathway,4,1.0,0.0,0.0
17,DB00091,DB06697,1,1.0,A,DB00091,pathway,10,1.0,0.0,0.0
17,DB00091,DB06697,1,1.0,A,DB00091,pathway,11,1.0,0.0,0.0
17,DB00091,DB06697,1,1.0,A,DB00091,pathway,12,1.0,0.0,0.0
17,DB00091,DB06697,1,1.0,A,DB00091,pathway,13,1.0,0.0,0.0
17,DB00091,DB06697,1,1.0,A,DB00091,pathway,15,1.0,0.0,0.0
17,DB00091,DB06697,1,1.0,A,DB00091,pathway,26,1.0,0.0,0.0
17,DB00091,DB06697,1,1.0,A,DB00091,pathway,29,1.0,0.0,0.0
17,DB00091,DB06697,1,1.0,A,DB00091,pathway,31,1.0,0.0,0.0
17,DB00091,DB06697,1,1.0,A,DB00091,pathway,39,1.0,0.0,0.0
17,DB00091,DB06697,1,1.0,A,DB00091,pathway,43,1.0,0.0,0.0
17,DB00091,DB06697,1,1.0,A,DB00091,pathway,44,1.0,0.0,0.0
17,DB00091,DB06697,1,1.0,A,DB00091,pathway,51,1.0,0.0,0.0
17,DB00091,DB06697,1,1.0,A,DB00091,pathway,52,1.0,0.0,0.0
17,DB00091,DB06697,1,1.0,A,DB00091,pathway,53,1.0,0.0,0.0
17,DB00091,DB06697,1,1.0,A,DB00091,pathway,55,1.0,0.0,0.0
17,DB00091,DB06697,1,1.0,A,DB00091,pathway,57,1.0,0.0,0.0
17,DB00091,DB06697,1,1.0,A,DB00091,pathway,62,1.0,0.0,0.0
17,DB00091,DB06697,1,1.0,A,DB00091,pathway,66,1.0,0.0,0.0
17,DB00091,DB06697,1,1.0,A,DB00091,pathway,67,1.0,0.0,0.0
17,DB00091,DB06697,1,1.0,A,DB00091,pathway,72,1.0,0.0,0.0
17,DB00091,DB06697,1,1.0,A,DB00091,pathway,74,1.0,0.0,0.0
17,DB00091,DB06697,1,1.0,A,DB00091,pathway,75,1.0,0.0,0.0
17,DB00091,DB06697,1,1.0,A,DB00091,pathway,78,1.0,0.0,0.0
17,DB00091,DB06697,1,1.0,A,DB00091,pathway,79,1.0,0.0,0.0
17,DB00091,DB06697,1,1.0,A,DB00091,pathway,81,1.0,0.0,0.0
17,DB00091,DB06697,1,1.0,A,DB00091,pathway,82,1.0,0.0,0.0
17,DB00091,DB06697,1,1.0,A,DB00091,pathway,84,1.0,0.0,0.0
17,DB00091,DB06697,1,1.0,A,DB00091,pathway,91,1.0,0.0,0.0
17,DB00091,DB06697,1,1.0,A,DB00091,pathway,98,1.0,0.0,0.0
17,DB00091,DB06697,1,1.0,A,DB00091,pathway,100,1.0,0.0,0.0
17,DB00091,DB06697,1,1.0,A,DB00091,pathway,104,1.0,0.0,0.0
17,DB00091,DB06697,1,1.0,A,DB00091,pathway,110,1.0,0.0,0.0
17,DB00091,DB06697,1,1.0,A,DB00091,pathway,113,1.0,0.0,0.0
17,DB00091,DB06697,1,1.0,A,DB00091,pathway,116,1.0,0.0,0.0
17,DB00091,DB06697,1,1.0,A,DB00091,pathway,117,1.0,0.0,0.0
17,DB00091,DB06697,1,1.0,A,DB00091,pathway,119,1.0,0.0,0.0
17,DB00091,DB06697,1,1.0,A,DB00091,pathway,121,1.0,0.0,0.0
17,DB00091,DB06697,1,1.0,A,DB00091,pathway,123,1.0,0.0,0.0
17,DB00091,DB06697,1,1.0,A,DB00091,pathway,124,1.0,0.0,0.0
17,DB00091,DB06697,1,1.0,A,DB00091,pathway,136,1.0,0.0,0.0
17,DB00091,DB06697,1,1.0,A,DB00091,pathway,141,1.0,0.0,0.0
17,DB00091,DB06697,1,1.0,A,DB00091,pathway,143,1.0,0.0,0.0
17,DB00091,DB06697,1,1.0,A,DB00091,pathway,158,1.0,0.0,0.0
17,DB00091,DB06697,1,1.0,A,DB00091,pathway,159,1.0,0.0,0.0
17,DB00091,DB06697,1,1.0,A,DB00091,pathway,168,1.0,0.0,0.0
17,DB00091,DB06697,1,1.0,A,DB00091,pathway,169,1.0,0.0,0.0
17,DB00091,DB06697,1,1.0,A,DB00091,pathway,170,1.0,0.0,0.0
17,DB00091,DB06697,1,1.0,A,DB00091,pathway,171,1.0,0.0,0.0
17,DB00091,DB06697,1,1.0,A,DB00091,pathway,172,1.0,0.0,0.0
17,DB00091,DB06697,1,1.0,A,DB00091,pathway,176,1.0,0.0,0.0
17,DB00091,DB06697,1,1.0,A,DB00091,pathway,187,1.0,0.0,0.0
17,DB00091,DB06697,1,1.0,A,DB00091,pathway,188,1.0,0.0,0.0
17,DB00091,DB06697,1,1.0,A,DB00091,pathway,191,1.0,0.0,0.0
17,DB00091,DB06697,1,1.0,A,DB00091,pathway,193,1.0,0.0,0.0
17,DB00091,DB06697,1,1.0,A,DB00091,pathway,195,1.0,0.0,0.0
17,DB00091,DB06697,1,1.0,A,DB00091,pathway,205,1.0,0.0,0.0
17,DB00091,DB06697,1,1.0,A,DB00091,pathway,208,1.0,0.0,0.0
17,DB00091,DB06697,1,1.0,A,DB00091,pathway,209,1.0,0.0,0.0
17,DB00091,DB06697,1,1.0,A,DB00091,pathway,227,1.0,0.0,0.0
17,DB00091,DB06697,1,1.0,A,DB00091,pathway,237,1.0,0.0,0.0
17,DB00091,DB06697,1,1.0,A,DB00091,pathway,245,1.0,0.0,0.0
17,DB00091,DB06697,1,1.0,A,DB00091,pathway,247,1.0,0.0,0.0
17,DB00091,DB06697,1,1.0,A,DB00091,pathway,250,1.0,0.0,0.0
17,DB00091,DB06697,1,1.0,A,DB00091,pathway,263,1.0,0.0,0.0
17,DB00091,DB06697,1,1.0,A,DB00091,pathway,269,1.0,0.0,0.0
17,DB00091,DB06697,1,1.0,A,DB00091,pathway,281,1.0,0.0,0.0
17,DB00091,DB06697,1,1.0,A,DB00091,pathway,283,1.0,0.0,0.0
17,DB00091,DB06697,1,1.0,A,DB00091,pathway,285,1.0,0.0,0.0
17,DB00091,DB06697,1,1.0,A,DB00091,pathway,286,1.0,0.0,0.0
17,DB00091,DB06697,1,1.0,A,DB00091,pathway,287,1.0,0.0,0.0
17,DB00091,DB06697,1,1.0,A,DB00091,pathway,290,1.0,0.0,0.0
17,DB00091,DB06697,1,1.0,A,DB00091,pathway,296,1.0,0.0,0.0
17,DB00091,DB06697,1,1.0,A,DB00091,pathway,297,1.0,0.0,0.0
17,DB00091,DB06697,1,1.0,A,DB00091,pathway,308,1.0,0.0,0.0
17,DB00091,DB06697,1,1.0,A,DB00091,pathway,314,1.0,0.0,0.0
17,DB00091,DB06697,1,1.0,A,DB00091,pathway,315,1.0,0.0,0.0
17,DB00091,DB06697,1,1.0,A,DB00091,pathway,329,1.0,0.0,0.0
17,DB00091,DB06697,1,1.0,A,DB00091,pathway,332,1.0,0.0,0.0
17,DB00091,DB06697,1,1.0,A,DB00091,pathway,333,1.0,0.0,0.0
17,DB00091,DB06697,1,1.0,A,DB00091,pathway,340,1.0,0.0,0.0
17,DB00091,DB06697,1,1.0,A,DB00091,pathway,346,1.0,0.0,0.0
17,DB00091,DB06697,1,1.0,A,DB00091,pathway,350,1.0,0.0,0.0
17,DB00091,DB06697,1,1.0,A,DB00091,pathway,353,1.0,0.0,0.0
17,DB00091,DB06697,1,1.0,A,DB00091,pathway,358,1.0,0.0,0.0
17,DB00091,DB06697,1,1.0,A,DB00091,pathway,359,1.0,0.0,0.0
17,DB00091,DB06697,1,1.0,A,DB00091,pathway,362,1.0,0.0,0.0
17,DB00091,DB06697,1,1.0,A,DB00091,pathway,371,1.0,0.0,0.0
17,DB00091,DB06697,1,1.0,A,DB00091,pathway,374,1.0,0.0,0.0
17,DB00091,DB06697,1,1.0,A,DB00091,pathway,379,1.0,0.0,0.0
17,DB00091,DB06697,1,1.0,A,DB00091,pathway,385,1.0,0.0,0.0
17,DB00091,DB06697,1,1.0,A,DB00091,pathway,386,1.0,0.0,0.0
17,DB00091,DB06697,1,1.0,A,DB00091,pathway,387,1.0,0.0,0.0
17,DB00091,DB06697,1,1.0,A,DB00091,pathway,393,1.0,0.0,0.0
17,DB00091,DB06697,1,1.0,A,DB00091,pathway,394,1.0,0.0,0.0
17,DB00091,DB06697,1,1.0,A,DB00091,pathway,395,1.0,0.0,0.0
17,DB00091,DB06697,1,1.0,A,DB00091,pathway,396,1.0,0.0,0.0
17,DB00091,DB06697,1,1.0,A,DB00091,pathway,397,1.0,0.0,0.0
17,DB00091,DB06697,1,1.0,A,DB00091,pathway,398,1.0,0.0,0.0
17,DB00091,DB06697,1,1.0,A,DB00091,pathway,399,1.0,0.0,0.0
17,DB00091,DB06697,1,1.0,A,DB00091,pathway,401,1.0,0.0,0.0
17,DB00091,DB06697,1,1.0,A,DB00091,pathway,402,1.0,0.0,0.0
17,DB00091,DB06697,1,1.0,A,DB00091,pathway,427,1.0,0.0,0.0
17,DB00091,DB06697,1,1.0,A,DB00091,pathway,429,1.0,0.0,0.0
17,DB00091,DB06697,1,1.0,A,DB00091,pathway,430,1.0,0.0,0.0
17,DB00091,DB06697,1,1.0,A,DB00091,pathway,438,1.0,0.0,0.0
17,DB00091,DB06697,1,1.0,A,DB00091,pathway,439,1.0,0.0,0.0
17,DB00091,DB06697,1,1.0,A,DB00091,pathway,440,1.0,0.0,0.0
17,DB00091,DB06697,1,1.0,A,DB00091,pathway,441,1.0,0.0,0.0
17,DB00091,DB06697,1,1.0,A,DB00091,pathway,442,1.0,0.0,0.0
17,DB00091,DB06697,1,1.0,A,DB00091,pathway,443,1.0,0.0,0.0
17,DB00091,DB06697,1,1.0,A,DB00091,pathway,444,1.0,0.0,0.0
17,DB00091,DB06697,1,1.0,A,DB00091,pathway,446,1.0,0.0,0.0
17,DB00091,DB06697,1,1.0,A,DB00091,pathway,447,1.0,0.0,0.0
17,DB00091,DB06697,1,1.0,A,DB00091,pathway,452,1.0,0.0,0.0
17,DB00091,DB06697,1,1.0,A,DB00091,pathway,455,1.0,0.0,0.0
17,DB00091,DB06697,1,1.0,A,DB00091,pathway,457,1.0,0.0,0.0
17,DB00091,DB06697,1,1.0,A,DB00091,pathway,462,1.0,0.0,0.0
17,DB00091,DB06697,1,1.0,A,DB00091,pathway,464,1.0,0.0,0.0
17,DB00091,DB06697,1,1.0,A,DB00091,pathway,466,1.0,0.0,0.0
17,DB00091,DB06697,1,1.0,A,DB00091,pathway,467,1.0,0.0,0.0
17,DB00091,DB06697,1,1.0,A,DB00091,pathway,471,1.0,0.0,0.0
17,DB00091,DB06697,1,1.0,A,DB00091,pathway,473,1.0,0.0,0.0
17,DB00091,DB06697,1,1.0,A,DB00091,pathway,478,1.0,0.0,0.0
17,DB00091,DB06697,1,1.0,A,DB00091,pathway,479,1.0,0.0,0.0
17,DB00091,DB06697,1,1.0,A,DB00091,pathway,480,1.0,0.0,0.0
17,DB00091,DB06697,1,1.0,A,DB00091,pathway,481,1.0,0.0,0.0
17,DB00091,DB06697,1,1.0,A,DB00091,pathway,482,1.0,0.0,0.0
17,DB00091,DB06697,1,1.0,A,DB00091,pathway,488,1.0,0.0,0.0
17,DB00091,DB06697,1,1.0,A,DB00091,pathway,498,1.0,0.0,0.0
17,DB00091,DB06697,1,1.0,A,DB00091,pathway,499,1.0,0.0,0.0
17,DB00091,DB06697,1,1.0,A,DB00091,pathway,511,1.0,0.0,0.0
17,DB00091,DB06697,1,1.0,A,DB00091,pathway,512,1.0,0.0,0.0
17,DB00091,DB06697,1,1.0,A,DB00091,pathway,513,1.0,0.0,0.0
17,DB00091,DB06697,1,1.0,A,DB00091,pathway,515,1.0,0.0,0.0
17,DB00091,DB06697,1,1.0,A,DB00091,pathway,521,1.0,0.0,0.0
17,DB00091,DB06697,1,1.0,A,DB00091,pathway,524,1.0,0.0,0.0
17,DB00091,DB06697,1,1.0,A,DB00091,pathway,527,1.0,0.0,0.0
17,DB00091,DB06697,1,1.0,A,DB00091,pathway,528,1.0,0.0,0.0
17,DB00091,DB06697,1,1.0,A,DB00091,pathway,530,1.0,0.0,0.0
17,DB00091,DB06697,1,1.0,A,DB00091,pathway,531,1.0,0.0,0.0
17,DB00091,DB06697,1,1.0,A,DB00091,pathway,532,1.0,0.0,0.0
17,DB00091,DB06697,1,1.0,A,DB00091,pathway,536,1.0,0.0,0.0
17,DB00091,DB06697,1,1.0,A,DB00091,pathway,542,1.0,0.0,0.0
17,DB00091,DB06697,1,1.0,A,DB00091,pathway,544,1.0,0.0,0.0
17,DB00091,DB06697,1,1.0,A,DB00091,pathway,552,1.0,0.0,0.0
17,DB00091,DB06697,1,1.0,A,DB00091,pathway,557,1.0,0.0,0.0
17,DB00091,DB06697,1,1.0,A,DB00091,pathway,559,1.0,0.0,0.0
17,DB00091,DB06697,1,1.0,A,DB00091,pathway,587,1.0,0.0,0.0
17,DB00091,DB06697,1,1.0,A,DB00091,pathway,588,1.0,0.0,0.0
17,DB00091,DB06697,1,1.0,A,DB00091,pathway,589,1.0,0.0,0.0
17,DB00091,DB06697,1,1.0,A,DB00091,pathway,590,1.0,0.0,0.0
17,DB00091,DB06697,1,1.0,A,DB00091,pathway,591,1.0,0.0,0.0
17,DB00091,DB06697,1,1.0,A,DB00091,pathway,594,1.0,0.0,0.0
17,DB00091,DB06697,1,1.0,A,DB00091,pathway,602,1.0,0.0,0.0
17,DB00091,DB06697,1,1.0,A,DB00091,pathway,612,1.0,0.0,0.0
17,DB00091,DB06697,1,1.0,A,DB00091,pathway,614,1.0,0.0,0.0
17,DB00091,DB06697,1,1.0,A,DB00091,pathway,617,1.0,0.0,0.0
17,DB00091,DB06697,1,1.0,A,DB00091,pathway,619,1.0,0.0,0.0
17,DB00091,DB06697,1,1.0,A,DB00091,pathway,620,1.0,0.0,0.0
17,DB00091,DB06697,1,1.0,A,DB00091,pathway,625,1.0,0.0,0.0
17,DB00091,DB06697,1,1.0,A,DB00091,pathway,626,1.0,0.0,0.0
17,DB00091,DB06697,1,1.0,A,DB00091,pathway,627,1.0,0.0,0.0
17,DB00091,DB06697,1,1.0,A,DB00091,pathway,630,1.0,0.0,0.0
17,DB00091,DB06697,1,1.0,A,DB00091,pathway,631,1.0,0.0,0.0
17,DB00091,DB06697,1,1.0,A,DB00091,pathway,636,1.0,0.0,0.0
17,DB00091,DB06697,1,1.0,A,DB00091,pathway,637,1.0,0.0,0.0
17,DB00091,DB06697,1,1.0,A,DB00091,pathway,638,1.0,0.0,0.0
17,DB00091,DB06697,1,1.0,A,DB00091,pathway,640,1.0,0.0,0.0
17,DB00091,DB06697,1,1.0,A,DB00091,pathway,641,1.0,0.0,0.0
17,DB00091,DB06697,1,1.0,A,DB00091,pathway,642,1.0,0.0,0.0
17,DB00091,DB06697,1,1.0,A,DB00091,pathway,643,1.0,0.0,0.0
17,DB00091,DB06697,1,1.0,A,DB00091,pathway,644,1.0,0.0,0.0
17,DB00091,DB06697,1,1.0,A,DB00091,pathway,645,1.0,0.0,0.0
17,DB00091,DB06697,1,1.0,A,DB00091,pathway,646,1.0,0.0,0.0
17,DB00091,DB06697,1,1.0,A,DB00091,pathway,647,1.0,0.0,0.0
17,DB00091,DB06697,1,1.0,A,DB00091,pathway,650,1.0,0.0,0.0
17,DB00091,DB06697,1,1.0,A,DB00091,pathway,651,1.0,0.0,0.0
17,DB00091,DB06697,1,1.0,A,DB00091,pathway,652,1.0,0.0,0.0
17,DB00091,DB06697,1,1.0,A,DB00091,pathway,654,1.0,0.0,0.0
17,DB00091,DB06697,1,1.0,A,DB00091,pathway,655,1.0,0.0,0.0
17,DB00091,DB06697,1,1.0,A,DB00091,pathway,656,1.0,0.0,0.0
17,DB00091,DB06697,1,1.0,A,DB00091,pathway,658,1.0,0.0,0.0
17,DB00091,DB06697,1,1.0,A,DB00091,pathway,664,1.0,0.0,0.0
17,DB00091,DB06697,1,1.0,A,DB00091,pathway,668,1.0,0.0,0.0
17,DB00091,DB06697,1,1.0,A,DB00091,pathway,670,1.0,0.0,0.0
17,DB00091,DB06697,1,1.0,A,DB00091,pathway,671,1.0,0.0,0.0
17,DB00091,DB06697,1,1.0,A,DB00091,pathway,672,1.0,0.0,0.0
17,DB00091,DB06697,1,1.0,A,DB00091,pathway,673,1.0,0.0,0.0
17,DB00091,DB06697,1,1.0,A,DB00091,pathway,674,1.0,0.0,0.0
17,DB00091,DB06697,1,1.0,A,DB00091,pathway,677,1.0,0.0,0.0
17,DB00091,DB06697,1,1.0,A,DB00091,pathway,679,1.0,0.0,0.0
17,DB00091,DB06697,1,1.0,A,DB00091,pathway,683,1.0,0.0,0.0
17,DB00091,DB06697,1,1.0,A,DB00091,pathway,685,1.0,0.0,0.0
17,DB00091,DB06697,1,1.0,A,DB00091,pathway,686,1.0,0.0,0.0
17,DB00091,DB06697,1,1.0,A,DB00091,pathway,687,1.0,0.0,0.0
17,DB00091,DB06697,1,1.0,A,DB00091,pathway,688,1.0,0.0,0.0
17,DB00091,DB06697,1,1.0,A,DB00091,pathway,691,1.0,0.0,0.0
17,DB00091,DB06697,1,1.0,A,DB00091,pathway,692,1.0,0.0,0.0
17,DB00091,DB06697,1,1.0,A,DB00091,pathway,693,1.0,0.0,0.0
17,DB00091,DB06697,1,1.0,A,DB00091,pathway,694,1.0,0.0,0.0
17,DB00091,DB06697,1,1.0,A,DB00091,pathway,695,1.0,0.0,0.0
17,DB00091,DB06697,1,1.0,A,DB00091,pathway,696,1.0,0.0,0.0
17,DB00091,DB06697,1,1.0,A,DB00091,pathway,701,1.0,0.0,0.0
17,DB00091,DB06697,1,1.0,A,DB00091,pathway,703,1.0,0.0,0.0
17,DB00091,DB06697,1,1.0,A,DB00091,pathway,704,1.0,0.0,0.0
17,DB00091,DB06697,1,1.0,A,DB00091,pathway,705,1.0,0.0,0.0
17,DB00091,DB06697,1,1.0,A,DB00091,pathway,707,1.0,0.0,0.0
17,DB00091,DB06697,1,1.0,A,DB00091,pathway,708,1.0,0.0,0.0
17,DB00091,DB06697,1,1.0,A,DB00091,pathway,709,1.0,0.0,0.0
17,DB00091,DB06697,1,1.0,A,DB00091,pathway,711,1.0,0.0,0.0
17,DB00091,DB06697,1,1.0,A,DB00091,pathway,715,1.0,0.0,0.0
17,DB00091,DB06697,1,1.0,A,DB00091,pathway,716,1.0,0.0,0.0
17,DB00091,DB06697,1,1.0,A,DB00091,pathway,717,1.0,0.0,0.0
17,DB00091,DB06697,1,1.0,A,DB00091,pathway,718,1.0,0.0,0.0
17,DB00091,DB06697,1,1.0,A,DB00091,pathway,719,1.0,0.0,0.0
17,DB00091,DB06697,1,1.0,A,DB00091,pathway,728,1.0,0.0,0.0
17,DB00091,DB06697,1,1.0,A,DB00091,pathway,730,1.0,0.0,0.0
17,DB00091,DB06697,1,1.0,A,DB00091,pathway,732,1.0,0.0,0.0
17,DB00091,DB06697,1,1.0,A,DB00091,pathway,733,1.0,0.0,0.0
17,DB00091,DB06697,1,1.0,A,DB00091,pathway,744,1.0,0.0,0.0
17,DB00091,DB06697,1,1.0,A,DB00091,pathway,764,1.0,0.0,0.0
17,DB00091,DB06697,1,1.0,A,DB00091,pathway,765,1.0,0.0,0.0
17,DB00091,DB06697,1,1.0,A,DB00091,pathway,772,1.0,0.0,0.0
17,DB00091,DB06697,1,1.0,A,DB00091,pathway,775,1.0,0.0,0.0
17,DB00091,DB06697,1,1.0,A,DB00091,pathway,776,1.0,0.0,0.0
17,DB00091,DB06697,1,1.0,A,DB00091,pathway,777,1.0,0.0,0.0
17,DB00091,DB06697,1,1.0,A,DB00091,pathway,783,1.0,0.0,0.0
17,DB00091,DB06697,1,1.0,A,DB00091,pathway,784,1.0,0.0,0.0
17,DB00091,DB06697,1,1.0,A,DB00091,pathway,787,1.0,0.0,0.0
17,DB00091,DB06697,1,1.0,A,DB00091,pathway,788,1.0,0.0,0.0
17,DB00091,DB06697,1,1.0,A,DB00091,pathway,789,1.0,0.0,0.0
17,DB00091,DB06697,1,1.0,A,DB00091,pathway,797,1.0,0.0,0.0
17,DB00091,DB06697,1,1.0,A,DB00091,pathway,798,1.0,0.0,0.0
17,DB00091,DB06697,1,1.0,A,DB00091,pathway,799,1.0,0.0,0.0
17,DB00091,DB06697,1,1.0,A,DB00091,pathway,801,1.0,0.0,0.0
17,DB00091,DB06697,1,1.0,A,DB00091,pathway,805,1.0,0.0,0.0
17,DB00091,DB06697,1,1.0,A,DB00091,pathway,806,1.0,0.0,0.0
17,DB00091,DB06697,1,1.0,A,DB00091,pathway,811,1.0,0.0,0.0
17,DB00091,DB06697,1,1.0,A,DB00091,pathway,826,1.0,0.0,0.0
17,DB00091,DB06697,1,1.0,A,DB00091,pathway,830,1.0,0.0,0.0
17,DB00091,DB06697,1,1.0,A,DB00091,pathway,836,1.0,0.0,0.0
17,DB00091,DB06697,1,1.0,A,DB00091,pathway,837,1.0,0.0,0.0
17,DB00091,DB06697,1,1.0,A,DB00091,pathway,840,1.0,0.0,0.0
17,DB00091,DB06697,1,1.0,A,DB00091,pathway,845,1.0,0.0,0.0
17,DB00091,DB06697,1,1.0,A,DB00091,pathway,853,1.0,0.0,0.0
17,DB00091,DB06697,1,1.0,A,DB00091,pathway,854,1.0,0.0,0.0
17,DB00091,DB06697,1,1.0,A,DB00091,pathway,855,1.0,0.0,0.0
17,DB00091,DB06697,1,1.0,A,DB00091,pathway,863,1.0,0.0,0.0
17,DB00091,DB06697,1,1.0,A,DB00091,pathway,870,1.0,0.0,0.0
17,DB00091,DB06697,1,1.0,A,DB00091,pathway,874,1.0,0.0,0.0
17,DB00091,DB06697,1,1.0,A,DB00091,pathway,877,1.0,0.0,0.0
17,DB00091,DB06697,1,1.0,A,DB00091,pathway,883,1.0,0.0,0.0
17,DB00091,DB06697,1,1.0,A,DB00091,pathway,896,1.0,0.0,0.0
17,DB00091,DB06697,1,1.0,A,DB00091,pathway,910,1.0,0.0,0.0
17,DB00091,DB06697,1,1.0,A,DB00091,pathway,919,1.0,0.0,0.0
17,DB00091,DB06697,1,1.0,A,DB00091,pathway,922,1.0,0.0,0.0
17,DB00091,DB06697,1,1.0,A,DB00091,pathway,927,1.0,0.0,0.0
17,DB00091,DB06697,1,1.0,A,DB00091,pathway,940,1.0,0.0,0.0
17,DB00091,DB06697,1,1.0,A,DB00091,pathway,948,1.0,0.0,0.0
17,DB00091,DB06697,1,1.0,A,DB00091,pathway,955,1.0,0.0,0.0
17,DB00091,DB06697,1,1.0,A,DB00091,pathway,958,1.0,0.0,0.0
17,DB00091,DB06697,1,1.0,A,DB00091,pathway,959,1.0,0.0,0.0
17,DB00091,DB06697,1,1.0,A,DB00091,pathway,965,1.0,0.0,0.0
17,DB00091,DB06697,1,1.0,A,DB00091,pathway,968,1.0,0.0,0.0
17,DB00091,DB06697,1,1.0,A,DB00091,pathway,969,1.0,0.0,0.0
17,DB00091,DB06697,1,1.0,A,DB00091,pathway,970,1.0,0.0,0.0
17,DB00091,DB06697,1,1.0,A,DB00091,pathway,973,1.0,0.0,0.0
17,DB00091,DB06697,1,1.0,A,DB00091,pathway,981,1.0,0.0,0.0
17,DB00091,DB06697,1,1.0,A,DB00091,pathway,986,1.0,0.0,0.0
17,DB00091,DB06697,1,1.0,A,DB00091,pathway,987,1.0,0.0,0.0
17,DB00091,DB06697,1,1.0,A,DB00091,pathway,988,1.0,0.0,0.0
17,DB00091,DB06697,1,1.0,A,DB00091,pathway,989,1.0,0.0,0.0
17,DB00091,DB06697,1,1.0,A,DB00091,pathway,1009,1.0,0.0,0.0
17,DB00091,DB06697,1,1.0,A,DB00091,pathway,1010,1.0,0.0,0.0
17,DB00091,DB06697,1,1.0,A,DB00091,pathway,1011,1.0,0.0,0.0
17,DB00091,DB06697,1,1.0,A,DB00091,pathway,1012,1.0,0.0,0.0
17,DB00091,DB06697,1,1.0,A,DB00091,pathway,1018,1.0,0.0,0.0
17,DB00091,DB06697,1,1.0,A,DB00091,pathway,1019,1.0,0.0,0.0
17,DB00091,DB06697,1,1.0,A,DB00091,pathway,1020,1.0,0.0,0.0
17,DB00091,DB06697,1,1.0,A,DB00091,pathway,1031,1.0,0.0,0.0
17,DB00091,DB06697,1,1.0,A,DB00091,pathway,1037,1.0,0.0,0.0
17,DB00091,DB06697,1,1.0,A,DB00091,pathway,1041,1.0,0.0,0.0
17,DB00091,DB06697,1,1.0,A,DB00091,pathway,1044,1.0,0.0,0.0
17,DB00091,DB06697,1,1.0,A,DB00091,pathway,1045,1.0,0.0,0.0
17,DB00091,DB06697,1,1.0,A,DB00091,pathway,1046,1.0,0.0,0.0
17,DB00091,DB06697,1,1.0,A,DB00091,pathway,1047,1.0,0.0,0.0
17,DB00091,DB06697,1,1.0,A,DB00091,pathway,1048,1.0,0.0,0.0
17,DB00091,DB06697,1,1.0,A,DB00091,pathway,1054,1.0,0.0,0.0
17,DB00091,DB06697,1,1.0,A,DB00091,pathway,1057,1.0,0.0,0.0
17,DB00091,DB06697,1,1.0,A,DB00091,pathway,1062,1.0,0.0,0.0
17,DB00091,DB06697,1,1.0,A,DB00091,pathway,1064,1.0,0.0,0.0
17,DB00091,DB06697,1,1.0,A,DB00091,pathway,1066,1.0,0.0,0.0
17,DB00091,DB06697,1,1.0,A,DB00091,pathway,1073,1.0,0.0,0.0
17,DB00091,DB06697,1,1.0,A,DB00091,pathway,1074,1.0,0.0,0.0
17,DB00091,DB06697,1,1.0,A,DB00091,pathway,1079,1.0,0.0,0.0
17,DB00091,DB06697,1,1.0,A,DB00091,pathway,1080,1.0,0.0,0.0
17,DB00091,DB06697,1,1.0,A,DB00091,pathway,1081,1.0,0.0,0.0
17,DB00091,DB06697,1,1.0,A,DB00091,pathway,1082,1.0,0.0,0.0
17,DB00091,DB06697,1,1.0,A,DB00091,pathway,1083,1.0,0.0,0.0
17,DB00091,DB06697,1,1.0,A,DB00091,pathway,1084,1.0,0.0,0.0
17,DB00091,DB06697,1,1.0,A,DB00091,pathway,1085,1.0,0.0,0.0
17,DB00091,DB06697,1,1.0,A,DB00091,pathway,1089,1.0,0.0,0.0
17,DB00091,DB06697,1,1.0,A,DB00091,pathway,1090,1.0,0.0,0.0
17,DB00091,DB06697,1,1.0,A,DB00091,pathway,1099,1.0,0.0,0.0
17,DB00091,DB06697,1,1.0,A,DB00091,pathway,1100,1.0,0.0,0.0
17,DB00091,DB06697,1,1.0,A,DB00091,pathway,1102,1.0,0.0,0.0
17,DB00091,DB06697,1,1.0,A,DB00091,pathway,1103,1.0,0.0,0.0
17,DB00091,DB06697,1,1.0,A,DB00091,pathway,1107,1.0,0.0,0.0
17,DB00091,DB06697,1,1.0,A,DB00091,pathway,1108,1.0,0.0,0.0
17,DB00091,DB06697,1,1.0,A,DB00091,pathway,1110,1.0,0.0,0.0
17,DB00091,DB06697,1,1.0,A,DB00091,pathway,1116,1.0,0.0,0.0
17,DB00091,DB06697,1,1.0,A,DB00091,pathway,1119,1.0,0.0,0.0
17,DB00091,DB06697,1,1.0,A,DB00091,pathway,1120,1.0,0.0,0.0
17,DB00091,DB06697,1,1.0,A,DB00091,pathway,1121,1.0,0.0,0.0
17,DB00091,DB06697,1,1.0,A,DB00091,pathway,1122,1.0,0.0,0.0
17,DB00091,DB06697,1,1.0,A,DB00091,pathway,1123,1.0,0.0,0.0
17,DB00091,DB06697,1,1.0,A,DB00091,pathway,1126,1.0,0.0,0.0
17,DB00091,DB06697,1,1.0,A,DB00091,pathway,1134,1.0,0.0,0.0
17,DB00091,DB06697,1,1.0,A,DB00091,pathway,1135,1.0,0.0,0.0
17,DB00091,DB06697,1,1.0,A,DB00091,pathway,1138,1.0,0.0,0.0
17,DB00091,DB06697,1,1.0,A,DB00091,pathway,1153,1.0,0.0,0.0
17,DB00091,DB06697,1,1.0,A,DB00091,pathway,1154,1.0,0.0,0.0
17,DB00091,DB06697,1,1.0,A,DB00091,pathway,1157,1.0,0.0,0.0
17,DB00091,DB06697,1,1.0,A,DB00091,pathway,1165,1.0,0.0,0.0
17,DB00091,DB06697,1,1.0,A,DB00091,pathway,1167,1.0,0.0,0.0
17,DB00091,DB06697,1,1.0,A,DB00091,pathway,1177,1.0,0.0,0.0
17,DB00091,DB06697,1,1.0,A,DB00091,pathway,1182,1.0,0.0,0.0
17,DB00091,DB06697,1,1.0,A,DB00091,pathway,1217,1.0,0.0,0.0
17,DB00091,DB06697,1,1.0,A,DB00091,pathway,1218,1.0,0.0,0.0
17,DB00091,DB06697,1,1.0,A,DB00091,pathway,1224,1.0,0.0,0.0
17,DB00091,DB06697,1,1.0,A,DB00091,pathway,1225,1.0,0.0,0.0
17,DB00091,DB06697,1,1.0,A,DB00091,pathway,1230,1.0,0.0,0.0
17,DB00091,DB06697,1,1.0,A,DB00091,pathway,1245,1.0,0.0,0.0
17,DB00091,DB06697,1,1.0,A,DB00091,pathway,1249,1.0,0.0,0.0
17,DB00091,DB06697,1,1.0,A,DB00091,pathway,1262,1.0,0.0,0.0
17,DB00091,DB06697,1,1.0,A,DB00091,pathway,1263,1.0,0.0,0.0
17,DB00091,DB06697,1,1.0,A,DB00091,pathway,1264,1.0,0.0,0.0
17,DB00091,DB06697,1,1.0,A,DB00091,pathway,1265,1.0,0.0,0.0
17,DB00091,DB06697,1,1.0,A,DB00091,pathway,1266,1.0,0.0,0.0
17,DB00091,DB06697,1,1.0,A,DB00091,pathway,1267,1.0,0.0,0.0
17,DB00091,DB06697,1,1.0,A,DB00091,pathway,1268,1.0,0.0,0.0
17,DB00091,DB06697,1,1.0,A,DB00091,pathway,1270,1.0,0.0,0.0
17,DB00091,DB06697,1,1.0,A,DB00091,pathway,1272,1.0,0.0,0.0
17,DB00091,DB06697,1,1.0,A,DB00091,pathway,1278,1.0,0.0,0.0
17,DB00091,DB06697,1,1.0,A,DB00091,pathway,1291,1.0,0.0,0.0
17,DB00091,DB06697,1,1.0,A,DB00091,pathway,1292,1.0,0.0,0.0
17,DB00091,DB06697,1,1.0,A,DB00091,pathway,1297,1.0,0.0,0.0
17,DB00091,DB06697,1,1.0,A,DB00091,pathway,1298,1.0,0.0,0.0
17,DB00091,DB06697,1,1.0,A,DB00091,pathway,1299,1.0,0.0,0.0
17,DB00091,DB06697,1,1.0,A,DB00091,pathway,1300,1.0,0.0,0.0
17,DB00091,DB06697,1,1.0,A,DB00091,pathway,1301,1.0,0.0,0.0
17,DB00091,DB06697,1,1.0,A,DB00091,pathway,1302,1.0,0.0,0.0
17,DB00091,DB06697,1,1.0,A,DB00091,pathway,1305,1.0,0.0,0.0
17,DB00091,DB06697,1,1.0,A,DB00091,pathway,1312,1.0,0.0,0.0
17,DB00091,DB06697,1,1.0,A,DB00091,pathway,1318,1.0,0.0,0.0
17,DB00091,DB06697,1,1.0,A,DB00091,pathway,1329,1.0,0.0,0.0
17,DB00091,DB06697,1,1.0,A,DB00091,pathway,1333,1.0,0.0,0.0
17,DB00091,DB06697,1,1.0,A,DB00091,pathway,1339,1.0,0.0,0.0
17,DB00091,DB06697,1,1.0,A,DB00091,pathway,1346,1.0,0.0,0.0
17,DB00091,DB06697,1,1.0,A,DB00091,pathway,1347,1.0,0.0,0.0
17,DB00091,DB06697,1,1.0,A,DB00091,pathway,1348,1.0,0.0,0.0
17,DB00091,DB06697,1,1.0,A,DB00091,pathway,1353,1.0,0.0,0.0
17,DB00091,DB06697,1,1.0,A,DB00091,pathway,1356,1.0,0.0,0.0
17,DB00091,DB06697,1,1.0,A,DB00091,pathway,1364,1.0,0.0,0.0
17,DB00091,DB06697,1,1.0,A,DB00091,pathway,1366,1.0,0.0,0.0
17,DB00091,DB06697,1,1.0,A,DB00091,pathway,1370,1.0,0.0,0.0
17,DB00091,DB06697,1,1.0,A,DB00091,pathway,1372,1.0,0.0,0.0
17,DB00091,DB06697,1,1.0,A,DB00091,pathway,1373,1.0,0.0,0.0
17,DB00091,DB06697,1,1.0,A,DB00091,pathway,1382,1.0,0.0,0.0
17,DB00091,DB06697,1,1.0,A,DB00091,pathway,1394,1.0,0.0,0.0
17,DB00091,DB06697,1,1.0,A,DB00091,pathway,1396,1.0,0.0,0.0
17,DB00091,DB06697,1,1.0,A,DB00091,pathway,1397,1.0,0.0,0.0
17,DB00091,DB06697,1,1.0,A,DB00091,pathway,1401,1.0,0.0,0.0
17,DB00091,DB06697,1,1.0,A,DB00091,pathway,1402,1.0,0.0,0.0
17,DB00091,DB06697,1,1.0,A,DB00091,pathway,1405,1.0,0.0,0.0
17,DB00091,DB06697,1,1.0,A,DB00091,pathway,1414,1.0,0.0,0.0
17,DB00091,DB06697,1,1.0,A,DB00091,pathway,1419,1.0,0.0,0.0
17,DB00091,DB06697,1,1.0,A,DB00091,pathway,1422,1.0,0.0,0.0
17,DB00091,DB06697,1,1.0,A,DB00091,pathway,1423,1.0,0.0,0.0
17,DB00091,DB06697,1,1.0,A,DB00091,pathway,1424,1.0,0.0,0.0
17,DB00091,DB06697,1,1.0,A,DB00091,pathway,1428,1.0,0.0,0.0
17,DB00091,DB06697,1,1.0,A,DB00091,pathway,1430,1.0,0.0,0.0
17,DB00091,DB06697,1,1.0,A,DB00091,pathway,1431,1.0,0.0,0.0
17,DB00091,DB06697,1,1.0,A,DB00091,pathway,1432,1.0,0.0,0.0
17,DB00091,DB06697,1,1.0,A,DB00091,pathway,1436,1.0,0.0,0.0
17,DB00091,DB06697,1,1.0,A,DB00091,pathway,1437,1.0,0.0,0.0
17,DB00091,DB06697,1,1.0,A,DB00091,pathway,1440,1.0,0.0,0.0
17,DB00091,DB06697,1,1.0,A,DB00091,pathway,1441,1.0,0.0,0.0
17,DB00091,DB06697,1,1.0,A,DB00091,pathway,1446,1.0,0.0,0.0
17,DB00091,DB06697,1,1.0,A,DB00091,pathway,1448,1.0,0.0,0.0
17,DB00091,DB06697,1,1.0,A,DB00091,pathway,1453,1.0,0.0,0.0
17,DB00091,DB06697,1,1.0,A,DB00091,pathway,1467,1.0,0.0,0.0
17,DB00091,DB06697,1,1.0,A,DB00091,pathway,1468,1.0,0.0,0.0
17,DB00091,DB06697,1,1.0,A,DB00091,pathway,1471,1.0,0.0,0.0
17,DB00091,DB06697,1,1.0,A,DB00091,pathway,1472,1.0,0.0,0.0
17,DB00091,DB06697,1,1.0,A,DB00091,pathway,1473,1.0,0.0,0.0
17,DB00091,DB06697,1,1.0,A,DB00091,pathway,1474,1.0,0.0,0.0
17,DB00091,DB06697,1,1.0,A,DB00091,pathway,1488,1.0,0.0,0.0
17,DB00091,DB06697,1,1.0,A,DB00091,pathway,1489,1.0,0.0,0.0
17,DB00091,DB06697,1,1.0,A,DB00091,pathway,1490,1.0,0.0,0.0
17,DB00091,DB06697,1,1.0,A,DB00091,pathway,1491,1.0,0.0,0.0
17,DB00091,DB06697,1,1.0,A,DB00091,pathway,1492,1.0,0.0,0.0
17,DB00091,DB06697,1,1.0,A,DB00091,pathway,1496,1.0,0.0,0.0
17,DB00091,DB06697,1,1.0,A,DB00091,pathway,1500,1.0,0.0,0.0
17,DB00091,DB06697,1,1.0,A,DB00091,pathway,1502,1.0,0.0,0.0
17,DB00091,DB06697,1,1.0,A,DB00091,pathway,1513,1.0,0.0,0.0
17,DB00091,DB06697,1,1.0,A,DB00091,pathway,1514,1.0,0.0,0.0
17,DB00091,DB06697,1,1.0,A,DB00091,pathway,1518,1.0,0.0,0.0
17,DB00091,DB06697,1,1.0,A,DB00091,pathway,1521,1.0,0.0,0.0
17,DB00091,DB06697,1,1.0,A,DB00091,pathway,1522,1.0,0.0,0.0
17,DB00091,DB06697,1,1.0,A,DB00091,pathway,1524,1.0,0.0,0.0
17,DB00091,DB06697,1,1.0,A,DB00091,pathway,1531,1.0,0.0,0.0
17,DB00091,DB06697,1,1.0,A,DB00091,pathway,1533,1.0,0.0,0.0
17,DB00091,DB06697,1,1.0,A,DB00091,pathway,1534,1.0,0.0,0.0
17,DB00091,DB06697,1,1.0,A,DB00091,pathway,1542,1.0,0.0,0.0
17,DB00091,DB06697,1,1.0,A,DB00091,pathway,1544,1.0,0.0,0.0
17,DB00091,DB06697,1,1.0,A,DB00091,pathway,1547,1.0,0.0,0.0
17,DB00091,DB06697,1,1.0,A,DB00091,pathway,1548,1.0,0.0,0.0
17,DB00091,DB06697,1,1.0,A,DB00091,pathway,1549,1.0,0.0,0.0
17,DB00091,DB06697,1,1.0,A,DB00091,pathway,1557,1.0,0.0,0.0
17,DB00091,DB06697,1,1.0,A,DB00091,pathway,1562,1.0,0.0,0.0
17,DB00091,DB06697,1,1.0,A,DB00091,pathway,1567,1.0,0.0,0.0
17,DB00091,DB06697,1,1.0,A,DB00091,pathway,1568,1.0,0.0,0.0
17,DB00091,DB06697,1,1.0,A,DB00091,pathway,1569,1.0,0.0,0.0
17,DB00091,DB06697,1,1.0,A,DB00091,pathway,1570,1.0,0.0,0.0
17,DB00091,DB06697,1,1.0,A,DB00091,pathway,1571,1.0,0.0,0.0
17,DB00091,DB06697,1,1.0,A,DB00091,pathway,1577,1.0,0.0,0.0
17,DB00091,DB06697,1,1.0,A,DB00091,pathway,1582,1.0,0.0,0.0
17,DB00091,DB06697,1,1.0,A,DB00091,pathway,1584,1.0,0.0,0.0
17,DB00091,DB06697,1,1.0,A,DB00091,pathway,1585,1.0,0.0,0.0
17,DB00091,DB06697,1,1.0,A,DB00091,pathway,1586,1.0,0.0,0.0
17,DB00091,DB06697,1,1.0,A,DB00091,pathway,1587,1.0,0.0,0.0
17,DB00091,DB06697,1,1.0,A,DB00091,pathway,1589,1.0,0.0,0.0
17,DB00091,DB06697,1,1.0,A,DB00091,pathway,1590,1.0,0.0,0.0
17,DB00091,DB06697,1,1.0,A,DB00091,pathway,1591,1.0,0.0,0.0
17,DB00091,DB06697,1,1.0,A,DB00091,pathway,1592,1.0,0.0,0.0
17,DB00091,DB06697,1,1.0,A,DB00091,pathway,1593,1.0,0.0,0.0
17,DB00091,DB06697,1,1.0,A,DB00091,pathway,1594,1.0,0.0,0.0
17,DB00091,DB06697,1,1.0,A,DB00091,pathway,1595,1.0,0.0,0.0
17,DB00091,DB06697,1,1.0,A,DB00091,pathway,1596,1.0,0.0,0.0
17,DB00091,DB06697,1,1.0,A,DB00091,pathway,1597,1.0,0.0,0.0
17,DB00091,DB06697,1,1.0,A,DB00091,pathway,1598,1.0,0.0,0.0
17,DB00091,DB06697,1,1.0,A,DB00091,pathway,1599,1.0,0.0,0.0
17,DB00091,DB06697,1,1.0,A,DB00091,pathway,1613,1.0,0.0,0.0
17,DB00091,DB06697,1,1.0,A,DB00091,pathway,1635,1.0,0.0,0.0
17,DB00091,DB06697,1,1.0,A,DB00091,pathway,1637,1.0,0.0,0.0
17,DB00091,DB06697,1,1.0,A,DB00091,pathway,1640,1.0,0.0,0.0
17,DB00091,DB06697,1,1.0,A,DB00091,pathway,1652,1.0,0.0,0.0
17,DB00091,DB06697,1,1.0,A,DB00091,pathway,1665,1.0,0.0,0.0
17,DB00091,DB06697,1,1.0,A,DB00091,pathway,1685,1.0,0.0,0.0
17,DB00091,DB06697,1,1.0,A,DB00091,pathway,1686,1.0,0.0,0.0
17,DB00091,DB06697,1,1.0,A,DB00091,pathway,1687,1.0,0.0,0.0
17,DB00091,DB06697,1,1.0,A,DB00091,pathway,1688,1.0,0.0,0.0
17,DB00091,DB06697,1,1.0,A,DB00091,pathway,1692,1.0,0.0,0.0
17,DB00091,DB06697,1,1.0,A,DB00091,pathway,1694,1.0,0.0,0.0
17,DB00091,DB06697,1,1.0,A,DB00091,pathway,1695,1.0,0.0,0.0
17,DB00091,DB06697,1,1.0,A,DB00091,pathway,1696,1.0,0.0,0.0
17,DB00091,DB06697,1,1.0,A,DB00091,pathway,1700,1.0,0.0,0.0
17,DB00091,DB06697,1,1.0,A,DB00091,pathway,1701,1.0,0.0,0.0
17,DB00091,DB06697,1,1.0,A,DB00091,pathway,1713,1.0,0.0,0.0
17,DB00091,DB06697,1,1.0,A,DB00091,pathway,1714,1.0,0.0,0.0
17,DB00091,DB06697,1,1.0,A,DB00091,pathway,1719,1.0,0.0,0.0
17,DB00091,DB06697,1,1.0,A,DB00091,pathway,1721,1.0,0.0,0.0
17,DB00091,DB06697,1,1.0,A,DB00091,pathway,1730,1.0,0.0,0.0
17,DB00091,DB06697,1,1.0,A,DB00091,pathway,1737,1.0,0.0,0.0
17,DB00091,DB06697,1,1.0,A,DB00091,pathway,1743,1.0,0.0,0.0
17,DB00091,DB06697,1,1.0,A,DB00091,pathway,1744,1.0,0.0,0.0
17,DB00091,DB06697,1,1.0,A,DB00091,pathway,1746,1.0,0.0,0.0
17,DB00091,DB06697,1,1.0,A,DB00091,pathway,1751,1.0,0.0,0.0
17,DB00091,DB06697,1,1.0,A,DB00091,pathway,1755,1.0,0.0,0.0
17,DB00091,DB06697,1,1.0,A,DB00091,pathway,1758,1.0,0.0,0.0
17,DB00091,DB06697,1,1.0,A,DB00091,pathway,1765,1.0,0.0,0.0
17,DB00091,DB06697,1,1.0,A,DB00091,pathway,1770,1.0,0.0,0.0
17,DB00091,DB06697,1,1.0,A,DB00091,pathway,1774,1.0,0.0,0.0
17,DB00091,DB06697,1,1.0,A,DB00091,pathway,1776,1.0,0.0,0.0
17,DB00091,DB06697,1,1.0,A,DB00091,pathway,1779,1.0,0.0,0.0
17,DB00091,DB06697,1,1.0,A,DB00091,pathway,1783,1.0,0.0,0.0
17,DB00091,DB06697,1,1.0,A,DB00091,pathway,1784,1.0,0.0,0.0
17,DB00091,DB06697,1,1.0,A,DB00091,pathway,1788,1.0,0.0,0.0
17,DB00091,DB06697,1,1.0,A,DB00091,pathway,1790,1.0,0.0,0.0
17,DB00091,DB06697,1,1.0,A,DB00091,pathway,1791,1.0,0.0,0.0
17,DB00091,DB06697,1,1.0,A,DB00091,pathway,1793,1.0,0.0,0.0
17,DB00091,DB06697,1,1.0,A,DB00091,pathway,1794,1.0,0.0,0.0
17,DB00091,DB06697,1,1.0,A,DB00091,pathway,1795,1.0,0.0,0.0
17,DB00091,DB06697,1,1.0,A,DB00091,pathway,1796,1.0,0.0,0.0
17,DB00091,DB06697,1,1.0,A,DB00091,pathway,1797,1.0,0.0,0.0
17,DB00091,DB06697,1,1.0,A,DB00091,pathway,1798,1.0,0.0,0.0
17,DB00091,DB06697,1,1.0,A,DB00091,pathway,1799,1.0,0.0,0.0
17,DB00091,DB06697,1,1.0,A,DB00091,pathway,1801,1.0,0.0,0.0
17,DB00091,DB06697,1,1.0,A,DB00091,pathway,1805,1.0,0.0,0.0
17,DB00091,DB06697,1,1.0,A,DB00091,pathway,1812,1.0,0.0,0.0
17,DB00091,DB06697,1,1.0,A,DB00091,pathway,1818,1.0,0.0,0.0
17,DB00091,DB06697,1,1.0,A,DB00091,pathway,1827,1.0,0.0,0.0
17,DB00091,DB06697,1,1.0,A,DB00091,pathway,1831,1.0,0.0,0.0
17,DB00091,DB06697,1,1.0,A,DB00091,pathway,1837,1.0,0.0,0.0
17,DB00091,DB06697,1,1.0,A,DB00091,pathway,1842,1.0,0.0,0.0
17,DB00091,DB06697,1,1.0,A,DB00091,pathway,1846,1.0,0.0,0.0
17,DB00091,DB06697,1,1.0,A,DB00091,pathway,1848,1.0,0.0,0.0
17,DB00091,DB06697,1,1.0,A,DB00091,pathway,1849,1.0,0.0,0.0
17,DB00091,DB06697,1,1.0,A,DB00091,pathway,1850,1.0,0.0,0.0
17,DB00091,DB06697,1,1.0,A,DB00091,pathway,1853,1.0,0.0,0.0
17,DB00091,DB06697,1,1.0,A,DB00091,pathway,1854,1.0,0.0,0.0
17,DB00091,DB06697,1,1.0,A,DB00091,pathway,1865,1.0,0.0,0.0
17,DB00091,DB06697,1,1.0,A,DB00091,pathway,1867,1.0,0.0,0.0
17,DB00091,DB06697,1,1.0,A,DB00091,pathway,1877,1.0,0.0,0.0
17,DB00091,DB06697,1,1.0,A,DB00091,pathway,1879,1.0,0.0,0.0
17,DB00091,DB06697,1,1.0,A,DB00091,pathway,1880,1.0,0.0,0.0
17,DB00091,DB06697,1,1.0,A,DB00091,pathway,1886,1.0,0.0,0.0
17,DB00091,DB06697,1,1.0,A,DB00091,pathway,1892,1.0,0.0,0.0
17,DB00091,DB06697,1,1.0,A,DB00091,pathway,1893,1.0,0.0,0.0
17,DB00091,DB06697,1,1.0,A,DB00091,pathway,1896,1.0,0.0,0.0
17,DB00091,DB06697,1,1.0,A,DB00091,pathway,1898,1.0,0.0,0.0
17,DB00091,DB06697,1,1.0,A,DB00091,pathway,1903,1.0,0.0,0.0
17,DB00091,DB06697,1,1.0,A,DB00091,pathway,1904,1.0,0.0,0.0
17,DB00091,DB06697,1,1.0,A,DB00091,pathway,1905,1.0,0.0,0.0
17,DB00091,DB06697,1,1.0,A,DB00091,pathway,1912,1.0,0.0,0.0
17,DB00091,DB06697,1,1.0,A,DB00091,pathway,1913,1.0,0.0,0.0
17,DB00091,DB06697,1,1.0,A,DB00091,pathway,1921,1.0,0.0,0.0
17,DB00091,DB06697,1,1.0,A,DB00091,pathway,1925,1.0,0.0,0.0
17,DB00091,DB06697,1,1.0,A,DB00091,pathway,1926,1.0,0.0,0.0
17,DB00091,DB06697,1,1.0,A,DB00091,pathway,1932,1.0,0.0,0.0
17,DB00091,DB06697,1,1.0,A,DB00091,pathway,1933,1.0,0.0,0.0
17,DB00091,DB06697,1,1.0,A,DB00091,pathway,1935,1.0,0.0,0.0
17,DB00091,DB06697,1,1.0,A,DB00091,pathway,1937,1.0,0.0,0.0
17,DB00091,DB06697,1,1.0,A,DB00091,pathway,1938,1.0,0.0,0.0
17,DB00091,DB06697,1,1.0,A,DB00091,pathway,1952,1.0,0.0,0.0
17,DB00091,DB06697,1,1.0,A,DB00091,pathway,1956,1.0,0.0,0.0
17,DB00091,DB06697,1,1.0,A,DB00091,pathway,1957,1.0,0.0,0.0
17,DB00091,DB06697,1,1.0,A,DB00091,pathway,1958,1.0,0.0,0.0
17,DB00091,DB06697,1,1.0,A,DB00091,pathway,1959,1.0,0.0,0.0
17,DB00091,DB06697,1,1.0,A,DB00091,pathway,1965,1.0,0.0,0.0
17,DB00091,DB06697,1,1.0,B,DB06697,pathway,2,1.0,0.0,0.0
17,DB00091,DB06697,1,1.0,B,DB06697,pathway,26,1.0,0.0,0.0
17,DB00091,DB06697,1,1.0,B,DB06697,pathway,29,1.0,0.0,0.0
17,DB00091,DB06697,1,1.0,B,DB06697,pathway,31,1.0,0.0,0.0
17,DB00091,DB06697,1,1.0,B,DB06697,pathway,39,1.0,0.0,0.0
17,DB00091,DB06697,1,1.0,B,DB06697,pathway,43,1.0,0.0,0.0
17,DB00091,DB06697,1,1.0,B,DB06697,pathway,44,1.0,0.0,0.0
17,DB00091,DB06697,1,1.0,B,DB06697,pathway,51,1.0,0.0,0.0
17,DB00091,DB06697,1,1.0,B,DB06697,pathway,52,1.0,0.0,0.0
17,DB00091,DB06697,1,1.0,B,DB06697,pathway,55,1.0,0.0,0.0
17,DB00091,DB06697,1,1.0,B,DB06697,pathway,57,1.0,0.0,0.0
17,DB00091,DB06697,1,1.0,B,DB06697,pathway,62,1.0,0.0,0.0
17,DB00091,DB06697,1,1.0,B,DB06697,pathway,66,1.0,0.0,0.0
17,DB00091,DB06697,1,1.0,B,DB06697,pathway,67,1.0,0.0,0.0
17,DB00091,DB06697,1,1.0,B,DB06697,pathway,72,1.0,0.0,0.0
17,DB00091,DB06697,1,1.0,B,DB06697,pathway,74,1.0,0.0,0.0
17,DB00091,DB06697,1,1.0,B,DB06697,pathway,75,1.0,0.0,0.0
17,DB00091,DB06697,1,1.0,B,DB06697,pathway,78,1.0,0.0,0.0
17,DB00091,DB06697,1,1.0,B,DB06697,pathway,79,1.0,0.0,0.0
17,DB00091,DB06697,1,1.0,B,DB06697,pathway,81,1.0,0.0,0.0
17,DB00091,DB06697,1,1.0,B,DB06697,pathway,84,1.0,0.0,0.0
17,DB00091,DB06697,1,1.0,B,DB06697,pathway,91,1.0,0.0,0.0
17,DB00091,DB06697,1,1.0,B,DB06697,pathway,98,1.0,0.0,0.0
17,DB00091,DB06697,1,1.0,B,DB06697,pathway,100,1.0,0.0,0.0
17,DB00091,DB06697,1,1.0,B,DB06697,pathway,110,1.0,0.0,0.0
17,DB00091,DB06697,1,1.0,B,DB06697,pathway,113,1.0,0.0,0.0
17,DB00091,DB06697,1,1.0,B,DB06697,pathway,116,1.0,0.0,0.0
17,DB00091,DB06697,1,1.0,B,DB06697,pathway,117,1.0,0.0,0.0
17,DB00091,DB06697,1,1.0,B,DB06697,pathway,119,1.0,0.0,0.0
17,DB00091,DB06697,1,1.0,B,DB06697,pathway,121,1.0,0.0,0.0
17,DB00091,DB06697,1,1.0,B,DB06697,pathway,123,1.0,0.0,0.0
17,DB00091,DB06697,1,1.0,B,DB06697,pathway,124,1.0,0.0,0.0
17,DB00091,DB06697,1,1.0,B,DB06697,pathway,136,1.0,0.0,0.0
17,DB00091,DB06697,1,1.0,B,DB06697,pathway,141,1.0,0.0,0.0
17,DB00091,DB06697,1,1.0,B,DB06697,pathway,143,1.0,0.0,0.0
17,DB00091,DB06697,1,1.0,B,DB06697,pathway,158,1.0,0.0,0.0
17,DB00091,DB06697,1,1.0,B,DB06697,pathway,172,1.0,0.0,0.0
17,DB00091,DB06697,1,1.0,B,DB06697,pathway,191,1.0,0.0,0.0
17,DB00091,DB06697,1,1.0,B,DB06697,pathway,227,1.0,0.0,0.0
17,DB00091,DB06697,1,1.0,B,DB06697,pathway,237,1.0,0.0,0.0
17,DB00091,DB06697,1,1.0,B,DB06697,pathway,245,1.0,0.0,0.0
17,DB00091,DB06697,1,1.0,B,DB06697,pathway,247,1.0,0.0,0.0
17,DB00091,DB06697,1,1.0,B,DB06697,pathway,250,1.0,0.0,0.0
17,DB00091,DB06697,1,1.0,B,DB06697,pathway,281,1.0,0.0,0.0
17,DB00091,DB06697,1,1.0,B,DB06697,pathway,283,1.0,0.0,0.0
17,DB00091,DB06697,1,1.0,B,DB06697,pathway,285,1.0,0.0,0.0
17,DB00091,DB06697,1,1.0,B,DB06697,pathway,286,1.0,0.0,0.0
17,DB00091,DB06697,1,1.0,B,DB06697,pathway,287,1.0,0.0,0.0
17,DB00091,DB06697,1,1.0,B,DB06697,pathway,296,1.0,0.0,0.0
17,DB00091,DB06697,1,1.0,B,DB06697,pathway,297,1.0,0.0,0.0
17,DB00091,DB06697,1,1.0,B,DB06697,pathway,308,1.0,0.0,0.0
17,DB00091,DB06697,1,1.0,B,DB06697,pathway,350,1.0,0.0,0.0
17,DB00091,DB06697,1,1.0,B,DB06697,pathway,353,1.0,0.0,0.0
17,DB00091,DB06697,1,1.0,B,DB06697,pathway,358,1.0,0.0,0.0
17,DB00091,DB06697,1,1.0,B,DB06697,pathway,359,1.0,0.0,0.0
17,DB00091,DB06697,1,1.0,B,DB06697,pathway,371,1.0,0.0,0.0
17,DB00091,DB06697,1,1.0,B,DB06697,pathway,385,1.0,0.0,0.0
17,DB00091,DB06697,1,1.0,B,DB06697,pathway,386,1.0,0.0,0.0
17,DB00091,DB06697,1,1.0,B,DB06697,pathway,387,1.0,0.0,0.0
17,DB00091,DB06697,1,1.0,B,DB06697,pathway,393,1.0,0.0,0.0
17,DB00091,DB06697,1,1.0,B,DB06697,pathway,394,1.0,0.0,0.0
17,DB00091,DB06697,1,1.0,B,DB06697,pathway,395,1.0,0.0,0.0
17,DB00091,DB06697,1,1.0,B,DB06697,pathway,396,1.0,0.0,0.0
17,DB00091,DB06697,1,1.0,B,DB06697,pathway,397,1.0,0.0,0.0
17,DB00091,DB06697,1,1.0,B,DB06697,pathway,398,1.0,0.0,0.0
17,DB00091,DB06697,1,1.0,B,DB06697,pathway,399,1.0,0.0,0.0
17,DB00091,DB06697,1,1.0,B,DB06697,pathway,401,1.0,0.0,0.0
17,DB00091,DB06697,1,1.0,B,DB06697,pathway,402,1.0,0.0,0.0
17,DB00091,DB06697,1,1.0,B,DB06697,pathway,429,1.0,0.0,0.0
17,DB00091,DB06697,1,1.0,B,DB06697,pathway,430,1.0,0.0,0.0
17,DB00091,DB06697,1,1.0,B,DB06697,pathway,438,1.0,0.0,0.0
17,DB00091,DB06697,1,1.0,B,DB06697,pathway,439,1.0,0.0,0.0
17,DB00091,DB06697,1,1.0,B,DB06697,pathway,440,1.0,0.0,0.0
17,DB00091,DB06697,1,1.0,B,DB06697,pathway,441,1.0,0.0,0.0
17,DB00091,DB06697,1,1.0,B,DB06697,pathway,443,1.0,0.0,0.0
17,DB00091,DB06697,1,1.0,B,DB06697,pathway,444,1.0,0.0,0.0
17,DB00091,DB06697,1,1.0,B,DB06697,pathway,446,1.0,0.0,0.0
17,DB00091,DB06697,1,1.0,B,DB06697,pathway,447,1.0,0.0,0.0
17,DB00091,DB06697,1,1.0,B,DB06697,pathway,452,1.0,0.0,0.0
17,DB00091,DB06697,1,1.0,B,DB06697,pathway,455,1.0,0.0,0.0
17,DB00091,DB06697,1,1.0,B,DB06697,pathway,462,1.0,0.0,0.0
17,DB00091,DB06697,1,1.0,B,DB06697,pathway,464,1.0,0.0,0.0
17,DB00091,DB06697,1,1.0,B,DB06697,pathway,467,1.0,0.0,0.0
17,DB00091,DB06697,1,1.0,B,DB06697,pathway,473,1.0,0.0,0.0
17,DB00091,DB06697,1,1.0,B,DB06697,pathway,480,1.0,0.0,0.0
17,DB00091,DB06697,1,1.0,B,DB06697,pathway,481,1.0,0.0,0.0
17,DB00091,DB06697,1,1.0,B,DB06697,pathway,482,1.0,0.0,0.0
17,DB00091,DB06697,1,1.0,B,DB06697,pathway,488,1.0,0.0,0.0
17,DB00091,DB06697,1,1.0,B,DB06697,pathway,498,1.0,0.0,0.0
17,DB00091,DB06697,1,1.0,B,DB06697,pathway,511,1.0,0.0,0.0
17,DB00091,DB06697,1,1.0,B,DB06697,pathway,512,1.0,0.0,0.0
17,DB00091,DB06697,1,1.0,B,DB06697,pathway,513,1.0,0.0,0.0
17,DB00091,DB06697,1,1.0,B,DB06697,pathway,515,1.0,0.0,0.0
17,DB00091,DB06697,1,1.0,B,DB06697,pathway,521,1.0,0.0,0.0
17,DB00091,DB06697,1,1.0,B,DB06697,pathway,528,1.0,0.0,0.0
17,DB00091,DB06697,1,1.0,B,DB06697,pathway,530,1.0,0.0,0.0
17,DB00091,DB06697,1,1.0,B,DB06697,pathway,531,1.0,0.0,0.0
17,DB00091,DB06697,1,1.0,B,DB06697,pathway,532,1.0,0.0,0.0
17,DB00091,DB06697,1,1.0,B,DB06697,pathway,536,1.0,0.0,0.0
17,DB00091,DB06697,1,1.0,B,DB06697,pathway,542,1.0,0.0,0.0
17,DB00091,DB06697,1,1.0,B,DB06697,pathway,587,1.0,0.0,0.0
17,DB00091,DB06697,1,1.0,B,DB06697,pathway,588,1.0,0.0,0.0
17,DB00091,DB06697,1,1.0,B,DB06697,pathway,589,1.0,0.0,0.0
17,DB00091,DB06697,1,1.0,B,DB06697,pathway,594,1.0,0.0,0.0
17,DB00091,DB06697,1,1.0,B,DB06697,pathway,614,1.0,0.0,0.0
17,DB00091,DB06697,1,1.0,B,DB06697,pathway,617,1.0,0.0,0.0
17,DB00091,DB06697,1,1.0,B,DB06697,pathway,619,1.0,0.0,0.0
17,DB00091,DB06697,1,1.0,B,DB06697,pathway,620,1.0,0.0,0.0
17,DB00091,DB06697,1,1.0,B,DB06697,pathway,625,1.0,0.0,0.0
17,DB00091,DB06697,1,1.0,B,DB06697,pathway,626,1.0,0.0,0.0
17,DB00091,DB06697,1,1.0,B,DB06697,pathway,627,1.0,0.0,0.0
17,DB00091,DB06697,1,1.0,B,DB06697,pathway,630,1.0,0.0,0.0
17,DB00091,DB06697,1,1.0,B,DB06697,pathway,631,1.0,0.0,0.0
17,DB00091,DB06697,1,1.0,B,DB06697,pathway,636,1.0,0.0,0.0
17,DB00091,DB06697,1,1.0,B,DB06697,pathway,637,1.0,0.0,0.0
17,DB00091,DB06697,1,1.0,B,DB06697,pathway,641,1.0,0.0,0.0
17,DB00091,DB06697,1,1.0,B,DB06697,pathway,646,1.0,0.0,0.0
17,DB00091,DB06697,1,1.0,B,DB06697,pathway,651,1.0,0.0,0.0
17,DB00091,DB06697,1,1.0,B,DB06697,pathway,652,1.0,0.0,0.0
17,DB00091,DB06697,1,1.0,B,DB06697,pathway,654,1.0,0.0,0.0
17,DB00091,DB06697,1,1.0,B,DB06697,pathway,655,1.0,0.0,0.0
17,DB00091,DB06697,1,1.0,B,DB06697,pathway,656,1.0,0.0,0.0
17,DB00091,DB06697,1,1.0,B,DB06697,pathway,658,1.0,0.0,0.0
17,DB00091,DB06697,1,1.0,B,DB06697,pathway,664,1.0,0.0,0.0
17,DB00091,DB06697,1,1.0,B,DB06697,pathway,670,1.0,0.0,0.0
17,DB00091,DB06697,1,1.0,B,DB06697,pathway,671,1.0,0.0,0.0
17,DB00091,DB06697,1,1.0,B,DB06697,pathway,672,1.0,0.0,0.0
17,DB00091,DB06697,1,1.0,B,DB06697,pathway,673,1.0,0.0,0.0
17,DB00091,DB06697,1,1.0,B,DB06697,pathway,674,1.0,0.0,0.0
17,DB00091,DB06697,1,1.0,B,DB06697,pathway,677,1.0,0.0,0.0
17,DB00091,DB06697,1,1.0,B,DB06697,pathway,679,1.0,0.0,0.0
17,DB00091,DB06697,1,1.0,B,DB06697,pathway,685,1.0,0.0,0.0
17,DB00091,DB06697,1,1.0,B,DB06697,pathway,686,1.0,0.0,0.0
17,DB00091,DB06697,1,1.0,B,DB06697,pathway,687,1.0,0.0,0.0
17,DB00091,DB06697,1,1.0,B,DB06697,pathway,688,1.0,0.0,0.0
17,DB00091,DB06697,1,1.0,B,DB06697,pathway,691,1.0,0.0,0.0
17,DB00091,DB06697,1,1.0,B,DB06697,pathway,692,1.0,0.0,0.0
17,DB00091,DB06697,1,1.0,B,DB06697,pathway,693,1.0,0.0,0.0
17,DB00091,DB06697,1,1.0,B,DB06697,pathway,694,1.0,0.0,0.0
17,DB00091,DB06697,1,1.0,B,DB06697,pathway,695,1.0,0.0,0.0
17,DB00091,DB06697,1,1.0,B,DB06697,pathway,701,1.0,0.0,0.0
17,DB00091,DB06697,1,1.0,B,DB06697,pathway,703,1.0,0.0,0.0
17,DB00091,DB06697,1,1.0,B,DB06697,pathway,704,1.0,0.0,0.0
17,DB00091,DB06697,1,1.0,B,DB06697,pathway,705,1.0,0.0,0.0
17,DB00091,DB06697,1,1.0,B,DB06697,pathway,707,1.0,0.0,0.0
17,DB00091,DB06697,1,1.0,B,DB06697,pathway,708,1.0,0.0,0.0
17,DB00091,DB06697,1,1.0,B,DB06697,pathway,709,1.0,0.0,0.0
17,DB00091,DB06697,1,1.0,B,DB06697,pathway,711,1.0,0.0,0.0
17,DB00091,DB06697,1,1.0,B,DB06697,pathway,715,1.0,0.0,0.0
17,DB00091,DB06697,1,1.0,B,DB06697,pathway,716,1.0,0.0,0.0
17,DB00091,DB06697,1,1.0,B,DB06697,pathway,717,1.0,0.0,0.0
17,DB00091,DB06697,1,1.0,B,DB06697,pathway,718,1.0,0.0,0.0
17,DB00091,DB06697,1,1.0,B,DB06697,pathway,719,1.0,0.0,0.0
17,DB00091,DB06697,1,1.0,B,DB06697,pathway,728,1.0,0.0,0.0
17,DB00091,DB06697,1,1.0,B,DB06697,pathway,730,1.0,0.0,0.0
17,DB00091,DB06697,1,1.0,B,DB06697,pathway,732,1.0,0.0,0.0
17,DB00091,DB06697,1,1.0,B,DB06697,pathway,764,1.0,0.0,0.0
17,DB00091,DB06697,1,1.0,B,DB06697,pathway,772,1.0,0.0,0.0
17,DB00091,DB06697,1,1.0,B,DB06697,pathway,775,1.0,0.0,0.0
17,DB00091,DB06697,1,1.0,B,DB06697,pathway,776,1.0,0.0,0.0
17,DB00091,DB06697,1,1.0,B,DB06697,pathway,777,1.0,0.0,0.0
17,DB00091,DB06697,1,1.0,B,DB06697,pathway,783,1.0,0.0,0.0
17,DB00091,DB06697,1,1.0,B,DB06697,pathway,787,1.0,0.0,0.0
17,DB00091,DB06697,1,1.0,B,DB06697,pathway,788,1.0,0.0,0.0
17,DB00091,DB06697,1,1.0,B,DB06697,pathway,797,1.0,0.0,0.0
17,DB00091,DB06697,1,1.0,B,DB06697,pathway,799,1.0,0.0,0.0
17,DB00091,DB06697,1,1.0,B,DB06697,pathway,801,1.0,0.0,0.0
17,DB00091,DB06697,1,1.0,B,DB06697,pathway,805,1.0,0.0,0.0
17,DB00091,DB06697,1,1.0,B,DB06697,pathway,806,1.0,0.0,0.0
17,DB00091,DB06697,1,1.0,B,DB06697,pathway,811,1.0,0.0,0.0
17,DB00091,DB06697,1,1.0,B,DB06697,pathway,830,1.0,0.0,0.0
17,DB00091,DB06697,1,1.0,B,DB06697,pathway,837,1.0,0.0,0.0
17,DB00091,DB06697,1,1.0,B,DB06697,pathway,845,1.0,0.0,0.0
17,DB00091,DB06697,1,1.0,B,DB06697,pathway,870,1.0,0.0,0.0
17,DB00091,DB06697,1,1.0,B,DB06697,pathway,877,1.0,0.0,0.0
17,DB00091,DB06697,1,1.0,B,DB06697,pathway,883,1.0,0.0,0.0
17,DB00091,DB06697,1,1.0,B,DB06697,pathway,896,1.0,0.0,0.0
17,DB00091,DB06697,1,1.0,B,DB06697,pathway,910,1.0,0.0,0.0
17,DB00091,DB06697,1,1.0,B,DB06697,pathway,919,1.0,0.0,0.0
17,DB00091,DB06697,1,1.0,B,DB06697,pathway,948,1.0,0.0,0.0
17,DB00091,DB06697,1,1.0,B,DB06697,pathway,955,1.0,0.0,0.0
17,DB00091,DB06697,1,1.0,B,DB06697,pathway,958,1.0,0.0,0.0
17,DB00091,DB06697,1,1.0,B,DB06697,pathway,965,1.0,0.0,0.0
17,DB00091,DB06697,1,1.0,B,DB06697,pathway,968,1.0,0.0,0.0
17,DB00091,DB06697,1,1.0,B,DB06697,pathway,969,1.0,0.0,0.0
17,DB00091,DB06697,1,1.0,B,DB06697,pathway,970,1.0,0.0,0.0
17,DB00091,DB06697,1,1.0,B,DB06697,pathway,986,1.0,0.0,0.0
17,DB00091,DB06697,1,1.0,B,DB06697,pathway,987,1.0,0.0,0.0
17,DB00091,DB06697,1,1.0,B,DB06697,pathway,1009,1.0,0.0,0.0
17,DB00091,DB06697,1,1.0,B,DB06697,pathway,1010,1.0,0.0,0.0
17,DB00091,DB06697,1,1.0,B,DB06697,pathway,1011,1.0,0.0,0.0
17,DB00091,DB06697,1,1.0,B,DB06697,pathway,1012,1.0,0.0,0.0
17,DB00091,DB06697,1,1.0,B,DB06697,pathway,1031,1.0,0.0,0.0
17,DB00091,DB06697,1,1.0,B,DB06697,pathway,1037,1.0,0.0,0.0
17,DB00091,DB06697,1,1.0,B,DB06697,pathway,1041,1.0,0.0,0.0
17,DB00091,DB06697,1,1.0,B,DB06697,pathway,1044,1.0,0.0,0.0
17,DB00091,DB06697,1,1.0,B,DB06697,pathway,1045,1.0,0.0,0.0
17,DB00091,DB06697,1,1.0,B,DB06697,pathway,1047,1.0,0.0,0.0
17,DB00091,DB06697,1,1.0,B,DB06697,pathway,1048,1.0,0.0,0.0
17,DB00091,DB06697,1,1.0,B,DB06697,pathway,1062,1.0,0.0,0.0
17,DB00091,DB06697,1,1.0,B,DB06697,pathway,1073,1.0,0.0,0.0
17,DB00091,DB06697,1,1.0,B,DB06697,pathway,1074,1.0,0.0,0.0
17,DB00091,DB06697,1,1.0,B,DB06697,pathway,1103,1.0,0.0,0.0
17,DB00091,DB06697,1,1.0,B,DB06697,pathway,1107,1.0,0.0,0.0
17,DB00091,DB06697,1,1.0,B,DB06697,pathway,1108,1.0,0.0,0.0
17,DB00091,DB06697,1,1.0,B,DB06697,pathway,1116,1.0,0.0,0.0
17,DB00091,DB06697,1,1.0,B,DB06697,pathway,1119,1.0,0.0,0.0
17,DB00091,DB06697,1,1.0,B,DB06697,pathway,1120,1.0,0.0,0.0
17,DB00091,DB06697,1,1.0,B,DB06697,pathway,1121,1.0,0.0,0.0
17,DB00091,DB06697,1,1.0,B,DB06697,pathway,1122,1.0,0.0,0.0
17,DB00091,DB06697,1,1.0,B,DB06697,pathway,1123,1.0,0.0,0.0
17,DB00091,DB06697,1,1.0,B,DB06697,pathway,1126,1.0,0.0,0.0
17,DB00091,DB06697,1,1.0,B,DB06697,pathway,1134,1.0,0.0,0.0
17,DB00091,DB06697,1,1.0,B,DB06697,pathway,1154,1.0,0.0,0.0
17,DB00091,DB06697,1,1.0,B,DB06697,pathway,1157,1.0,0.0,0.0
17,DB00091,DB06697,1,1.0,B,DB06697,pathway,1165,1.0,0.0,0.0
17,DB00091,DB06697,1,1.0,B,DB06697,pathway,1167,1.0,0.0,0.0
17,DB00091,DB06697,1,1.0,B,DB06697,pathway,1182,1.0,0.0,0.0
17,DB00091,DB06697,1,1.0,B,DB06697,pathway,1217,1.0,0.0,0.0
17,DB00091,DB06697,1,1.0,B,DB06697,pathway,1230,1.0,0.0,0.0
17,DB00091,DB06697,1,1.0,B,DB06697,pathway,1245,1.0,0.0,0.0
17,DB00091,DB06697,1,1.0,B,DB06697,pathway,1249,1.0,0.0,0.0
17,DB00091,DB06697,1,1.0,B,DB06697,pathway,1262,1.0,0.0,0.0
17,DB00091,DB06697,1,1.0,B,DB06697,pathway,1263,1.0,0.0,0.0
17,DB00091,DB06697,1,1.0,B,DB06697,pathway,1264,1.0,0.0,0.0
17,DB00091,DB06697,1,1.0,B,DB06697,pathway,1265,1.0,0.0,0.0
17,DB00091,DB06697,1,1.0,B,DB06697,pathway,1267,1.0,0.0,0.0
17,DB00091,DB06697,1,1.0,B,DB06697,pathway,1270,1.0,0.0,0.0
17,DB00091,DB06697,1,1.0,B,DB06697,pathway,1272,1.0,0.0,0.0
17,DB00091,DB06697,1,1.0,B,DB06697,pathway,1278,1.0,0.0,0.0
17,DB00091,DB06697,1,1.0,B,DB06697,pathway,1291,1.0,0.0,0.0
17,DB00091,DB06697,1,1.0,B,DB06697,pathway,1298,1.0,0.0,0.0
17,DB00091,DB06697,1,1.0,B,DB06697,pathway,1299,1.0,0.0,0.0
17,DB00091,DB06697,1,1.0,B,DB06697,pathway,1300,1.0,0.0,0.0
17,DB00091,DB06697,1,1.0,B,DB06697,pathway,1302,1.0,0.0,0.0
17,DB00091,DB06697,1,1.0,B,DB06697,pathway,1305,1.0,0.0,0.0
17,DB00091,DB06697,1,1.0,B,DB06697,pathway,1312,1.0,0.0,0.0
17,DB00091,DB06697,1,1.0,B,DB06697,pathway,1329,1.0,0.0,0.0
17,DB00091,DB06697,1,1.0,B,DB06697,pathway,1333,1.0,0.0,0.0
17,DB00091,DB06697,1,1.0,B,DB06697,pathway,1339,1.0,0.0,0.0
17,DB00091,DB06697,1,1.0,B,DB06697,pathway,1346,1.0,0.0,0.0
17,DB00091,DB06697,1,1.0,B,DB06697,pathway,1347,1.0,0.0,0.0
17,DB00091,DB06697,1,1.0,B,DB06697,pathway,1348,1.0,0.0,0.0
17,DB00091,DB06697,1,1.0,B,DB06697,pathway,1356,1.0,0.0,0.0
17,DB00091,DB06697,1,1.0,B,DB06697,pathway,1401,1.0,0.0,0.0
17,DB00091,DB06697,1,1.0,B,DB06697,pathway,1402,1.0,0.0,0.0
17,DB00091,DB06697,1,1.0,B,DB06697,pathway,1405,1.0,0.0,0.0
17,DB00091,DB06697,1,1.0,B,DB06697,pathway,1414,1.0,0.0,0.0
17,DB00091,DB06697,1,1.0,B,DB06697,pathway,1419,1.0,0.0,0.0
17,DB00091,DB06697,1,1.0,B,DB06697,pathway,1422,1.0,0.0,0.0
17,DB00091,DB06697,1,1.0,B,DB06697,pathway,1428,1.0,0.0,0.0
17,DB00091,DB06697,1,1.0,B,DB06697,pathway,1430,1.0,0.0,0.0
17,DB00091,DB06697,1,1.0,B,DB06697,pathway,1431,1.0,0.0,0.0
17,DB00091,DB06697,1,1.0,B,DB06697,pathway,1432,1.0,0.0,0.0
17,DB00091,DB06697,1,1.0,B,DB06697,pathway,1436,1.0,0.0,0.0
17,DB00091,DB06697,1,1.0,B,DB06697,pathway,1446,1.0,0.0,0.0
17,DB00091,DB06697,1,1.0,B,DB06697,pathway,1453,1.0,0.0,0.0
17,DB00091,DB06697,1,1.0,B,DB06697,pathway,1467,1.0,0.0,0.0
17,DB00091,DB06697,1,1.0,B,DB06697,pathway,1468,1.0,0.0,0.0
17,DB00091,DB06697,1,1.0,B,DB06697,pathway,1491,1.0,0.0,0.0
17,DB00091,DB06697,1,1.0,B,DB06697,pathway,1503,1.0,0.0,0.0
17,DB00091,DB06697,1,1.0,B,DB06697,pathway,1514,1.0,0.0,0.0
17,DB00091,DB06697,1,1.0,B,DB06697,pathway,1518,1.0,0.0,0.0
17,DB00091,DB06697,1,1.0,B,DB06697,pathway,1521,1.0,0.0,0.0
17,DB00091,DB06697,1,1.0,B,DB06697,pathway,1522,1.0,0.0,0.0
17,DB00091,DB06697,1,1.0,B,DB06697,pathway,1531,1.0,0.0,0.0
17,DB00091,DB06697,1,1.0,B,DB06697,pathway,1534,1.0,0.0,0.0
17,DB00091,DB06697,1,1.0,B,DB06697,pathway,1544,1.0,0.0,0.0
17,DB00091,DB06697,1,1.0,B,DB06697,pathway,1547,1.0,0.0,0.0
17,DB00091,DB06697,1,1.0,B,DB06697,pathway,1548,1.0,0.0,0.0
17,DB00091,DB06697,1,1.0,B,DB06697,pathway,1549,1.0,0.0,0.0
17,DB00091,DB06697,1,1.0,B,DB06697,pathway,1562,1.0,0.0,0.0
17,DB00091,DB06697,1,1.0,B,DB06697,pathway,1567,1.0,0.0,0.0
17,DB00091,DB06697,1,1.0,B,DB06697,pathway,1568,1.0,0.0,0.0
17,DB00091,DB06697,1,1.0,B,DB06697,pathway,1569,1.0,0.0,0.0
17,DB00091,DB06697,1,1.0,B,DB06697,pathway,1570,1.0,0.0,0.0
17,DB00091,DB06697,1,1.0,B,DB06697,pathway,1571,1.0,0.0,0.0
17,DB00091,DB06697,1,1.0,B,DB06697,pathway,1577,1.0,0.0,0.0
17,DB00091,DB06697,1,1.0,B,DB06697,pathway,1582,1.0,0.0,0.0
17,DB00091,DB06697,1,1.0,B,DB06697,pathway,1584,1.0,0.0,0.0
17,DB00091,DB06697,1,1.0,B,DB06697,pathway,1585,1.0,0.0,0.0
17,DB00091,DB06697,1,1.0,B,DB06697,pathway,1586,1.0,0.0,0.0
17,DB00091,DB06697,1,1.0,B,DB06697,pathway,1587,1.0,0.0,0.0
17,DB00091,DB06697,1,1.0,B,DB06697,pathway,1589,1.0,0.0,0.0
17,DB00091,DB06697,1,1.0,B,DB06697,pathway,1590,1.0,0.0,0.0
17,DB00091,DB06697,1,1.0,B,DB06697,pathway,1591,1.0,0.0,0.0
17,DB00091,DB06697,1,1.0,B,DB06697,pathway,1592,1.0,0.0,0.0
17,DB00091,DB06697,1,1.0,B,DB06697,pathway,1593,1.0,0.0,0.0
17,DB00091,DB06697,1,1.0,B,DB06697,pathway,1594,1.0,0.0,0.0
17,DB00091,DB06697,1,1.0,B,DB06697,pathway,1595,1.0,0.0,0.0
17,DB00091,DB06697,1,1.0,B,DB06697,pathway,1596,1.0,0.0,0.0
17,DB00091,DB06697,1,1.0,B,DB06697,pathway,1597,1.0,0.0,0.0
17,DB00091,DB06697,1,1.0,B,DB06697,pathway,1598,1.0,0.0,0.0
17,DB00091,DB06697,1,1.0,B,DB06697,pathway,1599,1.0,0.0,0.0
17,DB00091,DB06697,1,1.0,B,DB06697,pathway,1613,1.0,0.0,0.0
17,DB00091,DB06697,1,1.0,B,DB06697,pathway,1637,1.0,0.0,0.0
17,DB00091,DB06697,1,1.0,B,DB06697,pathway,1640,1.0,0.0,0.0
17,DB00091,DB06697,1,1.0,B,DB06697,pathway,1652,1.0,0.0,0.0
17,DB00091,DB06697,1,1.0,B,DB06697,pathway,1692,1.0,0.0,0.0
17,DB00091,DB06697,1,1.0,B,DB06697,pathway,1713,1.0,0.0,0.0
17,DB00091,DB06697,1,1.0,B,DB06697,pathway,1719,1.0,0.0,0.0
17,DB00091,DB06697,1,1.0,B,DB06697,pathway,1730,1.0,0.0,0.0
17,DB00091,DB06697,1,1.0,B,DB06697,pathway,1737,1.0,0.0,0.0
17,DB00091,DB06697,1,1.0,B,DB06697,pathway,1744,1.0,0.0,0.0
17,DB00091,DB06697,1,1.0,B,DB06697,pathway,1751,1.0,0.0,0.0
17,DB00091,DB06697,1,1.0,B,DB06697,pathway,1770,1.0,0.0,0.0
17,DB00091,DB06697,1,1.0,B,DB06697,pathway,1774,1.0,0.0,0.0
17,DB00091,DB06697,1,1.0,B,DB06697,pathway,1776,1.0,0.0,0.0
17,DB00091,DB06697,1,1.0,B,DB06697,pathway,1788,1.0,0.0,0.0
17,DB00091,DB06697,1,1.0,B,DB06697,pathway,1805,1.0,0.0,0.0
17,DB00091,DB06697,1,1.0,B,DB06697,pathway,1812,1.0,0.0,0.0
17,DB00091,DB06697,1,1.0,B,DB06697,pathway,1818,1.0,0.0,0.0
17,DB00091,DB06697,1,1.0,B,DB06697,pathway,1837,1.0,0.0,0.0
17,DB00091,DB06697,1,1.0,B,DB06697,pathway,1848,1.0,0.0,0.0
17,DB00091,DB06697,1,1.0,B,DB06697,pathway,1850,1.0,0.0,0.0
17,DB00091,DB06697,1,1.0,B,DB06697,pathway,1865,1.0,0.0,0.0
17,DB00091,DB06697,1,1.0,B,DB06697,pathway,1867,1.0,0.0,0.0
17,DB00091,DB06697,1,1.0,B,DB06697,pathway,1880,1.0,0.0,0.0
17,DB00091,DB06697,1,1.0,B,DB06697,pathway,1892,1.0,0.0,0.0
17,DB00091,DB06697,1,1.0,B,DB06697,pathway,1898,1.0,0.0,0.0
17,DB00091,DB06697,1,1.0,B,DB06697,pathway,1903,1.0,0.0,0.0
17,DB00091,DB06697,1,1.0,B,DB06697,pathway,1904,1.0,0.0,0.0
17,DB00091,DB06697,1,1.0,B,DB06697,pathway,1905,1.0,0.0,0.0
17,DB00091,DB06697,1,1.0,B,DB06697,pathway,1932,1.0,0.0,0.0
17,DB00091,DB06697,1,1.0,B,DB06697,pathway,1938,1.0,0.0,0.0
17,DB00091,DB06697,1,1.0,B,DB06697,pathway,1958,1.0,0.0,0.0
17,DB00091,DB06697,1,1.0,B,DB06697,pathway,1959,1.0,0.0,0.0
17,DB00091,DB06697,1,1.0,B,DB06697,pathway,1965,1.0,0.0,0.0
18,DB00091,DB09297,1,1.0,A,DB00091,pathway,0,1.0,0.0,0.0
18,DB00091,DB09297,1,1.0,A,DB00091,pathway,2,1.0,0.0,0.0
18,DB00091,DB09297,1,1.0,A,DB00091,pathway,4,1.0,0.0,0.0
18,DB00091,DB09297,1,1.0,A,DB00091,pathway,10,1.0,0.0,0.0
18,DB00091,DB09297,1,1.0,A,DB00091,pathway,11,1.0,0.0,0.0
18,DB00091,DB09297,1,1.0,A,DB00091,pathway,12,1.0,0.0,0.0
18,DB00091,DB09297,1,1.0,A,DB00091,pathway,13,1.0,0.0,0.0
18,DB00091,DB09297,1,1.0,A,DB00091,pathway,15,1.0,0.0,0.0
18,DB00091,DB09297,1,1.0,A,DB00091,pathway,26,1.0,0.0,0.0
18,DB00091,DB09297,1,1.0,A,DB00091,pathway,29,1.0,0.0,0.0
18,DB00091,DB09297,1,1.0,A,DB00091,pathway,31,1.0,0.0,0.0
18,DB00091,DB09297,1,1.0,A,DB00091,pathway,39,1.0,0.0,0.0
18,DB00091,DB09297,1,1.0,A,DB00091,pathway,43,1.0,0.0,0.0
18,DB00091,DB09297,1,1.0,A,DB00091,pathway,44,1.0,0.0,0.0
18,DB00091,DB09297,1,1.0,A,DB00091,pathway,51,1.0,0.0,0.0
18,DB00091,DB09297,1,1.0,A,DB00091,pathway,52,1.0,0.0,0.0
18,DB00091,DB09297,1,1.0,A,DB00091,pathway,53,1.0,0.0,0.0
18,DB00091,DB09297,1,1.0,A,DB00091,pathway,55,1.0,0.0,0.0
18,DB00091,DB09297,1,1.0,A,DB00091,pathway,57,1.0,0.0,0.0
18,DB00091,DB09297,1,1.0,A,DB00091,pathway,62,1.0,0.0,0.0
18,DB00091,DB09297,1,1.0,A,DB00091,pathway,66,1.0,0.0,0.0
18,DB00091,DB09297,1,1.0,A,DB00091,pathway,67,1.0,0.0,0.0
18,DB00091,DB09297,1,1.0,A,DB00091,pathway,72,1.0,0.0,0.0
18,DB00091,DB09297,1,1.0,A,DB00091,pathway,74,1.0,0.0,0.0
18,DB00091,DB09297,1,1.0,A,DB00091,pathway,75,1.0,0.0,0.0
18,DB00091,DB09297,1,1.0,A,DB00091,pathway,78,1.0,0.0,0.0
18,DB00091,DB09297,1,1.0,A,DB00091,pathway,79,1.0,0.0,0.0
18,DB00091,DB09297,1,1.0,A,DB00091,pathway,81,1.0,0.0,0.0
18,DB00091,DB09297,1,1.0,A,DB00091,pathway,82,1.0,0.0,0.0
18,DB00091,DB09297,1,1.0,A,DB00091,pathway,84,1.0,0.0,0.0
18,DB00091,DB09297,1,1.0,A,DB00091,pathway,91,1.0,0.0,0.0
18,DB00091,DB09297,1,1.0,A,DB00091,pathway,98,1.0,0.0,0.0
18,DB00091,DB09297,1,1.0,A,DB00091,pathway,100,1.0,0.0,0.0
18,DB00091,DB09297,1,1.0,A,DB00091,pathway,104,1.0,0.0,0.0
18,DB00091,DB09297,1,1.0,A,DB00091,pathway,110,1.0,0.0,0.0
18,DB00091,DB09297,1,1.0,A,DB00091,pathway,113,1.0,0.0,0.0
18,DB00091,DB09297,1,1.0,A,DB00091,pathway,116,1.0,0.0,0.0
18,DB00091,DB09297,1,1.0,A,DB00091,pathway,117,1.0,0.0,0.0
18,DB00091,DB09297,1,1.0,A,DB00091,pathway,119,1.0,0.0,0.0
18,DB00091,DB09297,1,1.0,A,DB00091,pathway,121,1.0,0.0,0.0
18,DB00091,DB09297,1,1.0,A,DB00091,pathway,123,1.0,0.0,0.0
18,DB00091,DB09297,1,1.0,A,DB00091,pathway,124,1.0,0.0,0.0
18,DB00091,DB09297,1,1.0,A,DB00091,pathway,136,1.0,0.0,0.0
18,DB00091,DB09297,1,1.0,A,DB00091,pathway,141,1.0,0.0,0.0
18,DB00091,DB09297,1,1.0,A,DB00091,pathway,143,1.0,0.0,0.0
18,DB00091,DB09297,1,1.0,A,DB00091,pathway,158,1.0,0.0,0.0
18,DB00091,DB09297,1,1.0,A,DB00091,pathway,159,1.0,0.0,0.0
18,DB00091,DB09297,1,1.0,A,DB00091,pathway,168,1.0,0.0,0.0
18,DB00091,DB09297,1,1.0,A,DB00091,pathway,169,1.0,0.0,0.0
18,DB00091,DB09297,1,1.0,A,DB00091,pathway,170,1.0,0.0,0.0
18,DB00091,DB09297,1,1.0,A,DB00091,pathway,171,1.0,0.0,0.0
18,DB00091,DB09297,1,1.0,A,DB00091,pathway,172,1.0,0.0,0.0
18,DB00091,DB09297,1,1.0,A,DB00091,pathway,176,1.0,0.0,0.0
18,DB00091,DB09297,1,1.0,A,DB00091,pathway,187,1.0,0.0,0.0
18,DB00091,DB09297,1,1.0,A,DB00091,pathway,188,1.0,0.0,0.0
18,DB00091,DB09297,1,1.0,A,DB00091,pathway,191,1.0,0.0,0.0
18,DB00091,DB09297,1,1.0,A,DB00091,pathway,193,1.0,0.0,0.0
18,DB00091,DB09297,1,1.0,A,DB00091,pathway,195,1.0,0.0,0.0
18,DB00091,DB09297,1,1.0,A,DB00091,pathway,205,1.0,0.0,0.0
18,DB00091,DB09297,1,1.0,A,DB00091,pathway,208,1.0,0.0,0.0
18,DB00091,DB09297,1,1.0,A,DB00091,pathway,209,1.0,0.0,0.0
18,DB00091,DB09297,1,1.0,A,DB00091,pathway,227,1.0,0.0,0.0
18,DB00091,DB09297,1,1.0,A,DB00091,pathway,237,1.0,0.0,0.0
18,DB00091,DB09297,1,1.0,A,DB00091,pathway,245,1.0,0.0,0.0
18,DB00091,DB09297,1,1.0,A,DB00091,pathway,247,1.0,0.0,0.0
18,DB00091,DB09297,1,1.0,A,DB00091,pathway,250,1.0,0.0,0.0
18,DB00091,DB09297,1,1.0,A,DB00091,pathway,263,1.0,0.0,0.0
18,DB00091,DB09297,1,1.0,A,DB00091,pathway,269,1.0,0.0,0.0
18,DB00091,DB09297,1,1.0,A,DB00091,pathway,281,1.0,0.0,0.0
18,DB00091,DB09297,1,1.0,A,DB00091,pathway,283,1.0,0.0,0.0
18,DB00091,DB09297,1,1.0,A,DB00091,pathway,285,1.0,0.0,0.0
18,DB00091,DB09297,1,1.0,A,DB00091,pathway,286,1.0,0.0,0.0
18,DB00091,DB09297,1,1.0,A,DB00091,pathway,287,1.0,0.0,0.0
18,DB00091,DB09297,1,1.0,A,DB00091,pathway,290,1.0,0.0,0.0
18,DB00091,DB09297,1,1.0,A,DB00091,pathway,296,1.0,0.0,0.0
18,DB00091,DB09297,1,1.0,A,DB00091,pathway,297,1.0,0.0,0.0
18,DB00091,DB09297,1,1.0,A,DB00091,pathway,308,1.0,0.0,0.0
18,DB00091,DB09297,1,1.0,A,DB00091,pathway,314,1.0,0.0,0.0
18,DB00091,DB09297,1,1.0,A,DB00091,pathway,315,1.0,0.0,0.0
18,DB00091,DB09297,1,1.0,A,DB00091,pathway,329,1.0,0.0,0.0
18,DB00091,DB09297,1,1.0,A,DB00091,pathway,332,1.0,0.0,0.0
18,DB00091,DB09297,1,1.0,A,DB00091,pathway,333,1.0,0.0,0.0
18,DB00091,DB09297,1,1.0,A,DB00091,pathway,340,1.0,0.0,0.0
18,DB00091,DB09297,1,1.0,A,DB00091,pathway,346,1.0,0.0,0.0
18,DB00091,DB09297,1,1.0,A,DB00091,pathway,350,1.0,0.0,0.0
18,DB00091,DB09297,1,1.0,A,DB00091,pathway,353,1.0,0.0,0.0
18,DB00091,DB09297,1,1.0,A,DB00091,pathway,358,1.0,0.0,0.0
18,DB00091,DB09297,1,1.0,A,DB00091,pathway,359,1.0,0.0,0.0
18,DB00091,DB09297,1,1.0,A,DB00091,pathway,362,1.0,0.0,0.0
18,DB00091,DB09297,1,1.0,A,DB00091,pathway,371,1.0,0.0,0.0
18,DB00091,DB09297,1,1.0,A,DB00091,pathway,374,1.0,0.0,0.0
18,DB00091,DB09297,1,1.0,A,DB00091,pathway,379,1.0,0.0,0.0
18,DB00091,DB09297,1,1.0,A,DB00091,pathway,385,1.0,0.0,0.0
18,DB00091,DB09297,1,1.0,A,DB00091,pathway,386,1.0,0.0,0.0
18,DB00091,DB09297,1,1.0,A,DB00091,pathway,387,1.0,0.0,0.0
18,DB00091,DB09297,1,1.0,A,DB00091,pathway,393,1.0,0.0,0.0
18,DB00091,DB09297,1,1.0,A,DB00091,pathway,394,1.0,0.0,0.0
18,DB00091,DB09297,1,1.0,A,DB00091,pathway,395,1.0,0.0,0.0
18,DB00091,DB09297,1,1.0,A,DB00091,pathway,396,1.0,0.0,0.0
18,DB00091,DB09297,1,1.0,A,DB00091,pathway,397,1.0,0.0,0.0
18,DB00091,DB09297,1,1.0,A,DB00091,pathway,398,1.0,0.0,0.0
18,DB00091,DB09297,1,1.0,A,DB00091,pathway,399,1.0,0.0,0.0
18,DB00091,DB09297,1,1.0,A,DB00091,pathway,401,1.0,0.0,0.0
18,DB00091,DB09297,1,1.0,A,DB00091,pathway,402,1.0,0.0,0.0
18,DB00091,DB09297,1,1.0,A,DB00091,pathway,427,1.0,0.0,0.0
18,DB00091,DB09297,1,1.0,A,DB00091,pathway,429,1.0,0.0,0.0
18,DB00091,DB09297,1,1.0,A,DB00091,pathway,430,1.0,0.0,0.0
18,DB00091,DB09297,1,1.0,A,DB00091,pathway,438,1.0,0.0,0.0
18,DB00091,DB09297,1,1.0,A,DB00091,pathway,439,1.0,0.0,0.0
18,DB00091,DB09297,1,1.0,A,DB00091,pathway,440,1.0,0.0,0.0
18,DB00091,DB09297,1,1.0,A,DB00091,pathway,441,1.0,0.0,0.0
18,DB00091,DB09297,1,1.0,A,DB00091,pathway,442,1.0,0.0,0.0
18,DB00091,DB09297,1,1.0,A,DB00091,pathway,443,1.0,0.0,0.0
18,DB00091,DB09297,1,1.0,A,DB00091,pathway,444,1.0,0.0,0.0
18,DB00091,DB09297,1,1.0,A,DB00091,pathway,446,1.0,0.0,0.0
18,DB00091,DB09297,1,1.0,A,DB00091,pathway,447,1.0,0.0,0.0
18,DB00091,DB09297,1,1.0,A,DB00091,pathway,452,1.0,0.0,0.0
18,DB00091,DB09297,1,1.0,A,DB00091,pathway,455,1.0,0.0,0.0
18,DB00091,DB09297,1,1.0,A,DB00091,pathway,457,1.0,0.0,0.0
18,DB00091,DB09297,1,1.0,A,DB00091,pathway,462,1.0,0.0,0.0
18,DB00091,DB09297,1,1.0,A,DB00091,pathway,464,1.0,0.0,0.0
18,DB00091,DB09297,1,1.0,A,DB00091,pathway,466,1.0,0.0,0.0
18,DB00091,DB09297,1,1.0,A,DB00091,pathway,467,1.0,0.0,0.0
18,DB00091,DB09297,1,1.0,A,DB00091,pathway,471,1.0,0.0,0.0
18,DB00091,DB09297,1,1.0,A,DB00091,pathway,473,1.0,0.0,0.0
18,DB00091,DB09297,1,1.0,A,DB00091,pathway,478,1.0,0.0,0.0
18,DB00091,DB09297,1,1.0,A,DB00091,pathway,479,1.0,0.0,0.0
18,DB00091,DB09297,1,1.0,A,DB00091,pathway,480,1.0,0.0,0.0
18,DB00091,DB09297,1,1.0,A,DB00091,pathway,481,1.0,0.0,0.0
18,DB00091,DB09297,1,1.0,A,DB00091,pathway,482,1.0,0.0,0.0
18,DB00091,DB09297,1,1.0,A,DB00091,pathway,488,1.0,0.0,0.0
18,DB00091,DB09297,1,1.0,A,DB00091,pathway,498,1.0,0.0,0.0
18,DB00091,DB09297,1,1.0,A,DB00091,pathway,499,1.0,0.0,0.0
18,DB00091,DB09297,1,1.0,A,DB00091,pathway,511,1.0,0.0,0.0
18,DB00091,DB09297,1,1.0,A,DB00091,pathway,512,1.0,0.0,0.0
18,DB00091,DB09297,1,1.0,A,DB00091,pathway,513,1.0,0.0,0.0
18,DB00091,DB09297,1,1.0,A,DB00091,pathway,515,1.0,0.0,0.0
18,DB00091,DB09297,1,1.0,A,DB00091,pathway,521,1.0,0.0,0.0
18,DB00091,DB09297,1,1.0,A,DB00091,pathway,524,1.0,0.0,0.0
18,DB00091,DB09297,1,1.0,A,DB00091,pathway,527,1.0,0.0,0.0
18,DB00091,DB09297,1,1.0,A,DB00091,pathway,528,1.0,0.0,0.0
18,DB00091,DB09297,1,1.0,A,DB00091,pathway,530,1.0,0.0,0.0
18,DB00091,DB09297,1,1.0,A,DB00091,pathway,531,1.0,0.0,0.0
18,DB00091,DB09297,1,1.0,A,DB00091,pathway,532,1.0,0.0,0.0
18,DB00091,DB09297,1,1.0,A,DB00091,pathway,536,1.0,0.0,0.0
18,DB00091,DB09297,1,1.0,A,DB00091,pathway,542,1.0,0.0,0.0
18,DB00091,DB09297,1,1.0,A,DB00091,pathway,544,1.0,0.0,0.0
18,DB00091,DB09297,1,1.0,A,DB00091,pathway,552,1.0,0.0,0.0
18,DB00091,DB09297,1,1.0,A,DB00091,pathway,557,1.0,0.0,0.0
18,DB00091,DB09297,1,1.0,A,DB00091,pathway,559,1.0,0.0,0.0
18,DB00091,DB09297,1,1.0,A,DB00091,pathway,587,1.0,0.0,0.0
18,DB00091,DB09297,1,1.0,A,DB00091,pathway,588,1.0,0.0,0.0
18,DB00091,DB09297,1,1.0,A,DB00091,pathway,589,1.0,0.0,0.0
18,DB00091,DB09297,1,1.0,A,DB00091,pathway,590,1.0,0.0,0.0
18,DB00091,DB09297,1,1.0,A,DB00091,pathway,591,1.0,0.0,0.0
18,DB00091,DB09297,1,1.0,A,DB00091,pathway,594,1.0,0.0,0.0
18,DB00091,DB09297,1,1.0,A,DB00091,pathway,602,1.0,0.0,0.0
18,DB00091,DB09297,1,1.0,A,DB00091,pathway,612,1.0,0.0,0.0
18,DB00091,DB09297,1,1.0,A,DB00091,pathway,614,1.0,0.0,0.0
18,DB00091,DB09297,1,1.0,A,DB00091,pathway,617,1.0,0.0,0.0
18,DB00091,DB09297,1,1.0,A,DB00091,pathway,619,1.0,0.0,0.0
18,DB00091,DB09297,1,1.0,A,DB00091,pathway,620,1.0,0.0,0.0
18,DB00091,DB09297,1,1.0,A,DB00091,pathway,625,1.0,0.0,0.0
18,DB00091,DB09297,1,1.0,A,DB00091,pathway,626,1.0,0.0,0.0
18,DB00091,DB09297,1,1.0,A,DB00091,pathway,627,1.0,0.0,0.0
18,DB00091,DB09297,1,1.0,A,DB00091,pathway,630,1.0,0.0,0.0
18,DB00091,DB09297,1,1.0,A,DB00091,pathway,631,1.0,0.0,0.0
18,DB00091,DB09297,1,1.0,A,DB00091,pathway,636,1.0,0.0,0.0
18,DB00091,DB09297,1,1.0,A,DB00091,pathway,637,1.0,0.0,0.0
18,DB00091,DB09297,1,1.0,A,DB00091,pathway,638,1.0,0.0,0.0
18,DB00091,DB09297,1,1.0,A,DB00091,pathway,640,1.0,0.0,0.0
18,DB00091,DB09297,1,1.0,A,DB00091,pathway,641,1.0,0.0,0.0
18,DB00091,DB09297,1,1.0,A,DB00091,pathway,642,1.0,0.0,0.0
18,DB00091,DB09297,1,1.0,A,DB00091,pathway,643,1.0,0.0,0.0
18,DB00091,DB09297,1,1.0,A,DB00091,pathway,644,1.0,0.0,0.0
18,DB00091,DB09297,1,1.0,A,DB00091,pathway,645,1.0,0.0,0.0
18,DB00091,DB09297,1,1.0,A,DB00091,pathway,646,1.0,0.0,0.0
18,DB00091,DB09297,1,1.0,A,DB00091,pathway,647,1.0,0.0,0.0
18,DB00091,DB09297,1,1.0,A,DB00091,pathway,650,1.0,0.0,0.0
18,DB00091,DB09297,1,1.0,A,DB00091,pathway,651,1.0,0.0,0.0
18,DB00091,DB09297,1,1.0,A,DB00091,pathway,652,1.0,0.0,0.0
18,DB00091,DB09297,1,1.0,A,DB00091,pathway,654,1.0,0.0,0.0
18,DB00091,DB09297,1,1.0,A,DB00091,pathway,655,1.0,0.0,0.0
18,DB00091,DB09297,1,1.0,A,DB00091,pathway,656,1.0,0.0,0.0
18,DB00091,DB09297,1,1.0,A,DB00091,pathway,658,1.0,0.0,0.0
18,DB00091,DB09297,1,1.0,A,DB00091,pathway,664,1.0,0.0,0.0
18,DB00091,DB09297,1,1.0,A,DB00091,pathway,668,1.0,0.0,0.0
18,DB00091,DB09297,1,1.0,A,DB00091,pathway,670,1.0,0.0,0.0
18,DB00091,DB09297,1,1.0,A,DB00091,pathway,671,1.0,0.0,0.0
18,DB00091,DB09297,1,1.0,A,DB00091,pathway,672,1.0,0.0,0.0
18,DB00091,DB09297,1,1.0,A,DB00091,pathway,673,1.0,0.0,0.0
18,DB00091,DB09297,1,1.0,A,DB00091,pathway,674,1.0,0.0,0.0
18,DB00091,DB09297,1,1.0,A,DB00091,pathway,677,1.0,0.0,0.0
18,DB00091,DB09297,1,1.0,A,DB00091,pathway,679,1.0,0.0,0.0
18,DB00091,DB09297,1,1.0,A,DB00091,pathway,683,1.0,0.0,0.0
18,DB00091,DB09297,1,1.0,A,DB00091,pathway,685,1.0,0.0,0.0
18,DB00091,DB09297,1,1.0,A,DB00091,pathway,686,1.0,0.0,0.0
18,DB00091,DB09297,1,1.0,A,DB00091,pathway,687,1.0,0.0,0.0
18,DB00091,DB09297,1,1.0,A,DB00091,pathway,688,1.0,0.0,0.0
18,DB00091,DB09297,1,1.0,A,DB00091,pathway,691,1.0,0.0,0.0
18,DB00091,DB09297,1,1.0,A,DB00091,pathway,692,1.0,0.0,0.0
18,DB00091,DB09297,1,1.0,A,DB00091,pathway,693,1.0,0.0,0.0
18,DB00091,DB09297,1,1.0,A,DB00091,pathway,694,1.0,0.0,0.0
18,DB00091,DB09297,1,1.0,A,DB00091,pathway,695,1.0,0.0,0.0
18,DB00091,DB09297,1,1.0,A,DB00091,pathway,696,1.0,0.0,0.0
18,DB00091,DB09297,1,1.0,A,DB00091,pathway,701,1.0,0.0,0.0
18,DB00091,DB09297,1,1.0,A,DB00091,pathway,703,1.0,0.0,0.0
18,DB00091,DB09297,1,1.0,A,DB00091,pathway,704,1.0,0.0,0.0
18,DB00091,DB09297,1,1.0,A,DB00091,pathway,705,1.0,0.0,0.0
18,DB00091,DB09297,1,1.0,A,DB00091,pathway,707,1.0,0.0,0.0
18,DB00091,DB09297,1,1.0,A,DB00091,pathway,708,1.0,0.0,0.0
18,DB00091,DB09297,1,1.0,A,DB00091,pathway,709,1.0,0.0,0.0
18,DB00091,DB09297,1,1.0,A,DB00091,pathway,711,1.0,0.0,0.0
18,DB00091,DB09297,1,1.0,A,DB00091,pathway,715,1.0,0.0,0.0
18,DB00091,DB09297,1,1.0,A,DB00091,pathway,716,1.0,0.0,0.0
18,DB00091,DB09297,1,1.0,A,DB00091,pathway,717,1.0,0.0,0.0
18,DB00091,DB09297,1,1.0,A,DB00091,pathway,718,1.0,0.0,0.0
18,DB00091,DB09297,1,1.0,A,DB00091,pathway,719,1.0,0.0,0.0
18,DB00091,DB09297,1,1.0,A,DB00091,pathway,728,1.0,0.0,0.0
18,DB00091,DB09297,1,1.0,A,DB00091,pathway,730,1.0,0.0,0.0
18,DB00091,DB09297,1,1.0,A,DB00091,pathway,732,1.0,0.0,0.0
18,DB00091,DB09297,1,1.0,A,DB00091,pathway,733,1.0,0.0,0.0
18,DB00091,DB09297,1,1.0,A,DB00091,pathway,744,1.0,0.0,0.0
18,DB00091,DB09297,1,1.0,A,DB00091,pathway,764,1.0,0.0,0.0
18,DB00091,DB09297,1,1.0,A,DB00091,pathway,765,1.0,0.0,0.0
18,DB00091,DB09297,1,1.0,A,DB00091,pathway,772,1.0,0.0,0.0
18,DB00091,DB09297,1,1.0,A,DB00091,pathway,775,1.0,0.0,0.0
18,DB00091,DB09297,1,1.0,A,DB00091,pathway,776,1.0,0.0,0.0
18,DB00091,DB09297,1,1.0,A,DB00091,pathway,777,1.0,0.0,0.0
18,DB00091,DB09297,1,1.0,A,DB00091,pathway,783,1.0,0.0,0.0
18,DB00091,DB09297,1,1.0,A,DB00091,pathway,784,1.0,0.0,0.0
18,DB00091,DB09297,1,1.0,A,DB00091,pathway,787,1.0,0.0,0.0
18,DB00091,DB09297,1,1.0,A,DB00091,pathway,788,1.0,0.0,0.0
18,DB00091,DB09297,1,1.0,A,DB00091,pathway,789,1.0,0.0,0.0
18,DB00091,DB09297,1,1.0,A,DB00091,pathway,797,1.0,0.0,0.0
18,DB00091,DB09297,1,1.0,A,DB00091,pathway,798,1.0,0.0,0.0
18,DB00091,DB09297,1,1.0,A,DB00091,pathway,799,1.0,0.0,0.0
18,DB00091,DB09297,1,1.0,A,DB00091,pathway,801,1.0,0.0,0.0
18,DB00091,DB09297,1,1.0,A,DB00091,pathway,805,1.0,0.0,0.0
18,DB00091,DB09297,1,1.0,A,DB00091,pathway,806,1.0,0.0,0.0
18,DB00091,DB09297,1,1.0,A,DB00091,pathway,811,1.0,0.0,0.0
18,DB00091,DB09297,1,1.0,A,DB00091,pathway,826,1.0,0.0,0.0
18,DB00091,DB09297,1,1.0,A,DB00091,pathway,830,1.0,0.0,0.0
18,DB00091,DB09297,1,1.0,A,DB00091,pathway,836,1.0,0.0,0.0
18,DB00091,DB09297,1,1.0,A,DB00091,pathway,837,1.0,0.0,0.0
18,DB00091,DB09297,1,1.0,A,DB00091,pathway,840,1.0,0.0,0.0
18,DB00091,DB09297,1,1.0,A,DB00091,pathway,845,1.0,0.0,0.0
18,DB00091,DB09297,1,1.0,A,DB00091,pathway,853,1.0,0.0,0.0
18,DB00091,DB09297,1,1.0,A,DB00091,pathway,854,1.0,0.0,0.0
18,DB00091,DB09297,1,1.0,A,DB00091,pathway,855,1.0,0.0,0.0
18,DB00091,DB09297,1,1.0,A,DB00091,pathway,863,1.0,0.0,0.0
18,DB00091,DB09297,1,1.0,A,DB00091,pathway,870,1.0,0.0,0.0
18,DB00091,DB09297,1,1.0,A,DB00091,pathway,874,1.0,0.0,0.0
18,DB00091,DB09297,1,1.0,A,DB00091,pathway,877,1.0,0.0,0.0
18,DB00091,DB09297,1,1.0,A,DB00091,pathway,883,1.0,0.0,0.0
18,DB00091,DB09297,1,1.0,A,DB00091,pathway,896,1.0,0.0,0.0
18,DB00091,DB09297,1,1.0,A,DB00091,pathway,910,1.0,0.0,0.0
18,DB00091,DB09297,1,1.0,A,DB00091,pathway,919,1.0,0.0,0.0
18,DB00091,DB09297,1,1.0,A,DB00091,pathway,922,1.0,0.0,0.0
18,DB00091,DB09297,1,1.0,A,DB00091,pathway,927,1.0,0.0,0.0
18,DB00091,DB09297,1,1.0,A,DB00091,pathway,940,1.0,0.0,0.0
18,DB00091,DB09297,1,1.0,A,DB00091,pathway,948,1.0,0.0,0.0
18,DB00091,DB09297,1,1.0,A,DB00091,pathway,955,1.0,0.0,0.0
18,DB00091,DB09297,1,1.0,A,DB00091,pathway,958,1.0,0.0,0.0
18,DB00091,DB09297,1,1.0,A,DB00091,pathway,959,1.0,0.0,0.0
18,DB00091,DB09297,1,1.0,A,DB00091,pathway,965,1.0,0.0,0.0
18,DB00091,DB09297,1,1.0,A,DB00091,pathway,968,1.0,0.0,0.0
18,DB00091,DB09297,1,1.0,A,DB00091,pathway,969,1.0,0.0,0.0
18,DB00091,DB09297,1,1.0,A,DB00091,pathway,970,1.0,0.0,0.0
18,DB00091,DB09297,1,1.0,A,DB00091,pathway,973,1.0,0.0,0.0
18,DB00091,DB09297,1,1.0,A,DB00091,pathway,981,1.0,0.0,0.0
18,DB00091,DB09297,1,1.0,A,DB00091,pathway,986,1.0,0.0,0.0
18,DB00091,DB09297,1,1.0,A,DB00091,pathway,987,1.0,0.0,0.0
18,DB00091,DB09297,1,1.0,A,DB00091,pathway,988,1.0,0.0,0.0
18,DB00091,DB09297,1,1.0,A,DB00091,pathway,989,1.0,0.0,0.0
18,DB00091,DB09297,1,1.0,A,DB00091,pathway,1009,1.0,0.0,0.0
18,DB00091,DB09297,1,1.0,A,DB00091,pathway,1010,1.0,0.0,0.0
18,DB00091,DB09297,1,1.0,A,DB00091,pathway,1011,1.0,0.0,0.0
18,DB00091,DB09297,1,1.0,A,DB00091,pathway,1012,1.0,0.0,0.0
18,DB00091,DB09297,1,1.0,A,DB00091,pathway,1018,1.0,0.0,0.0
18,DB00091,DB09297,1,1.0,A,DB00091,pathway,1019,1.0,0.0,0.0
18,DB00091,DB09297,1,1.0,A,DB00091,pathway,1020,1.0,0.0,0.0
18,DB00091,DB09297,1,1.0,A,DB00091,pathway,1031,1.0,0.0,0.0
18,DB00091,DB09297,1,1.0,A,DB00091,pathway,1037,1.0,0.0,0.0
18,DB00091,DB09297,1,1.0,A,DB00091,pathway,1041,1.0,0.0,0.0
18,DB00091,DB09297,1,1.0,A,DB00091,pathway,1044,1.0,0.0,0.0
18,DB00091,DB09297,1,1.0,A,DB00091,pathway,1045,1.0,0.0,0.0
18,DB00091,DB09297,1,1.0,A,DB00091,pathway,1046,1.0,0.0,0.0
18,DB00091,DB09297,1,1.0,A,DB00091,pathway,1047,1.0,0.0,0.0
18,DB00091,DB09297,1,1.0,A,DB00091,pathway,1048,1.0,0.0,0.0
18,DB00091,DB09297,1,1.0,A,DB00091,pathway,1054,1.0,0.0,0.0
18,DB00091,DB09297,1,1.0,A,DB00091,pathway,1057,1.0,0.0,0.0
18,DB00091,DB09297,1,1.0,A,DB00091,pathway,1062,1.0,0.0,0.0
18,DB00091,DB09297,1,1.0,A,DB00091,pathway,1064,1.0,0.0,0.0
18,DB00091,DB09297,1,1.0,A,DB00091,pathway,1066,1.0,0.0,0.0
18,DB00091,DB09297,1,1.0,A,DB00091,pathway,1073,1.0,0.0,0.0
18,DB00091,DB09297,1,1.0,A,DB00091,pathway,1074,1.0,0.0,0.0
18,DB00091,DB09297,1,1.0,A,DB00091,pathway,1079,1.0,0.0,0.0
18,DB00091,DB09297,1,1.0,A,DB00091,pathway,1080,1.0,0.0,0.0
18,DB00091,DB09297,1,1.0,A,DB00091,pathway,1081,1.0,0.0,0.0
18,DB00091,DB09297,1,1.0,A,DB00091,pathway,1082,1.0,0.0,0.0
18,DB00091,DB09297,1,1.0,A,DB00091,pathway,1083,1.0,0.0,0.0
18,DB00091,DB09297,1,1.0,A,DB00091,pathway,1084,1.0,0.0,0.0
18,DB00091,DB09297,1,1.0,A,DB00091,pathway,1085,1.0,0.0,0.0
18,DB00091,DB09297,1,1.0,A,DB00091,pathway,1089,1.0,0.0,0.0
18,DB00091,DB09297,1,1.0,A,DB00091,pathway,1090,1.0,0.0,0.0
18,DB00091,DB09297,1,1.0,A,DB00091,pathway,1099,1.0,0.0,0.0
18,DB00091,DB09297,1,1.0,A,DB00091,pathway,1100,1.0,0.0,0.0
18,DB00091,DB09297,1,1.0,A,DB00091,pathway,1102,1.0,0.0,0.0
18,DB00091,DB09297,1,1.0,A,DB00091,pathway,1103,1.0,0.0,0.0
18,DB00091,DB09297,1,1.0,A,DB00091,pathway,1107,1.0,0.0,0.0
18,DB00091,DB09297,1,1.0,A,DB00091,pathway,1108,1.0,0.0,0.0
18,DB00091,DB09297,1,1.0,A,DB00091,pathway,1110,1.0,0.0,0.0
18,DB00091,DB09297,1,1.0,A,DB00091,pathway,1116,1.0,0.0,0.0
18,DB00091,DB09297,1,1.0,A,DB00091,pathway,1119,1.0,0.0,0.0
18,DB00091,DB09297,1,1.0,A,DB00091,pathway,1120,1.0,0.0,0.0
18,DB00091,DB09297,1,1.0,A,DB00091,pathway,1121,1.0,0.0,0.0
18,DB00091,DB09297,1,1.0,A,DB00091,pathway,1122,1.0,0.0,0.0
18,DB00091,DB09297,1,1.0,A,DB00091,pathway,1123,1.0,0.0,0.0
18,DB00091,DB09297,1,1.0,A,DB00091,pathway,1126,1.0,0.0,0.0
18,DB00091,DB09297,1,1.0,A,DB00091,pathway,1134,1.0,0.0,0.0
18,DB00091,DB09297,1,1.0,A,DB00091,pathway,1135,1.0,0.0,0.0
18,DB00091,DB09297,1,1.0,A,DB00091,pathway,1138,1.0,0.0,0.0
18,DB00091,DB09297,1,1.0,A,DB00091,pathway,1153,1.0,0.0,0.0
18,DB00091,DB09297,1,1.0,A,DB00091,pathway,1154,1.0,0.0,0.0
18,DB00091,DB09297,1,1.0,A,DB00091,pathway,1157,1.0,0.0,0.0
18,DB00091,DB09297,1,1.0,A,DB00091,pathway,1165,1.0,0.0,0.0
18,DB00091,DB09297,1,1.0,A,DB00091,pathway,1167,1.0,0.0,0.0
18,DB00091,DB09297,1,1.0,A,DB00091,pathway,1177,1.0,0.0,0.0
18,DB00091,DB09297,1,1.0,A,DB00091,pathway,1182,1.0,0.0,0.0
18,DB00091,DB09297,1,1.0,A,DB00091,pathway,1217,1.0,0.0,0.0
18,DB00091,DB09297,1,1.0,A,DB00091,pathway,1218,1.0,0.0,0.0
18,DB00091,DB09297,1,1.0,A,DB00091,pathway,1224,1.0,0.0,0.0
18,DB00091,DB09297,1,1.0,A,DB00091,pathway,1225,1.0,0.0,0.0
18,DB00091,DB09297,1,1.0,A,DB00091,pathway,1230,1.0,0.0,0.0
18,DB00091,DB09297,1,1.0,A,DB00091,pathway,1245,1.0,0.0,0.0
18,DB00091,DB09297,1,1.0,A,DB00091,pathway,1249,1.0,0.0,0.0
18,DB00091,DB09297,1,1.0,A,DB00091,pathway,1262,1.0,0.0,0.0
18,DB00091,DB09297,1,1.0,A,DB00091,pathway,1263,1.0,0.0,0.0
18,DB00091,DB09297,1,1.0,A,DB00091,pathway,1264,1.0,0.0,0.0
18,DB00091,DB09297,1,1.0,A,DB00091,pathway,1265,1.0,0.0,0.0
18,DB00091,DB09297,1,1.0,A,DB00091,pathway,1266,1.0,0.0,0.0
18,DB00091,DB09297,1,1.0,A,DB00091,pathway,1267,1.0,0.0,0.0
18,DB00091,DB09297,1,1.0,A,DB00091,pathway,1268,1.0,0.0,0.0
18,DB00091,DB09297,1,1.0,A,DB00091,pathway,1270,1.0,0.0,0.0
18,DB00091,DB09297,1,1.0,A,DB00091,pathway,1272,1.0,0.0,0.0
18,DB00091,DB09297,1,1.0,A,DB00091,pathway,1278,1.0,0.0,0.0
18,DB00091,DB09297,1,1.0,A,DB00091,pathway,1291,1.0,0.0,0.0
18,DB00091,DB09297,1,1.0,A,DB00091,pathway,1292,1.0,0.0,0.0
18,DB00091,DB09297,1,1.0,A,DB00091,pathway,1297,1.0,0.0,0.0
18,DB00091,DB09297,1,1.0,A,DB00091,pathway,1298,1.0,0.0,0.0
18,DB00091,DB09297,1,1.0,A,DB00091,pathway,1299,1.0,0.0,0.0
18,DB00091,DB09297,1,1.0,A,DB00091,pathway,1300,1.0,0.0,0.0
18,DB00091,DB09297,1,1.0,A,DB00091,pathway,1301,1.0,0.0,0.0
18,DB00091,DB09297,1,1.0,A,DB00091,pathway,1302,1.0,0.0,0.0
18,DB00091,DB09297,1,1.0,A,DB00091,pathway,1305,1.0,0.0,0.0
18,DB00091,DB09297,1,1.0,A,DB00091,pathway,1312,1.0,0.0,0.0
18,DB00091,DB09297,1,1.0,A,DB00091,pathway,1318,1.0,0.0,0.0
18,DB00091,DB09297,1,1.0,A,DB00091,pathway,1329,1.0,0.0,0.0
18,DB00091,DB09297,1,1.0,A,DB00091,pathway,1333,1.0,0.0,0.0
18,DB00091,DB09297,1,1.0,A,DB00091,pathway,1339,1.0,0.0,0.0
18,DB00091,DB09297,1,1.0,A,DB00091,pathway,1346,1.0,0.0,0.0
18,DB00091,DB09297,1,1.0,A,DB00091,pathway,1347,1.0,0.0,0.0
18,DB00091,DB09297,1,1.0,A,DB00091,pathway,1348,1.0,0.0,0.0
18,DB00091,DB09297,1,1.0,A,DB00091,pathway,1353,1.0,0.0,0.0
18,DB00091,DB09297,1,1.0,A,DB00091,pathway,1356,1.0,0.0,0.0
18,DB00091,DB09297,1,1.0,A,DB00091,pathway,1364,1.0,0.0,0.0
18,DB00091,DB09297,1,1.0,A,DB00091,pathway,1366,1.0,0.0,0.0
18,DB00091,DB09297,1,1.0,A,DB00091,pathway,1370,1.0,0.0,0.0
18,DB00091,DB09297,1,1.0,A,DB00091,pathway,1372,1.0,0.0,0.0
18,DB00091,DB09297,1,1.0,A,DB00091,pathway,1373,1.0,0.0,0.0
18,DB00091,DB09297,1,1.0,A,DB00091,pathway,1382,1.0,0.0,0.0
18,DB00091,DB09297,1,1.0,A,DB00091,pathway,1394,1.0,0.0,0.0
18,DB00091,DB09297,1,1.0,A,DB00091,pathway,1396,1.0,0.0,0.0
18,DB00091,DB09297,1,1.0,A,DB00091,pathway,1397,1.0,0.0,0.0
18,DB00091,DB09297,1,1.0,A,DB00091,pathway,1401,1.0,0.0,0.0
18,DB00091,DB09297,1,1.0,A,DB00091,pathway,1402,1.0,0.0,0.0
18,DB00091,DB09297,1,1.0,A,DB00091,pathway,1405,1.0,0.0,0.0
18,DB00091,DB09297,1,1.0,A,DB00091,pathway,1414,1.0,0.0,0.0
18,DB00091,DB09297,1,1.0,A,DB00091,pathway,1419,1.0,0.0,0.0
18,DB00091,DB09297,1,1.0,A,DB00091,pathway,1422,1.0,0.0,0.0
18,DB00091,DB09297,1,1.0,A,DB00091,pathway,1423,1.0,0.0,0.0
18,DB00091,DB09297,1,1.0,A,DB00091,pathway,1424,1.0,0.0,0.0
18,DB00091,DB09297,1,1.0,A,DB00091,pathway,1428,1.0,0.0,0.0
18,DB00091,DB09297,1,1.0,A,DB00091,pathway,1430,1.0,0.0,0.0
18,DB00091,DB09297,1,1.0,A,DB00091,pathway,1431,1.0,0.0,0.0
18,DB00091,DB09297,1,1.0,A,DB00091,pathway,1432,1.0,0.0,0.0
18,DB00091,DB09297,1,1.0,A,DB00091,pathway,1436,1.0,0.0,0.0
18,DB00091,DB09297,1,1.0,A,DB00091,pathway,1437,1.0,0.0,0.0
18,DB00091,DB09297,1,1.0,A,DB00091,pathway,1440,1.0,0.0,0.0
18,DB00091,DB09297,1,1.0,A,DB00091,pathway,1441,1.0,0.0,0.0
18,DB00091,DB09297,1,1.0,A,DB00091,pathway,1446,1.0,0.0,0.0
18,DB00091,DB09297,1,1.0,A,DB00091,pathway,1448,1.0,0.0,0.0
18,DB00091,DB09297,1,1.0,A,DB00091,pathway,1453,1.0,0.0,0.0
18,DB00091,DB09297,1,1.0,A,DB00091,pathway,1467,1.0,0.0,0.0
18,DB00091,DB09297,1,1.0,A,DB00091,pathway,1468,1.0,0.0,0.0
18,DB00091,DB09297,1,1.0,A,DB00091,pathway,1471,1.0,0.0,0.0
18,DB00091,DB09297,1,1.0,A,DB00091,pathway,1472,1.0,0.0,0.0
18,DB00091,DB09297,1,1.0,A,DB00091,pathway,1473,1.0,0.0,0.0
18,DB00091,DB09297,1,1.0,A,DB00091,pathway,1474,1.0,0.0,0.0
18,DB00091,DB09297,1,1.0,A,DB00091,pathway,1488,1.0,0.0,0.0
18,DB00091,DB09297,1,1.0,A,DB00091,pathway,1489,1.0,0.0,0.0
18,DB00091,DB09297,1,1.0,A,DB00091,pathway,1490,1.0,0.0,0.0
18,DB00091,DB09297,1,1.0,A,DB00091,pathway,1491,1.0,0.0,0.0
18,DB00091,DB09297,1,1.0,A,DB00091,pathway,1492,1.0,0.0,0.0
18,DB00091,DB09297,1,1.0,A,DB00091,pathway,1496,1.0,0.0,0.0
18,DB00091,DB09297,1,1.0,A,DB00091,pathway,1500,1.0,0.0,0.0
18,DB00091,DB09297,1,1.0,A,DB00091,pathway,1502,1.0,0.0,0.0
18,DB00091,DB09297,1,1.0,A,DB00091,pathway,1513,1.0,0.0,0.0
18,DB00091,DB09297,1,1.0,A,DB00091,pathway,1514,1.0,0.0,0.0
18,DB00091,DB09297,1,1.0,A,DB00091,pathway,1518,1.0,0.0,0.0
18,DB00091,DB09297,1,1.0,A,DB00091,pathway,1521,1.0,0.0,0.0
18,DB00091,DB09297,1,1.0,A,DB00091,pathway,1522,1.0,0.0,0.0
18,DB00091,DB09297,1,1.0,A,DB00091,pathway,1524,1.0,0.0,0.0
18,DB00091,DB09297,1,1.0,A,DB00091,pathway,1531,1.0,0.0,0.0
18,DB00091,DB09297,1,1.0,A,DB00091,pathway,1533,1.0,0.0,0.0
18,DB00091,DB09297,1,1.0,A,DB00091,pathway,1534,1.0,0.0,0.0
18,DB00091,DB09297,1,1.0,A,DB00091,pathway,1542,1.0,0.0,0.0
18,DB00091,DB09297,1,1.0,A,DB00091,pathway,1544,1.0,0.0,0.0
18,DB00091,DB09297,1,1.0,A,DB00091,pathway,1547,1.0,0.0,0.0
18,DB00091,DB09297,1,1.0,A,DB00091,pathway,1548,1.0,0.0,0.0
18,DB00091,DB09297,1,1.0,A,DB00091,pathway,1549,1.0,0.0,0.0
18,DB00091,DB09297,1,1.0,A,DB00091,pathway,1557,1.0,0.0,0.0
18,DB00091,DB09297,1,1.0,A,DB00091,pathway,1562,1.0,0.0,0.0
18,DB00091,DB09297,1,1.0,A,DB00091,pathway,1567,1.0,0.0,0.0
18,DB00091,DB09297,1,1.0,A,DB00091,pathway,1568,1.0,0.0,0.0
18,DB00091,DB09297,1,1.0,A,DB00091,pathway,1569,1.0,0.0,0.0
18,DB00091,DB09297,1,1.0,A,DB00091,pathway,1570,1.0,0.0,0.0
18,DB00091,DB09297,1,1.0,A,DB00091,pathway,1571,1.0,0.0,0.0
18,DB00091,DB09297,1,1.0,A,DB00091,pathway,1577,1.0,0.0,0.0
18,DB00091,DB09297,1,1.0,A,DB00091,pathway,1582,1.0,0.0,0.0
18,DB00091,DB09297,1,1.0,A,DB00091,pathway,1584,1.0,0.0,0.0
18,DB00091,DB09297,1,1.0,A,DB00091,pathway,1585,1.0,0.0,0.0
18,DB00091,DB09297,1,1.0,A,DB00091,pathway,1586,1.0,0.0,0.0
18,DB00091,DB09297,1,1.0,A,DB00091,pathway,1587,1.0,0.0,0.0
18,DB00091,DB09297,1,1.0,A,DB00091,pathway,1589,1.0,0.0,0.0
18,DB00091,DB09297,1,1.0,A,DB00091,pathway,1590,1.0,0.0,0.0
18,DB00091,DB09297,1,1.0,A,DB00091,pathway,1591,1.0,0.0,0.0
18,DB00091,DB09297,1,1.0,A,DB00091,pathway,1592,1.0,0.0,0.0
18,DB00091,DB09297,1,1.0,A,DB00091,pathway,1593,1.0,0.0,0.0
18,DB00091,DB09297,1,1.0,A,DB00091,pathway,1594,1.0,0.0,0.0
18,DB00091,DB09297,1,1.0,A,DB00091,pathway,1595,1.0,0.0,0.0
18,DB00091,DB09297,1,1.0,A,DB00091,pathway,1596,1.0,0.0,0.0
18,DB00091,DB09297,1,1.0,A,DB00091,pathway,1597,1.0,0.0,0.0
18,DB00091,DB09297,1,1.0,A,DB00091,pathway,1598,1.0,0.0,0.0
18,DB00091,DB09297,1,1.0,A,DB00091,pathway,1599,1.0,0.0,0.0
18,DB00091,DB09297,1,1.0,A,DB00091,pathway,1613,1.0,0.0,0.0
18,DB00091,DB09297,1,1.0,A,DB00091,pathway,1635,1.0,0.0,0.0
18,DB00091,DB09297,1,1.0,A,DB00091,pathway,1637,1.0,0.0,0.0
18,DB00091,DB09297,1,1.0,A,DB00091,pathway,1640,1.0,0.0,0.0
18,DB00091,DB09297,1,1.0,A,DB00091,pathway,1652,1.0,0.0,0.0
18,DB00091,DB09297,1,1.0,A,DB00091,pathway,1665,1.0,0.0,0.0
18,DB00091,DB09297,1,1.0,A,DB00091,pathway,1685,1.0,0.0,0.0
18,DB00091,DB09297,1,1.0,A,DB00091,pathway,1686,1.0,0.0,0.0
18,DB00091,DB09297,1,1.0,A,DB00091,pathway,1687,1.0,0.0,0.0
18,DB00091,DB09297,1,1.0,A,DB00091,pathway,1688,1.0,0.0,0.0
18,DB00091,DB09297,1,1.0,A,DB00091,pathway,1692,1.0,0.0,0.0
18,DB00091,DB09297,1,1.0,A,DB00091,pathway,1694,1.0,0.0,0.0
18,DB00091,DB09297,1,1.0,A,DB00091,pathway,1695,1.0,0.0,0.0
18,DB00091,DB09297,1,1.0,A,DB00091,pathway,1696,1.0,0.0,0.0
18,DB00091,DB09297,1,1.0,A,DB00091,pathway,1700,1.0,0.0,0.0
18,DB00091,DB09297,1,1.0,A,DB00091,pathway,1701,1.0,0.0,0.0
18,DB00091,DB09297,1,1.0,A,DB00091,pathway,1713,1.0,0.0,0.0
18,DB00091,DB09297,1,1.0,A,DB00091,pathway,1714,1.0,0.0,0.0
18,DB00091,DB09297,1,1.0,A,DB00091,pathway,1719,1.0,0.0,0.0
18,DB00091,DB09297,1,1.0,A,DB00091,pathway,1721,1.0,0.0,0.0
18,DB00091,DB09297,1,1.0,A,DB00091,pathway,1730,1.0,0.0,0.0
18,DB00091,DB09297,1,1.0,A,DB00091,pathway,1737,1.0,0.0,0.0
18,DB00091,DB09297,1,1.0,A,DB00091,pathway,1743,1.0,0.0,0.0
18,DB00091,DB09297,1,1.0,A,DB00091,pathway,1744,1.0,0.0,0.0
18,DB00091,DB09297,1,1.0,A,DB00091,pathway,1746,1.0,0.0,0.0
18,DB00091,DB09297,1,1.0,A,DB00091,pathway,1751,1.0,0.0,0.0
18,DB00091,DB09297,1,1.0,A,DB00091,pathway,1755,1.0,0.0,0.0
18,DB00091,DB09297,1,1.0,A,DB00091,pathway,1758,1.0,0.0,0.0
18,DB00091,DB09297,1,1.0,A,DB00091,pathway,1765,1.0,0.0,0.0
18,DB00091,DB09297,1,1.0,A,DB00091,pathway,1770,1.0,0.0,0.0
18,DB00091,DB09297,1,1.0,A,DB00091,pathway,1774,1.0,0.0,0.0
18,DB00091,DB09297,1,1.0,A,DB00091,pathway,1776,1.0,0.0,0.0
18,DB00091,DB09297,1,1.0,A,DB00091,pathway,1779,1.0,0.0,0.0
18,DB00091,DB09297,1,1.0,A,DB00091,pathway,1783,1.0,0.0,0.0
18,DB00091,DB09297,1,1.0,A,DB00091,pathway,1784,1.0,0.0,0.0
18,DB00091,DB09297,1,1.0,A,DB00091,pathway,1788,1.0,0.0,0.0
18,DB00091,DB09297,1,1.0,A,DB00091,pathway,1790,1.0,0.0,0.0
18,DB00091,DB09297,1,1.0,A,DB00091,pathway,1791,1.0,0.0,0.0
18,DB00091,DB09297,1,1.0,A,DB00091,pathway,1793,1.0,0.0,0.0
18,DB00091,DB09297,1,1.0,A,DB00091,pathway,1794,1.0,0.0,0.0
18,DB00091,DB09297,1,1.0,A,DB00091,pathway,1795,1.0,0.0,0.0
18,DB00091,DB09297,1,1.0,A,DB00091,pathway,1796,1.0,0.0,0.0
18,DB00091,DB09297,1,1.0,A,DB00091,pathway,1797,1.0,0.0,0.0
18,DB00091,DB09297,1,1.0,A,DB00091,pathway,1798,1.0,0.0,0.0
18,DB00091,DB09297,1,1.0,A,DB00091,pathway,1799,1.0,0.0,0.0
18,DB00091,DB09297,1,1.0,A,DB00091,pathway,1801,1.0,0.0,0.0
18,DB00091,DB09297,1,1.0,A,DB00091,pathway,1805,1.0,0.0,0.0
18,DB00091,DB09297,1,1.0,A,DB00091,pathway,1812,1.0,0.0,0.0
18,DB00091,DB09297,1,1.0,A,DB00091,pathway,1818,1.0,0.0,0.0
18,DB00091,DB09297,1,1.0,A,DB00091,pathway,1827,1.0,0.0,0.0
18,DB00091,DB09297,1,1.0,A,DB00091,pathway,1831,1.0,0.0,0.0
18,DB00091,DB09297,1,1.0,A,DB00091,pathway,1837,1.0,0.0,0.0
18,DB00091,DB09297,1,1.0,A,DB00091,pathway,1842,1.0,0.0,0.0
18,DB00091,DB09297,1,1.0,A,DB00091,pathway,1846,1.0,0.0,0.0
18,DB00091,DB09297,1,1.0,A,DB00091,pathway,1848,1.0,0.0,0.0
18,DB00091,DB09297,1,1.0,A,DB00091,pathway,1849,1.0,0.0,0.0
18,DB00091,DB09297,1,1.0,A,DB00091,pathway,1850,1.0,0.0,0.0
18,DB00091,DB09297,1,1.0,A,DB00091,pathway,1853,1.0,0.0,0.0
18,DB00091,DB09297,1,1.0,A,DB00091,pathway,1854,1.0,0.0,0.0
18,DB00091,DB09297,1,1.0,A,DB00091,pathway,1865,1.0,0.0,0.0
18,DB00091,DB09297,1,1.0,A,DB00091,pathway,1867,1.0,0.0,0.0
18,DB00091,DB09297,1,1.0,A,DB00091,pathway,1877,1.0,0.0,0.0
18,DB00091,DB09297,1,1.0,A,DB00091,pathway,1879,1.0,0.0,0.0
18,DB00091,DB09297,1,1.0,A,DB00091,pathway,1880,1.0,0.0,0.0
18,DB00091,DB09297,1,1.0,A,DB00091,pathway,1886,1.0,0.0,0.0
18,DB00091,DB09297,1,1.0,A,DB00091,pathway,1892,1.0,0.0,0.0
18,DB00091,DB09297,1,1.0,A,DB00091,pathway,1893,1.0,0.0,0.0
18,DB00091,DB09297,1,1.0,A,DB00091,pathway,1896,1.0,0.0,0.0
18,DB00091,DB09297,1,1.0,A,DB00091,pathway,1898,1.0,0.0,0.0
18,DB00091,DB09297,1,1.0,A,DB00091,pathway,1903,1.0,0.0,0.0
18,DB00091,DB09297,1,1.0,A,DB00091,pathway,1904,1.0,0.0,0.0
18,DB00091,DB09297,1,1.0,A,DB00091,pathway,1905,1.0,0.0,0.0
18,DB00091,DB09297,1,1.0,A,DB00091,pathway,1912,1.0,0.0,0.0
18,DB00091,DB09297,1,1.0,A,DB00091,pathway,1913,1.0,0.0,0.0
18,DB00091,DB09297,1,1.0,A,DB00091,pathway,1921,1.0,0.0,0.0
18,DB00091,DB09297,1,1.0,A,DB00091,pathway,1925,1.0,0.0,0.0
18,DB00091,DB09297,1,1.0,A,DB00091,pathway,1926,1.0,0.0,0.0
18,DB00091,DB09297,1,1.0,A,DB00091,pathway,1932,1.0,0.0,0.0
18,DB00091,DB09297,1,1.0,A,DB00091,pathway,1933,1.0,0.0,0.0
18,DB00091,DB09297,1,1.0,A,DB00091,pathway,1935,1.0,0.0,0.0
18,DB00091,DB09297,1,1.0,A,DB00091,pathway,1937,1.0,0.0,0.0
18,DB00091,DB09297,1,1.0,A,DB00091,pathway,1938,1.0,0.0,0.0
18,DB00091,DB09297,1,1.0,A,DB00091,pathway,1952,1.0,0.0,0.0
18,DB00091,DB09297,1,1.0,A,DB00091,pathway,1956,1.0,0.0,0.0
18,DB00091,DB09297,1,1.0,A,DB00091,pathway,1957,1.0,0.0,0.0
18,DB00091,DB09297,1,1.0,A,DB00091,pathway,1958,1.0,0.0,0.0
18,DB00091,DB09297,1,1.0,A,DB00091,pathway,1959,1.0,0.0,0.0
18,DB00091,DB09297,1,1.0,A,DB00091,pathway,1965,1.0,0.0,0.0
18,DB00091,DB09297,1,1.0,B,DB09297,pathway,146,1.0,0.0,0.0
18,DB00091,DB09297,1,1.0,B,DB09297,pathway,159,1.0,0.0,0.0
18,DB00091,DB09297,1,1.0,B,DB09297,pathway,205,1.0,0.0,0.0
18,DB00091,DB09297,1,1.0,B,DB09297,pathway,314,1.0,0.0,0.0
18,DB00091,DB09297,1,1.0,B,DB09297,pathway,315,1.0,0.0,0.0
18,DB00091,DB09297,1,1.0,B,DB09297,pathway,439,0.9999998807907104,1.1920928955078125e-07,1.1920928955078125e-07
18,DB00091,DB09297,1,1.0,B,DB09297,pathway,444,1.0,0.0,0.0
18,DB00091,DB09297,1,1.0,B,DB09297,pathway,447,1.0,0.0,0.0
18,DB00091,DB09297,1,1.0,B,DB09297,pathway,471,1.0,0.0,0.0
18,DB00091,DB09297,1,1.0,B,DB09297,pathway,521,1.0,0.0,0.0
18,DB00091,DB09297,1,1.0,B,DB09297,pathway,536,1.0,0.0,0.0
18,DB00091,DB09297,1,1.0,B,DB09297,pathway,589,1.0,0.0,0.0
18,DB00091,DB09297,1,1.0,B,DB09297,pathway,594,1.0,0.0,0.0
18,DB00091,DB09297,1,1.0,B,DB09297,pathway,650,1.0,0.0,0.0
18,DB00091,DB09297,1,1.0,B,DB09297,pathway,870,1.0,0.0,0.0
18,DB00091,DB09297,1,1.0,B,DB09297,pathway,890,1.0,0.0,0.0
18,DB00091,DB09297,1,1.0,B,DB09297,pathway,940,1.0,0.0,0.0
18,DB00091,DB09297,1,1.0,B,DB09297,pathway,959,1.0,0.0,0.0
18,DB00091,DB09297,1,1.0,B,DB09297,pathway,965,1.0,0.0,0.0
18,DB00091,DB09297,1,1.0,B,DB09297,pathway,1268,1.0,0.0,0.0
18,DB00091,DB09297,1,1.0,B,DB09297,pathway,1329,1.0,0.0,0.0
18,DB00091,DB09297,1,1.0,B,DB09297,pathway,1348,1.0,0.0,0.0
18,DB00091,DB09297,1,1.0,B,DB09297,pathway,1467,1.0,0.0,0.0
18,DB00091,DB09297,1,1.0,B,DB09297,pathway,1496,1.0,0.0,0.0
18,DB00091,DB09297,1,1.0,B,DB09297,pathway,1518,1.0,0.0,0.0
18,DB00091,DB09297,1,1.0,B,DB09297,pathway,1522,1.0,0.0,0.0
18,DB00091,DB09297,1,1.0,B,DB09297,pathway,1562,1.0,0.0,0.0
18,DB00091,DB09297,1,1.0,B,DB09297,pathway,1714,1.0,0.0,0.0
18,DB00091,DB09297,1,1.0,B,DB09297,pathway,1730,1.0,0.0,0.0
18,DB00091,DB09297,1,1.0,B,DB09297,pathway,1737,1.0,0.0,0.0
18,DB00091,DB09297,1,1.0,B,DB09297,pathway,1744,1.0,0.0,0.0
18,DB00091,DB09297,1,1.0,B,DB09297,pathway,1751,1.0,0.0,0.0
18,DB00091,DB09297,1,1.0,B,DB09297,pathway,1791,1.0,0.0,0.0
18,DB00091,DB09297,1,1.0,B,DB09297,pathway,1798,1.0,0.0,0.0
18,DB00091,DB09297,1,1.0,B,DB09297,pathway,1965,1.0,0.0,0.0
19,DB00091,DB11586,1,1.0,A,DB00091,pathway,0,1.0,0.0,0.0
19,DB00091,DB11586,1,1.0,A,DB00091,pathway,2,1.0,0.0,0.0
19,DB00091,DB11586,1,1.0,A,DB00091,pathway,4,1.0,0.0,0.0
19,DB00091,DB11586,1,1.0,A,DB00091,pathway,10,1.0,0.0,0.0
19,DB00091,DB11586,1,1.0,A,DB00091,pathway,11,1.0,0.0,0.0
19,DB00091,DB11586,1,1.0,A,DB00091,pathway,12,1.0,0.0,0.0
19,DB00091,DB11586,1,1.0,A,DB00091,pathway,13,1.0,0.0,0.0
19,DB00091,DB11586,1,1.0,A,DB00091,pathway,15,1.0,0.0,0.0
19,DB00091,DB11586,1,1.0,A,DB00091,pathway,26,1.0,0.0,0.0
19,DB00091,DB11586,1,1.0,A,DB00091,pathway,29,1.0,0.0,0.0
19,DB00091,DB11586,1,1.0,A,DB00091,pathway,31,1.0,0.0,0.0
19,DB00091,DB11586,1,1.0,A,DB00091,pathway,39,1.0,0.0,0.0
19,DB00091,DB11586,1,1.0,A,DB00091,pathway,43,1.0,0.0,0.0
19,DB00091,DB11586,1,1.0,A,DB00091,pathway,44,1.0,0.0,0.0
19,DB00091,DB11586,1,1.0,A,DB00091,pathway,51,1.0,0.0,0.0
19,DB00091,DB11586,1,1.0,A,DB00091,pathway,52,1.0,0.0,0.0
19,DB00091,DB11586,1,1.0,A,DB00091,pathway,53,1.0,0.0,0.0
19,DB00091,DB11586,1,1.0,A,DB00091,pathway,55,1.0,0.0,0.0
19,DB00091,DB11586,1,1.0,A,DB00091,pathway,57,1.0,0.0,0.0
19,DB00091,DB11586,1,1.0,A,DB00091,pathway,62,1.0,0.0,0.0
19,DB00091,DB11586,1,1.0,A,DB00091,pathway,66,1.0,0.0,0.0
19,DB00091,DB11586,1,1.0,A,DB00091,pathway,67,1.0,0.0,0.0
19,DB00091,DB11586,1,1.0,A,DB00091,pathway,72,1.0,0.0,0.0
19,DB00091,DB11586,1,1.0,A,DB00091,pathway,74,1.0,0.0,0.0
19,DB00091,DB11586,1,1.0,A,DB00091,pathway,75,1.0,0.0,0.0
19,DB00091,DB11586,1,1.0,A,DB00091,pathway,78,1.0,0.0,0.0
19,DB00091,DB11586,1,1.0,A,DB00091,pathway,79,1.0,0.0,0.0
19,DB00091,DB11586,1,1.0,A,DB00091,pathway,81,1.0,0.0,0.0
19,DB00091,DB11586,1,1.0,A,DB00091,pathway,82,1.0,0.0,0.0
19,DB00091,DB11586,1,1.0,A,DB00091,pathway,84,1.0,0.0,0.0
19,DB00091,DB11586,1,1.0,A,DB00091,pathway,91,1.0,0.0,0.0
19,DB00091,DB11586,1,1.0,A,DB00091,pathway,98,1.0,0.0,0.0
19,DB00091,DB11586,1,1.0,A,DB00091,pathway,100,1.0,0.0,0.0
19,DB00091,DB11586,1,1.0,A,DB00091,pathway,104,1.0,0.0,0.0
19,DB00091,DB11586,1,1.0,A,DB00091,pathway,110,1.0,0.0,0.0
19,DB00091,DB11586,1,1.0,A,DB00091,pathway,113,1.0,0.0,0.0
19,DB00091,DB11586,1,1.0,A,DB00091,pathway,116,1.0,0.0,0.0
19,DB00091,DB11586,1,1.0,A,DB00091,pathway,117,1.0,0.0,0.0
19,DB00091,DB11586,1,1.0,A,DB00091,pathway,119,1.0,0.0,0.0
19,DB00091,DB11586,1,1.0,A,DB00091,pathway,121,1.0,0.0,0.0
19,DB00091,DB11586,1,1.0,A,DB00091,pathway,123,1.0,0.0,0.0
19,DB00091,DB11586,1,1.0,A,DB00091,pathway,124,1.0,0.0,0.0
19,DB00091,DB11586,1,1.0,A,DB00091,pathway,136,1.0,0.0,0.0
19,DB00091,DB11586,1,1.0,A,DB00091,pathway,141,1.0,0.0,0.0
19,DB00091,DB11586,1,1.0,A,DB00091,pathway,143,1.0,0.0,0.0
19,DB00091,DB11586,1,1.0,A,DB00091,pathway,158,1.0,0.0,0.0
19,DB00091,DB11586,1,1.0,A,DB00091,pathway,159,1.0,0.0,0.0
19,DB00091,DB11586,1,1.0,A,DB00091,pathway,168,1.0,0.0,0.0
19,DB00091,DB11586,1,1.0,A,DB00091,pathway,169,1.0,0.0,0.0
19,DB00091,DB11586,1,1.0,A,DB00091,pathway,170,1.0,0.0,0.0
19,DB00091,DB11586,1,1.0,A,DB00091,pathway,171,1.0,0.0,0.0
19,DB00091,DB11586,1,1.0,A,DB00091,pathway,172,1.0,0.0,0.0
19,DB00091,DB11586,1,1.0,A,DB00091,pathway,176,1.0,0.0,0.0
19,DB00091,DB11586,1,1.0,A,DB00091,pathway,187,1.0,0.0,0.0
19,DB00091,DB11586,1,1.0,A,DB00091,pathway,188,1.0,0.0,0.0
19,DB00091,DB11586,1,1.0,A,DB00091,pathway,191,1.0,0.0,0.0
19,DB00091,DB11586,1,1.0,A,DB00091,pathway,193,1.0,0.0,0.0
19,DB00091,DB11586,1,1.0,A,DB00091,pathway,195,1.0,0.0,0.0
19,DB00091,DB11586,1,1.0,A,DB00091,pathway,205,1.0,0.0,0.0
19,DB00091,DB11586,1,1.0,A,DB00091,pathway,208,1.0,0.0,0.0
19,DB00091,DB11586,1,1.0,A,DB00091,pathway,209,1.0,0.0,0.0
19,DB00091,DB11586,1,1.0,A,DB00091,pathway,227,1.0,0.0,0.0
19,DB00091,DB11586,1,1.0,A,DB00091,pathway,237,1.0,0.0,0.0
19,DB00091,DB11586,1,1.0,A,DB00091,pathway,245,1.0,0.0,0.0
19,DB00091,DB11586,1,1.0,A,DB00091,pathway,247,1.0,0.0,0.0
19,DB00091,DB11586,1,1.0,A,DB00091,pathway,250,1.0,0.0,0.0
19,DB00091,DB11586,1,1.0,A,DB00091,pathway,263,1.0,0.0,0.0
19,DB00091,DB11586,1,1.0,A,DB00091,pathway,269,1.0,0.0,0.0
19,DB00091,DB11586,1,1.0,A,DB00091,pathway,281,1.0,0.0,0.0
19,DB00091,DB11586,1,1.0,A,DB00091,pathway,283,1.0,0.0,0.0
19,DB00091,DB11586,1,1.0,A,DB00091,pathway,285,1.0,0.0,0.0
19,DB00091,DB11586,1,1.0,A,DB00091,pathway,286,1.0,0.0,0.0
19,DB00091,DB11586,1,1.0,A,DB00091,pathway,287,1.0,0.0,0.0
19,DB00091,DB11586,1,1.0,A,DB00091,pathway,290,1.0,0.0,0.0
19,DB00091,DB11586,1,1.0,A,DB00091,pathway,296,1.0,0.0,0.0
19,DB00091,DB11586,1,1.0,A,DB00091,pathway,297,1.0,0.0,0.0
19,DB00091,DB11586,1,1.0,A,DB00091,pathway,308,1.0,0.0,0.0
19,DB00091,DB11586,1,1.0,A,DB00091,pathway,314,1.0,0.0,0.0
19,DB00091,DB11586,1,1.0,A,DB00091,pathway,315,1.0,0.0,0.0
19,DB00091,DB11586,1,1.0,A,DB00091,pathway,329,1.0,0.0,0.0
19,DB00091,DB11586,1,1.0,A,DB00091,pathway,332,1.0,0.0,0.0
19,DB00091,DB11586,1,1.0,A,DB00091,pathway,333,1.0,0.0,0.0
19,DB00091,DB11586,1,1.0,A,DB00091,pathway,340,1.0,0.0,0.0
19,DB00091,DB11586,1,1.0,A,DB00091,pathway,346,1.0,0.0,0.0
19,DB00091,DB11586,1,1.0,A,DB00091,pathway,350,1.0,0.0,0.0
19,DB00091,DB11586,1,1.0,A,DB00091,pathway,353,1.0,0.0,0.0
19,DB00091,DB11586,1,1.0,A,DB00091,pathway,358,1.0,0.0,0.0
19,DB00091,DB11586,1,1.0,A,DB00091,pathway,359,1.0,0.0,0.0
19,DB00091,DB11586,1,1.0,A,DB00091,pathway,362,1.0,0.0,0.0
19,DB00091,DB11586,1,1.0,A,DB00091,pathway,371,1.0,0.0,0.0
19,DB00091,DB11586,1,1.0,A,DB00091,pathway,374,1.0,0.0,0.0
19,DB00091,DB11586,1,1.0,A,DB00091,pathway,379,1.0,0.0,0.0
19,DB00091,DB11586,1,1.0,A,DB00091,pathway,385,1.0,0.0,0.0
19,DB00091,DB11586,1,1.0,A,DB00091,pathway,386,1.0,0.0,0.0
19,DB00091,DB11586,1,1.0,A,DB00091,pathway,387,1.0,0.0,0.0
19,DB00091,DB11586,1,1.0,A,DB00091,pathway,393,1.0,0.0,0.0
19,DB00091,DB11586,1,1.0,A,DB00091,pathway,394,1.0,0.0,0.0
19,DB00091,DB11586,1,1.0,A,DB00091,pathway,395,1.0,0.0,0.0
19,DB00091,DB11586,1,1.0,A,DB00091,pathway,396,1.0,0.0,0.0
19,DB00091,DB11586,1,1.0,A,DB00091,pathway,397,1.0,0.0,0.0
19,DB00091,DB11586,1,1.0,A,DB00091,pathway,398,1.0,0.0,0.0
19,DB00091,DB11586,1,1.0,A,DB00091,pathway,399,1.0,0.0,0.0
19,DB00091,DB11586,1,1.0,A,DB00091,pathway,401,1.0,0.0,0.0
19,DB00091,DB11586,1,1.0,A,DB00091,pathway,402,1.0,0.0,0.0
19,DB00091,DB11586,1,1.0,A,DB00091,pathway,427,1.0,0.0,0.0
19,DB00091,DB11586,1,1.0,A,DB00091,pathway,429,1.0,0.0,0.0
19,DB00091,DB11586,1,1.0,A,DB00091,pathway,430,1.0,0.0,0.0
19,DB00091,DB11586,1,1.0,A,DB00091,pathway,438,1.0,0.0,0.0
19,DB00091,DB11586,1,1.0,A,DB00091,pathway,439,1.0,0.0,0.0
19,DB00091,DB11586,1,1.0,A,DB00091,pathway,440,1.0,0.0,0.0
19,DB00091,DB11586,1,1.0,A,DB00091,pathway,441,1.0,0.0,0.0
19,DB00091,DB11586,1,1.0,A,DB00091,pathway,442,1.0,0.0,0.0
19,DB00091,DB11586,1,1.0,A,DB00091,pathway,443,1.0,0.0,0.0
19,DB00091,DB11586,1,1.0,A,DB00091,pathway,444,1.0,0.0,0.0
19,DB00091,DB11586,1,1.0,A,DB00091,pathway,446,1.0,0.0,0.0
19,DB00091,DB11586,1,1.0,A,DB00091,pathway,447,1.0,0.0,0.0
19,DB00091,DB11586,1,1.0,A,DB00091,pathway,452,1.0,0.0,0.0
19,DB00091,DB11586,1,1.0,A,DB00091,pathway,455,1.0,0.0,0.0
19,DB00091,DB11586,1,1.0,A,DB00091,pathway,457,1.0,0.0,0.0
19,DB00091,DB11586,1,1.0,A,DB00091,pathway,462,1.0,0.0,0.0
19,DB00091,DB11586,1,1.0,A,DB00091,pathway,464,1.0,0.0,0.0
19,DB00091,DB11586,1,1.0,A,DB00091,pathway,466,1.0,0.0,0.0
19,DB00091,DB11586,1,1.0,A,DB00091,pathway,467,1.0,0.0,0.0
19,DB00091,DB11586,1,1.0,A,DB00091,pathway,471,1.0,0.0,0.0
19,DB00091,DB11586,1,1.0,A,DB00091,pathway,473,1.0,0.0,0.0
19,DB00091,DB11586,1,1.0,A,DB00091,pathway,478,1.0,0.0,0.0
19,DB00091,DB11586,1,1.0,A,DB00091,pathway,479,1.0,0.0,0.0
19,DB00091,DB11586,1,1.0,A,DB00091,pathway,480,1.0,0.0,0.0
19,DB00091,DB11586,1,1.0,A,DB00091,pathway,481,1.0,0.0,0.0
19,DB00091,DB11586,1,1.0,A,DB00091,pathway,482,1.0,0.0,0.0
19,DB00091,DB11586,1,1.0,A,DB00091,pathway,488,1.0,0.0,0.0
19,DB00091,DB11586,1,1.0,A,DB00091,pathway,498,1.0,0.0,0.0
19,DB00091,DB11586,1,1.0,A,DB00091,pathway,499,1.0,0.0,0.0
19,DB00091,DB11586,1,1.0,A,DB00091,pathway,511,1.0,0.0,0.0
19,DB00091,DB11586,1,1.0,A,DB00091,pathway,512,1.0,0.0,0.0
19,DB00091,DB11586,1,1.0,A,DB00091,pathway,513,1.0,0.0,0.0
19,DB00091,DB11586,1,1.0,A,DB00091,pathway,515,1.0,0.0,0.0
19,DB00091,DB11586,1,1.0,A,DB00091,pathway,521,1.0,0.0,0.0
19,DB00091,DB11586,1,1.0,A,DB00091,pathway,524,1.0,0.0,0.0
19,DB00091,DB11586,1,1.0,A,DB00091,pathway,527,1.0,0.0,0.0
19,DB00091,DB11586,1,1.0,A,DB00091,pathway,528,1.0,0.0,0.0
19,DB00091,DB11586,1,1.0,A,DB00091,pathway,530,1.0,0.0,0.0
19,DB00091,DB11586,1,1.0,A,DB00091,pathway,531,1.0,0.0,0.0
19,DB00091,DB11586,1,1.0,A,DB00091,pathway,532,1.0,0.0,0.0
19,DB00091,DB11586,1,1.0,A,DB00091,pathway,536,1.0,0.0,0.0
19,DB00091,DB11586,1,1.0,A,DB00091,pathway,542,1.0,0.0,0.0
19,DB00091,DB11586,1,1.0,A,DB00091,pathway,544,1.0,0.0,0.0
19,DB00091,DB11586,1,1.0,A,DB00091,pathway,552,1.0,0.0,0.0
19,DB00091,DB11586,1,1.0,A,DB00091,pathway,557,1.0,0.0,0.0
19,DB00091,DB11586,1,1.0,A,DB00091,pathway,559,1.0,0.0,0.0
19,DB00091,DB11586,1,1.0,A,DB00091,pathway,587,1.0,0.0,0.0
19,DB00091,DB11586,1,1.0,A,DB00091,pathway,588,1.0,0.0,0.0
19,DB00091,DB11586,1,1.0,A,DB00091,pathway,589,1.0,0.0,0.0
19,DB00091,DB11586,1,1.0,A,DB00091,pathway,590,1.0,0.0,0.0
19,DB00091,DB11586,1,1.0,A,DB00091,pathway,591,1.0,0.0,0.0
19,DB00091,DB11586,1,1.0,A,DB00091,pathway,594,1.0,0.0,0.0
19,DB00091,DB11586,1,1.0,A,DB00091,pathway,602,1.0,0.0,0.0
19,DB00091,DB11586,1,1.0,A,DB00091,pathway,612,1.0,0.0,0.0
19,DB00091,DB11586,1,1.0,A,DB00091,pathway,614,1.0,0.0,0.0
19,DB00091,DB11586,1,1.0,A,DB00091,pathway,617,1.0,0.0,0.0
19,DB00091,DB11586,1,1.0,A,DB00091,pathway,619,1.0,0.0,0.0
19,DB00091,DB11586,1,1.0,A,DB00091,pathway,620,1.0,0.0,0.0
19,DB00091,DB11586,1,1.0,A,DB00091,pathway,625,1.0,0.0,0.0
19,DB00091,DB11586,1,1.0,A,DB00091,pathway,626,1.0,0.0,0.0
19,DB00091,DB11586,1,1.0,A,DB00091,pathway,627,1.0,0.0,0.0
19,DB00091,DB11586,1,1.0,A,DB00091,pathway,630,1.0,0.0,0.0
19,DB00091,DB11586,1,1.0,A,DB00091,pathway,631,1.0,0.0,0.0
19,DB00091,DB11586,1,1.0,A,DB00091,pathway,636,1.0,0.0,0.0
19,DB00091,DB11586,1,1.0,A,DB00091,pathway,637,1.0,0.0,0.0
19,DB00091,DB11586,1,1.0,A,DB00091,pathway,638,1.0,0.0,0.0
19,DB00091,DB11586,1,1.0,A,DB00091,pathway,640,1.0,0.0,0.0
19,DB00091,DB11586,1,1.0,A,DB00091,pathway,641,1.0,0.0,0.0
19,DB00091,DB11586,1,1.0,A,DB00091,pathway,642,1.0,0.0,0.0
19,DB00091,DB11586,1,1.0,A,DB00091,pathway,643,1.0,0.0,0.0
19,DB00091,DB11586,1,1.0,A,DB00091,pathway,644,1.0,0.0,0.0
19,DB00091,DB11586,1,1.0,A,DB00091,pathway,645,1.0,0.0,0.0
19,DB00091,DB11586,1,1.0,A,DB00091,pathway,646,1.0,0.0,0.0
19,DB00091,DB11586,1,1.0,A,DB00091,pathway,647,1.0,0.0,0.0
19,DB00091,DB11586,1,1.0,A,DB00091,pathway,650,1.0,0.0,0.0
19,DB00091,DB11586,1,1.0,A,DB00091,pathway,651,1.0,0.0,0.0
19,DB00091,DB11586,1,1.0,A,DB00091,pathway,652,1.0,0.0,0.0
19,DB00091,DB11586,1,1.0,A,DB00091,pathway,654,1.0,0.0,0.0
19,DB00091,DB11586,1,1.0,A,DB00091,pathway,655,1.0,0.0,0.0
19,DB00091,DB11586,1,1.0,A,DB00091,pathway,656,1.0,0.0,0.0
19,DB00091,DB11586,1,1.0,A,DB00091,pathway,658,1.0,0.0,0.0
19,DB00091,DB11586,1,1.0,A,DB00091,pathway,664,1.0,0.0,0.0
19,DB00091,DB11586,1,1.0,A,DB00091,pathway,668,1.0,0.0,0.0
19,DB00091,DB11586,1,1.0,A,DB00091,pathway,670,1.0,0.0,0.0
19,DB00091,DB11586,1,1.0,A,DB00091,pathway,671,1.0,0.0,0.0
19,DB00091,DB11586,1,1.0,A,DB00091,pathway,672,1.0,0.0,0.0
19,DB00091,DB11586,1,1.0,A,DB00091,pathway,673,1.0,0.0,0.0
19,DB00091,DB11586,1,1.0,A,DB00091,pathway,674,1.0,0.0,0.0
19,DB00091,DB11586,1,1.0,A,DB00091,pathway,677,1.0,0.0,0.0
19,DB00091,DB11586,1,1.0,A,DB00091,pathway,679,1.0,0.0,0.0
19,DB00091,DB11586,1,1.0,A,DB00091,pathway,683,1.0,0.0,0.0
19,DB00091,DB11586,1,1.0,A,DB00091,pathway,685,1.0,0.0,0.0
19,DB00091,DB11586,1,1.0,A,DB00091,pathway,686,1.0,0.0,0.0
19,DB00091,DB11586,1,1.0,A,DB00091,pathway,687,1.0,0.0,0.0
19,DB00091,DB11586,1,1.0,A,DB00091,pathway,688,1.0,0.0,0.0
19,DB00091,DB11586,1,1.0,A,DB00091,pathway,691,1.0,0.0,0.0
19,DB00091,DB11586,1,1.0,A,DB00091,pathway,692,1.0,0.0,0.0
19,DB00091,DB11586,1,1.0,A,DB00091,pathway,693,1.0,0.0,0.0
19,DB00091,DB11586,1,1.0,A,DB00091,pathway,694,1.0,0.0,0.0
19,DB00091,DB11586,1,1.0,A,DB00091,pathway,695,1.0,0.0,0.0
19,DB00091,DB11586,1,1.0,A,DB00091,pathway,696,1.0,0.0,0.0
19,DB00091,DB11586,1,1.0,A,DB00091,pathway,701,1.0,0.0,0.0
19,DB00091,DB11586,1,1.0,A,DB00091,pathway,703,1.0,0.0,0.0
19,DB00091,DB11586,1,1.0,A,DB00091,pathway,704,1.0,0.0,0.0
19,DB00091,DB11586,1,1.0,A,DB00091,pathway,705,1.0,0.0,0.0
19,DB00091,DB11586,1,1.0,A,DB00091,pathway,707,1.0,0.0,0.0
19,DB00091,DB11586,1,1.0,A,DB00091,pathway,708,1.0,0.0,0.0
19,DB00091,DB11586,1,1.0,A,DB00091,pathway,709,1.0,0.0,0.0
19,DB00091,DB11586,1,1.0,A,DB00091,pathway,711,1.0,0.0,0.0
19,DB00091,DB11586,1,1.0,A,DB00091,pathway,715,1.0,0.0,0.0
19,DB00091,DB11586,1,1.0,A,DB00091,pathway,716,1.0,0.0,0.0
19,DB00091,DB11586,1,1.0,A,DB00091,pathway,717,1.0,0.0,0.0
19,DB00091,DB11586,1,1.0,A,DB00091,pathway,718,1.0,0.0,0.0
19,DB00091,DB11586,1,1.0,A,DB00091,pathway,719,1.0,0.0,0.0
19,DB00091,DB11586,1,1.0,A,DB00091,pathway,728,1.0,0.0,0.0
19,DB00091,DB11586,1,1.0,A,DB00091,pathway,730,1.0,0.0,0.0
19,DB00091,DB11586,1,1.0,A,DB00091,pathway,732,1.0,0.0,0.0
19,DB00091,DB11586,1,1.0,A,DB00091,pathway,733,1.0,0.0,0.0
19,DB00091,DB11586,1,1.0,A,DB00091,pathway,744,1.0,0.0,0.0
19,DB00091,DB11586,1,1.0,A,DB00091,pathway,764,1.0,0.0,0.0
19,DB00091,DB11586,1,1.0,A,DB00091,pathway,765,1.0,0.0,0.0
19,DB00091,DB11586,1,1.0,A,DB00091,pathway,772,1.0,0.0,0.0
19,DB00091,DB11586,1,1.0,A,DB00091,pathway,775,1.0,0.0,0.0
19,DB00091,DB11586,1,1.0,A,DB00091,pathway,776,1.0,0.0,0.0
19,DB00091,DB11586,1,1.0,A,DB00091,pathway,777,1.0,0.0,0.0
19,DB00091,DB11586,1,1.0,A,DB00091,pathway,783,1.0,0.0,0.0
19,DB00091,DB11586,1,1.0,A,DB00091,pathway,784,1.0,0.0,0.0
19,DB00091,DB11586,1,1.0,A,DB00091,pathway,787,1.0,0.0,0.0
19,DB00091,DB11586,1,1.0,A,DB00091,pathway,788,1.0,0.0,0.0
19,DB00091,DB11586,1,1.0,A,DB00091,pathway,789,1.0,0.0,0.0
19,DB00091,DB11586,1,1.0,A,DB00091,pathway,797,1.0,0.0,0.0
19,DB00091,DB11586,1,1.0,A,DB00091,pathway,798,1.0,0.0,0.0
19,DB00091,DB11586,1,1.0,A,DB00091,pathway,799,1.0,0.0,0.0
19,DB00091,DB11586,1,1.0,A,DB00091,pathway,801,1.0,0.0,0.0
19,DB00091,DB11586,1,1.0,A,DB00091,pathway,805,1.0,0.0,0.0
19,DB00091,DB11586,1,1.0,A,DB00091,pathway,806,1.0,0.0,0.0
19,DB00091,DB11586,1,1.0,A,DB00091,pathway,811,1.0,0.0,0.0
19,DB00091,DB11586,1,1.0,A,DB00091,pathway,826,1.0,0.0,0.0
19,DB00091,DB11586,1,1.0,A,DB00091,pathway,830,1.0,0.0,0.0
19,DB00091,DB11586,1,1.0,A,DB00091,pathway,836,1.0,0.0,0.0
19,DB00091,DB11586,1,1.0,A,DB00091,pathway,837,1.0,0.0,0.0
19,DB00091,DB11586,1,1.0,A,DB00091,pathway,840,1.0,0.0,0.0
19,DB00091,DB11586,1,1.0,A,DB00091,pathway,845,1.0,0.0,0.0
19,DB00091,DB11586,1,1.0,A,DB00091,pathway,853,1.0,0.0,0.0
19,DB00091,DB11586,1,1.0,A,DB00091,pathway,854,1.0,0.0,0.0
19,DB00091,DB11586,1,1.0,A,DB00091,pathway,855,1.0,0.0,0.0
19,DB00091,DB11586,1,1.0,A,DB00091,pathway,863,1.0,0.0,0.0
19,DB00091,DB11586,1,1.0,A,DB00091,pathway,870,1.0,0.0,0.0
19,DB00091,DB11586,1,1.0,A,DB00091,pathway,874,1.0,0.0,0.0
19,DB00091,DB11586,1,1.0,A,DB00091,pathway,877,1.0,0.0,0.0
19,DB00091,DB11586,1,1.0,A,DB00091,pathway,883,1.0,0.0,0.0
19,DB00091,DB11586,1,1.0,A,DB00091,pathway,896,1.0,0.0,0.0
19,DB00091,DB11586,1,1.0,A,DB00091,pathway,910,1.0,0.0,0.0
19,DB00091,DB11586,1,1.0,A,DB00091,pathway,919,1.0,0.0,0.0
19,DB00091,DB11586,1,1.0,A,DB00091,pathway,922,1.0,0.0,0.0
19,DB00091,DB11586,1,1.0,A,DB00091,pathway,927,1.0,0.0,0.0
19,DB00091,DB11586,1,1.0,A,DB00091,pathway,940,1.0,0.0,0.0
19,DB00091,DB11586,1,1.0,A,DB00091,pathway,948,1.0,0.0,0.0
19,DB00091,DB11586,1,1.0,A,DB00091,pathway,955,1.0,0.0,0.0
19,DB00091,DB11586,1,1.0,A,DB00091,pathway,958,1.0,0.0,0.0
19,DB00091,DB11586,1,1.0,A,DB00091,pathway,959,1.0,0.0,0.0
19,DB00091,DB11586,1,1.0,A,DB00091,pathway,965,1.0,0.0,0.0
19,DB00091,DB11586,1,1.0,A,DB00091,pathway,968,1.0,0.0,0.0
19,DB00091,DB11586,1,1.0,A,DB00091,pathway,969,1.0,0.0,0.0
19,DB00091,DB11586,1,1.0,A,DB00091,pathway,970,1.0,0.0,0.0
19,DB00091,DB11586,1,1.0,A,DB00091,pathway,973,1.0,0.0,0.0
19,DB00091,DB11586,1,1.0,A,DB00091,pathway,981,1.0,0.0,0.0
19,DB00091,DB11586,1,1.0,A,DB00091,pathway,986,1.0,0.0,0.0
19,DB00091,DB11586,1,1.0,A,DB00091,pathway,987,1.0,0.0,0.0
19,DB00091,DB11586,1,1.0,A,DB00091,pathway,988,1.0,0.0,0.0
19,DB00091,DB11586,1,1.0,A,DB00091,pathway,989,1.0,0.0,0.0
19,DB00091,DB11586,1,1.0,A,DB00091,pathway,1009,1.0,0.0,0.0
19,DB00091,DB11586,1,1.0,A,DB00091,pathway,1010,1.0,0.0,0.0
19,DB00091,DB11586,1,1.0,A,DB00091,pathway,1011,1.0,0.0,0.0
19,DB00091,DB11586,1,1.0,A,DB00091,pathway,1012,1.0,0.0,0.0
19,DB00091,DB11586,1,1.0,A,DB00091,pathway,1018,1.0,0.0,0.0
19,DB00091,DB11586,1,1.0,A,DB00091,pathway,1019,1.0,0.0,0.0
19,DB00091,DB11586,1,1.0,A,DB00091,pathway,1020,1.0,0.0,0.0
19,DB00091,DB11586,1,1.0,A,DB00091,pathway,1031,1.0,0.0,0.0
19,DB00091,DB11586,1,1.0,A,DB00091,pathway,1037,1.0,0.0,0.0
19,DB00091,DB11586,1,1.0,A,DB00091,pathway,1041,1.0,0.0,0.0
19,DB00091,DB11586,1,1.0,A,DB00091,pathway,1044,1.0,0.0,0.0
19,DB00091,DB11586,1,1.0,A,DB00091,pathway,1045,1.0,0.0,0.0
19,DB00091,DB11586,1,1.0,A,DB00091,pathway,1046,1.0,0.0,0.0
19,DB00091,DB11586,1,1.0,A,DB00091,pathway,1047,1.0,0.0,0.0
19,DB00091,DB11586,1,1.0,A,DB00091,pathway,1048,1.0,0.0,0.0
19,DB00091,DB11586,1,1.0,A,DB00091,pathway,1054,1.0,0.0,0.0
19,DB00091,DB11586,1,1.0,A,DB00091,pathway,1057,1.0,0.0,0.0
19,DB00091,DB11586,1,1.0,A,DB00091,pathway,1062,1.0,0.0,0.0
19,DB00091,DB11586,1,1.0,A,DB00091,pathway,1064,1.0,0.0,0.0
19,DB00091,DB11586,1,1.0,A,DB00091,pathway,1066,1.0,0.0,0.0
19,DB00091,DB11586,1,1.0,A,DB00091,pathway,1073,1.0,0.0,0.0
19,DB00091,DB11586,1,1.0,A,DB00091,pathway,1074,1.0,0.0,0.0
19,DB00091,DB11586,1,1.0,A,DB00091,pathway,1079,1.0,0.0,0.0
19,DB00091,DB11586,1,1.0,A,DB00091,pathway,1080,1.0,0.0,0.0
19,DB00091,DB11586,1,1.0,A,DB00091,pathway,1081,1.0,0.0,0.0
19,DB00091,DB11586,1,1.0,A,DB00091,pathway,1082,1.0,0.0,0.0
19,DB00091,DB11586,1,1.0,A,DB00091,pathway,1083,1.0,0.0,0.0
19,DB00091,DB11586,1,1.0,A,DB00091,pathway,1084,1.0,0.0,0.0
19,DB00091,DB11586,1,1.0,A,DB00091,pathway,1085,1.0,0.0,0.0
19,DB00091,DB11586,1,1.0,A,DB00091,pathway,1089,1.0,0.0,0.0
19,DB00091,DB11586,1,1.0,A,DB00091,pathway,1090,1.0,0.0,0.0
19,DB00091,DB11586,1,1.0,A,DB00091,pathway,1099,1.0,0.0,0.0
19,DB00091,DB11586,1,1.0,A,DB00091,pathway,1100,1.0,0.0,0.0
19,DB00091,DB11586,1,1.0,A,DB00091,pathway,1102,1.0,0.0,0.0
19,DB00091,DB11586,1,1.0,A,DB00091,pathway,1103,1.0,0.0,0.0
19,DB00091,DB11586,1,1.0,A,DB00091,pathway,1107,1.0,0.0,0.0
19,DB00091,DB11586,1,1.0,A,DB00091,pathway,1108,1.0,0.0,0.0
19,DB00091,DB11586,1,1.0,A,DB00091,pathway,1110,1.0,0.0,0.0
19,DB00091,DB11586,1,1.0,A,DB00091,pathway,1116,1.0,0.0,0.0
19,DB00091,DB11586,1,1.0,A,DB00091,pathway,1119,1.0,0.0,0.0
19,DB00091,DB11586,1,1.0,A,DB00091,pathway,1120,1.0,0.0,0.0
19,DB00091,DB11586,1,1.0,A,DB00091,pathway,1121,1.0,0.0,0.0
19,DB00091,DB11586,1,1.0,A,DB00091,pathway,1122,1.0,0.0,0.0
19,DB00091,DB11586,1,1.0,A,DB00091,pathway,1123,1.0,0.0,0.0
19,DB00091,DB11586,1,1.0,A,DB00091,pathway,1126,1.0,0.0,0.0
19,DB00091,DB11586,1,1.0,A,DB00091,pathway,1134,1.0,0.0,0.0
19,DB00091,DB11586,1,1.0,A,DB00091,pathway,1135,1.0,0.0,0.0
19,DB00091,DB11586,1,1.0,A,DB00091,pathway,1138,1.0,0.0,0.0
19,DB00091,DB11586,1,1.0,A,DB00091,pathway,1153,1.0,0.0,0.0
19,DB00091,DB11586,1,1.0,A,DB00091,pathway,1154,1.0,0.0,0.0
19,DB00091,DB11586,1,1.0,A,DB00091,pathway,1157,1.0,0.0,0.0
19,DB00091,DB11586,1,1.0,A,DB00091,pathway,1165,1.0,0.0,0.0
19,DB00091,DB11586,1,1.0,A,DB00091,pathway,1167,1.0,0.0,0.0
19,DB00091,DB11586,1,1.0,A,DB00091,pathway,1177,1.0,0.0,0.0
19,DB00091,DB11586,1,1.0,A,DB00091,pathway,1182,1.0,0.0,0.0
19,DB00091,DB11586,1,1.0,A,DB00091,pathway,1217,1.0,0.0,0.0
19,DB00091,DB11586,1,1.0,A,DB00091,pathway,1218,1.0,0.0,0.0
19,DB00091,DB11586,1,1.0,A,DB00091,pathway,1224,1.0,0.0,0.0
19,DB00091,DB11586,1,1.0,A,DB00091,pathway,1225,1.0,0.0,0.0
19,DB00091,DB11586,1,1.0,A,DB00091,pathway,1230,1.0,0.0,0.0
19,DB00091,DB11586,1,1.0,A,DB00091,pathway,1245,1.0,0.0,0.0
19,DB00091,DB11586,1,1.0,A,DB00091,pathway,1249,1.0,0.0,0.0
19,DB00091,DB11586,1,1.0,A,DB00091,pathway,1262,1.0,0.0,0.0
19,DB00091,DB11586,1,1.0,A,DB00091,pathway,1263,1.0,0.0,0.0
19,DB00091,DB11586,1,1.0,A,DB00091,pathway,1264,1.0,0.0,0.0
19,DB00091,DB11586,1,1.0,A,DB00091,pathway,1265,1.0,0.0,0.0
19,DB00091,DB11586,1,1.0,A,DB00091,pathway,1266,1.0,0.0,0.0
19,DB00091,DB11586,1,1.0,A,DB00091,pathway,1267,1.0,0.0,0.0
19,DB00091,DB11586,1,1.0,A,DB00091,pathway,1268,1.0,0.0,0.0
19,DB00091,DB11586,1,1.0,A,DB00091,pathway,1270,1.0,0.0,0.0
19,DB00091,DB11586,1,1.0,A,DB00091,pathway,1272,1.0,0.0,0.0
19,DB00091,DB11586,1,1.0,A,DB00091,pathway,1278,1.0,0.0,0.0
19,DB00091,DB11586,1,1.0,A,DB00091,pathway,1291,1.0,0.0,0.0
19,DB00091,DB11586,1,1.0,A,DB00091,pathway,1292,1.0,0.0,0.0
19,DB00091,DB11586,1,1.0,A,DB00091,pathway,1297,1.0,0.0,0.0
19,DB00091,DB11586,1,1.0,A,DB00091,pathway,1298,1.0,0.0,0.0
19,DB00091,DB11586,1,1.0,A,DB00091,pathway,1299,1.0,0.0,0.0
19,DB00091,DB11586,1,1.0,A,DB00091,pathway,1300,1.0,0.0,0.0
19,DB00091,DB11586,1,1.0,A,DB00091,pathway,1301,1.0,0.0,0.0
19,DB00091,DB11586,1,1.0,A,DB00091,pathway,1302,1.0,0.0,0.0
19,DB00091,DB11586,1,1.0,A,DB00091,pathway,1305,1.0,0.0,0.0
19,DB00091,DB11586,1,1.0,A,DB00091,pathway,1312,1.0,0.0,0.0
19,DB00091,DB11586,1,1.0,A,DB00091,pathway,1318,1.0,0.0,0.0
19,DB00091,DB11586,1,1.0,A,DB00091,pathway,1329,1.0,0.0,0.0
19,DB00091,DB11586,1,1.0,A,DB00091,pathway,1333,1.0,0.0,0.0
19,DB00091,DB11586,1,1.0,A,DB00091,pathway,1339,1.0,0.0,0.0
19,DB00091,DB11586,1,1.0,A,DB00091,pathway,1346,1.0,0.0,0.0
19,DB00091,DB11586,1,1.0,A,DB00091,pathway,1347,1.0,0.0,0.0
19,DB00091,DB11586,1,1.0,A,DB00091,pathway,1348,1.0,0.0,0.0
19,DB00091,DB11586,1,1.0,A,DB00091,pathway,1353,1.0,0.0,0.0
19,DB00091,DB11586,1,1.0,A,DB00091,pathway,1356,1.0,0.0,0.0
19,DB00091,DB11586,1,1.0,A,DB00091,pathway,1364,1.0,0.0,0.0
19,DB00091,DB11586,1,1.0,A,DB00091,pathway,1366,1.0,0.0,0.0
19,DB00091,DB11586,1,1.0,A,DB00091,pathway,1370,1.0,0.0,0.0
19,DB00091,DB11586,1,1.0,A,DB00091,pathway,1372,1.0,0.0,0.0
19,DB00091,DB11586,1,1.0,A,DB00091,pathway,1373,1.0,0.0,0.0
19,DB00091,DB11586,1,1.0,A,DB00091,pathway,1382,1.0,0.0,0.0
19,DB00091,DB11586,1,1.0,A,DB00091,pathway,1394,1.0,0.0,0.0
19,DB00091,DB11586,1,1.0,A,DB00091,pathway,1396,1.0,0.0,0.0
19,DB00091,DB11586,1,1.0,A,DB00091,pathway,1397,1.0,0.0,0.0
19,DB00091,DB11586,1,1.0,A,DB00091,pathway,1401,1.0,0.0,0.0
19,DB00091,DB11586,1,1.0,A,DB00091,pathway,1402,1.0,0.0,0.0
19,DB00091,DB11586,1,1.0,A,DB00091,pathway,1405,1.0,0.0,0.0
19,DB00091,DB11586,1,1.0,A,DB00091,pathway,1414,1.0,0.0,0.0
19,DB00091,DB11586,1,1.0,A,DB00091,pathway,1419,1.0,0.0,0.0
19,DB00091,DB11586,1,1.0,A,DB00091,pathway,1422,1.0,0.0,0.0
19,DB00091,DB11586,1,1.0,A,DB00091,pathway,1423,1.0,0.0,0.0
19,DB00091,DB11586,1,1.0,A,DB00091,pathway,1424,1.0,0.0,0.0
19,DB00091,DB11586,1,1.0,A,DB00091,pathway,1428,1.0,0.0,0.0
19,DB00091,DB11586,1,1.0,A,DB00091,pathway,1430,1.0,0.0,0.0
19,DB00091,DB11586,1,1.0,A,DB00091,pathway,1431,1.0,0.0,0.0
19,DB00091,DB11586,1,1.0,A,DB00091,pathway,1432,1.0,0.0,0.0
19,DB00091,DB11586,1,1.0,A,DB00091,pathway,1436,1.0,0.0,0.0
19,DB00091,DB11586,1,1.0,A,DB00091,pathway,1437,1.0,0.0,0.0
19,DB00091,DB11586,1,1.0,A,DB00091,pathway,1440,1.0,0.0,0.0
19,DB00091,DB11586,1,1.0,A,DB00091,pathway,1441,1.0,0.0,0.0
19,DB00091,DB11586,1,1.0,A,DB00091,pathway,1446,1.0,0.0,0.0
19,DB00091,DB11586,1,1.0,A,DB00091,pathway,1448,1.0,0.0,0.0
19,DB00091,DB11586,1,1.0,A,DB00091,pathway,1453,1.0,0.0,0.0
19,DB00091,DB11586,1,1.0,A,DB00091,pathway,1467,1.0,0.0,0.0
19,DB00091,DB11586,1,1.0,A,DB00091,pathway,1468,1.0,0.0,0.0
19,DB00091,DB11586,1,1.0,A,DB00091,pathway,1471,1.0,0.0,0.0
19,DB00091,DB11586,1,1.0,A,DB00091,pathway,1472,1.0,0.0,0.0
19,DB00091,DB11586,1,1.0,A,DB00091,pathway,1473,1.0,0.0,0.0
19,DB00091,DB11586,1,1.0,A,DB00091,pathway,1474,1.0,0.0,0.0
19,DB00091,DB11586,1,1.0,A,DB00091,pathway,1488,1.0,0.0,0.0
19,DB00091,DB11586,1,1.0,A,DB00091,pathway,1489,1.0,0.0,0.0
19,DB00091,DB11586,1,1.0,A,DB00091,pathway,1490,1.0,0.0,0.0
19,DB00091,DB11586,1,1.0,A,DB00091,pathway,1491,1.0,0.0,0.0
19,DB00091,DB11586,1,1.0,A,DB00091,pathway,1492,1.0,0.0,0.0
19,DB00091,DB11586,1,1.0,A,DB00091,pathway,1496,1.0,0.0,0.0
19,DB00091,DB11586,1,1.0,A,DB00091,pathway,1500,1.0,0.0,0.0
19,DB00091,DB11586,1,1.0,A,DB00091,pathway,1502,1.0,0.0,0.0
19,DB00091,DB11586,1,1.0,A,DB00091,pathway,1513,1.0,0.0,0.0
19,DB00091,DB11586,1,1.0,A,DB00091,pathway,1514,1.0,0.0,0.0
19,DB00091,DB11586,1,1.0,A,DB00091,pathway,1518,1.0,0.0,0.0
19,DB00091,DB11586,1,1.0,A,DB00091,pathway,1521,1.0,0.0,0.0
19,DB00091,DB11586,1,1.0,A,DB00091,pathway,1522,1.0,0.0,0.0
19,DB00091,DB11586,1,1.0,A,DB00091,pathway,1524,1.0,0.0,0.0
19,DB00091,DB11586,1,1.0,A,DB00091,pathway,1531,1.0,0.0,0.0
19,DB00091,DB11586,1,1.0,A,DB00091,pathway,1533,1.0,0.0,0.0
19,DB00091,DB11586,1,1.0,A,DB00091,pathway,1534,1.0,0.0,0.0
19,DB00091,DB11586,1,1.0,A,DB00091,pathway,1542,1.0,0.0,0.0
19,DB00091,DB11586,1,1.0,A,DB00091,pathway,1544,1.0,0.0,0.0
19,DB00091,DB11586,1,1.0,A,DB00091,pathway,1547,1.0,0.0,0.0
19,DB00091,DB11586,1,1.0,A,DB00091,pathway,1548,1.0,0.0,0.0
19,DB00091,DB11586,1,1.0,A,DB00091,pathway,1549,1.0,0.0,0.0
19,DB00091,DB11586,1,1.0,A,DB00091,pathway,1557,1.0,0.0,0.0
19,DB00091,DB11586,1,1.0,A,DB00091,pathway,1562,1.0,0.0,0.0
19,DB00091,DB11586,1,1.0,A,DB00091,pathway,1567,1.0,0.0,0.0
19,DB00091,DB11586,1,1.0,A,DB00091,pathway,1568,1.0,0.0,0.0
19,DB00091,DB11586,1,1.0,A,DB00091,pathway,1569,1.0,0.0,0.0
19,DB00091,DB11586,1,1.0,A,DB00091,pathway,1570,1.0,0.0,0.0
19,DB00091,DB11586,1,1.0,A,DB00091,pathway,1571,1.0,0.0,0.0
19,DB00091,DB11586,1,1.0,A,DB00091,pathway,1577,1.0,0.0,0.0
19,DB00091,DB11586,1,1.0,A,DB00091,pathway,1582,1.0,0.0,0.0
19,DB00091,DB11586,1,1.0,A,DB00091,pathway,1584,1.0,0.0,0.0
19,DB00091,DB11586,1,1.0,A,DB00091,pathway,1585,1.0,0.0,0.0
19,DB00091,DB11586,1,1.0,A,DB00091,pathway,1586,1.0,0.0,0.0
19,DB00091,DB11586,1,1.0,A,DB00091,pathway,1587,1.0,0.0,0.0
19,DB00091,DB11586,1,1.0,A,DB00091,pathway,1589,1.0,0.0,0.0
19,DB00091,DB11586,1,1.0,A,DB00091,pathway,1590,1.0,0.0,0.0
19,DB00091,DB11586,1,1.0,A,DB00091,pathway,1591,1.0,0.0,0.0
19,DB00091,DB11586,1,1.0,A,DB00091,pathway,1592,1.0,0.0,0.0
19,DB00091,DB11586,1,1.0,A,DB00091,pathway,1593,1.0,0.0,0.0
19,DB00091,DB11586,1,1.0,A,DB00091,pathway,1594,1.0,0.0,0.0
19,DB00091,DB11586,1,1.0,A,DB00091,pathway,1595,1.0,0.0,0.0
19,DB00091,DB11586,1,1.0,A,DB00091,pathway,1596,1.0,0.0,0.0
19,DB00091,DB11586,1,1.0,A,DB00091,pathway,1597,1.0,0.0,0.0
19,DB00091,DB11586,1,1.0,A,DB00091,pathway,1598,1.0,0.0,0.0
19,DB00091,DB11586,1,1.0,A,DB00091,pathway,1599,1.0,0.0,0.0
19,DB00091,DB11586,1,1.0,A,DB00091,pathway,1613,1.0,0.0,0.0
19,DB00091,DB11586,1,1.0,A,DB00091,pathway,1635,1.0,0.0,0.0
19,DB00091,DB11586,1,1.0,A,DB00091,pathway,1637,1.0,0.0,0.0
19,DB00091,DB11586,1,1.0,A,DB00091,pathway,1640,1.0,0.0,0.0
19,DB00091,DB11586,1,1.0,A,DB00091,pathway,1652,1.0,0.0,0.0
19,DB00091,DB11586,1,1.0,A,DB00091,pathway,1665,1.0,0.0,0.0
19,DB00091,DB11586,1,1.0,A,DB00091,pathway,1685,1.0,0.0,0.0
19,DB00091,DB11586,1,1.0,A,DB00091,pathway,1686,1.0,0.0,0.0
19,DB00091,DB11586,1,1.0,A,DB00091,pathway,1687,1.0,0.0,0.0
19,DB00091,DB11586,1,1.0,A,DB00091,pathway,1688,1.0,0.0,0.0
19,DB00091,DB11586,1,1.0,A,DB00091,pathway,1692,1.0,0.0,0.0
19,DB00091,DB11586,1,1.0,A,DB00091,pathway,1694,1.0,0.0,0.0
19,DB00091,DB11586,1,1.0,A,DB00091,pathway,1695,1.0,0.0,0.0
19,DB00091,DB11586,1,1.0,A,DB00091,pathway,1696,1.0,0.0,0.0
19,DB00091,DB11586,1,1.0,A,DB00091,pathway,1700,1.0,0.0,0.0
19,DB00091,DB11586,1,1.0,A,DB00091,pathway,1701,1.0,0.0,0.0
19,DB00091,DB11586,1,1.0,A,DB00091,pathway,1713,1.0,0.0,0.0
19,DB00091,DB11586,1,1.0,A,DB00091,pathway,1714,1.0,0.0,0.0
19,DB00091,DB11586,1,1.0,A,DB00091,pathway,1719,1.0,0.0,0.0
19,DB00091,DB11586,1,1.0,A,DB00091,pathway,1721,1.0,0.0,0.0
19,DB00091,DB11586,1,1.0,A,DB00091,pathway,1730,1.0,0.0,0.0
19,DB00091,DB11586,1,1.0,A,DB00091,pathway,1737,1.0,0.0,0.0
19,DB00091,DB11586,1,1.0,A,DB00091,pathway,1743,1.0,0.0,0.0
19,DB00091,DB11586,1,1.0,A,DB00091,pathway,1744,1.0,0.0,0.0
19,DB00091,DB11586,1,1.0,A,DB00091,pathway,1746,1.0,0.0,0.0
19,DB00091,DB11586,1,1.0,A,DB00091,pathway,1751,1.0,0.0,0.0
19,DB00091,DB11586,1,1.0,A,DB00091,pathway,1755,1.0,0.0,0.0
19,DB00091,DB11586,1,1.0,A,DB00091,pathway,1758,1.0,0.0,0.0
19,DB00091,DB11586,1,1.0,A,DB00091,pathway,1765,1.0,0.0,0.0
19,DB00091,DB11586,1,1.0,A,DB00091,pathway,1770,1.0,0.0,0.0
19,DB00091,DB11586,1,1.0,A,DB00091,pathway,1774,1.0,0.0,0.0
19,DB00091,DB11586,1,1.0,A,DB00091,pathway,1776,1.0,0.0,0.0
19,DB00091,DB11586,1,1.0,A,DB00091,pathway,1779,1.0,0.0,0.0
19,DB00091,DB11586,1,1.0,A,DB00091,pathway,1783,1.0,0.0,0.0
19,DB00091,DB11586,1,1.0,A,DB00091,pathway,1784,1.0,0.0,0.0
19,DB00091,DB11586,1,1.0,A,DB00091,pathway,1788,1.0,0.0,0.0
19,DB00091,DB11586,1,1.0,A,DB00091,pathway,1790,1.0,0.0,0.0
19,DB00091,DB11586,1,1.0,A,DB00091,pathway,1791,1.0,0.0,0.0
19,DB00091,DB11586,1,1.0,A,DB00091,pathway,1793,1.0,0.0,0.0
19,DB00091,DB11586,1,1.0,A,DB00091,pathway,1794,1.0,0.0,0.0
19,DB00091,DB11586,1,1.0,A,DB00091,pathway,1795,1.0,0.0,0.0
19,DB00091,DB11586,1,1.0,A,DB00091,pathway,1796,1.0,0.0,0.0
19,DB00091,DB11586,1,1.0,A,DB00091,pathway,1797,1.0,0.0,0.0
19,DB00091,DB11586,1,1.0,A,DB00091,pathway,1798,1.0,0.0,0.0
19,DB00091,DB11586,1,1.0,A,DB00091,pathway,1799,1.0,0.0,0.0
19,DB00091,DB11586,1,1.0,A,DB00091,pathway,1801,1.0,0.0,0.0
19,DB00091,DB11586,1,1.0,A,DB00091,pathway,1805,1.0,0.0,0.0
19,DB00091,DB11586,1,1.0,A,DB00091,pathway,1812,1.0,0.0,0.0
19,DB00091,DB11586,1,1.0,A,DB00091,pathway,1818,1.0,0.0,0.0
19,DB00091,DB11586,1,1.0,A,DB00091,pathway,1827,1.0,0.0,0.0
19,DB00091,DB11586,1,1.0,A,DB00091,pathway,1831,1.0,0.0,0.0
19,DB00091,DB11586,1,1.0,A,DB00091,pathway,1837,1.0,0.0,0.0
19,DB00091,DB11586,1,1.0,A,DB00091,pathway,1842,1.0,0.0,0.0
19,DB00091,DB11586,1,1.0,A,DB00091,pathway,1846,1.0,0.0,0.0
19,DB00091,DB11586,1,1.0,A,DB00091,pathway,1848,1.0,0.0,0.0
19,DB00091,DB11586,1,1.0,A,DB00091,pathway,1849,1.0,0.0,0.0
19,DB00091,DB11586,1,1.0,A,DB00091,pathway,1850,1.0,0.0,0.0
19,DB00091,DB11586,1,1.0,A,DB00091,pathway,1853,1.0,0.0,0.0
19,DB00091,DB11586,1,1.0,A,DB00091,pathway,1854,1.0,0.0,0.0
19,DB00091,DB11586,1,1.0,A,DB00091,pathway,1865,1.0,0.0,0.0
19,DB00091,DB11586,1,1.0,A,DB00091,pathway,1867,1.0,0.0,0.0
19,DB00091,DB11586,1,1.0,A,DB00091,pathway,1877,1.0,0.0,0.0
19,DB00091,DB11586,1,1.0,A,DB00091,pathway,1879,1.0,0.0,0.0
19,DB00091,DB11586,1,1.0,A,DB00091,pathway,1880,1.0,0.0,0.0
19,DB00091,DB11586,1,1.0,A,DB00091,pathway,1886,1.0,0.0,0.0
19,DB00091,DB11586,1,1.0,A,DB00091,pathway,1892,1.0,0.0,0.0
19,DB00091,DB11586,1,1.0,A,DB00091,pathway,1893,1.0,0.0,0.0
19,DB00091,DB11586,1,1.0,A,DB00091,pathway,1896,1.0,0.0,0.0
19,DB00091,DB11586,1,1.0,A,DB00091,pathway,1898,1.0,0.0,0.0
19,DB00091,DB11586,1,1.0,A,DB00091,pathway,1903,1.0,0.0,0.0
19,DB00091,DB11586,1,1.0,A,DB00091,pathway,1904,1.0,0.0,0.0
19,DB00091,DB11586,1,1.0,A,DB00091,pathway,1905,1.0,0.0,0.0
19,DB00091,DB11586,1,1.0,A,DB00091,pathway,1912,1.0,0.0,0.0
19,DB00091,DB11586,1,1.0,A,DB00091,pathway,1913,1.0,0.0,0.0
19,DB00091,DB11586,1,1.0,A,DB00091,pathway,1921,1.0,0.0,0.0
19,DB00091,DB11586,1,1.0,A,DB00091,pathway,1925,1.0,0.0,0.0
19,DB00091,DB11586,1,1.0,A,DB00091,pathway,1926,1.0,0.0,0.0
19,DB00091,DB11586,1,1.0,A,DB00091,pathway,1932,1.0,0.0,0.0
19,DB00091,DB11586,1,1.0,A,DB00091,pathway,1933,1.0,0.0,0.0
19,DB00091,DB11586,1,1.0,A,DB00091,pathway,1935,1.0,0.0,0.0
19,DB00091,DB11586,1,1.0,A,DB00091,pathway,1937,1.0,0.0,0.0
19,DB00091,DB11586,1,1.0,A,DB00091,pathway,1938,1.0,0.0,0.0
19,DB00091,DB11586,1,1.0,A,DB00091,pathway,1952,1.0,0.0,0.0
19,DB00091,DB11586,1,1.0,A,DB00091,pathway,1956,1.0,0.0,0.0
19,DB00091,DB11586,1,1.0,A,DB00091,pathway,1957,1.0,0.0,0.0
19,DB00091,DB11586,1,1.0,A,DB00091,pathway,1958,1.0,0.0,0.0
19,DB00091,DB11586,1,1.0,A,DB00091,pathway,1959,1.0,0.0,0.0
19,DB00091,DB11586,1,1.0,A,DB00091,pathway,1965,1.0,0.0,0.0
19,DB00091,DB11586,1,1.0,B,DB11586,pathway,159,1.0,0.0,0.0
19,DB00091,DB11586,1,1.0,B,DB11586,pathway,315,1.0,0.0,0.0
19,DB00091,DB11586,1,1.0,B,DB11586,pathway,438,1.0,0.0,0.0
19,DB00091,DB11586,1,1.0,B,DB11586,pathway,439,1.0,0.0,0.0
19,DB00091,DB11586,1,1.0,B,DB11586,pathway,441,1.0,0.0,0.0
19,DB00091,DB11586,1,1.0,B,DB11586,pathway,444,1.0,0.0,0.0
19,DB00091,DB11586,1,1.0,B,DB11586,pathway,446,1.0,0.0,0.0
19,DB00091,DB11586,1,1.0,B,DB11586,pathway,447,1.0,0.0,0.0
19,DB00091,DB11586,1,1.0,B,DB11586,pathway,455,1.0,0.0,0.0
19,DB00091,DB11586,1,1.0,B,DB11586,pathway,464,1.0,0.0,0.0
19,DB00091,DB11586,1,1.0,B,DB11586,pathway,471,1.0,0.0,0.0
19,DB00091,DB11586,1,1.0,B,DB11586,pathway,521,1.0,0.0,0.0
19,DB00091,DB11586,1,1.0,B,DB11586,pathway,536,1.0,0.0,0.0
19,DB00091,DB11586,1,1.0,B,DB11586,pathway,589,1.0,0.0,0.0
19,DB00091,DB11586,1,1.0,B,DB11586,pathway,594,1.0,0.0,0.0
19,DB00091,DB11586,1,1.0,B,DB11586,pathway,650,1.0,0.0,0.0
19,DB00091,DB11586,1,1.0,B,DB11586,pathway,870,1.0,0.0,0.0
19,DB00091,DB11586,1,1.0,B,DB11586,pathway,940,1.0,0.0,0.0
19,DB00091,DB11586,1,1.0,B,DB11586,pathway,959,1.0,0.0,0.0
19,DB00091,DB11586,1,1.0,B,DB11586,pathway,965,1.0,0.0,0.0
19,DB00091,DB11586,1,1.0,B,DB11586,pathway,1268,1.0,0.0,0.0
19,DB00091,DB11586,1,1.0,B,DB11586,pathway,1329,1.0,0.0,0.0
19,DB00091,DB11586,1,1.0,B,DB11586,pathway,1348,1.0,0.0,0.0
19,DB00091,DB11586,1,1.0,B,DB11586,pathway,1467,1.0,0.0,0.0
19,DB00091,DB11586,1,1.0,B,DB11586,pathway,1518,1.0,0.0,0.0
19,DB00091,DB11586,1,1.0,B,DB11586,pathway,1522,1.0,0.0,0.0
19,DB00091,DB11586,1,1.0,B,DB11586,pathway,1562,1.0,0.0,0.0
19,DB00091,DB11586,1,1.0,B,DB11586,pathway,1730,1.0,0.0,0.0
19,DB00091,DB11586,1,1.0,B,DB11586,pathway,1744,1.0,0.0,0.0
19,DB00091,DB11586,1,1.0,B,DB11586,pathway,1751,1.0,0.0,0.0
19,DB00091,DB11586,1,1.0,B,DB11586,pathway,1965,1.0,0.0,0.0
20,DB00158,DB00244,1,1.0,A,DB00158,pathway,4,1.0,0.0,0.0
20,DB00158,DB00244,1,1.0,A,DB00158,pathway,10,1.0,0.0,0.0
20,DB00158,DB00244,1,1.0,A,DB00158,pathway,11,1.0,0.0,0.0
20,DB00158,DB00244,1,1.0,A,DB00158,pathway,12,1.0,0.0,0.0
20,DB00158,DB00244,1,1.0,A,DB00158,pathway,13,1.0,0.0,0.0
20,DB00158,DB00244,1,1.0,A,DB00158,pathway,39,1.0,0.0,0.0
20,DB00158,DB00244,1,1.0,A,DB00158,pathway,53,1.0,0.0,0.0
20,DB00158,DB00244,1,1.0,A,DB00158,pathway,122,1.0,0.0,0.0
20,DB00158,DB00244,1,1.0,A,DB00158,pathway,159,1.0,0.0,0.0
20,DB00158,DB00244,1,1.0,A,DB00158,pathway,174,1.0,0.0,0.0
20,DB00158,DB00244,1,1.0,A,DB00158,pathway,205,1.0,0.0,0.0
20,DB00158,DB00244,1,1.0,A,DB00158,pathway,296,1.0,0.0,0.0
20,DB00158,DB00244,1,1.0,A,DB00158,pathway,314,1.0,0.0,0.0
20,DB00158,DB00244,1,1.0,A,DB00158,pathway,315,1.0,0.0,0.0
20,DB00158,DB00244,1,1.0,A,DB00158,pathway,356,1.0,0.0,0.0
20,DB00158,DB00244,1,1.0,A,DB00158,pathway,360,1.0,0.0,0.0
20,DB00158,DB00244,1,1.0,A,DB00158,pathway,411,1.0,0.0,0.0
20,DB00158,DB00244,1,1.0,A,DB00158,pathway,447,1.0,0.0,0.0
20,DB00158,DB00244,1,1.0,A,DB00158,pathway,459,1.0,0.0,0.0
20,DB00158,DB00244,1,1.0,A,DB00158,pathway,471,1.0,0.0,0.0
20,DB00158,DB00244,1,1.0,A,DB00158,pathway,473,1.0,0.0,0.0
20,DB00158,DB00244,1,1.0,A,DB00158,pathway,521,1.0,0.0,0.0
20,DB00158,DB00244,1,1.0,A,DB00158,pathway,536,1.0,0.0,0.0
20,DB00158,DB00244,1,1.0,A,DB00158,pathway,589,1.0,0.0,0.0
20,DB00158,DB00244,1,1.0,A,DB00158,pathway,594,1.0,0.0,0.0
20,DB00158,DB00244,1,1.0,A,DB00158,pathway,622,1.0,0.0,0.0
20,DB00158,DB00244,1,1.0,A,DB00158,pathway,647,1.0,0.0,0.0
20,DB00158,DB00244,1,1.0,A,DB00158,pathway,650,1.0,0.0,0.0
20,DB00158,DB00244,1,1.0,A,DB00158,pathway,668,1.0,0.0,0.0
20,DB00158,DB00244,1,1.0,A,DB00158,pathway,716,1.0,0.0,0.0
20,DB00158,DB00244,1,1.0,A,DB00158,pathway,730,1.0,0.0,0.0
20,DB00158,DB00244,1,1.0,A,DB00158,pathway,777,1.0,0.0,0.0
20,DB00158,DB00244,1,1.0,A,DB00158,pathway,824,1.0,0.0,0.0
20,DB00158,DB00244,1,1.0,A,DB00158,pathway,852,1.0,0.0,0.0
20,DB00158,DB00244,1,1.0,A,DB00158,pathway,866,1.0,0.0,0.0
20,DB00158,DB00244,1,1.0,A,DB00158,pathway,874,1.0,0.0,0.0
20,DB00158,DB00244,1,1.0,A,DB00158,pathway,922,1.0,0.0,0.0
20,DB00158,DB00244,1,1.0,A,DB00158,pathway,940,1.0,0.0,0.0
20,DB00158,DB00244,1,1.0,A,DB00158,pathway,959,1.0,0.0,0.0
20,DB00158,DB00244,1,1.0,A,DB00158,pathway,965,1.0,0.0,0.0
20,DB00158,DB00244,1,1.0,A,DB00158,pathway,988,1.0,0.0,0.0
20,DB00158,DB00244,1,1.0,A,DB00158,pathway,989,1.0,0.0,0.0
20,DB00158,DB00244,1,1.0,A,DB00158,pathway,990,1.0,0.0,0.0
20,DB00158,DB00244,1,1.0,A,DB00158,pathway,1073,1.0,0.0,0.0
20,DB00158,DB00244,1,1.0,A,DB00158,pathway,1082,1.0,0.0,0.0
20,DB00158,DB00244,1,1.0,A,DB00158,pathway,1086,1.0,0.0,0.0
20,DB00158,DB00244,1,1.0,A,DB00158,pathway,1102,1.0,0.0,0.0
20,DB00158,DB00244,1,1.0,A,DB00158,pathway,1106,1.0,0.0,0.0
20,DB00158,DB00244,1,1.0,A,DB00158,pathway,1109,1.0,0.0,0.0
20,DB00158,DB00244,1,1.0,A,DB00158,pathway,1116,1.0,0.0,0.0
20,DB00158,DB00244,1,1.0,A,DB00158,pathway,1146,1.0,0.0,0.0
20,DB00158,DB00244,1,1.0,A,DB00158,pathway,1173,1.0,0.0,0.0
20,DB00158,DB00244,1,1.0,A,DB00158,pathway,1186,1.0,0.0,0.0
20,DB00158,DB00244,1,1.0,A,DB00158,pathway,1189,1.0,0.0,0.0
20,DB00158,DB00244,1,1.0,A,DB00158,pathway,1190,1.0,0.0,0.0
20,DB00158,DB00244,1,1.0,A,DB00158,pathway,1192,1.0,0.0,0.0
20,DB00158,DB00244,1,1.0,A,DB00158,pathway,1200,1.0,0.0,0.0
20,DB00158,DB00244,1,1.0,A,DB00158,pathway,1224,1.0,0.0,0.0
20,DB00158,DB00244,1,1.0,A,DB00158,pathway,1225,1.0,0.0,0.0
20,DB00158,DB00244,1,1.0,A,DB00158,pathway,1268,1.0,0.0,0.0
20,DB00158,DB00244,1,1.0,A,DB00158,pathway,1314,1.0,0.0,0.0
20,DB00158,DB00244,1,1.0,A,DB00158,pathway,1329,1.0,0.0,0.0
20,DB00158,DB00244,1,1.0,A,DB00158,pathway,1348,1.0,0.0,0.0
20,DB00158,DB00244,1,1.0,A,DB00158,pathway,1366,1.0,0.0,0.0
20,DB00158,DB00244,1,1.0,A,DB00158,pathway,1372,1.0,0.0,0.0
20,DB00158,DB00244,1,1.0,A,DB00158,pathway,1415,1.0,0.0,0.0
20,DB00158,DB00244,1,1.0,A,DB00158,pathway,1429,1.0,0.0,0.0
20,DB00158,DB00244,1,1.0,A,DB00158,pathway,1434,1.0,0.0,0.0
20,DB00158,DB00244,1,1.0,A,DB00158,pathway,1488,1.0,0.0,0.0
20,DB00158,DB00244,1,1.0,A,DB00158,pathway,1496,1.0,0.0,0.0
20,DB00158,DB00244,1,1.0,A,DB00158,pathway,1518,1.0,0.0,0.0
20,DB00158,DB00244,1,1.0,A,DB00158,pathway,1522,1.0,0.0,0.0
20,DB00158,DB00244,1,1.0,A,DB00158,pathway,1562,1.0,0.0,0.0
20,DB00158,DB00244,1,1.0,A,DB00158,pathway,1637,1.0,0.0,0.0
20,DB00158,DB00244,1,1.0,A,DB00158,pathway,1695,1.0,0.0,0.0
20,DB00158,DB00244,1,1.0,A,DB00158,pathway,1696,1.0,0.0,0.0
20,DB00158,DB00244,1,1.0,A,DB00158,pathway,1714,1.0,0.0,0.0
20,DB00158,DB00244,1,1.0,A,DB00158,pathway,1729,1.0,0.0,0.0
20,DB00158,DB00244,1,1.0,A,DB00158,pathway,1730,1.0,0.0,0.0
20,DB00158,DB00244,1,1.0,A,DB00158,pathway,1737,1.0,0.0,0.0
20,DB00158,DB00244,1,1.0,A,DB00158,pathway,1744,1.0,0.0,0.0
20,DB00158,DB00244,1,1.0,A,DB00158,pathway,1746,1.0,0.0,0.0
20,DB00158,DB00244,1,1.0,A,DB00158,pathway,1758,1.0,0.0,0.0
20,DB00158,DB00244,1,1.0,A,DB00158,pathway,1765,1.0,0.0,0.0
20,DB00158,DB00244,1,1.0,A,DB00158,pathway,1779,1.0,0.0,0.0
20,DB00158,DB00244,1,1.0,A,DB00158,pathway,1783,1.0,0.0,0.0
20,DB00158,DB00244,1,1.0,A,DB00158,pathway,1791,1.0,0.0,0.0
20,DB00158,DB00244,1,1.0,A,DB00158,pathway,1793,1.0,0.0,0.0
20,DB00158,DB00244,1,1.0,A,DB00158,pathway,1794,1.0,0.0,0.0
20,DB00158,DB00244,1,1.0,A,DB00158,pathway,1795,1.0,0.0,0.0
20,DB00158,DB00244,1,1.0,A,DB00158,pathway,1796,1.0,0.0,0.0
20,DB00158,DB00244,1,1.0,A,DB00158,pathway,1797,1.0,0.0,0.0
20,DB00158,DB00244,1,1.0,A,DB00158,pathway,1798,1.0,0.0,0.0
20,DB00158,DB00244,1,1.0,A,DB00158,pathway,1799,1.0,0.0,0.0
20,DB00158,DB00244,1,1.0,A,DB00158,pathway,1801,1.0,0.0,0.0
20,DB00158,DB00244,1,1.0,A,DB00158,pathway,1802,1.0,0.0,0.0
20,DB00158,DB00244,1,1.0,A,DB00158,pathway,1833,1.0,0.0,0.0
20,DB00158,DB00244,1,1.0,A,DB00158,pathway,1839,1.0,0.0,0.0
20,DB00158,DB00244,1,1.0,A,DB00158,pathway,1846,1.0,0.0,0.0
20,DB00158,DB00244,1,1.0,A,DB00158,pathway,1879,1.0,0.0,0.0
20,DB00158,DB00244,1,1.0,A,DB00158,pathway,1903,1.0,0.0,0.0
20,DB00158,DB00244,1,1.0,A,DB00158,pathway,1905,1.0,0.0,0.0
20,DB00158,DB00244,1,1.0,A,DB00158,pathway,1932,1.0,0.0,0.0
20,DB00158,DB00244,1,1.0,A,DB00158,pathway,1937,1.0,0.0,0.0
20,DB00158,DB00244,1,1.0,A,DB00158,pathway,1965,1.0,0.0,0.0
20,DB00158,DB00244,1,1.0,B,DB00244,pathway,4,1.0,0.0,0.0
20,DB00158,DB00244,1,1.0,B,DB00244,pathway,10,1.0,0.0,0.0
20,DB00158,DB00244,1,1.0,B,DB00244,pathway,11,1.0,0.0,0.0
20,DB00158,DB00244,1,1.0,B,DB00244,pathway,12,1.0,0.0,0.0
20,DB00158,DB00244,1,1.0,B,DB00244,pathway,20,1.0,0.0,0.0
20,DB00158,DB00244,1,1.0,B,DB00244,pathway,21,1.0,0.0,0.0
20,DB00158,DB00244,1,1.0,B,DB00244,pathway,22,1.0,0.0,0.0
20,DB00158,DB00244,1,1.0,B,DB00244,pathway,23,1.0,0.0,0.0
20,DB00158,DB00244,1,1.0,B,DB00244,pathway,24,1.0,0.0,0.0
20,DB00158,DB00244,1,1.0,B,DB00244,pathway,54,1.0,0.0,0.0
20,DB00158,DB00244,1,1.0,B,DB00244,pathway,58,1.0,0.0,0.0
20,DB00158,DB00244,1,1.0,B,DB00244,pathway,61,1.0,0.0,0.0
20,DB00158,DB00244,1,1.0,B,DB00244,pathway,63,1.0,0.0,0.0
20,DB00158,DB00244,1,1.0,B,DB00244,pathway,64,1.0,0.0,0.0
20,DB00158,DB00244,1,1.0,B,DB00244,pathway,65,1.0,0.0,0.0
20,DB00158,DB00244,1,1.0,B,DB00244,pathway,69,1.0,0.0,0.0
20,DB00158,DB00244,1,1.0,B,DB00244,pathway,110,1.0,0.0,0.0
20,DB00158,DB00244,1,1.0,B,DB00244,pathway,144,1.0,0.0,0.0
20,DB00158,DB00244,1,1.0,B,DB00244,pathway,159,1.0,0.0,0.0
20,DB00158,DB00244,1,1.0,B,DB00244,pathway,164,1.0,0.0,0.0
20,DB00158,DB00244,1,1.0,B,DB00244,pathway,165,1.0,0.0,0.0
20,DB00158,DB00244,1,1.0,B,DB00244,pathway,237,1.0,0.0,0.0
20,DB00158,DB00244,1,1.0,B,DB00244,pathway,238,1.0,0.0,0.0
20,DB00158,DB00244,1,1.0,B,DB00244,pathway,294,1.0,0.0,0.0
20,DB00158,DB00244,1,1.0,B,DB00244,pathway,315,1.0,0.0,0.0
20,DB00158,DB00244,1,1.0,B,DB00244,pathway,329,1.0,0.0,0.0
20,DB00158,DB00244,1,1.0,B,DB00244,pathway,362,1.0,0.0,0.0
20,DB00158,DB00244,1,1.0,B,DB00244,pathway,368,1.0,0.0,0.0
20,DB00158,DB00244,1,1.0,B,DB00244,pathway,374,1.0,0.0,0.0
20,DB00158,DB00244,1,1.0,B,DB00244,pathway,393,1.0,0.0,0.0
20,DB00158,DB00244,1,1.0,B,DB00244,pathway,417,1.0,0.0,0.0
20,DB00158,DB00244,1,1.0,B,DB00244,pathway,418,1.0,0.0,0.0
20,DB00158,DB00244,1,1.0,B,DB00244,pathway,426,1.0,0.0,0.0
20,DB00158,DB00244,1,1.0,B,DB00244,pathway,427,1.0,0.0,0.0
20,DB00158,DB00244,1,1.0,B,DB00244,pathway,439,1.0,0.0,0.0
20,DB00158,DB00244,1,1.0,B,DB00244,pathway,444,1.0,0.0,0.0
20,DB00158,DB00244,1,1.0,B,DB00244,pathway,446,1.0,0.0,0.0
20,DB00158,DB00244,1,1.0,B,DB00244,pathway,447,1.0,0.0,0.0
20,DB00158,DB00244,1,1.0,B,DB00244,pathway,455,1.0,0.0,0.0
20,DB00158,DB00244,1,1.0,B,DB00244,pathway,456,1.0,0.0,0.0
20,DB00158,DB00244,1,1.0,B,DB00244,pathway,457,1.0,0.0,0.0
20,DB00158,DB00244,1,1.0,B,DB00244,pathway,459,1.0,0.0,0.0
20,DB00158,DB00244,1,1.0,B,DB00244,pathway,460,1.0,0.0,0.0
20,DB00158,DB00244,1,1.0,B,DB00244,pathway,462,1.0,0.0,0.0
20,DB00158,DB00244,1,1.0,B,DB00244,pathway,464,1.0,0.0,0.0
20,DB00158,DB00244,1,1.0,B,DB00244,pathway,473,1.0,0.0,0.0
20,DB00158,DB00244,1,1.0,B,DB00244,pathway,513,1.0,0.0,0.0
20,DB00158,DB00244,1,1.0,B,DB00244,pathway,521,1.0,0.0,0.0
20,DB00158,DB00244,1,1.0,B,DB00244,pathway,524,1.0,0.0,0.0
20,DB00158,DB00244,1,1.0,B,DB00244,pathway,533,1.0,0.0,0.0
20,DB00158,DB00244,1,1.0,B,DB00244,pathway,536,1.0,0.0,0.0
20,DB00158,DB00244,1,1.0,B,DB00244,pathway,552,1.0,0.0,0.0
20,DB00158,DB00244,1,1.0,B,DB00244,pathway,557,1.0,0.0,0.0
20,DB00158,DB00244,1,1.0,B,DB00244,pathway,559,1.0,0.0,0.0
20,DB00158,DB00244,1,1.0,B,DB00244,pathway,589,1.0,0.0,0.0
20,DB00158,DB00244,1,1.0,B,DB00244,pathway,594,1.0,0.0,0.0
20,DB00158,DB00244,1,1.0,B,DB00244,pathway,645,1.0,0.0,0.0
20,DB00158,DB00244,1,1.0,B,DB00244,pathway,651,1.0,0.0,0.0
20,DB00158,DB00244,1,1.0,B,DB00244,pathway,680,1.0,0.0,0.0
20,DB00158,DB00244,1,1.0,B,DB00244,pathway,703,1.0,0.0,0.0
20,DB00158,DB00244,1,1.0,B,DB00244,pathway,744,1.0,0.0,0.0
20,DB00158,DB00244,1,1.0,B,DB00244,pathway,789,1.0,0.0,0.0
20,DB00158,DB00244,1,1.0,B,DB00244,pathway,797,1.0,0.0,0.0
20,DB00158,DB00244,1,1.0,B,DB00244,pathway,840,1.0,0.0,0.0
20,DB00158,DB00244,1,1.0,B,DB00244,pathway,853,1.0,0.0,0.0
20,DB00158,DB00244,1,1.0,B,DB00244,pathway,854,1.0,0.0,0.0
20,DB00158,DB00244,1,1.0,B,DB00244,pathway,855,1.0,0.0,0.0
20,DB00158,DB00244,1,1.0,B,DB00244,pathway,866,1.0,0.0,0.0
20,DB00158,DB00244,1,1.0,B,DB00244,pathway,870,1.0,0.0,0.0
20,DB00158,DB00244,1,1.0,B,DB00244,pathway,913,1.0,0.0,0.0
20,DB00158,DB00244,1,1.0,B,DB00244,pathway,914,1.0,0.0,0.0
20,DB00158,DB00244,1,1.0,B,DB00244,pathway,915,1.0,0.0,0.0
20,DB00158,DB00244,1,1.0,B,DB00244,pathway,918,1.0,0.0,0.0
20,DB00158,DB00244,1,1.0,B,DB00244,pathway,920,1.0,0.0,0.0
20,DB00158,DB00244,1,1.0,B,DB00244,pathway,940,1.0,0.0,0.0
20,DB00158,DB00244,1,1.0,B,DB00244,pathway,959,1.0,0.0,0.0
20,DB00158,DB00244,1,1.0,B,DB00244,pathway,965,1.0,0.0,0.0
20,DB00158,DB00244,1,1.0,B,DB00244,pathway,968,1.0,0.0,0.0
20,DB00158,DB00244,1,1.0,B,DB00244,pathway,977,1.0,0.0,0.0
20,DB00158,DB00244,1,1.0,B,DB00244,pathway,981,1.0,0.0,0.0
20,DB00158,DB00244,1,1.0,B,DB00244,pathway,989,1.0,0.0,0.0
20,DB00158,DB00244,1,1.0,B,DB00244,pathway,1018,1.0,0.0,0.0
20,DB00158,DB00244,1,1.0,B,DB00244,pathway,1020,1.0,0.0,0.0
20,DB00158,DB00244,1,1.0,B,DB00244,pathway,1040,1.0,0.0,0.0
20,DB00158,DB00244,1,1.0,B,DB00244,pathway,1046,1.0,0.0,0.0
20,DB00158,DB00244,1,1.0,B,DB00244,pathway,1050,1.0,0.0,0.0
20,DB00158,DB00244,1,1.0,B,DB00244,pathway,1063,1.0,0.0,0.0
20,DB00158,DB00244,1,1.0,B,DB00244,pathway,1064,1.0,0.0,0.0
20,DB00158,DB00244,1,1.0,B,DB00244,pathway,1066,1.0,0.0,0.0
20,DB00158,DB00244,1,1.0,B,DB00244,pathway,1073,1.0,0.0,0.0
20,DB00158,DB00244,1,1.0,B,DB00244,pathway,1075,1.0,0.0,0.0
20,DB00158,DB00244,1,1.0,B,DB00244,pathway,1079,1.0,0.0,0.0
20,DB00158,DB00244,1,1.0,B,DB00244,pathway,1080,1.0,0.0,0.0
20,DB00158,DB00244,1,1.0,B,DB00244,pathway,1081,1.0,0.0,0.0
20,DB00158,DB00244,1,1.0,B,DB00244,pathway,1082,1.0,0.0,0.0
20,DB00158,DB00244,1,1.0,B,DB00244,pathway,1083,1.0,0.0,0.0
20,DB00158,DB00244,1,1.0,B,DB00244,pathway,1084,1.0,0.0,0.0
20,DB00158,DB00244,1,1.0,B,DB00244,pathway,1085,1.0,0.0,0.0
20,DB00158,DB00244,1,1.0,B,DB00244,pathway,1089,1.0,0.0,0.0
20,DB00158,DB00244,1,1.0,B,DB00244,pathway,1090,1.0,0.0,0.0
20,DB00158,DB00244,1,1.0,B,DB00244,pathway,1099,1.0,0.0,0.0
20,DB00158,DB00244,1,1.0,B,DB00244,pathway,1100,1.0,0.0,0.0
20,DB00158,DB00244,1,1.0,B,DB00244,pathway,1102,1.0,0.0,0.0
20,DB00158,DB00244,1,1.0,B,DB00244,pathway,1103,1.0,0.0,0.0
20,DB00158,DB00244,1,1.0,B,DB00244,pathway,1106,1.0,0.0,0.0
20,DB00158,DB00244,1,1.0,B,DB00244,pathway,1108,1.0,0.0,0.0
20,DB00158,DB00244,1,1.0,B,DB00244,pathway,1109,1.0,0.0,0.0
20,DB00158,DB00244,1,1.0,B,DB00244,pathway,1114,1.0,0.0,0.0
20,DB00158,DB00244,1,1.0,B,DB00244,pathway,1116,1.0,0.0,0.0
20,DB00158,DB00244,1,1.0,B,DB00244,pathway,1126,1.0,0.0,0.0
20,DB00158,DB00244,1,1.0,B,DB00244,pathway,1134,1.0,0.0,0.0
20,DB00158,DB00244,1,1.0,B,DB00244,pathway,1138,1.0,0.0,0.0
20,DB00158,DB00244,1,1.0,B,DB00244,pathway,1177,1.0,0.0,0.0
20,DB00158,DB00244,1,1.0,B,DB00244,pathway,1189,1.0,0.0,0.0
20,DB00158,DB00244,1,1.0,B,DB00244,pathway,1192,1.0,0.0,0.0
20,DB00158,DB00244,1,1.0,B,DB00244,pathway,1200,1.0,0.0,0.0
20,DB00158,DB00244,1,1.0,B,DB00244,pathway,1218,1.0,0.0,0.0
20,DB00158,DB00244,1,1.0,B,DB00244,pathway,1224,1.0,0.0,0.0
20,DB00158,DB00244,1,1.0,B,DB00244,pathway,1225,1.0,0.0,0.0
20,DB00158,DB00244,1,1.0,B,DB00244,pathway,1246,1.0,0.0,0.0
20,DB00158,DB00244,1,1.0,B,DB00244,pathway,1262,1.0,0.0,0.0
20,DB00158,DB00244,1,1.0,B,DB00244,pathway,1263,1.0,0.0,0.0
20,DB00158,DB00244,1,1.0,B,DB00244,pathway,1264,1.0,0.0,0.0
20,DB00158,DB00244,1,1.0,B,DB00244,pathway,1268,1.0,0.0,0.0
20,DB00158,DB00244,1,1.0,B,DB00244,pathway,1278,1.0,0.0,0.0
20,DB00158,DB00244,1,1.0,B,DB00244,pathway,1292,1.0,0.0,0.0
20,DB00158,DB00244,1,1.0,B,DB00244,pathway,1300,1.0,0.0,0.0
20,DB00158,DB00244,1,1.0,B,DB00244,pathway,1314,1.0,0.0,0.0
20,DB00158,DB00244,1,1.0,B,DB00244,pathway,1329,1.0,0.0,0.0
20,DB00158,DB00244,1,1.0,B,DB00244,pathway,1348,1.0,0.0,0.0
20,DB00158,DB00244,1,1.0,B,DB00244,pathway,1353,1.0,0.0,0.0
20,DB00158,DB00244,1,1.0,B,DB00244,pathway,1356,1.0,0.0,0.0
20,DB00158,DB00244,1,1.0,B,DB00244,pathway,1366,1.0,0.0,0.0
20,DB00158,DB00244,1,1.0,B,DB00244,pathway,1370,1.0,0.0,0.0
20,DB00158,DB00244,1,1.0,B,DB00244,pathway,1372,1.0,0.0,0.0
20,DB00158,DB00244,1,1.0,B,DB00244,pathway,1388,1.0,0.0,0.0
20,DB00158,DB00244,1,1.0,B,DB00244,pathway,1401,1.0,0.0,0.0
20,DB00158,DB00244,1,1.0,B,DB00244,pathway,1406,1.0,0.0,0.0
20,DB00158,DB00244,1,1.0,B,DB00244,pathway,1423,1.0,0.0,0.0
20,DB00158,DB00244,1,1.0,B,DB00244,pathway,1424,1.0,0.0,0.0
20,DB00158,DB00244,1,1.0,B,DB00244,pathway,1429,1.0,0.0,0.0
20,DB00158,DB00244,1,1.0,B,DB00244,pathway,1430,1.0,0.0,0.0
20,DB00158,DB00244,1,1.0,B,DB00244,pathway,1431,1.0,0.0,0.0
20,DB00158,DB00244,1,1.0,B,DB00244,pathway,1432,1.0,0.0,0.0
20,DB00158,DB00244,1,1.0,B,DB00244,pathway,1433,1.0,0.0,0.0
20,DB00158,DB00244,1,1.0,B,DB00244,pathway,1434,1.0,0.0,0.0
20,DB00158,DB00244,1,1.0,B,DB00244,pathway,1435,1.0,0.0,0.0
20,DB00158,DB00244,1,1.0,B,DB00244,pathway,1438,1.0,0.0,0.0
20,DB00158,DB00244,1,1.0,B,DB00244,pathway,1448,1.0,0.0,0.0
20,DB00158,DB00244,1,1.0,B,DB00244,pathway,1450,1.0,0.0,0.0
20,DB00158,DB00244,1,1.0,B,DB00244,pathway,1453,1.0,0.0,0.0
20,DB00158,DB00244,1,1.0,B,DB00244,pathway,1454,1.0,0.0,0.0
20,DB00158,DB00244,1,1.0,B,DB00244,pathway,1455,1.0,0.0,0.0
20,DB00158,DB00244,1,1.0,B,DB00244,pathway,1456,1.0,0.0,0.0
20,DB00158,DB00244,1,1.0,B,DB00244,pathway,1458,1.0,0.0,0.0
20,DB00158,DB00244,1,1.0,B,DB00244,pathway,1467,1.0,0.0,0.0
20,DB00158,DB00244,1,1.0,B,DB00244,pathway,1468,1.0,0.0,0.0
20,DB00158,DB00244,1,1.0,B,DB00244,pathway,1479,1.0,0.0,0.0
20,DB00158,DB00244,1,1.0,B,DB00244,pathway,1488,1.0,0.0,0.0
20,DB00158,DB00244,1,1.0,B,DB00244,pathway,1489,1.0,0.0,0.0
20,DB00158,DB00244,1,1.0,B,DB00244,pathway,1500,1.0,0.0,0.0
20,DB00158,DB00244,1,1.0,B,DB00244,pathway,1501,1.0,0.0,0.0
20,DB00158,DB00244,1,1.0,B,DB00244,pathway,1505,1.0,0.0,0.0
20,DB00158,DB00244,1,1.0,B,DB00244,pathway,1506,1.0,0.0,0.0
20,DB00158,DB00244,1,1.0,B,DB00244,pathway,1518,1.0,0.0,0.0
20,DB00158,DB00244,1,1.0,B,DB00244,pathway,1522,1.0,0.0,0.0
20,DB00158,DB00244,1,1.0,B,DB00244,pathway,1551,1.0,0.0,0.0
20,DB00158,DB00244,1,1.0,B,DB00244,pathway,1562,1.0,0.0,0.0
20,DB00158,DB00244,1,1.0,B,DB00244,pathway,1577,1.0,0.0,0.0
20,DB00158,DB00244,1,1.0,B,DB00244,pathway,1583,1.0,0.0,0.0
20,DB00158,DB00244,1,1.0,B,DB00244,pathway,1652,1.0,0.0,0.0
20,DB00158,DB00244,1,1.0,B,DB00244,pathway,1663,1.0,0.0,0.0
20,DB00158,DB00244,1,1.0,B,DB00244,pathway,1665,1.0,0.0,0.0
20,DB00158,DB00244,1,1.0,B,DB00244,pathway,1666,1.0,0.0,0.0
20,DB00158,DB00244,1,1.0,B,DB00244,pathway,1685,1.0,0.0,0.0
20,DB00158,DB00244,1,1.0,B,DB00244,pathway,1686,1.0,0.0,0.0
20,DB00158,DB00244,1,1.0,B,DB00244,pathway,1688,1.0,0.0,0.0
20,DB00158,DB00244,1,1.0,B,DB00244,pathway,1700,1.0,0.0,0.0
20,DB00158,DB00244,1,1.0,B,DB00244,pathway,1701,1.0,0.0,0.0
20,DB00158,DB00244,1,1.0,B,DB00244,pathway,1721,1.0,0.0,0.0
20,DB00158,DB00244,1,1.0,B,DB00244,pathway,1730,1.0,0.0,0.0
20,DB00158,DB00244,1,1.0,B,DB00244,pathway,1733,1.0,0.0,0.0
20,DB00158,DB00244,1,1.0,B,DB00244,pathway,1737,1.0,0.0,0.0
20,DB00158,DB00244,1,1.0,B,DB00244,pathway,1744,1.0,0.0,0.0
20,DB00158,DB00244,1,1.0,B,DB00244,pathway,1746,1.0,0.0,0.0
20,DB00158,DB00244,1,1.0,B,DB00244,pathway,1751,1.0,0.0,0.0
20,DB00158,DB00244,1,1.0,B,DB00244,pathway,1752,1.0,0.0,0.0
20,DB00158,DB00244,1,1.0,B,DB00244,pathway,1784,1.0,0.0,0.0
20,DB00158,DB00244,1,1.0,B,DB00244,pathway,1790,1.0,0.0,0.0
20,DB00158,DB00244,1,1.0,B,DB00244,pathway,1791,1.0,0.0,0.0
20,DB00158,DB00244,1,1.0,B,DB00244,pathway,1802,1.0,0.0,0.0
20,DB00158,DB00244,1,1.0,B,DB00244,pathway,1817,1.0,0.0,0.0
20,DB00158,DB00244,1,1.0,B,DB00244,pathway,1833,1.0,0.0,0.0
20,DB00158,DB00244,1,1.0,B,DB00244,pathway,1839,1.0,0.0,0.0
20,DB00158,DB00244,1,1.0,B,DB00244,pathway,1853,1.0,0.0,0.0
20,DB00158,DB00244,1,1.0,B,DB00244,pathway,1854,1.0,0.0,0.0
20,DB00158,DB00244,1,1.0,B,DB00244,pathway,1871,1.0,0.0,0.0
20,DB00158,DB00244,1,1.0,B,DB00244,pathway,1872,1.0,0.0,0.0
20,DB00158,DB00244,1,1.0,B,DB00244,pathway,1877,1.0,0.0,0.0
20,DB00158,DB00244,1,1.0,B,DB00244,pathway,1879,1.0,0.0,0.0
20,DB00158,DB00244,1,1.0,B,DB00244,pathway,1897,1.0,0.0,0.0
20,DB00158,DB00244,1,1.0,B,DB00244,pathway,1903,1.0,0.0,0.0
20,DB00158,DB00244,1,1.0,B,DB00244,pathway,1905,1.0,0.0,0.0
20,DB00158,DB00244,1,1.0,B,DB00244,pathway,1932,1.0,0.0,0.0
20,DB00158,DB00244,1,1.0,B,DB00244,pathway,1935,1.0,0.0,0.0
20,DB00158,DB00244,1,1.0,B,DB00244,pathway,1958,1.0,0.0,0.0
20,DB00158,DB00244,1,1.0,B,DB00244,pathway,1959,1.0,0.0,0.0
20,DB00158,DB00244,1,1.0,B,DB00244,pathway,1964,1.0,0.0,0.0
20,DB00158,DB00244,1,1.0,B,DB00244,pathway,1965,1.0,0.0,0.0
