rank,drug_a,drug_b,label,baseline_prediction,drug_side,ablated_drug,modality,entity_id,ablated_prediction,delta_probability,abs_delta_probability
1,DB00006,DB00244,1,1.0,A,DB00006,protein,330,0.8979950547218323,0.10200494527816772,0.10200494527816772
1,DB00006,DB00244,1,1.0,A,DB00006,protein,474,1.0,0.0,0.0
1,DB00006,DB00244,1,1.0,B,DB00244,protein,14,1.0,0.0,0.0
1,DB00006,DB00244,1,1.0,B,DB00244,protein,86,1.0,0.0,0.0
1,DB00006,DB00244,1,1.0,B,DB00244,protein,99,1.0,0.0,0.0
1,DB00006,DB00244,1,1.0,B,DB00244,protein,251,1.0,0.0,0.0
1,DB00006,DB00244,1,1.0,B,DB00244,protein,257,1.0,0.0,0.0
1,DB00006,DB00244,1,1.0,B,DB00244,protein,259,1.0,0.0,0.0
1,DB00006,DB00244,1,1.0,B,DB00244,protein,304,1.0,0.0,0.0
1,DB00006,DB00244,1,1.0,B,DB00244,protein,368,1.0,0.0,0.0
1,DB00006,DB00244,1,1.0,B,DB00244,protein,597,1.0,0.0,0.0
1,DB00006,DB00244,1,1.0,B,DB00244,protein,635,0.9999998807907104,1.1920928955078125e-07,1.1920928955078125e-07
1,DB00006,DB00244,1,1.0,B,DB00244,protein,716,1.0,0.0,0.0
1,DB00006,DB00244,1,1.0,B,DB00244,protein,742,1.0,0.0,0.0
1,DB00006,DB00244,1,1.0,B,DB00244,protein,749,1.0,0.0,0.0
1,DB00006,DB00244,1,1.0,B,DB00244,protein,830,1.0,0.0,0.0
1,DB00006,DB00244,1,1.0,B,DB00244,protein,841,1.0,0.0,0.0
1,DB00006,DB00244,1,1.0,B,DB00244,protein,888,1.0,0.0,0.0
1,DB00006,DB00244,1,1.0,B,DB00244,protein,987,1.0,0.0,0.0
1,DB00006,DB00244,1,1.0,B,DB00244,protein,1067,1.0,0.0,0.0
1,DB00006,DB00244,1,1.0,B,DB00244,protein,1116,1.0,0.0,0.0
1,DB00006,DB00244,1,1.0,B,DB00244,protein,1203,1.0,0.0,0.0
1,DB00006,DB00244,1,1.0,B,DB00244,protein,1223,1.0,0.0,0.0
1,DB00006,DB00244,1,1.0,B,DB00244,protein,1227,0.9999992847442627,7.152557373046875e-07,7.152557373046875e-07
1,DB00006,DB00244,1,1.0,B,DB00244,protein,1274,1.0,0.0,0.0
1,DB00006,DB00244,1,1.0,B,DB00244,protein,1280,1.0,0.0,0.0
1,DB00006,DB00244,1,1.0,B,DB00244,protein,1388,1.0,0.0,0.0
1,DB00006,DB00244,1,1.0,B,DB00244,protein,1393,1.0,0.0,0.0
1,DB00006,DB00244,1,1.0,B,DB00244,protein,1586,1.0,0.0,0.0
1,DB00006,DB00244,1,1.0,B,DB00244,protein,2056,1.0,0.0,0.0
1,DB00006,DB00244,1,1.0,B,DB00244,protein,2060,1.0,0.0,0.0
1,DB00006,DB00244,1,1.0,B,DB00244,protein,2357,1.0,0.0,0.0
1,DB00006,DB00244,1,1.0,B,DB00244,protein,2408,1.0,0.0,0.0
1,DB00006,DB00244,1,1.0,B,DB00244,protein,2475,1.0,0.0,0.0
1,DB00006,DB00244,1,1.0,B,DB00244,protein,2478,1.0,0.0,0.0
1,DB00006,DB00244,1,1.0,B,DB00244,protein,2490,1.0,0.0,0.0
1,DB00006,DB00244,1,1.0,B,DB00244,protein,2622,1.0,0.0,0.0
1,DB00006,DB00244,1,1.0,B,DB00244,protein,2659,1.0,0.0,0.0
1,DB00006,DB00244,1,1.0,B,DB00244,protein,2720,1.0,0.0,0.0
1,DB00006,DB00244,1,1.0,B,DB00244,protein,2724,1.0,0.0,0.0
1,DB00006,DB00244,1,1.0,B,DB00244,protein,2849,1.0,0.0,0.0
1,DB00006,DB00244,1,1.0,B,DB00244,protein,2885,1.0,0.0,0.0
2,DB00006,DB00712,1,1.0,A,DB00006,protein,330,0.015365427359938622,0.9846345726400614,0.9846345726400614
2,DB00006,DB00712,1,1.0,A,DB00006,protein,474,1.0,0.0,0.0
2,DB00006,DB00712,1,1.0,B,DB00712,protein,54,1.0,0.0,0.0
2,DB00006,DB00712,1,1.0,B,DB00712,protein,120,0.9999997615814209,2.384185791015625e-07,2.384185791015625e-07
2,DB00006,DB00712,1,1.0,B,DB00712,protein,166,1.0,0.0,0.0
2,DB00006,DB00712,1,1.0,B,DB00712,protein,180,0.9999998807907104,1.1920928955078125e-07,1.1920928955078125e-07
2,DB00006,DB00712,1,1.0,B,DB00712,protein,244,1.0,0.0,0.0
2,DB00006,DB00712,1,1.0,B,DB00712,protein,323,1.0,0.0,0.0
2,DB00006,DB00712,1,1.0,B,DB00712,protein,346,1.0,0.0,0.0
2,DB00006,DB00712,1,1.0,B,DB00712,protein,396,1.0,0.0,0.0
2,DB00006,DB00712,1,1.0,B,DB00712,protein,412,1.0,0.0,0.0
2,DB00006,DB00712,1,1.0,B,DB00712,protein,418,1.0,0.0,0.0
2,DB00006,DB00712,1,1.0,B,DB00712,protein,421,1.0,0.0,0.0
2,DB00006,DB00712,1,1.0,B,DB00712,protein,430,1.0,0.0,0.0
2,DB00006,DB00712,1,1.0,B,DB00712,protein,445,1.0,0.0,0.0
2,DB00006,DB00712,1,1.0,B,DB00712,protein,461,1.0,0.0,0.0
2,DB00006,DB00712,1,1.0,B,DB00712,protein,475,1.0,0.0,0.0
2,DB00006,DB00712,1,1.0,B,DB00712,protein,477,1.0,0.0,0.0
2,DB00006,DB00712,1,1.0,B,DB00712,protein,495,1.0,0.0,0.0
2,DB00006,DB00712,1,1.0,B,DB00712,protein,497,1.0,0.0,0.0
2,DB00006,DB00712,1,1.0,B,DB00712,protein,498,1.0,0.0,0.0
2,DB00006,DB00712,1,1.0,B,DB00712,protein,548,1.0,0.0,0.0
2,DB00006,DB00712,1,1.0,B,DB00712,protein,565,1.0,0.0,0.0
2,DB00006,DB00712,1,1.0,B,DB00712,protein,566,1.0,0.0,0.0
2,DB00006,DB00712,1,1.0,B,DB00712,protein,575,1.0,0.0,0.0
2,DB00006,DB00712,1,1.0,B,DB00712,protein,580,1.0,0.0,0.0
2,DB00006,DB00712,1,1.0,B,DB00712,protein,589,1.0,0.0,0.0
2,DB00006,DB00712,1,1.0,B,DB00712,protein,591,1.0,0.0,0.0
2,DB00006,DB00712,1,1.0,B,DB00712,protein,597,1.0,0.0,0.0
2,DB00006,DB00712,1,1.0,B,DB00712,protein,608,1.0,0.0,0.0
2,DB00006,DB00712,1,1.0,B,DB00712,protein,609,1.0,0.0,0.0
2,DB00006,DB00712,1,1.0,B,DB00712,protein,687,1.0,0.0,0.0
2,DB00006,DB00712,1,1.0,B,DB00712,protein,708,1.0,0.0,0.0
2,DB00006,DB00712,1,1.0,B,DB00712,protein,731,1.0,0.0,0.0
2,DB00006,DB00712,1,1.0,B,DB00712,protein,746,1.0,0.0,0.0
2,DB00006,DB00712,1,1.0,B,DB00712,protein,749,0.9999998807907104,1.1920928955078125e-07,1.1920928955078125e-07
2,DB00006,DB00712,1,1.0,B,DB00712,protein,756,1.0,0.0,0.0
2,DB00006,DB00712,1,1.0,B,DB00712,protein,790,1.0,0.0,0.0
2,DB00006,DB00712,1,1.0,B,DB00712,protein,802,1.0,0.0,0.0
2,DB00006,DB00712,1,1.0,B,DB00712,protein,814,1.0,0.0,0.0
2,DB00006,DB00712,1,1.0,B,DB00712,protein,825,0.9999998807907104,1.1920928955078125e-07,1.1920928955078125e-07
2,DB00006,DB00712,1,1.0,B,DB00712,protein,853,1.0,0.0,0.0
2,DB00006,DB00712,1,1.0,B,DB00712,protein,858,0.9999997615814209,2.384185791015625e-07,2.384185791015625e-07
2,DB00006,DB00712,1,1.0,B,DB00712,protein,863,1.0,0.0,0.0
2,DB00006,DB00712,1,1.0,B,DB00712,protein,866,0.9999998807907104,1.1920928955078125e-07,1.1920928955078125e-07
2,DB00006,DB00712,1,1.0,B,DB00712,protein,879,1.0,0.0,0.0
2,DB00006,DB00712,1,1.0,B,DB00712,protein,884,1.0,0.0,0.0
2,DB00006,DB00712,1,1.0,B,DB00712,protein,893,1.0,0.0,0.0
2,DB00006,DB00712,1,1.0,B,DB00712,protein,920,1.0,0.0,0.0
2,DB00006,DB00712,1,1.0,B,DB00712,protein,936,1.0,0.0,0.0
2,DB00006,DB00712,1,1.0,B,DB00712,protein,940,1.0,0.0,0.0
2,DB00006,DB00712,1,1.0,B,DB00712,protein,943,1.0,0.0,0.0
2,DB00006,DB00712,1,1.0,B,DB00712,protein,948,1.0,0.0,0.0
2,DB00006,DB00712,1,1.0,B,DB00712,protein,955,1.0,0.0,0.0
2,DB00006,DB00712,1,1.0,B,DB00712,protein,964,1.0,0.0,0.0
2,DB00006,DB00712,1,1.0,B,DB00712,protein,965,1.0,0.0,0.0
2,DB00006,DB00712,1,1.0,B,DB00712,protein,987,0.9999992847442627,7.152557373046875e-07,7.152557373046875e-07
2,DB00006,DB00712,1,1.0,B,DB00712,protein,1008,1.0,0.0,0.0
2,DB00006,DB00712,1,1.0,B,DB00712,protein,1020,1.0,0.0,0.0
2,DB00006,DB00712,1,1.0,B,DB00712,protein,1025,1.0,0.0,0.0
2,DB00006,DB00712,1,1.0,B,DB00712,protein,1026,1.0,0.0,0.0
2,DB00006,DB00712,1,1.0,B,DB00712,protein,1027,1.0,0.0,0.0
2,DB00006,DB00712,1,1.0,B,DB00712,protein,1031,1.0,0.0,0.0
2,DB00006,DB00712,1,1.0,B,DB00712,protein,1032,1.0,0.0,0.0
2,DB00006,DB00712,1,1.0,B,DB00712,protein,1033,1.0,0.0,0.0
2,DB00006,DB00712,1,1.0,B,DB00712,protein,1034,1.0,0.0,0.0
2,DB00006,DB00712,1,1.0,B,DB00712,protein,1046,1.0,0.0,0.0
2,DB00006,DB00712,1,1.0,B,DB00712,protein,1061,1.0,0.0,0.0
2,DB00006,DB00712,1,1.0,B,DB00712,protein,1063,1.0,0.0,0.0
2,DB00006,DB00712,1,1.0,B,DB00712,protein,1082,1.0,0.0,0.0
2,DB00006,DB00712,1,1.0,B,DB00712,protein,1086,1.0,0.0,0.0
2,DB00006,DB00712,1,1.0,B,DB00712,protein,1090,1.0,0.0,0.0
2,DB00006,DB00712,1,1.0,B,DB00712,protein,1100,1.0,0.0,0.0
2,DB00006,DB00712,1,1.0,B,DB00712,protein,1116,1.0,0.0,0.0
2,DB00006,DB00712,1,1.0,B,DB00712,protein,1136,1.0,0.0,0.0
2,DB00006,DB00712,1,1.0,B,DB00712,protein,1143,1.0,0.0,0.0
2,DB00006,DB00712,1,1.0,B,DB00712,protein,1156,1.0,0.0,0.0
2,DB00006,DB00712,1,1.0,B,DB00712,protein,1171,1.0,0.0,0.0
2,DB00006,DB00712,1,1.0,B,DB00712,protein,1184,1.0,0.0,0.0
2,DB00006,DB00712,1,1.0,B,DB00712,protein,1186,1.0,0.0,0.0
2,DB00006,DB00712,1,1.0,B,DB00712,protein,1187,1.0,0.0,0.0
2,DB00006,DB00712,1,1.0,B,DB00712,protein,1200,1.0,0.0,0.0
2,DB00006,DB00712,1,1.0,B,DB00712,protein,1203,1.0,0.0,0.0
2,DB00006,DB00712,1,1.0,B,DB00712,protein,1227,0.9999972581863403,2.7418136596679688e-06,2.7418136596679688e-06
2,DB00006,DB00712,1,1.0,B,DB00712,protein,1228,0.9999998807907104,1.1920928955078125e-07,1.1920928955078125e-07
2,DB00006,DB00712,1,1.0,B,DB00712,protein,1230,1.0,0.0,0.0
2,DB00006,DB00712,1,1.0,B,DB00712,protein,1234,1.0,0.0,0.0
2,DB00006,DB00712,1,1.0,B,DB00712,protein,1237,1.0,0.0,0.0
2,DB00006,DB00712,1,1.0,B,DB00712,protein,1276,1.0,0.0,0.0
2,DB00006,DB00712,1,1.0,B,DB00712,protein,1303,1.0,0.0,0.0
2,DB00006,DB00712,1,1.0,B,DB00712,protein,1304,1.0,0.0,0.0
2,DB00006,DB00712,1,1.0,B,DB00712,protein,1319,1.0,0.0,0.0
2,DB00006,DB00712,1,1.0,B,DB00712,protein,1320,1.0,0.0,0.0
2,DB00006,DB00712,1,1.0,B,DB00712,protein,1322,1.0,0.0,0.0
2,DB00006,DB00712,1,1.0,B,DB00712,protein,1331,1.0,0.0,0.0
2,DB00006,DB00712,1,1.0,B,DB00712,protein,1360,1.0,0.0,0.0
2,DB00006,DB00712,1,1.0,B,DB00712,protein,1441,1.0,0.0,0.0
2,DB00006,DB00712,1,1.0,B,DB00712,protein,1477,1.0,0.0,0.0
2,DB00006,DB00712,1,1.0,B,DB00712,protein,1485,1.0,0.0,0.0
2,DB00006,DB00712,1,1.0,B,DB00712,protein,1515,0.9999998807907104,1.1920928955078125e-07,1.1920928955078125e-07
2,DB00006,DB00712,1,1.0,B,DB00712,protein,1516,1.0,0.0,0.0
2,DB00006,DB00712,1,1.0,B,DB00712,protein,1539,1.0,0.0,0.0
2,DB00006,DB00712,1,1.0,B,DB00712,protein,1705,1.0,0.0,0.0
2,DB00006,DB00712,1,1.0,B,DB00712,protein,1757,1.0,0.0,0.0
2,DB00006,DB00712,1,1.0,B,DB00712,protein,1797,0.9999998807907104,1.1920928955078125e-07,1.1920928955078125e-07
2,DB00006,DB00712,1,1.0,B,DB00712,protein,1843,1.0,0.0,0.0
2,DB00006,DB00712,1,1.0,B,DB00712,protein,1867,1.0,0.0,0.0
2,DB00006,DB00712,1,1.0,B,DB00712,protein,1883,0.9999998807907104,1.1920928955078125e-07,1.1920928955078125e-07
2,DB00006,DB00712,1,1.0,B,DB00712,protein,2037,1.0,0.0,0.0
2,DB00006,DB00712,1,1.0,B,DB00712,protein,2095,1.0,0.0,0.0
2,DB00006,DB00712,1,1.0,B,DB00712,protein,2348,1.0,0.0,0.0
2,DB00006,DB00712,1,1.0,B,DB00712,protein,2479,1.0,0.0,0.0
2,DB00006,DB00712,1,1.0,B,DB00712,protein,2622,1.0,0.0,0.0
2,DB00006,DB00712,1,1.0,B,DB00712,protein,2720,1.0,0.0,0.0
2,DB00006,DB00712,1,1.0,B,DB00712,protein,2831,1.0,0.0,0.0
2,DB00006,DB00712,1,1.0,B,DB00712,protein,2849,1.0,0.0,0.0
3,DB00035,DB00244,1,1.0,A,DB00035,protein,987,1.0,0.0,0.0
3,DB00035,DB00244,1,1.0,A,DB00035,protein,1137,1.0,0.0,0.0
3,DB00035,DB00244,1,1.0,A,DB00035,protein,1145,1.0,0.0,0.0
3,DB00035,DB00244,1,1.0,A,DB00035,protein,1227,0.9999030828475952,9.691715240478516e-05,9.691715240478516e-05
3,DB00035,DB00244,1,1.0,A,DB00035,protein,1276,1.0,0.0,0.0
3,DB00035,DB00244,1,1.0,A,DB00035,protein,1407,1.0,0.0,0.0
3,DB00035,DB00244,1,1.0,B,DB00244,protein,14,1.0,0.0,0.0
3,DB00035,DB00244,1,1.0,B,DB00244,protein,86,1.0,0.0,0.0
3,DB00035,DB00244,1,1.0,B,DB00244,protein,99,1.0,0.0,0.0
3,DB00035,DB00244,1,1.0,B,DB00244,protein,251,1.0,0.0,0.0
3,DB00035,DB00244,1,1.0,B,DB00244,protein,257,1.0,0.0,0.0
3,DB00035,DB00244,1,1.0,B,DB00244,protein,259,0.9999998807907104,1.1920928955078125e-07,1.1920928955078125e-07
3,DB00035,DB00244,1,1.0,B,DB00244,protein,304,1.0,0.0,0.0
3,DB00035,DB00244,1,1.0,B,DB00244,protein,368,1.0,0.0,0.0
3,DB00035,DB00244,1,1.0,B,DB00244,protein,597,1.0,0.0,0.0
3,DB00035,DB00244,1,1.0,B,DB00244,protein,635,0.9999998807907104,1.1920928955078125e-07,1.1920928955078125e-07
3,DB00035,DB00244,1,1.0,B,DB00244,protein,716,1.0,0.0,0.0
3,DB00035,DB00244,1,1.0,B,DB00244,protein,742,1.0,0.0,0.0
3,DB00035,DB00244,1,1.0,B,DB00244,protein,749,1.0,0.0,0.0
3,DB00035,DB00244,1,1.0,B,DB00244,protein,830,1.0,0.0,0.0
3,DB00035,DB00244,1,1.0,B,DB00244,protein,841,1.0,0.0,0.0
3,DB00035,DB00244,1,1.0,B,DB00244,protein,888,1.0,0.0,0.0
3,DB00035,DB00244,1,1.0,B,DB00244,protein,987,1.0,0.0,0.0
3,DB00035,DB00244,1,1.0,B,DB00244,protein,1067,1.0,0.0,0.0
3,DB00035,DB00244,1,1.0,B,DB00244,protein,1116,1.0,0.0,0.0
3,DB00035,DB00244,1,1.0,B,DB00244,protein,1203,1.0,0.0,0.0
3,DB00035,DB00244,1,1.0,B,DB00244,protein,1223,1.0,0.0,0.0
3,DB00035,DB00244,1,1.0,B,DB00244,protein,1227,0.9999998807907104,1.1920928955078125e-07,1.1920928955078125e-07
3,DB00035,DB00244,1,1.0,B,DB00244,protein,1274,1.0,0.0,0.0
3,DB00035,DB00244,1,1.0,B,DB00244,protein,1280,1.0,0.0,0.0
3,DB00035,DB00244,1,1.0,B,DB00244,protein,1388,1.0,0.0,0.0
3,DB00035,DB00244,1,1.0,B,DB00244,protein,1393,1.0,0.0,0.0
3,DB00035,DB00244,1,1.0,B,DB00244,protein,1586,1.0,0.0,0.0
3,DB00035,DB00244,1,1.0,B,DB00244,protein,2056,1.0,0.0,0.0
3,DB00035,DB00244,1,1.0,B,DB00244,protein,2060,0.9999998807907104,1.1920928955078125e-07,1.1920928955078125e-07
3,DB00035,DB00244,1,1.0,B,DB00244,protein,2357,1.0,0.0,0.0
3,DB00035,DB00244,1,1.0,B,DB00244,protein,2408,1.0,0.0,0.0
3,DB00035,DB00244,1,1.0,B,DB00244,protein,2475,1.0,0.0,0.0
3,DB00035,DB00244,1,1.0,B,DB00244,protein,2478,1.0,0.0,0.0
3,DB00035,DB00244,1,1.0,B,DB00244,protein,2490,1.0,0.0,0.0
3,DB00035,DB00244,1,1.0,B,DB00244,protein,2622,1.0,0.0,0.0
3,DB00035,DB00244,1,1.0,B,DB00244,protein,2659,1.0,0.0,0.0
3,DB00035,DB00244,1,1.0,B,DB00244,protein,2720,1.0,0.0,0.0
3,DB00035,DB00244,1,1.0,B,DB00244,protein,2724,1.0,0.0,0.0
3,DB00035,DB00244,1,1.0,B,DB00244,protein,2849,1.0,0.0,0.0
3,DB00035,DB00244,1,1.0,B,DB00244,protein,2885,1.0,0.0,0.0
4,DB00035,DB00712,1,1.0,A,DB00035,protein,987,1.0,0.0,0.0
4,DB00035,DB00712,1,1.0,A,DB00035,protein,1137,1.0,0.0,0.0
4,DB00035,DB00712,1,1.0,A,DB00035,protein,1145,1.0,0.0,0.0
4,DB00035,DB00712,1,1.0,A,DB00035,protein,1227,0.9999988079071045,1.1920928955078125e-06,1.1920928955078125e-06
4,DB00035,DB00712,1,1.0,A,DB00035,protein,1276,1.0,0.0,0.0
4,DB00035,DB00712,1,1.0,A,DB00035,protein,1407,1.0,0.0,0.0
4,DB00035,DB00712,1,1.0,B,DB00712,protein,54,1.0,0.0,0.0
4,DB00035,DB00712,1,1.0,B,DB00712,protein,120,1.0,0.0,0.0
4,DB00035,DB00712,1,1.0,B,DB00712,protein,166,1.0,0.0,0.0
4,DB00035,DB00712,1,1.0,B,DB00712,protein,180,1.0,0.0,0.0
4,DB00035,DB00712,1,1.0,B,DB00712,protein,244,1.0,0.0,0.0
4,DB00035,DB00712,1,1.0,B,DB00712,protein,323,1.0,0.0,0.0
4,DB00035,DB00712,1,1.0,B,DB00712,protein,346,1.0,0.0,0.0
4,DB00035,DB00712,1,1.0,B,DB00712,protein,396,1.0,0.0,0.0
4,DB00035,DB00712,1,1.0,B,DB00712,protein,412,1.0,0.0,0.0
4,DB00035,DB00712,1,1.0,B,DB00712,protein,418,1.0,0.0,0.0
4,DB00035,DB00712,1,1.0,B,DB00712,protein,421,1.0,0.0,0.0
4,DB00035,DB00712,1,1.0,B,DB00712,protein,430,1.0,0.0,0.0
4,DB00035,DB00712,1,1.0,B,DB00712,protein,445,1.0,0.0,0.0
4,DB00035,DB00712,1,1.0,B,DB00712,protein,461,1.0,0.0,0.0
4,DB00035,DB00712,1,1.0,B,DB00712,protein,475,1.0,0.0,0.0
4,DB00035,DB00712,1,1.0,B,DB00712,protein,477,1.0,0.0,0.0
4,DB00035,DB00712,1,1.0,B,DB00712,protein,495,1.0,0.0,0.0
4,DB00035,DB00712,1,1.0,B,DB00712,protein,497,1.0,0.0,0.0
4,DB00035,DB00712,1,1.0,B,DB00712,protein,498,1.0,0.0,0.0
4,DB00035,DB00712,1,1.0,B,DB00712,protein,548,1.0,0.0,0.0
4,DB00035,DB00712,1,1.0,B,DB00712,protein,565,1.0,0.0,0.0
4,DB00035,DB00712,1,1.0,B,DB00712,protein,566,1.0,0.0,0.0
4,DB00035,DB00712,1,1.0,B,DB00712,protein,575,1.0,0.0,0.0
4,DB00035,DB00712,1,1.0,B,DB00712,protein,580,1.0,0.0,0.0
4,DB00035,DB00712,1,1.0,B,DB00712,protein,589,1.0,0.0,0.0
4,DB00035,DB00712,1,1.0,B,DB00712,protein,591,1.0,0.0,0.0
4,DB00035,DB00712,1,1.0,B,DB00712,protein,597,1.0,0.0,0.0
4,DB00035,DB00712,1,1.0,B,DB00712,protein,608,1.0,0.0,0.0
4,DB00035,DB00712,1,1.0,B,DB00712,protein,609,1.0,0.0,0.0
4,DB00035,DB00712,1,1.0,B,DB00712,protein,687,1.0,0.0,0.0
4,DB00035,DB00712,1,1.0,B,DB00712,protein,708,1.0,0.0,0.0
4,DB00035,DB00712,1,1.0,B,DB00712,protein,731,1.0,0.0,0.0
4,DB00035,DB00712,1,1.0,B,DB00712,protein,746,1.0,0.0,0.0
4,DB00035,DB00712,1,1.0,B,DB00712,protein,749,1.0,0.0,0.0
4,DB00035,DB00712,1,1.0,B,DB00712,protein,756,1.0,0.0,0.0
4,DB00035,DB00712,1,1.0,B,DB00712,protein,790,1.0,0.0,0.0
4,DB00035,DB00712,1,1.0,B,DB00712,protein,802,1.0,0.0,0.0
4,DB00035,DB00712,1,1.0,B,DB00712,protein,814,1.0,0.0,0.0
4,DB00035,DB00712,1,1.0,B,DB00712,protein,825,1.0,0.0,0.0
4,DB00035,DB00712,1,1.0,B,DB00712,protein,853,1.0,0.0,0.0
4,DB00035,DB00712,1,1.0,B,DB00712,protein,858,1.0,0.0,0.0
4,DB00035,DB00712,1,1.0,B,DB00712,protein,863,1.0,0.0,0.0
4,DB00035,DB00712,1,1.0,B,DB00712,protein,866,1.0,0.0,0.0
4,DB00035,DB00712,1,1.0,B,DB00712,protein,879,1.0,0.0,0.0
4,DB00035,DB00712,1,1.0,B,DB00712,protein,884,1.0,0.0,0.0
4,DB00035,DB00712,1,1.0,B,DB00712,protein,893,1.0,0.0,0.0
4,DB00035,DB00712,1,1.0,B,DB00712,protein,920,1.0,0.0,0.0
4,DB00035,DB00712,1,1.0,B,DB00712,protein,936,1.0,0.0,0.0
4,DB00035,DB00712,1,1.0,B,DB00712,protein,940,1.0,0.0,0.0
4,DB00035,DB00712,1,1.0,B,DB00712,protein,943,1.0,0.0,0.0
4,DB00035,DB00712,1,1.0,B,DB00712,protein,948,1.0,0.0,0.0
4,DB00035,DB00712,1,1.0,B,DB00712,protein,955,1.0,0.0,0.0
4,DB00035,DB00712,1,1.0,B,DB00712,protein,964,1.0,0.0,0.0
4,DB00035,DB00712,1,1.0,B,DB00712,protein,965,1.0,0.0,0.0
4,DB00035,DB00712,1,1.0,B,DB00712,protein,987,1.0,0.0,0.0
4,DB00035,DB00712,1,1.0,B,DB00712,protein,1008,1.0,0.0,0.0
4,DB00035,DB00712,1,1.0,B,DB00712,protein,1020,1.0,0.0,0.0
4,DB00035,DB00712,1,1.0,B,DB00712,protein,1025,1.0,0.0,0.0
4,DB00035,DB00712,1,1.0,B,DB00712,protein,1026,1.0,0.0,0.0
4,DB00035,DB00712,1,1.0,B,DB00712,protein,1027,1.0,0.0,0.0
4,DB00035,DB00712,1,1.0,B,DB00712,protein,1031,1.0,0.0,0.0
4,DB00035,DB00712,1,1.0,B,DB00712,protein,1032,1.0,0.0,0.0
4,DB00035,DB00712,1,1.0,B,DB00712,protein,1033,1.0,0.0,0.0
4,DB00035,DB00712,1,1.0,B,DB00712,protein,1034,1.0,0.0,0.0
4,DB00035,DB00712,1,1.0,B,DB00712,protein,1046,1.0,0.0,0.0
4,DB00035,DB00712,1,1.0,B,DB00712,protein,1061,1.0,0.0,0.0
4,DB00035,DB00712,1,1.0,B,DB00712,protein,1063,1.0,0.0,0.0
4,DB00035,DB00712,1,1.0,B,DB00712,protein,1082,1.0,0.0,0.0
4,DB00035,DB00712,1,1.0,B,DB00712,protein,1086,1.0,0.0,0.0
4,DB00035,DB00712,1,1.0,B,DB00712,protein,1090,1.0,0.0,0.0
4,DB00035,DB00712,1,1.0,B,DB00712,protein,1100,1.0,0.0,0.0
4,DB00035,DB00712,1,1.0,B,DB00712,protein,1116,1.0,0.0,0.0
4,DB00035,DB00712,1,1.0,B,DB00712,protein,1136,1.0,0.0,0.0
4,DB00035,DB00712,1,1.0,B,DB00712,protein,1143,1.0,0.0,0.0
4,DB00035,DB00712,1,1.0,B,DB00712,protein,1156,1.0,0.0,0.0
4,DB00035,DB00712,1,1.0,B,DB00712,protein,1171,1.0,0.0,0.0
4,DB00035,DB00712,1,1.0,B,DB00712,protein,1184,1.0,0.0,0.0
4,DB00035,DB00712,1,1.0,B,DB00712,protein,1186,1.0,0.0,0.0
4,DB00035,DB00712,1,1.0,B,DB00712,protein,1187,1.0,0.0,0.0
4,DB00035,DB00712,1,1.0,B,DB00712,protein,1200,1.0,0.0,0.0
4,DB00035,DB00712,1,1.0,B,DB00712,protein,1203,1.0,0.0,0.0
4,DB00035,DB00712,1,1.0,B,DB00712,protein,1227,1.0,0.0,0.0
4,DB00035,DB00712,1,1.0,B,DB00712,protein,1228,1.0,0.0,0.0
4,DB00035,DB00712,1,1.0,B,DB00712,protein,1230,1.0,0.0,0.0
4,DB00035,DB00712,1,1.0,B,DB00712,protein,1234,1.0,0.0,0.0
4,DB00035,DB00712,1,1.0,B,DB00712,protein,1237,1.0,0.0,0.0
4,DB00035,DB00712,1,1.0,B,DB00712,protein,1276,1.0,0.0,0.0
4,DB00035,DB00712,1,1.0,B,DB00712,protein,1303,1.0,0.0,0.0
4,DB00035,DB00712,1,1.0,B,DB00712,protein,1304,1.0,0.0,0.0
4,DB00035,DB00712,1,1.0,B,DB00712,protein,1319,1.0,0.0,0.0
4,DB00035,DB00712,1,1.0,B,DB00712,protein,1320,1.0,0.0,0.0
4,DB00035,DB00712,1,1.0,B,DB00712,protein,1322,1.0,0.0,0.0
4,DB00035,DB00712,1,1.0,B,DB00712,protein,1331,1.0,0.0,0.0
4,DB00035,DB00712,1,1.0,B,DB00712,protein,1360,1.0,0.0,0.0
4,DB00035,DB00712,1,1.0,B,DB00712,protein,1441,1.0,0.0,0.0
4,DB00035,DB00712,1,1.0,B,DB00712,protein,1477,1.0,0.0,0.0
4,DB00035,DB00712,1,1.0,B,DB00712,protein,1485,1.0,0.0,0.0
4,DB00035,DB00712,1,1.0,B,DB00712,protein,1515,1.0,0.0,0.0
4,DB00035,DB00712,1,1.0,B,DB00712,protein,1516,1.0,0.0,0.0
4,DB00035,DB00712,1,1.0,B,DB00712,protein,1539,1.0,0.0,0.0
4,DB00035,DB00712,1,1.0,B,DB00712,protein,1705,1.0,0.0,0.0
4,DB00035,DB00712,1,1.0,B,DB00712,protein,1757,1.0,0.0,0.0
4,DB00035,DB00712,1,1.0,B,DB00712,protein,1797,1.0,0.0,0.0
4,DB00035,DB00712,1,1.0,B,DB00712,protein,1843,1.0,0.0,0.0
4,DB00035,DB00712,1,1.0,B,DB00712,protein,1867,1.0,0.0,0.0
4,DB00035,DB00712,1,1.0,B,DB00712,protein,1883,1.0,0.0,0.0
4,DB00035,DB00712,1,1.0,B,DB00712,protein,2037,1.0,0.0,0.0
4,DB00035,DB00712,1,1.0,B,DB00712,protein,2095,1.0,0.0,0.0
4,DB00035,DB00712,1,1.0,B,DB00712,protein,2348,1.0,0.0,0.0
4,DB00035,DB00712,1,1.0,B,DB00712,protein,2479,1.0,0.0,0.0
4,DB00035,DB00712,1,1.0,B,DB00712,protein,2622,1.0,0.0,0.0
4,DB00035,DB00712,1,1.0,B,DB00712,protein,2720,1.0,0.0,0.0
4,DB00035,DB00712,1,1.0,B,DB00712,protein,2831,1.0,0.0,0.0
4,DB00035,DB00712,1,1.0,B,DB00712,protein,2849,1.0,0.0,0.0
5,DB00091,DB00199,1,1.0,A,DB00091,protein,29,1.0,0.0,0.0
5,DB00091,DB00199,1,1.0,A,DB00091,protein,100,1.0,0.0,0.0
5,DB00091,DB00199,1,1.0,A,DB00091,protein,104,1.0,0.0,0.0
5,DB00091,DB00199,1,1.0,A,DB00091,protein,119,1.0,0.0,0.0
5,DB00091,DB00199,1,1.0,A,DB00091,protein,218,1.0,0.0,0.0
5,DB00091,DB00199,1,1.0,A,DB00091,protein,221,1.0,0.0,0.0
5,DB00091,DB00199,1,1.0,A,DB00091,protein,244,1.0,0.0,0.0
5,DB00091,DB00199,1,1.0,A,DB00091,protein,251,1.0,0.0,0.0
5,DB00091,DB00199,1,1.0,A,DB00091,protein,259,1.0,0.0,0.0
5,DB00091,DB00199,1,1.0,A,DB00091,protein,273,0.9999998807907104,1.1920928955078125e-07,1.1920928955078125e-07
5,DB00091,DB00199,1,1.0,A,DB00091,protein,277,0.9999998807907104,1.1920928955078125e-07,1.1920928955078125e-07
5,DB00091,DB00199,1,1.0,A,DB00091,protein,282,0.9999998807907104,1.1920928955078125e-07,1.1920928955078125e-07
5,DB00091,DB00199,1,1.0,A,DB00091,protein,323,1.0,0.0,0.0
5,DB00091,DB00199,1,1.0,A,DB00091,protein,346,1.0,0.0,0.0
5,DB00091,DB00199,1,1.0,A,DB00091,protein,376,1.0,0.0,0.0
5,DB00091,DB00199,1,1.0,A,DB00091,protein,412,1.0,0.0,0.0
5,DB00091,DB00199,1,1.0,A,DB00091,protein,418,1.0,0.0,0.0
5,DB00091,DB00199,1,1.0,A,DB00091,protein,421,1.0,0.0,0.0
5,DB00091,DB00199,1,1.0,A,DB00091,protein,425,1.0,0.0,0.0
5,DB00091,DB00199,1,1.0,A,DB00091,protein,430,1.0,0.0,0.0
5,DB00091,DB00199,1,1.0,A,DB00091,protein,445,1.0,0.0,0.0
5,DB00091,DB00199,1,1.0,A,DB00091,protein,461,1.0,0.0,0.0
5,DB00091,DB00199,1,1.0,A,DB00091,protein,475,1.0,0.0,0.0
5,DB00091,DB00199,1,1.0,A,DB00091,protein,477,1.0,0.0,0.0
5,DB00091,DB00199,1,1.0,A,DB00091,protein,497,1.0,0.0,0.0
5,DB00091,DB00199,1,1.0,A,DB00091,protein,498,1.0,0.0,0.0
5,DB00091,DB00199,1,1.0,A,DB00091,protein,515,1.0,0.0,0.0
5,DB00091,DB00199,1,1.0,A,DB00091,protein,548,1.0,0.0,0.0
5,DB00091,DB00199,1,1.0,A,DB00091,protein,565,1.0,0.0,0.0
5,DB00091,DB00199,1,1.0,A,DB00091,protein,566,1.0,0.0,0.0
5,DB00091,DB00199,1,1.0,A,DB00091,protein,568,0.9999998807907104,1.1920928955078125e-07,1.1920928955078125e-07
5,DB00091,DB00199,1,1.0,A,DB00091,protein,575,1.0,0.0,0.0
5,DB00091,DB00199,1,1.0,A,DB00091,protein,580,1.0,0.0,0.0
5,DB00091,DB00199,1,1.0,A,DB00091,protein,589,1.0,0.0,0.0
5,DB00091,DB00199,1,1.0,A,DB00091,protein,591,1.0,0.0,0.0
5,DB00091,DB00199,1,1.0,A,DB00091,protein,597,0.9999998807907104,1.1920928955078125e-07,1.1920928955078125e-07
5,DB00091,DB00199,1,1.0,A,DB00091,protein,608,1.0,0.0,0.0
5,DB00091,DB00199,1,1.0,A,DB00091,protein,609,1.0,0.0,0.0
5,DB00091,DB00199,1,1.0,A,DB00091,protein,687,1.0,0.0,0.0
5,DB00091,DB00199,1,1.0,A,DB00091,protein,698,1.0,0.0,0.0
5,DB00091,DB00199,1,1.0,A,DB00091,protein,708,0.9999998807907104,1.1920928955078125e-07,1.1920928955078125e-07
5,DB00091,DB00199,1,1.0,A,DB00091,protein,709,1.0,0.0,0.0
5,DB00091,DB00199,1,1.0,A,DB00091,protein,721,1.0,0.0,0.0
5,DB00091,DB00199,1,1.0,A,DB00091,protein,731,1.0,0.0,0.0
5,DB00091,DB00199,1,1.0,A,DB00091,protein,742,1.0,0.0,0.0
5,DB00091,DB00199,1,1.0,A,DB00091,protein,746,1.0,0.0,0.0
5,DB00091,DB00199,1,1.0,A,DB00091,protein,749,1.0,0.0,0.0
5,DB00091,DB00199,1,1.0,A,DB00091,protein,790,1.0,0.0,0.0
5,DB00091,DB00199,1,1.0,A,DB00091,protein,802,1.0,0.0,0.0
5,DB00091,DB00199,1,1.0,A,DB00091,protein,814,1.0,0.0,0.0
5,DB00091,DB00199,1,1.0,A,DB00091,protein,827,1.0,0.0,0.0
5,DB00091,DB00199,1,1.0,A,DB00091,protein,863,1.0,0.0,0.0
5,DB00091,DB00199,1,1.0,A,DB00091,protein,879,1.0,0.0,0.0
5,DB00091,DB00199,1,1.0,A,DB00091,protein,884,1.0,0.0,0.0
5,DB00091,DB00199,1,1.0,A,DB00091,protein,893,1.0,0.0,0.0
5,DB00091,DB00199,1,1.0,A,DB00091,protein,908,1.0,0.0,0.0
5,DB00091,DB00199,1,1.0,A,DB00091,protein,920,1.0,0.0,0.0
5,DB00091,DB00199,1,1.0,A,DB00091,protein,930,0.9999998807907104,1.1920928955078125e-07,1.1920928955078125e-07
5,DB00091,DB00199,1,1.0,A,DB00091,protein,936,1.0,0.0,0.0
5,DB00091,DB00199,1,1.0,A,DB00091,protein,940,1.0,0.0,0.0
5,DB00091,DB00199,1,1.0,A,DB00091,protein,942,1.0,0.0,0.0
5,DB00091,DB00199,1,1.0,A,DB00091,protein,943,1.0,0.0,0.0
5,DB00091,DB00199,1,1.0,A,DB00091,protein,948,1.0,0.0,0.0
5,DB00091,DB00199,1,1.0,A,DB00091,protein,955,1.0,0.0,0.0
5,DB00091,DB00199,1,1.0,A,DB00091,protein,964,1.0,0.0,0.0
5,DB00091,DB00199,1,1.0,A,DB00091,protein,987,1.0,0.0,0.0
5,DB00091,DB00199,1,1.0,A,DB00091,protein,991,1.0,0.0,0.0
5,DB00091,DB00199,1,1.0,A,DB00091,protein,998,1.0,0.0,0.0
5,DB00091,DB00199,1,1.0,A,DB00091,protein,1008,1.0,0.0,0.0
5,DB00091,DB00199,1,1.0,A,DB00091,protein,1020,1.0,0.0,0.0
5,DB00091,DB00199,1,1.0,A,DB00091,protein,1025,1.0,0.0,0.0
5,DB00091,DB00199,1,1.0,A,DB00091,protein,1026,1.0,0.0,0.0
5,DB00091,DB00199,1,1.0,A,DB00091,protein,1027,1.0,0.0,0.0
5,DB00091,DB00199,1,1.0,A,DB00091,protein,1031,1.0,0.0,0.0
5,DB00091,DB00199,1,1.0,A,DB00091,protein,1032,1.0,0.0,0.0
5,DB00091,DB00199,1,1.0,A,DB00091,protein,1033,1.0,0.0,0.0
5,DB00091,DB00199,1,1.0,A,DB00091,protein,1034,1.0,0.0,0.0
5,DB00091,DB00199,1,1.0,A,DB00091,protein,1046,1.0,0.0,0.0
5,DB00091,DB00199,1,1.0,A,DB00091,protein,1063,1.0,0.0,0.0
5,DB00091,DB00199,1,1.0,A,DB00091,protein,1067,1.0,0.0,0.0
5,DB00091,DB00199,1,1.0,A,DB00091,protein,1082,1.0,0.0,0.0
5,DB00091,DB00199,1,1.0,A,DB00091,protein,1086,1.0,0.0,0.0
5,DB00091,DB00199,1,1.0,A,DB00091,protein,1090,1.0,0.0,0.0
5,DB00091,DB00199,1,1.0,A,DB00091,protein,1100,1.0,0.0,0.0
5,DB00091,DB00199,1,1.0,A,DB00091,protein,1116,1.0,0.0,0.0
5,DB00091,DB00199,1,1.0,A,DB00091,protein,1135,1.0,0.0,0.0
5,DB00091,DB00199,1,1.0,A,DB00091,protein,1136,1.0,0.0,0.0
5,DB00091,DB00199,1,1.0,A,DB00091,protein,1143,1.0,0.0,0.0
5,DB00091,DB00199,1,1.0,A,DB00091,protein,1156,1.0,0.0,0.0
5,DB00091,DB00199,1,1.0,A,DB00091,protein,1171,1.0,0.0,0.0
5,DB00091,DB00199,1,1.0,A,DB00091,protein,1184,1.0,0.0,0.0
5,DB00091,DB00199,1,1.0,A,DB00091,protein,1186,1.0,0.0,0.0
5,DB00091,DB00199,1,1.0,A,DB00091,protein,1187,1.0,0.0,0.0
5,DB00091,DB00199,1,1.0,A,DB00091,protein,1200,1.0,0.0,0.0
5,DB00091,DB00199,1,1.0,A,DB00091,protein,1203,1.0,0.0,0.0
5,DB00091,DB00199,1,1.0,A,DB00091,protein,1206,1.0,0.0,0.0
5,DB00091,DB00199,1,1.0,A,DB00091,protein,1227,1.0,0.0,0.0
5,DB00091,DB00199,1,1.0,A,DB00091,protein,1228,1.0,0.0,0.0
5,DB00091,DB00199,1,1.0,A,DB00091,protein,1230,1.0,0.0,0.0
5,DB00091,DB00199,1,1.0,A,DB00091,protein,1234,1.0,0.0,0.0
5,DB00091,DB00199,1,1.0,A,DB00091,protein,1274,1.0,0.0,0.0
5,DB00091,DB00199,1,1.0,A,DB00091,protein,1276,1.0,0.0,0.0
5,DB00091,DB00199,1,1.0,A,DB00091,protein,1303,1.0,0.0,0.0
5,DB00091,DB00199,1,1.0,A,DB00091,protein,1304,1.0,0.0,0.0
5,DB00091,DB00199,1,1.0,A,DB00091,protein,1319,1.0,0.0,0.0
5,DB00091,DB00199,1,1.0,A,DB00091,protein,1320,1.0,0.0,0.0
5,DB00091,DB00199,1,1.0,A,DB00091,protein,1322,1.0,0.0,0.0
5,DB00091,DB00199,1,1.0,A,DB00091,protein,1337,1.0,0.0,0.0
5,DB00091,DB00199,1,1.0,A,DB00091,protein,1360,1.0,0.0,0.0
5,DB00091,DB00199,1,1.0,A,DB00091,protein,1438,1.0,0.0,0.0
5,DB00091,DB00199,1,1.0,A,DB00091,protein,1441,1.0,0.0,0.0
5,DB00091,DB00199,1,1.0,A,DB00091,protein,1477,1.0,0.0,0.0
5,DB00091,DB00199,1,1.0,A,DB00091,protein,1485,1.0,0.0,0.0
5,DB00091,DB00199,1,1.0,A,DB00091,protein,1515,1.0,0.0,0.0
5,DB00091,DB00199,1,1.0,A,DB00091,protein,1516,1.0,0.0,0.0
5,DB00091,DB00199,1,1.0,A,DB00091,protein,1554,1.0,0.0,0.0
5,DB00091,DB00199,1,1.0,A,DB00091,protein,1650,0.9999997615814209,2.384185791015625e-07,2.384185791015625e-07
5,DB00091,DB00199,1,1.0,A,DB00091,protein,1651,1.0,0.0,0.0
5,DB00091,DB00199,1,1.0,A,DB00091,protein,1656,1.0,0.0,0.0
5,DB00091,DB00199,1,1.0,A,DB00091,protein,1667,1.0,0.0,0.0
5,DB00091,DB00199,1,1.0,A,DB00091,protein,1705,1.0,0.0,0.0
5,DB00091,DB00199,1,1.0,A,DB00091,protein,1748,1.0,0.0,0.0
5,DB00091,DB00199,1,1.0,A,DB00091,protein,1757,1.0,0.0,0.0
5,DB00091,DB00199,1,1.0,A,DB00091,protein,1760,1.0,0.0,0.0
5,DB00091,DB00199,1,1.0,A,DB00091,protein,1772,1.0,0.0,0.0
5,DB00091,DB00199,1,1.0,A,DB00091,protein,1781,1.0,0.0,0.0
5,DB00091,DB00199,1,1.0,A,DB00091,protein,1843,1.0,0.0,0.0
5,DB00091,DB00199,1,1.0,A,DB00091,protein,1852,1.0,0.0,0.0
5,DB00091,DB00199,1,1.0,A,DB00091,protein,1867,1.0,0.0,0.0
5,DB00091,DB00199,1,1.0,A,DB00091,protein,1874,1.0,0.0,0.0
5,DB00091,DB00199,1,1.0,A,DB00091,protein,1911,1.0,0.0,0.0
5,DB00091,DB00199,1,1.0,A,DB00091,protein,1975,1.0,0.0,0.0
5,DB00091,DB00199,1,1.0,A,DB00091,protein,2027,1.0,0.0,0.0
5,DB00091,DB00199,1,1.0,A,DB00091,protein,2037,1.0,0.0,0.0
5,DB00091,DB00199,1,1.0,A,DB00091,protein,2051,1.0,0.0,0.0
5,DB00091,DB00199,1,1.0,A,DB00091,protein,2095,1.0,0.0,0.0
5,DB00091,DB00199,1,1.0,A,DB00091,protein,2125,1.0,0.0,0.0
5,DB00091,DB00199,1,1.0,A,DB00091,protein,2159,1.0,0.0,0.0
5,DB00091,DB00199,1,1.0,A,DB00091,protein,2348,1.0,0.0,0.0
5,DB00091,DB00199,1,1.0,A,DB00091,protein,2357,1.0,0.0,0.0
5,DB00091,DB00199,1,1.0,A,DB00091,protein,2361,1.0,0.0,0.0
5,DB00091,DB00199,1,1.0,A,DB00091,protein,2408,1.0,0.0,0.0
5,DB00091,DB00199,1,1.0,A,DB00091,protein,2417,0.9999998807907104,1.1920928955078125e-07,1.1920928955078125e-07
5,DB00091,DB00199,1,1.0,A,DB00091,protein,2433,1.0,0.0,0.0
5,DB00091,DB00199,1,1.0,A,DB00091,protein,2475,1.0,0.0,0.0
5,DB00091,DB00199,1,1.0,A,DB00091,protein,2479,1.0,0.0,0.0
5,DB00091,DB00199,1,1.0,A,DB00091,protein,2622,1.0,0.0,0.0
5,DB00091,DB00199,1,1.0,A,DB00091,protein,2659,1.0,0.0,0.0
5,DB00091,DB00199,1,1.0,A,DB00091,protein,2720,1.0,0.0,0.0
5,DB00091,DB00199,1,1.0,A,DB00091,protein,2724,1.0,0.0,0.0
5,DB00091,DB00199,1,1.0,A,DB00091,protein,2793,1.0,0.0,0.0
5,DB00091,DB00199,1,1.0,A,DB00091,protein,2797,1.0,0.0,0.0
5,DB00091,DB00199,1,1.0,A,DB00091,protein,2831,1.0,0.0,0.0
5,DB00091,DB00199,1,1.0,A,DB00091,protein,2849,1.0,0.0,0.0
5,DB00091,DB00199,1,1.0,A,DB00091,protein,2885,1.0,0.0,0.0
5,DB00091,DB00199,1,1.0,B,DB00199,protein,104,1.0,0.0,0.0
5,DB00091,DB00199,1,1.0,B,DB00199,protein,136,1.0,0.0,0.0
5,DB00091,DB00199,1,1.0,B,DB00199,protein,218,1.0,0.0,0.0
5,DB00091,DB00199,1,1.0,B,DB00199,protein,244,1.0,0.0,0.0
5,DB00091,DB00199,1,1.0,B,DB00199,protein,273,0.9999998807907104,1.1920928955078125e-07,1.1920928955078125e-07
5,DB00091,DB00199,1,1.0,B,DB00199,protein,277,1.0,0.0,0.0
5,DB00091,DB00199,1,1.0,B,DB00199,protein,323,1.0,0.0,0.0
5,DB00091,DB00199,1,1.0,B,DB00199,protein,346,1.0,0.0,0.0
5,DB00091,DB00199,1,1.0,B,DB00199,protein,396,1.0,0.0,0.0
5,DB00091,DB00199,1,1.0,B,DB00199,protein,412,1.0,0.0,0.0
5,DB00091,DB00199,1,1.0,B,DB00199,protein,418,1.0,0.0,0.0
5,DB00091,DB00199,1,1.0,B,DB00199,protein,421,1.0,0.0,0.0
5,DB00091,DB00199,1,1.0,B,DB00199,protein,430,1.0,0.0,0.0
5,DB00091,DB00199,1,1.0,B,DB00199,protein,445,1.0,0.0,0.0
5,DB00091,DB00199,1,1.0,B,DB00199,protein,475,1.0,0.0,0.0
5,DB00091,DB00199,1,1.0,B,DB00199,protein,477,1.0,0.0,0.0
5,DB00091,DB00199,1,1.0,B,DB00199,protein,497,1.0,0.0,0.0
5,DB00091,DB00199,1,1.0,B,DB00199,protein,498,1.0,0.0,0.0
5,DB00091,DB00199,1,1.0,B,DB00199,protein,548,1.0,0.0,0.0
5,DB00091,DB00199,1,1.0,B,DB00199,protein,565,1.0,0.0,0.0
5,DB00091,DB00199,1,1.0,B,DB00199,protein,566,1.0,0.0,0.0
5,DB00091,DB00199,1,1.0,B,DB00199,protein,568,0.9999998807907104,1.1920928955078125e-07,1.1920928955078125e-07
5,DB00091,DB00199,1,1.0,B,DB00199,protein,575,1.0,0.0,0.0
5,DB00091,DB00199,1,1.0,B,DB00199,protein,580,1.0,0.0,0.0
5,DB00091,DB00199,1,1.0,B,DB00199,protein,589,1.0,0.0,0.0
5,DB00091,DB00199,1,1.0,B,DB00199,protein,591,1.0,0.0,0.0
5,DB00091,DB00199,1,1.0,B,DB00199,protein,597,0.9999986886978149,1.3113021850585938e-06,1.3113021850585938e-06
5,DB00091,DB00199,1,1.0,B,DB00199,protein,608,1.0,0.0,0.0
5,DB00091,DB00199,1,1.0,B,DB00199,protein,609,1.0,0.0,0.0
5,DB00091,DB00199,1,1.0,B,DB00199,protein,687,1.0,0.0,0.0
5,DB00091,DB00199,1,1.0,B,DB00199,protein,707,1.0,0.0,0.0
5,DB00091,DB00199,1,1.0,B,DB00199,protein,708,1.0,0.0,0.0
5,DB00091,DB00199,1,1.0,B,DB00199,protein,731,1.0,0.0,0.0
5,DB00091,DB00199,1,1.0,B,DB00199,protein,746,1.0,0.0,0.0
5,DB00091,DB00199,1,1.0,B,DB00199,protein,749,1.0,0.0,0.0
5,DB00091,DB00199,1,1.0,B,DB00199,protein,790,1.0,0.0,0.0
5,DB00091,DB00199,1,1.0,B,DB00199,protein,802,1.0,0.0,0.0
5,DB00091,DB00199,1,1.0,B,DB00199,protein,814,1.0,0.0,0.0
5,DB00091,DB00199,1,1.0,B,DB00199,protein,863,1.0,0.0,0.0
5,DB00091,DB00199,1,1.0,B,DB00199,protein,865,1.0,0.0,0.0
5,DB00091,DB00199,1,1.0,B,DB00199,protein,879,1.0,0.0,0.0
5,DB00091,DB00199,1,1.0,B,DB00199,protein,884,1.0,0.0,0.0
5,DB00091,DB00199,1,1.0,B,DB00199,protein,893,1.0,0.0,0.0
5,DB00091,DB00199,1,1.0,B,DB00199,protein,920,1.0,0.0,0.0
5,DB00091,DB00199,1,1.0,B,DB00199,protein,929,1.0,0.0,0.0
5,DB00091,DB00199,1,1.0,B,DB00199,protein,930,0.9999991655349731,8.344650268554688e-07,8.344650268554688e-07
5,DB00091,DB00199,1,1.0,B,DB00199,protein,936,1.0,0.0,0.0
5,DB00091,DB00199,1,1.0,B,DB00199,protein,940,1.0,0.0,0.0
5,DB00091,DB00199,1,1.0,B,DB00199,protein,943,1.0,0.0,0.0
5,DB00091,DB00199,1,1.0,B,DB00199,protein,948,1.0,0.0,0.0
5,DB00091,DB00199,1,1.0,B,DB00199,protein,955,1.0,0.0,0.0
5,DB00091,DB00199,1,1.0,B,DB00199,protein,964,1.0,0.0,0.0
5,DB00091,DB00199,1,1.0,B,DB00199,protein,987,1.0,0.0,0.0
5,DB00091,DB00199,1,1.0,B,DB00199,protein,1008,1.0,0.0,0.0
5,DB00091,DB00199,1,1.0,B,DB00199,protein,1018,0.9999998807907104,1.1920928955078125e-07,1.1920928955078125e-07
5,DB00091,DB00199,1,1.0,B,DB00199,protein,1020,1.0,0.0,0.0
5,DB00091,DB00199,1,1.0,B,DB00199,protein,1021,1.0,0.0,0.0
5,DB00091,DB00199,1,1.0,B,DB00199,protein,1025,1.0,0.0,0.0
5,DB00091,DB00199,1,1.0,B,DB00199,protein,1026,1.0,0.0,0.0
5,DB00091,DB00199,1,1.0,B,DB00199,protein,1027,1.0,0.0,0.0
5,DB00091,DB00199,1,1.0,B,DB00199,protein,1031,1.0,0.0,0.0
5,DB00091,DB00199,1,1.0,B,DB00199,protein,1032,1.0,0.0,0.0
5,DB00091,DB00199,1,1.0,B,DB00199,protein,1033,1.0,0.0,0.0
5,DB00091,DB00199,1,1.0,B,DB00199,protein,1034,1.0,0.0,0.0
5,DB00091,DB00199,1,1.0,B,DB00199,protein,1046,1.0,0.0,0.0
5,DB00091,DB00199,1,1.0,B,DB00199,protein,1063,1.0,0.0,0.0
5,DB00091,DB00199,1,1.0,B,DB00199,protein,1082,1.0,0.0,0.0
5,DB00091,DB00199,1,1.0,B,DB00199,protein,1086,1.0,0.0,0.0
5,DB00091,DB00199,1,1.0,B,DB00199,protein,1090,1.0,0.0,0.0
5,DB00091,DB00199,1,1.0,B,DB00199,protein,1100,1.0,0.0,0.0
5,DB00091,DB00199,1,1.0,B,DB00199,protein,1116,1.0,0.0,0.0
5,DB00091,DB00199,1,1.0,B,DB00199,protein,1136,1.0,0.0,0.0
5,DB00091,DB00199,1,1.0,B,DB00199,protein,1143,1.0,0.0,0.0
5,DB00091,DB00199,1,1.0,B,DB00199,protein,1156,1.0,0.0,0.0
5,DB00091,DB00199,1,1.0,B,DB00199,protein,1171,1.0,0.0,0.0
5,DB00091,DB00199,1,1.0,B,DB00199,protein,1184,1.0,0.0,0.0
5,DB00091,DB00199,1,1.0,B,DB00199,protein,1186,1.0,0.0,0.0
5,DB00091,DB00199,1,1.0,B,DB00199,protein,1187,1.0,0.0,0.0
5,DB00091,DB00199,1,1.0,B,DB00199,protein,1200,1.0,0.0,0.0
5,DB00091,DB00199,1,1.0,B,DB00199,protein,1203,1.0,0.0,0.0
5,DB00091,DB00199,1,1.0,B,DB00199,protein,1227,1.0,0.0,0.0
5,DB00091,DB00199,1,1.0,B,DB00199,protein,1228,1.0,0.0,0.0
5,DB00091,DB00199,1,1.0,B,DB00199,protein,1230,1.0,0.0,0.0
5,DB00091,DB00199,1,1.0,B,DB00199,protein,1234,1.0,0.0,0.0
5,DB00091,DB00199,1,1.0,B,DB00199,protein,1276,1.0,0.0,0.0
5,DB00091,DB00199,1,1.0,B,DB00199,protein,1303,1.0,0.0,0.0
5,DB00091,DB00199,1,1.0,B,DB00199,protein,1304,1.0,0.0,0.0
5,DB00091,DB00199,1,1.0,B,DB00199,protein,1319,1.0,0.0,0.0
5,DB00091,DB00199,1,1.0,B,DB00199,protein,1320,1.0,0.0,0.0
5,DB00091,DB00199,1,1.0,B,DB00199,protein,1322,1.0,0.0,0.0
5,DB00091,DB00199,1,1.0,B,DB00199,protein,1393,0.9999998807907104,1.1920928955078125e-07,1.1920928955078125e-07
5,DB00091,DB00199,1,1.0,B,DB00199,protein,1441,1.0,0.0,0.0
5,DB00091,DB00199,1,1.0,B,DB00199,protein,1477,1.0,0.0,0.0
5,DB00091,DB00199,1,1.0,B,DB00199,protein,1485,1.0,0.0,0.0
5,DB00091,DB00199,1,1.0,B,DB00199,protein,1510,1.0,0.0,0.0
5,DB00091,DB00199,1,1.0,B,DB00199,protein,1515,1.0,0.0,0.0
5,DB00091,DB00199,1,1.0,B,DB00199,protein,1516,1.0,0.0,0.0
5,DB00091,DB00199,1,1.0,B,DB00199,protein,1542,1.0,0.0,0.0
5,DB00091,DB00199,1,1.0,B,DB00199,protein,1584,0.9999998807907104,1.1920928955078125e-07,1.1920928955078125e-07
5,DB00091,DB00199,1,1.0,B,DB00199,protein,1757,1.0,0.0,0.0
5,DB00091,DB00199,1,1.0,B,DB00199,protein,1817,0.9999998807907104,1.1920928955078125e-07,1.1920928955078125e-07
5,DB00091,DB00199,1,1.0,B,DB00199,protein,1843,1.0,0.0,0.0
5,DB00091,DB00199,1,1.0,B,DB00199,protein,1867,1.0,0.0,0.0
5,DB00091,DB00199,1,1.0,B,DB00199,protein,2037,1.0,0.0,0.0
5,DB00091,DB00199,1,1.0,B,DB00199,protein,2057,1.0,0.0,0.0
5,DB00091,DB00199,1,1.0,B,DB00199,protein,2060,1.0,0.0,0.0
5,DB00091,DB00199,1,1.0,B,DB00199,protein,2348,1.0,0.0,0.0
5,DB00091,DB00199,1,1.0,B,DB00199,protein,2361,0.9999998807907104,1.1920928955078125e-07,1.1920928955078125e-07
5,DB00091,DB00199,1,1.0,B,DB00199,protein,2394,1.0,0.0,0.0
5,DB00091,DB00199,1,1.0,B,DB00199,protein,2479,1.0,0.0,0.0
5,DB00091,DB00199,1,1.0,B,DB00199,protein,2622,0.9999998807907104,1.1920928955078125e-07,1.1920928955078125e-07
5,DB00091,DB00199,1,1.0,B,DB00199,protein,2659,1.0,0.0,0.0
5,DB00091,DB00199,1,1.0,B,DB00199,protein,2831,1.0,0.0,0.0
5,DB00091,DB00199,1,1.0,B,DB00199,protein,2849,1.0,0.0,0.0
5,DB00091,DB00199,1,1.0,B,DB00199,protein,2885,1.0,0.0,0.0
6,DB00091,DB00220,1,1.0,A,DB00091,protein,29,1.0,0.0,0.0
6,DB00091,DB00220,1,1.0,A,DB00091,protein,100,1.0,0.0,0.0
6,DB00091,DB00220,1,1.0,A,DB00091,protein,104,1.0,0.0,0.0
6,DB00091,DB00220,1,1.0,A,DB00091,protein,119,1.0,0.0,0.0
6,DB00091,DB00220,1,1.0,A,DB00091,protein,218,1.0,0.0,0.0
6,DB00091,DB00220,1,1.0,A,DB00091,protein,221,1.0,0.0,0.0
6,DB00091,DB00220,1,1.0,A,DB00091,protein,244,1.0,0.0,0.0
6,DB00091,DB00220,1,1.0,A,DB00091,protein,251,1.0,0.0,0.0
6,DB00091,DB00220,1,1.0,A,DB00091,protein,259,1.0,0.0,0.0
6,DB00091,DB00220,1,1.0,A,DB00091,protein,273,1.0,0.0,0.0
6,DB00091,DB00220,1,1.0,A,DB00091,protein,277,1.0,0.0,0.0
6,DB00091,DB00220,1,1.0,A,DB00091,protein,282,1.0,0.0,0.0
6,DB00091,DB00220,1,1.0,A,DB00091,protein,323,1.0,0.0,0.0
6,DB00091,DB00220,1,1.0,A,DB00091,protein,346,1.0,0.0,0.0
6,DB00091,DB00220,1,1.0,A,DB00091,protein,376,1.0,0.0,0.0
6,DB00091,DB00220,1,1.0,A,DB00091,protein,412,1.0,0.0,0.0
6,DB00091,DB00220,1,1.0,A,DB00091,protein,418,1.0,0.0,0.0
6,DB00091,DB00220,1,1.0,A,DB00091,protein,421,1.0,0.0,0.0
6,DB00091,DB00220,1,1.0,A,DB00091,protein,425,1.0,0.0,0.0
6,DB00091,DB00220,1,1.0,A,DB00091,protein,430,1.0,0.0,0.0
6,DB00091,DB00220,1,1.0,A,DB00091,protein,445,1.0,0.0,0.0
6,DB00091,DB00220,1,1.0,A,DB00091,protein,461,1.0,0.0,0.0
6,DB00091,DB00220,1,1.0,A,DB00091,protein,475,1.0,0.0,0.0
6,DB00091,DB00220,1,1.0,A,DB00091,protein,477,1.0,0.0,0.0
6,DB00091,DB00220,1,1.0,A,DB00091,protein,497,1.0,0.0,0.0
6,DB00091,DB00220,1,1.0,A,DB00091,protein,498,1.0,0.0,0.0
6,DB00091,DB00220,1,1.0,A,DB00091,protein,515,1.0,0.0,0.0
6,DB00091,DB00220,1,1.0,A,DB00091,protein,548,1.0,0.0,0.0
6,DB00091,DB00220,1,1.0,A,DB00091,protein,565,1.0,0.0,0.0
6,DB00091,DB00220,1,1.0,A,DB00091,protein,566,1.0,0.0,0.0
6,DB00091,DB00220,1,1.0,A,DB00091,protein,568,1.0,0.0,0.0
6,DB00091,DB00220,1,1.0,A,DB00091,protein,575,1.0,0.0,0.0
6,DB00091,DB00220,1,1.0,A,DB00091,protein,580,1.0,0.0,0.0
6,DB00091,DB00220,1,1.0,A,DB00091,protein,589,1.0,0.0,0.0
6,DB00091,DB00220,1,1.0,A,DB00091,protein,591,1.0,0.0,0.0
6,DB00091,DB00220,1,1.0,A,DB00091,protein,597,1.0,0.0,0.0
6,DB00091,DB00220,1,1.0,A,DB00091,protein,608,1.0,0.0,0.0
6,DB00091,DB00220,1,1.0,A,DB00091,protein,609,1.0,0.0,0.0
6,DB00091,DB00220,1,1.0,A,DB00091,protein,687,1.0,0.0,0.0
6,DB00091,DB00220,1,1.0,A,DB00091,protein,698,1.0,0.0,0.0
6,DB00091,DB00220,1,1.0,A,DB00091,protein,708,1.0,0.0,0.0
6,DB00091,DB00220,1,1.0,A,DB00091,protein,709,1.0,0.0,0.0
6,DB00091,DB00220,1,1.0,A,DB00091,protein,721,1.0,0.0,0.0
6,DB00091,DB00220,1,1.0,A,DB00091,protein,731,1.0,0.0,0.0
6,DB00091,DB00220,1,1.0,A,DB00091,protein,742,1.0,0.0,0.0
6,DB00091,DB00220,1,1.0,A,DB00091,protein,746,1.0,0.0,0.0
6,DB00091,DB00220,1,1.0,A,DB00091,protein,749,1.0,0.0,0.0
6,DB00091,DB00220,1,1.0,A,DB00091,protein,790,1.0,0.0,0.0
6,DB00091,DB00220,1,1.0,A,DB00091,protein,802,1.0,0.0,0.0
6,DB00091,DB00220,1,1.0,A,DB00091,protein,814,1.0,0.0,0.0
6,DB00091,DB00220,1,1.0,A,DB00091,protein,827,1.0,0.0,0.0
6,DB00091,DB00220,1,1.0,A,DB00091,protein,863,1.0,0.0,0.0
6,DB00091,DB00220,1,1.0,A,DB00091,protein,879,1.0,0.0,0.0
6,DB00091,DB00220,1,1.0,A,DB00091,protein,884,1.0,0.0,0.0
6,DB00091,DB00220,1,1.0,A,DB00091,protein,893,1.0,0.0,0.0
6,DB00091,DB00220,1,1.0,A,DB00091,protein,908,1.0,0.0,0.0
6,DB00091,DB00220,1,1.0,A,DB00091,protein,920,1.0,0.0,0.0
6,DB00091,DB00220,1,1.0,A,DB00091,protein,930,1.0,0.0,0.0
6,DB00091,DB00220,1,1.0,A,DB00091,protein,936,1.0,0.0,0.0
6,DB00091,DB00220,1,1.0,A,DB00091,protein,940,1.0,0.0,0.0
6,DB00091,DB00220,1,1.0,A,DB00091,protein,942,1.0,0.0,0.0
6,DB00091,DB00220,1,1.0,A,DB00091,protein,943,1.0,0.0,0.0
6,DB00091,DB00220,1,1.0,A,DB00091,protein,948,1.0,0.0,0.0
6,DB00091,DB00220,1,1.0,A,DB00091,protein,955,1.0,0.0,0.0
6,DB00091,DB00220,1,1.0,A,DB00091,protein,964,1.0,0.0,0.0
6,DB00091,DB00220,1,1.0,A,DB00091,protein,987,1.0,0.0,0.0
6,DB00091,DB00220,1,1.0,A,DB00091,protein,991,1.0,0.0,0.0
6,DB00091,DB00220,1,1.0,A,DB00091,protein,998,1.0,0.0,0.0
6,DB00091,DB00220,1,1.0,A,DB00091,protein,1008,1.0,0.0,0.0
6,DB00091,DB00220,1,1.0,A,DB00091,protein,1020,1.0,0.0,0.0
6,DB00091,DB00220,1,1.0,A,DB00091,protein,1025,1.0,0.0,0.0
6,DB00091,DB00220,1,1.0,A,DB00091,protein,1026,1.0,0.0,0.0
6,DB00091,DB00220,1,1.0,A,DB00091,protein,1027,1.0,0.0,0.0
6,DB00091,DB00220,1,1.0,A,DB00091,protein,1031,1.0,0.0,0.0
6,DB00091,DB00220,1,1.0,A,DB00091,protein,1032,1.0,0.0,0.0
6,DB00091,DB00220,1,1.0,A,DB00091,protein,1033,1.0,0.0,0.0
6,DB00091,DB00220,1,1.0,A,DB00091,protein,1034,1.0,0.0,0.0
6,DB00091,DB00220,1,1.0,A,DB00091,protein,1046,1.0,0.0,0.0
6,DB00091,DB00220,1,1.0,A,DB00091,protein,1063,1.0,0.0,0.0
6,DB00091,DB00220,1,1.0,A,DB00091,protein,1067,1.0,0.0,0.0
6,DB00091,DB00220,1,1.0,A,DB00091,protein,1082,1.0,0.0,0.0
6,DB00091,DB00220,1,1.0,A,DB00091,protein,1086,1.0,0.0,0.0
6,DB00091,DB00220,1,1.0,A,DB00091,protein,1090,1.0,0.0,0.0
6,DB00091,DB00220,1,1.0,A,DB00091,protein,1100,1.0,0.0,0.0
6,DB00091,DB00220,1,1.0,A,DB00091,protein,1116,1.0,0.0,0.0
6,DB00091,DB00220,1,1.0,A,DB00091,protein,1135,1.0,0.0,0.0
6,DB00091,DB00220,1,1.0,A,DB00091,protein,1136,1.0,0.0,0.0
6,DB00091,DB00220,1,1.0,A,DB00091,protein,1143,1.0,0.0,0.0
6,DB00091,DB00220,1,1.0,A,DB00091,protein,1156,1.0,0.0,0.0
6,DB00091,DB00220,1,1.0,A,DB00091,protein,1171,1.0,0.0,0.0
6,DB00091,DB00220,1,1.0,A,DB00091,protein,1184,1.0,0.0,0.0
6,DB00091,DB00220,1,1.0,A,DB00091,protein,1186,1.0,0.0,0.0
6,DB00091,DB00220,1,1.0,A,DB00091,protein,1187,1.0,0.0,0.0
6,DB00091,DB00220,1,1.0,A,DB00091,protein,1200,1.0,0.0,0.0
6,DB00091,DB00220,1,1.0,A,DB00091,protein,1203,1.0,0.0,0.0
6,DB00091,DB00220,1,1.0,A,DB00091,protein,1206,1.0,0.0,0.0
6,DB00091,DB00220,1,1.0,A,DB00091,protein,1227,1.0,0.0,0.0
6,DB00091,DB00220,1,1.0,A,DB00091,protein,1228,1.0,0.0,0.0
6,DB00091,DB00220,1,1.0,A,DB00091,protein,1230,1.0,0.0,0.0
6,DB00091,DB00220,1,1.0,A,DB00091,protein,1234,1.0,0.0,0.0
6,DB00091,DB00220,1,1.0,A,DB00091,protein,1274,1.0,0.0,0.0
6,DB00091,DB00220,1,1.0,A,DB00091,protein,1276,1.0,0.0,0.0
6,DB00091,DB00220,1,1.0,A,DB00091,protein,1303,1.0,0.0,0.0
6,DB00091,DB00220,1,1.0,A,DB00091,protein,1304,1.0,0.0,0.0
6,DB00091,DB00220,1,1.0,A,DB00091,protein,1319,1.0,0.0,0.0
6,DB00091,DB00220,1,1.0,A,DB00091,protein,1320,1.0,0.0,0.0
6,DB00091,DB00220,1,1.0,A,DB00091,protein,1322,1.0,0.0,0.0
6,DB00091,DB00220,1,1.0,A,DB00091,protein,1337,1.0,0.0,0.0
6,DB00091,DB00220,1,1.0,A,DB00091,protein,1360,1.0,0.0,0.0
6,DB00091,DB00220,1,1.0,A,DB00091,protein,1438,1.0,0.0,0.0
6,DB00091,DB00220,1,1.0,A,DB00091,protein,1441,1.0,0.0,0.0
6,DB00091,DB00220,1,1.0,A,DB00091,protein,1477,1.0,0.0,0.0
6,DB00091,DB00220,1,1.0,A,DB00091,protein,1485,1.0,0.0,0.0
6,DB00091,DB00220,1,1.0,A,DB00091,protein,1515,1.0,0.0,0.0
6,DB00091,DB00220,1,1.0,A,DB00091,protein,1516,1.0,0.0,0.0
6,DB00091,DB00220,1,1.0,A,DB00091,protein,1554,1.0,0.0,0.0
6,DB00091,DB00220,1,1.0,A,DB00091,protein,1650,1.0,0.0,0.0
6,DB00091,DB00220,1,1.0,A,DB00091,protein,1651,1.0,0.0,0.0
6,DB00091,DB00220,1,1.0,A,DB00091,protein,1656,1.0,0.0,0.0
6,DB00091,DB00220,1,1.0,A,DB00091,protein,1667,1.0,0.0,0.0
6,DB00091,DB00220,1,1.0,A,DB00091,protein,1705,1.0,0.0,0.0
6,DB00091,DB00220,1,1.0,A,DB00091,protein,1748,1.0,0.0,0.0
6,DB00091,DB00220,1,1.0,A,DB00091,protein,1757,1.0,0.0,0.0
6,DB00091,DB00220,1,1.0,A,DB00091,protein,1760,1.0,0.0,0.0
6,DB00091,DB00220,1,1.0,A,DB00091,protein,1772,1.0,0.0,0.0
6,DB00091,DB00220,1,1.0,A,DB00091,protein,1781,1.0,0.0,0.0
6,DB00091,DB00220,1,1.0,A,DB00091,protein,1843,1.0,0.0,0.0
6,DB00091,DB00220,1,1.0,A,DB00091,protein,1852,1.0,0.0,0.0
6,DB00091,DB00220,1,1.0,A,DB00091,protein,1867,1.0,0.0,0.0
6,DB00091,DB00220,1,1.0,A,DB00091,protein,1874,1.0,0.0,0.0
6,DB00091,DB00220,1,1.0,A,DB00091,protein,1911,1.0,0.0,0.0
6,DB00091,DB00220,1,1.0,A,DB00091,protein,1975,1.0,0.0,0.0
6,DB00091,DB00220,1,1.0,A,DB00091,protein,2027,1.0,0.0,0.0
6,DB00091,DB00220,1,1.0,A,DB00091,protein,2037,1.0,0.0,0.0
6,DB00091,DB00220,1,1.0,A,DB00091,protein,2051,1.0,0.0,0.0
6,DB00091,DB00220,1,1.0,A,DB00091,protein,2095,1.0,0.0,0.0
6,DB00091,DB00220,1,1.0,A,DB00091,protein,2125,1.0,0.0,0.0
6,DB00091,DB00220,1,1.0,A,DB00091,protein,2159,1.0,0.0,0.0
6,DB00091,DB00220,1,1.0,A,DB00091,protein,2348,1.0,0.0,0.0
6,DB00091,DB00220,1,1.0,A,DB00091,protein,2357,1.0,0.0,0.0
6,DB00091,DB00220,1,1.0,A,DB00091,protein,2361,1.0,0.0,0.0
6,DB00091,DB00220,1,1.0,A,DB00091,protein,2408,1.0,0.0,0.0
6,DB00091,DB00220,1,1.0,A,DB00091,protein,2417,1.0,0.0,0.0
6,DB00091,DB00220,1,1.0,A,DB00091,protein,2433,1.0,0.0,0.0
6,DB00091,DB00220,1,1.0,A,DB00091,protein,2475,1.0,0.0,0.0
6,DB00091,DB00220,1,1.0,A,DB00091,protein,2479,1.0,0.0,0.0
6,DB00091,DB00220,1,1.0,A,DB00091,protein,2622,1.0,0.0,0.0
6,DB00091,DB00220,1,1.0,A,DB00091,protein,2659,1.0,0.0,0.0
6,DB00091,DB00220,1,1.0,A,DB00091,protein,2720,1.0,0.0,0.0
6,DB00091,DB00220,1,1.0,A,DB00091,protein,2724,1.0,0.0,0.0
6,DB00091,DB00220,1,1.0,A,DB00091,protein,2793,1.0,0.0,0.0
6,DB00091,DB00220,1,1.0,A,DB00091,protein,2797,1.0,0.0,0.0
6,DB00091,DB00220,1,1.0,A,DB00091,protein,2831,1.0,0.0,0.0
6,DB00091,DB00220,1,1.0,A,DB00091,protein,2849,1.0,0.0,0.0
6,DB00091,DB00220,1,1.0,A,DB00091,protein,2885,1.0,0.0,0.0
6,DB00091,DB00220,1,1.0,B,DB00220,protein,104,1.0,0.0,0.0
6,DB00091,DB00220,1,1.0,B,DB00220,protein,120,1.0,0.0,0.0
6,DB00091,DB00220,1,1.0,B,DB00220,protein,244,1.0,0.0,0.0
6,DB00091,DB00220,1,1.0,B,DB00220,protein,247,1.0,0.0,0.0
6,DB00091,DB00220,1,1.0,B,DB00220,protein,259,1.0,0.0,0.0
6,DB00091,DB00220,1,1.0,B,DB00220,protein,273,1.0,0.0,0.0
6,DB00091,DB00220,1,1.0,B,DB00220,protein,323,1.0,0.0,0.0
6,DB00091,DB00220,1,1.0,B,DB00220,protein,346,1.0,0.0,0.0
6,DB00091,DB00220,1,1.0,B,DB00220,protein,393,1.0,0.0,0.0
6,DB00091,DB00220,1,1.0,B,DB00220,protein,396,1.0,0.0,0.0
6,DB00091,DB00220,1,1.0,B,DB00220,protein,412,1.0,0.0,0.0
6,DB00091,DB00220,1,1.0,B,DB00220,protein,418,1.0,0.0,0.0
6,DB00091,DB00220,1,1.0,B,DB00220,protein,421,1.0,0.0,0.0
6,DB00091,DB00220,1,1.0,B,DB00220,protein,430,1.0,0.0,0.0
6,DB00091,DB00220,1,1.0,B,DB00220,protein,445,1.0,0.0,0.0
6,DB00091,DB00220,1,1.0,B,DB00220,protein,475,1.0,0.0,0.0
6,DB00091,DB00220,1,1.0,B,DB00220,protein,477,1.0,0.0,0.0
6,DB00091,DB00220,1,1.0,B,DB00220,protein,497,1.0,0.0,0.0
6,DB00091,DB00220,1,1.0,B,DB00220,protein,498,1.0,0.0,0.0
6,DB00091,DB00220,1,1.0,B,DB00220,protein,548,1.0,0.0,0.0
6,DB00091,DB00220,1,1.0,B,DB00220,protein,565,1.0,0.0,0.0
6,DB00091,DB00220,1,1.0,B,DB00220,protein,566,1.0,0.0,0.0
6,DB00091,DB00220,1,1.0,B,DB00220,protein,568,1.0,0.0,0.0
6,DB00091,DB00220,1,1.0,B,DB00220,protein,575,1.0,0.0,0.0
6,DB00091,DB00220,1,1.0,B,DB00220,protein,580,1.0,0.0,0.0
6,DB00091,DB00220,1,1.0,B,DB00220,protein,589,1.0,0.0,0.0
6,DB00091,DB00220,1,1.0,B,DB00220,protein,591,1.0,0.0,0.0
6,DB00091,DB00220,1,1.0,B,DB00220,protein,597,1.0,0.0,0.0
6,DB00091,DB00220,1,1.0,B,DB00220,protein,608,1.0,0.0,0.0
6,DB00091,DB00220,1,1.0,B,DB00220,protein,609,1.0,0.0,0.0
6,DB00091,DB00220,1,1.0,B,DB00220,protein,687,1.0,0.0,0.0
6,DB00091,DB00220,1,1.0,B,DB00220,protein,708,1.0,0.0,0.0
6,DB00091,DB00220,1,1.0,B,DB00220,protein,731,1.0,0.0,0.0
6,DB00091,DB00220,1,1.0,B,DB00220,protein,746,1.0,0.0,0.0
6,DB00091,DB00220,1,1.0,B,DB00220,protein,749,1.0,0.0,0.0
6,DB00091,DB00220,1,1.0,B,DB00220,protein,769,1.0,0.0,0.0
6,DB00091,DB00220,1,1.0,B,DB00220,protein,790,1.0,0.0,0.0
6,DB00091,DB00220,1,1.0,B,DB00220,protein,802,1.0,0.0,0.0
6,DB00091,DB00220,1,1.0,B,DB00220,protein,814,1.0,0.0,0.0
6,DB00091,DB00220,1,1.0,B,DB00220,protein,863,1.0,0.0,0.0
6,DB00091,DB00220,1,1.0,B,DB00220,protein,879,1.0,0.0,0.0
6,DB00091,DB00220,1,1.0,B,DB00220,protein,884,1.0,0.0,0.0
6,DB00091,DB00220,1,1.0,B,DB00220,protein,893,1.0,0.0,0.0
6,DB00091,DB00220,1,1.0,B,DB00220,protein,920,1.0,0.0,0.0
6,DB00091,DB00220,1,1.0,B,DB00220,protein,929,1.0,0.0,0.0
6,DB00091,DB00220,1,1.0,B,DB00220,protein,930,1.0,0.0,0.0
6,DB00091,DB00220,1,1.0,B,DB00220,protein,936,1.0,0.0,0.0
6,DB00091,DB00220,1,1.0,B,DB00220,protein,940,1.0,0.0,0.0
6,DB00091,DB00220,1,1.0,B,DB00220,protein,943,1.0,0.0,0.0
6,DB00091,DB00220,1,1.0,B,DB00220,protein,948,1.0,0.0,0.0
6,DB00091,DB00220,1,1.0,B,DB00220,protein,955,1.0,0.0,0.0
6,DB00091,DB00220,1,1.0,B,DB00220,protein,964,1.0,0.0,0.0
6,DB00091,DB00220,1,1.0,B,DB00220,protein,965,1.0,0.0,0.0
6,DB00091,DB00220,1,1.0,B,DB00220,protein,987,1.0,0.0,0.0
6,DB00091,DB00220,1,1.0,B,DB00220,protein,1008,1.0,0.0,0.0
6,DB00091,DB00220,1,1.0,B,DB00220,protein,1018,1.0,0.0,0.0
6,DB00091,DB00220,1,1.0,B,DB00220,protein,1020,1.0,0.0,0.0
6,DB00091,DB00220,1,1.0,B,DB00220,protein,1025,1.0,0.0,0.0
6,DB00091,DB00220,1,1.0,B,DB00220,protein,1026,1.0,0.0,0.0
6,DB00091,DB00220,1,1.0,B,DB00220,protein,1027,1.0,0.0,0.0
6,DB00091,DB00220,1,1.0,B,DB00220,protein,1031,1.0,0.0,0.0
6,DB00091,DB00220,1,1.0,B,DB00220,protein,1032,1.0,0.0,0.0
6,DB00091,DB00220,1,1.0,B,DB00220,protein,1033,1.0,0.0,0.0
6,DB00091,DB00220,1,1.0,B,DB00220,protein,1034,1.0,0.0,0.0
6,DB00091,DB00220,1,1.0,B,DB00220,protein,1046,1.0,0.0,0.0
6,DB00091,DB00220,1,1.0,B,DB00220,protein,1063,1.0,0.0,0.0
6,DB00091,DB00220,1,1.0,B,DB00220,protein,1082,1.0,0.0,0.0
6,DB00091,DB00220,1,1.0,B,DB00220,protein,1086,1.0,0.0,0.0
6,DB00091,DB00220,1,1.0,B,DB00220,protein,1090,1.0,0.0,0.0
6,DB00091,DB00220,1,1.0,B,DB00220,protein,1100,1.0,0.0,0.0
6,DB00091,DB00220,1,1.0,B,DB00220,protein,1116,1.0,0.0,0.0
6,DB00091,DB00220,1,1.0,B,DB00220,protein,1136,1.0,0.0,0.0
6,DB00091,DB00220,1,1.0,B,DB00220,protein,1143,1.0,0.0,0.0
6,DB00091,DB00220,1,1.0,B,DB00220,protein,1156,1.0,0.0,0.0
6,DB00091,DB00220,1,1.0,B,DB00220,protein,1171,1.0,0.0,0.0
6,DB00091,DB00220,1,1.0,B,DB00220,protein,1184,1.0,0.0,0.0
6,DB00091,DB00220,1,1.0,B,DB00220,protein,1186,1.0,0.0,0.0
6,DB00091,DB00220,1,1.0,B,DB00220,protein,1187,1.0,0.0,0.0
6,DB00091,DB00220,1,1.0,B,DB00220,protein,1200,1.0,0.0,0.0
6,DB00091,DB00220,1,1.0,B,DB00220,protein,1203,1.0,0.0,0.0
6,DB00091,DB00220,1,1.0,B,DB00220,protein,1227,1.0,0.0,0.0
6,DB00091,DB00220,1,1.0,B,DB00220,protein,1228,1.0,0.0,0.0
6,DB00091,DB00220,1,1.0,B,DB00220,protein,1230,1.0,0.0,0.0
6,DB00091,DB00220,1,1.0,B,DB00220,protein,1234,1.0,0.0,0.0
6,DB00091,DB00220,1,1.0,B,DB00220,protein,1276,1.0,0.0,0.0
6,DB00091,DB00220,1,1.0,B,DB00220,protein,1303,1.0,0.0,0.0
6,DB00091,DB00220,1,1.0,B,DB00220,protein,1304,1.0,0.0,0.0
6,DB00091,DB00220,1,1.0,B,DB00220,protein,1319,1.0,0.0,0.0
6,DB00091,DB00220,1,1.0,B,DB00220,protein,1320,1.0,0.0,0.0
6,DB00091,DB00220,1,1.0,B,DB00220,protein,1322,1.0,0.0,0.0
6,DB00091,DB00220,1,1.0,B,DB00220,protein,1393,1.0,0.0,0.0
6,DB00091,DB00220,1,1.0,B,DB00220,protein,1441,1.0,0.0,0.0
6,DB00091,DB00220,1,1.0,B,DB00220,protein,1477,1.0,0.0,0.0
6,DB00091,DB00220,1,1.0,B,DB00220,protein,1485,1.0,0.0,0.0
6,DB00091,DB00220,1,1.0,B,DB00220,protein,1515,1.0,0.0,0.0
6,DB00091,DB00220,1,1.0,B,DB00220,protein,1516,1.0,0.0,0.0
6,DB00091,DB00220,1,1.0,B,DB00220,protein,1757,1.0,0.0,0.0
6,DB00091,DB00220,1,1.0,B,DB00220,protein,1843,1.0,0.0,0.0
6,DB00091,DB00220,1,1.0,B,DB00220,protein,1867,1.0,0.0,0.0
6,DB00091,DB00220,1,1.0,B,DB00220,protein,1957,1.0,0.0,0.0
6,DB00091,DB00220,1,1.0,B,DB00220,protein,2037,1.0,0.0,0.0
6,DB00091,DB00220,1,1.0,B,DB00220,protein,2348,1.0,0.0,0.0
6,DB00091,DB00220,1,1.0,B,DB00220,protein,2479,1.0,0.0,0.0
6,DB00091,DB00220,1,1.0,B,DB00220,protein,2622,1.0,0.0,0.0
6,DB00091,DB00220,1,1.0,B,DB00220,protein,2797,1.0,0.0,0.0
6,DB00091,DB00220,1,1.0,B,DB00220,protein,2831,1.0,0.0,0.0
6,DB00091,DB00220,1,1.0,B,DB00220,protein,2885,1.0,0.0,0.0
7,DB00091,DB00297,1,1.0,A,DB00091,protein,29,1.0,0.0,0.0
7,DB00091,DB00297,1,1.0,A,DB00091,protein,100,0.9999998807907104,1.1920928955078125e-07,1.1920928955078125e-07
7,DB00091,DB00297,1,1.0,A,DB00091,protein,104,1.0,0.0,0.0
7,DB00091,DB00297,1,1.0,A,DB00091,protein,119,1.0,0.0,0.0
7,DB00091,DB00297,1,1.0,A,DB00091,protein,218,1.0,0.0,0.0
7,DB00091,DB00297,1,1.0,A,DB00091,protein,221,1.0,0.0,0.0
7,DB00091,DB00297,1,1.0,A,DB00091,protein,244,1.0,0.0,0.0
7,DB00091,DB00297,1,1.0,A,DB00091,protein,251,1.0,0.0,0.0
7,DB00091,DB00297,1,1.0,A,DB00091,protein,259,0.9999998807907104,1.1920928955078125e-07,1.1920928955078125e-07
7,DB00091,DB00297,1,1.0,A,DB00091,protein,273,0.9999994039535522,5.960464477539062e-07,5.960464477539062e-07
7,DB00091,DB00297,1,1.0,A,DB00091,protein,277,0.9999998807907104,1.1920928955078125e-07,1.1920928955078125e-07
7,DB00091,DB00297,1,1.0,A,DB00091,protein,282,0.9999998807907104,1.1920928955078125e-07,1.1920928955078125e-07
7,DB00091,DB00297,1,1.0,A,DB00091,protein,323,1.0,0.0,0.0
7,DB00091,DB00297,1,1.0,A,DB00091,protein,346,1.0,0.0,0.0
7,DB00091,DB00297,1,1.0,A,DB00091,protein,376,0.9999998807907104,1.1920928955078125e-07,1.1920928955078125e-07
7,DB00091,DB00297,1,1.0,A,DB00091,protein,412,1.0,0.0,0.0
7,DB00091,DB00297,1,1.0,A,DB00091,protein,418,1.0,0.0,0.0
7,DB00091,DB00297,1,1.0,A,DB00091,protein,421,1.0,0.0,0.0
7,DB00091,DB00297,1,1.0,A,DB00091,protein,425,1.0,0.0,0.0
7,DB00091,DB00297,1,1.0,A,DB00091,protein,430,1.0,0.0,0.0
7,DB00091,DB00297,1,1.0,A,DB00091,protein,445,1.0,0.0,0.0
7,DB00091,DB00297,1,1.0,A,DB00091,protein,461,1.0,0.0,0.0
7,DB00091,DB00297,1,1.0,A,DB00091,protein,475,1.0,0.0,0.0
7,DB00091,DB00297,1,1.0,A,DB00091,protein,477,1.0,0.0,0.0
7,DB00091,DB00297,1,1.0,A,DB00091,protein,497,1.0,0.0,0.0
7,DB00091,DB00297,1,1.0,A,DB00091,protein,498,1.0,0.0,0.0
7,DB00091,DB00297,1,1.0,A,DB00091,protein,515,1.0,0.0,0.0
7,DB00091,DB00297,1,1.0,A,DB00091,protein,548,0.9999998807907104,1.1920928955078125e-07,1.1920928955078125e-07
7,DB00091,DB00297,1,1.0,A,DB00091,protein,565,1.0,0.0,0.0
7,DB00091,DB00297,1,1.0,A,DB00091,protein,566,1.0,0.0,0.0
7,DB00091,DB00297,1,1.0,A,DB00091,protein,568,0.9999996423721313,3.5762786865234375e-07,3.5762786865234375e-07
7,DB00091,DB00297,1,1.0,A,DB00091,protein,575,1.0,0.0,0.0
7,DB00091,DB00297,1,1.0,A,DB00091,protein,580,1.0,0.0,0.0
7,DB00091,DB00297,1,1.0,A,DB00091,protein,589,1.0,0.0,0.0
7,DB00091,DB00297,1,1.0,A,DB00091,protein,591,1.0,0.0,0.0
7,DB00091,DB00297,1,1.0,A,DB00091,protein,597,0.9999998807907104,1.1920928955078125e-07,1.1920928955078125e-07
7,DB00091,DB00297,1,1.0,A,DB00091,protein,608,1.0,0.0,0.0
7,DB00091,DB00297,1,1.0,A,DB00091,protein,609,1.0,0.0,0.0
7,DB00091,DB00297,1,1.0,A,DB00091,protein,687,1.0,0.0,0.0
7,DB00091,DB00297,1,1.0,A,DB00091,protein,698,1.0,0.0,0.0
7,DB00091,DB00297,1,1.0,A,DB00091,protein,708,0.9999998807907104,1.1920928955078125e-07,1.1920928955078125e-07
7,DB00091,DB00297,1,1.0,A,DB00091,protein,709,0.9999998807907104,1.1920928955078125e-07,1.1920928955078125e-07
7,DB00091,DB00297,1,1.0,A,DB00091,protein,721,1.0,0.0,0.0
7,DB00091,DB00297,1,1.0,A,DB00091,protein,731,1.0,0.0,0.0
7,DB00091,DB00297,1,1.0,A,DB00091,protein,742,1.0,0.0,0.0
7,DB00091,DB00297,1,1.0,A,DB00091,protein,746,1.0,0.0,0.0
7,DB00091,DB00297,1,1.0,A,DB00091,protein,749,1.0,0.0,0.0
7,DB00091,DB00297,1,1.0,A,DB00091,protein,790,1.0,0.0,0.0
7,DB00091,DB00297,1,1.0,A,DB00091,protein,802,1.0,0.0,0.0
7,DB00091,DB00297,1,1.0,A,DB00091,protein,814,1.0,0.0,0.0
7,DB00091,DB00297,1,1.0,A,DB00091,protein,827,1.0,0.0,0.0
7,DB00091,DB00297,1,1.0,A,DB00091,protein,863,1.0,0.0,0.0
7,DB00091,DB00297,1,1.0,A,DB00091,protein,879,1.0,0.0,0.0
7,DB00091,DB00297,1,1.0,A,DB00091,protein,884,1.0,0.0,0.0
7,DB00091,DB00297,1,1.0,A,DB00091,protein,893,1.0,0.0,0.0
7,DB00091,DB00297,1,1.0,A,DB00091,protein,908,1.0,0.0,0.0
7,DB00091,DB00297,1,1.0,A,DB00091,protein,920,1.0,0.0,0.0
7,DB00091,DB00297,1,1.0,A,DB00091,protein,930,1.0,0.0,0.0
7,DB00091,DB00297,1,1.0,A,DB00091,protein,936,1.0,0.0,0.0
7,DB00091,DB00297,1,1.0,A,DB00091,protein,940,1.0,0.0,0.0
7,DB00091,DB00297,1,1.0,A,DB00091,protein,942,0.9999998807907104,1.1920928955078125e-07,1.1920928955078125e-07
7,DB00091,DB00297,1,1.0,A,DB00091,protein,943,1.0,0.0,0.0
7,DB00091,DB00297,1,1.0,A,DB00091,protein,948,1.0,0.0,0.0
7,DB00091,DB00297,1,1.0,A,DB00091,protein,955,1.0,0.0,0.0
7,DB00091,DB00297,1,1.0,A,DB00091,protein,964,1.0,0.0,0.0
7,DB00091,DB00297,1,1.0,A,DB00091,protein,987,1.0,0.0,0.0
7,DB00091,DB00297,1,1.0,A,DB00091,protein,991,1.0,0.0,0.0
7,DB00091,DB00297,1,1.0,A,DB00091,protein,998,1.0,0.0,0.0
7,DB00091,DB00297,1,1.0,A,DB00091,protein,1008,1.0,0.0,0.0
7,DB00091,DB00297,1,1.0,A,DB00091,protein,1020,1.0,0.0,0.0
7,DB00091,DB00297,1,1.0,A,DB00091,protein,1025,1.0,0.0,0.0
7,DB00091,DB00297,1,1.0,A,DB00091,protein,1026,1.0,0.0,0.0
7,DB00091,DB00297,1,1.0,A,DB00091,protein,1027,1.0,0.0,0.0
7,DB00091,DB00297,1,1.0,A,DB00091,protein,1031,1.0,0.0,0.0
7,DB00091,DB00297,1,1.0,A,DB00091,protein,1032,1.0,0.0,0.0
7,DB00091,DB00297,1,1.0,A,DB00091,protein,1033,1.0,0.0,0.0
7,DB00091,DB00297,1,1.0,A,DB00091,protein,1034,1.0,0.0,0.0
7,DB00091,DB00297,1,1.0,A,DB00091,protein,1046,1.0,0.0,0.0
7,DB00091,DB00297,1,1.0,A,DB00091,protein,1063,1.0,0.0,0.0
7,DB00091,DB00297,1,1.0,A,DB00091,protein,1067,0.9999998807907104,1.1920928955078125e-07,1.1920928955078125e-07
7,DB00091,DB00297,1,1.0,A,DB00091,protein,1082,1.0,0.0,0.0
7,DB00091,DB00297,1,1.0,A,DB00091,protein,1086,1.0,0.0,0.0
7,DB00091,DB00297,1,1.0,A,DB00091,protein,1090,1.0,0.0,0.0
7,DB00091,DB00297,1,1.0,A,DB00091,protein,1100,1.0,0.0,0.0
7,DB00091,DB00297,1,1.0,A,DB00091,protein,1116,1.0,0.0,0.0
7,DB00091,DB00297,1,1.0,A,DB00091,protein,1135,0.9999997615814209,2.384185791015625e-07,2.384185791015625e-07
7,DB00091,DB00297,1,1.0,A,DB00091,protein,1136,1.0,0.0,0.0
7,DB00091,DB00297,1,1.0,A,DB00091,protein,1143,1.0,0.0,0.0
7,DB00091,DB00297,1,1.0,A,DB00091,protein,1156,1.0,0.0,0.0
7,DB00091,DB00297,1,1.0,A,DB00091,protein,1171,0.9999998807907104,1.1920928955078125e-07,1.1920928955078125e-07
7,DB00091,DB00297,1,1.0,A,DB00091,protein,1184,1.0,0.0,0.0
7,DB00091,DB00297,1,1.0,A,DB00091,protein,1186,1.0,0.0,0.0
7,DB00091,DB00297,1,1.0,A,DB00091,protein,1187,1.0,0.0,0.0
7,DB00091,DB00297,1,1.0,A,DB00091,protein,1200,1.0,0.0,0.0
7,DB00091,DB00297,1,1.0,A,DB00091,protein,1203,0.9999998807907104,1.1920928955078125e-07,1.1920928955078125e-07
7,DB00091,DB00297,1,1.0,A,DB00091,protein,1206,0.9999998807907104,1.1920928955078125e-07,1.1920928955078125e-07
7,DB00091,DB00297,1,1.0,A,DB00091,protein,1227,1.0,0.0,0.0
7,DB00091,DB00297,1,1.0,A,DB00091,protein,1228,1.0,0.0,0.0
7,DB00091,DB00297,1,1.0,A,DB00091,protein,1230,1.0,0.0,0.0
7,DB00091,DB00297,1,1.0,A,DB00091,protein,1234,1.0,0.0,0.0
7,DB00091,DB00297,1,1.0,A,DB00091,protein,1274,1.0,0.0,0.0
7,DB00091,DB00297,1,1.0,A,DB00091,protein,1276,1.0,0.0,0.0
7,DB00091,DB00297,1,1.0,A,DB00091,protein,1303,1.0,0.0,0.0
7,DB00091,DB00297,1,1.0,A,DB00091,protein,1304,1.0,0.0,0.0
7,DB00091,DB00297,1,1.0,A,DB00091,protein,1319,1.0,0.0,0.0
7,DB00091,DB00297,1,1.0,A,DB00091,protein,1320,1.0,0.0,0.0
7,DB00091,DB00297,1,1.0,A,DB00091,protein,1322,1.0,0.0,0.0
7,DB00091,DB00297,1,1.0,A,DB00091,protein,1337,1.0,0.0,0.0
7,DB00091,DB00297,1,1.0,A,DB00091,protein,1360,0.9999998807907104,1.1920928955078125e-07,1.1920928955078125e-07
7,DB00091,DB00297,1,1.0,A,DB00091,protein,1438,0.9999998807907104,1.1920928955078125e-07,1.1920928955078125e-07
7,DB00091,DB00297,1,1.0,A,DB00091,protein,1441,1.0,0.0,0.0
7,DB00091,DB00297,1,1.0,A,DB00091,protein,1477,1.0,0.0,0.0
7,DB00091,DB00297,1,1.0,A,DB00091,protein,1485,1.0,0.0,0.0
7,DB00091,DB00297,1,1.0,A,DB00091,protein,1515,1.0,0.0,0.0
7,DB00091,DB00297,1,1.0,A,DB00091,protein,1516,1.0,0.0,0.0
7,DB00091,DB00297,1,1.0,A,DB00091,protein,1554,1.0,0.0,0.0
7,DB00091,DB00297,1,1.0,A,DB00091,protein,1650,0.9999282360076904,7.176399230957031e-05,7.176399230957031e-05
7,DB00091,DB00297,1,1.0,A,DB00091,protein,1651,1.0,0.0,0.0
7,DB00091,DB00297,1,1.0,A,DB00091,protein,1656,1.0,0.0,0.0
7,DB00091,DB00297,1,1.0,A,DB00091,protein,1667,1.0,0.0,0.0
7,DB00091,DB00297,1,1.0,A,DB00091,protein,1705,1.0,0.0,0.0
7,DB00091,DB00297,1,1.0,A,DB00091,protein,1748,1.0,0.0,0.0
7,DB00091,DB00297,1,1.0,A,DB00091,protein,1757,1.0,0.0,0.0
7,DB00091,DB00297,1,1.0,A,DB00091,protein,1760,1.0,0.0,0.0
7,DB00091,DB00297,1,1.0,A,DB00091,protein,1772,1.0,0.0,0.0
7,DB00091,DB00297,1,1.0,A,DB00091,protein,1781,1.0,0.0,0.0
7,DB00091,DB00297,1,1.0,A,DB00091,protein,1843,1.0,0.0,0.0
7,DB00091,DB00297,1,1.0,A,DB00091,protein,1852,1.0,0.0,0.0
7,DB00091,DB00297,1,1.0,A,DB00091,protein,1867,1.0,0.0,0.0
7,DB00091,DB00297,1,1.0,A,DB00091,protein,1874,1.0,0.0,0.0
7,DB00091,DB00297,1,1.0,A,DB00091,protein,1911,1.0,0.0,0.0
7,DB00091,DB00297,1,1.0,A,DB00091,protein,1975,1.0,0.0,0.0
7,DB00091,DB00297,1,1.0,A,DB00091,protein,2027,1.0,0.0,0.0
7,DB00091,DB00297,1,1.0,A,DB00091,protein,2037,1.0,0.0,0.0
7,DB00091,DB00297,1,1.0,A,DB00091,protein,2051,1.0,0.0,0.0
7,DB00091,DB00297,1,1.0,A,DB00091,protein,2095,0.9999998807907104,1.1920928955078125e-07,1.1920928955078125e-07
7,DB00091,DB00297,1,1.0,A,DB00091,protein,2125,0.9999998807907104,1.1920928955078125e-07,1.1920928955078125e-07
7,DB00091,DB00297,1,1.0,A,DB00091,protein,2159,1.0,0.0,0.0
7,DB00091,DB00297,1,1.0,A,DB00091,protein,2348,1.0,0.0,0.0
7,DB00091,DB00297,1,1.0,A,DB00091,protein,2357,1.0,0.0,0.0
7,DB00091,DB00297,1,1.0,A,DB00091,protein,2361,0.9999998807907104,1.1920928955078125e-07,1.1920928955078125e-07
7,DB00091,DB00297,1,1.0,A,DB00091,protein,2408,1.0,0.0,0.0
7,DB00091,DB00297,1,1.0,A,DB00091,protein,2417,0.9999994039535522,5.960464477539062e-07,5.960464477539062e-07
7,DB00091,DB00297,1,1.0,A,DB00091,protein,2433,1.0,0.0,0.0
7,DB00091,DB00297,1,1.0,A,DB00091,protein,2475,1.0,0.0,0.0
7,DB00091,DB00297,1,1.0,A,DB00091,protein,2479,0.9999998807907104,1.1920928955078125e-07,1.1920928955078125e-07
7,DB00091,DB00297,1,1.0,A,DB00091,protein,2622,1.0,0.0,0.0
7,DB00091,DB00297,1,1.0,A,DB00091,protein,2659,1.0,0.0,0.0
7,DB00091,DB00297,1,1.0,A,DB00091,protein,2720,1.0,0.0,0.0
7,DB00091,DB00297,1,1.0,A,DB00091,protein,2724,1.0,0.0,0.0
7,DB00091,DB00297,1,1.0,A,DB00091,protein,2793,1.0,0.0,0.0
7,DB00091,DB00297,1,1.0,A,DB00091,protein,2797,1.0,0.0,0.0
7,DB00091,DB00297,1,1.0,A,DB00091,protein,2831,1.0,0.0,0.0
7,DB00091,DB00297,1,1.0,A,DB00091,protein,2849,1.0,0.0,0.0
7,DB00091,DB00297,1,1.0,A,DB00091,protein,2885,0.9999998807907104,1.1920928955078125e-07,1.1920928955078125e-07
7,DB00091,DB00297,1,1.0,B,DB00297,protein,70,0.9999998807907104,1.1920928955078125e-07,1.1920928955078125e-07
7,DB00091,DB00297,1,1.0,B,DB00297,protein,597,0.9841477870941162,0.01585221290588379,0.01585221290588379
7,DB00091,DB00297,1,1.0,B,DB00297,protein,708,0.9983193278312683,0.0016806721687316895,0.0016806721687316895
7,DB00091,DB00297,1,1.0,B,DB00297,protein,1203,0.9999947547912598,5.245208740234375e-06,5.245208740234375e-06
7,DB00091,DB00297,1,1.0,B,DB00297,protein,1219,0.9995301961898804,0.0004698038101196289,0.0004698038101196289
7,DB00091,DB00297,1,1.0,B,DB00297,protein,1236,0.9999997615814209,2.384185791015625e-07,2.384185791015625e-07
7,DB00091,DB00297,1,1.0,B,DB00297,protein,2621,0.9999998807907104,1.1920928955078125e-07,1.1920928955078125e-07
7,DB00091,DB00297,1,1.0,B,DB00297,protein,2849,0.9999998807907104,1.1920928955078125e-07,1.1920928955078125e-07
7,DB00091,DB00297,1,1.0,B,DB00297,protein,2871,1.0,0.0,0.0
8,DB00091,DB00318,1,1.0,A,DB00091,protein,29,1.0,0.0,0.0
8,DB00091,DB00318,1,1.0,A,DB00091,protein,100,1.0,0.0,0.0
8,DB00091,DB00318,1,1.0,A,DB00091,protein,104,1.0,0.0,0.0
8,DB00091,DB00318,1,1.0,A,DB00091,protein,119,1.0,0.0,0.0
8,DB00091,DB00318,1,1.0,A,DB00091,protein,218,1.0,0.0,0.0
8,DB00091,DB00318,1,1.0,A,DB00091,protein,221,1.0,0.0,0.0
8,DB00091,DB00318,1,1.0,A,DB00091,protein,244,1.0,0.0,0.0
8,DB00091,DB00318,1,1.0,A,DB00091,protein,251,1.0,0.0,0.0
8,DB00091,DB00318,1,1.0,A,DB00091,protein,259,1.0,0.0,0.0
8,DB00091,DB00318,1,1.0,A,DB00091,protein,273,0.9999998807907104,1.1920928955078125e-07,1.1920928955078125e-07
8,DB00091,DB00318,1,1.0,A,DB00091,protein,277,0.9999998807907104,1.1920928955078125e-07,1.1920928955078125e-07
8,DB00091,DB00318,1,1.0,A,DB00091,protein,282,1.0,0.0,0.0
8,DB00091,DB00318,1,1.0,A,DB00091,protein,323,1.0,0.0,0.0
8,DB00091,DB00318,1,1.0,A,DB00091,protein,346,1.0,0.0,0.0
8,DB00091,DB00318,1,1.0,A,DB00091,protein,376,1.0,0.0,0.0
8,DB00091,DB00318,1,1.0,A,DB00091,protein,412,1.0,0.0,0.0
8,DB00091,DB00318,1,1.0,A,DB00091,protein,418,1.0,0.0,0.0
8,DB00091,DB00318,1,1.0,A,DB00091,protein,421,1.0,0.0,0.0
8,DB00091,DB00318,1,1.0,A,DB00091,protein,425,1.0,0.0,0.0
8,DB00091,DB00318,1,1.0,A,DB00091,protein,430,1.0,0.0,0.0
8,DB00091,DB00318,1,1.0,A,DB00091,protein,445,1.0,0.0,0.0
8,DB00091,DB00318,1,1.0,A,DB00091,protein,461,1.0,0.0,0.0
8,DB00091,DB00318,1,1.0,A,DB00091,protein,475,1.0,0.0,0.0
8,DB00091,DB00318,1,1.0,A,DB00091,protein,477,1.0,0.0,0.0
8,DB00091,DB00318,1,1.0,A,DB00091,protein,497,1.0,0.0,0.0
8,DB00091,DB00318,1,1.0,A,DB00091,protein,498,1.0,0.0,0.0
8,DB00091,DB00318,1,1.0,A,DB00091,protein,515,1.0,0.0,0.0
8,DB00091,DB00318,1,1.0,A,DB00091,protein,548,1.0,0.0,0.0
8,DB00091,DB00318,1,1.0,A,DB00091,protein,565,1.0,0.0,0.0
8,DB00091,DB00318,1,1.0,A,DB00091,protein,566,1.0,0.0,0.0
8,DB00091,DB00318,1,1.0,A,DB00091,protein,568,1.0,0.0,0.0
8,DB00091,DB00318,1,1.0,A,DB00091,protein,575,1.0,0.0,0.0
8,DB00091,DB00318,1,1.0,A,DB00091,protein,580,1.0,0.0,0.0
8,DB00091,DB00318,1,1.0,A,DB00091,protein,589,1.0,0.0,0.0
8,DB00091,DB00318,1,1.0,A,DB00091,protein,591,1.0,0.0,0.0
8,DB00091,DB00318,1,1.0,A,DB00091,protein,597,1.0,0.0,0.0
8,DB00091,DB00318,1,1.0,A,DB00091,protein,608,1.0,0.0,0.0
8,DB00091,DB00318,1,1.0,A,DB00091,protein,609,1.0,0.0,0.0
8,DB00091,DB00318,1,1.0,A,DB00091,protein,687,1.0,0.0,0.0
8,DB00091,DB00318,1,1.0,A,DB00091,protein,698,1.0,0.0,0.0
8,DB00091,DB00318,1,1.0,A,DB00091,protein,708,1.0,0.0,0.0
8,DB00091,DB00318,1,1.0,A,DB00091,protein,709,1.0,0.0,0.0
8,DB00091,DB00318,1,1.0,A,DB00091,protein,721,1.0,0.0,0.0
8,DB00091,DB00318,1,1.0,A,DB00091,protein,731,1.0,0.0,0.0
8,DB00091,DB00318,1,1.0,A,DB00091,protein,742,1.0,0.0,0.0
8,DB00091,DB00318,1,1.0,A,DB00091,protein,746,1.0,0.0,0.0
8,DB00091,DB00318,1,1.0,A,DB00091,protein,749,1.0,0.0,0.0
8,DB00091,DB00318,1,1.0,A,DB00091,protein,790,1.0,0.0,0.0
8,DB00091,DB00318,1,1.0,A,DB00091,protein,802,1.0,0.0,0.0
8,DB00091,DB00318,1,1.0,A,DB00091,protein,814,1.0,0.0,0.0
8,DB00091,DB00318,1,1.0,A,DB00091,protein,827,1.0,0.0,0.0
8,DB00091,DB00318,1,1.0,A,DB00091,protein,863,1.0,0.0,0.0
8,DB00091,DB00318,1,1.0,A,DB00091,protein,879,1.0,0.0,0.0
8,DB00091,DB00318,1,1.0,A,DB00091,protein,884,1.0,0.0,0.0
8,DB00091,DB00318,1,1.0,A,DB00091,protein,893,1.0,0.0,0.0
8,DB00091,DB00318,1,1.0,A,DB00091,protein,908,1.0,0.0,0.0
8,DB00091,DB00318,1,1.0,A,DB00091,protein,920,1.0,0.0,0.0
8,DB00091,DB00318,1,1.0,A,DB00091,protein,930,1.0,0.0,0.0
8,DB00091,DB00318,1,1.0,A,DB00091,protein,936,1.0,0.0,0.0
8,DB00091,DB00318,1,1.0,A,DB00091,protein,940,1.0,0.0,0.0
8,DB00091,DB00318,1,1.0,A,DB00091,protein,942,1.0,0.0,0.0
8,DB00091,DB00318,1,1.0,A,DB00091,protein,943,1.0,0.0,0.0
8,DB00091,DB00318,1,1.0,A,DB00091,protein,948,1.0,0.0,0.0
8,DB00091,DB00318,1,1.0,A,DB00091,protein,955,1.0,0.0,0.0
8,DB00091,DB00318,1,1.0,A,DB00091,protein,964,1.0,0.0,0.0
8,DB00091,DB00318,1,1.0,A,DB00091,protein,987,1.0,0.0,0.0
8,DB00091,DB00318,1,1.0,A,DB00091,protein,991,1.0,0.0,0.0
8,DB00091,DB00318,1,1.0,A,DB00091,protein,998,1.0,0.0,0.0
8,DB00091,DB00318,1,1.0,A,DB00091,protein,1008,1.0,0.0,0.0
8,DB00091,DB00318,1,1.0,A,DB00091,protein,1020,1.0,0.0,0.0
8,DB00091,DB00318,1,1.0,A,DB00091,protein,1025,1.0,0.0,0.0
8,DB00091,DB00318,1,1.0,A,DB00091,protein,1026,1.0,0.0,0.0
8,DB00091,DB00318,1,1.0,A,DB00091,protein,1027,1.0,0.0,0.0
8,DB00091,DB00318,1,1.0,A,DB00091,protein,1031,1.0,0.0,0.0
8,DB00091,DB00318,1,1.0,A,DB00091,protein,1032,1.0,0.0,0.0
8,DB00091,DB00318,1,1.0,A,DB00091,protein,1033,1.0,0.0,0.0
8,DB00091,DB00318,1,1.0,A,DB00091,protein,1034,1.0,0.0,0.0
8,DB00091,DB00318,1,1.0,A,DB00091,protein,1046,1.0,0.0,0.0
8,DB00091,DB00318,1,1.0,A,DB00091,protein,1063,1.0,0.0,0.0
8,DB00091,DB00318,1,1.0,A,DB00091,protein,1067,1.0,0.0,0.0
8,DB00091,DB00318,1,1.0,A,DB00091,protein,1082,1.0,0.0,0.0
8,DB00091,DB00318,1,1.0,A,DB00091,protein,1086,1.0,0.0,0.0
8,DB00091,DB00318,1,1.0,A,DB00091,protein,1090,1.0,0.0,0.0
8,DB00091,DB00318,1,1.0,A,DB00091,protein,1100,1.0,0.0,0.0
8,DB00091,DB00318,1,1.0,A,DB00091,protein,1116,1.0,0.0,0.0
8,DB00091,DB00318,1,1.0,A,DB00091,protein,1135,0.9999998807907104,1.1920928955078125e-07,1.1920928955078125e-07
8,DB00091,DB00318,1,1.0,A,DB00091,protein,1136,1.0,0.0,0.0
8,DB00091,DB00318,1,1.0,A,DB00091,protein,1143,1.0,0.0,0.0
8,DB00091,DB00318,1,1.0,A,DB00091,protein,1156,1.0,0.0,0.0
8,DB00091,DB00318,1,1.0,A,DB00091,protein,1171,1.0,0.0,0.0
8,DB00091,DB00318,1,1.0,A,DB00091,protein,1184,1.0,0.0,0.0
8,DB00091,DB00318,1,1.0,A,DB00091,protein,1186,1.0,0.0,0.0
8,DB00091,DB00318,1,1.0,A,DB00091,protein,1187,1.0,0.0,0.0
8,DB00091,DB00318,1,1.0,A,DB00091,protein,1200,1.0,0.0,0.0
8,DB00091,DB00318,1,1.0,A,DB00091,protein,1203,1.0,0.0,0.0
8,DB00091,DB00318,1,1.0,A,DB00091,protein,1206,1.0,0.0,0.0
8,DB00091,DB00318,1,1.0,A,DB00091,protein,1227,1.0,0.0,0.0
8,DB00091,DB00318,1,1.0,A,DB00091,protein,1228,1.0,0.0,0.0
8,DB00091,DB00318,1,1.0,A,DB00091,protein,1230,1.0,0.0,0.0
8,DB00091,DB00318,1,1.0,A,DB00091,protein,1234,1.0,0.0,0.0
8,DB00091,DB00318,1,1.0,A,DB00091,protein,1274,1.0,0.0,0.0
8,DB00091,DB00318,1,1.0,A,DB00091,protein,1276,1.0,0.0,0.0
8,DB00091,DB00318,1,1.0,A,DB00091,protein,1303,1.0,0.0,0.0
8,DB00091,DB00318,1,1.0,A,DB00091,protein,1304,1.0,0.0,0.0
8,DB00091,DB00318,1,1.0,A,DB00091,protein,1319,1.0,0.0,0.0
8,DB00091,DB00318,1,1.0,A,DB00091,protein,1320,1.0,0.0,0.0
8,DB00091,DB00318,1,1.0,A,DB00091,protein,1322,1.0,0.0,0.0
8,DB00091,DB00318,1,1.0,A,DB00091,protein,1337,1.0,0.0,0.0
8,DB00091,DB00318,1,1.0,A,DB00091,protein,1360,1.0,0.0,0.0
8,DB00091,DB00318,1,1.0,A,DB00091,protein,1438,1.0,0.0,0.0
8,DB00091,DB00318,1,1.0,A,DB00091,protein,1441,1.0,0.0,0.0
8,DB00091,DB00318,1,1.0,A,DB00091,protein,1477,1.0,0.0,0.0
8,DB00091,DB00318,1,1.0,A,DB00091,protein,1485,1.0,0.0,0.0
8,DB00091,DB00318,1,1.0,A,DB00091,protein,1515,1.0,0.0,0.0
8,DB00091,DB00318,1,1.0,A,DB00091,protein,1516,1.0,0.0,0.0
8,DB00091,DB00318,1,1.0,A,DB00091,protein,1554,1.0,0.0,0.0
8,DB00091,DB00318,1,1.0,A,DB00091,protein,1650,0.999932050704956,6.794929504394531e-05,6.794929504394531e-05
8,DB00091,DB00318,1,1.0,A,DB00091,protein,1651,1.0,0.0,0.0
8,DB00091,DB00318,1,1.0,A,DB00091,protein,1656,1.0,0.0,0.0
8,DB00091,DB00318,1,1.0,A,DB00091,protein,1667,1.0,0.0,0.0
8,DB00091,DB00318,1,1.0,A,DB00091,protein,1705,1.0,0.0,0.0
8,DB00091,DB00318,1,1.0,A,DB00091,protein,1748,1.0,0.0,0.0
8,DB00091,DB00318,1,1.0,A,DB00091,protein,1757,1.0,0.0,0.0
8,DB00091,DB00318,1,1.0,A,DB00091,protein,1760,1.0,0.0,0.0
8,DB00091,DB00318,1,1.0,A,DB00091,protein,1772,1.0,0.0,0.0
8,DB00091,DB00318,1,1.0,A,DB00091,protein,1781,1.0,0.0,0.0
8,DB00091,DB00318,1,1.0,A,DB00091,protein,1843,1.0,0.0,0.0
8,DB00091,DB00318,1,1.0,A,DB00091,protein,1852,1.0,0.0,0.0
8,DB00091,DB00318,1,1.0,A,DB00091,protein,1867,1.0,0.0,0.0
8,DB00091,DB00318,1,1.0,A,DB00091,protein,1874,1.0,0.0,0.0
8,DB00091,DB00318,1,1.0,A,DB00091,protein,1911,1.0,0.0,0.0
8,DB00091,DB00318,1,1.0,A,DB00091,protein,1975,1.0,0.0,0.0
8,DB00091,DB00318,1,1.0,A,DB00091,protein,2027,1.0,0.0,0.0
8,DB00091,DB00318,1,1.0,A,DB00091,protein,2037,1.0,0.0,0.0
8,DB00091,DB00318,1,1.0,A,DB00091,protein,2051,1.0,0.0,0.0
8,DB00091,DB00318,1,1.0,A,DB00091,protein,2095,1.0,0.0,0.0
8,DB00091,DB00318,1,1.0,A,DB00091,protein,2125,1.0,0.0,0.0
8,DB00091,DB00318,1,1.0,A,DB00091,protein,2159,1.0,0.0,0.0
8,DB00091,DB00318,1,1.0,A,DB00091,protein,2348,1.0,0.0,0.0
8,DB00091,DB00318,1,1.0,A,DB00091,protein,2357,1.0,0.0,0.0
8,DB00091,DB00318,1,1.0,A,DB00091,protein,2361,1.0,0.0,0.0
8,DB00091,DB00318,1,1.0,A,DB00091,protein,2408,1.0,0.0,0.0
8,DB00091,DB00318,1,1.0,A,DB00091,protein,2417,0.9999998807907104,1.1920928955078125e-07,1.1920928955078125e-07
8,DB00091,DB00318,1,1.0,A,DB00091,protein,2433,1.0,0.0,0.0
8,DB00091,DB00318,1,1.0,A,DB00091,protein,2475,1.0,0.0,0.0
8,DB00091,DB00318,1,1.0,A,DB00091,protein,2479,1.0,0.0,0.0
8,DB00091,DB00318,1,1.0,A,DB00091,protein,2622,1.0,0.0,0.0
8,DB00091,DB00318,1,1.0,A,DB00091,protein,2659,1.0,0.0,0.0
8,DB00091,DB00318,1,1.0,A,DB00091,protein,2720,1.0,0.0,0.0
8,DB00091,DB00318,1,1.0,A,DB00091,protein,2724,1.0,0.0,0.0
8,DB00091,DB00318,1,1.0,A,DB00091,protein,2793,1.0,0.0,0.0
8,DB00091,DB00318,1,1.0,A,DB00091,protein,2797,1.0,0.0,0.0
8,DB00091,DB00318,1,1.0,A,DB00091,protein,2831,1.0,0.0,0.0
8,DB00091,DB00318,1,1.0,A,DB00091,protein,2849,1.0,0.0,0.0
8,DB00091,DB00318,1,1.0,A,DB00091,protein,2885,1.0,0.0,0.0
8,DB00091,DB00318,1,1.0,B,DB00318,protein,104,1.0,0.0,0.0
8,DB00091,DB00318,1,1.0,B,DB00318,protein,495,0.999997615814209,2.384185791015625e-06,2.384185791015625e-06
8,DB00091,DB00318,1,1.0,B,DB00318,protein,597,0.9999985694885254,1.430511474609375e-06,1.430511474609375e-06
8,DB00091,DB00318,1,1.0,B,DB00318,protein,708,1.0,0.0,0.0
8,DB00091,DB00318,1,1.0,B,DB00318,protein,858,0.9999926090240479,7.3909759521484375e-06,7.3909759521484375e-06
8,DB00091,DB00318,1,1.0,B,DB00318,protein,1230,1.0,0.0,0.0
8,DB00091,DB00318,1,1.0,B,DB00318,protein,1303,1.0,0.0,0.0
8,DB00091,DB00318,1,1.0,B,DB00318,protein,1304,1.0,0.0,0.0
8,DB00091,DB00318,1,1.0,B,DB00318,protein,2416,1.0,0.0,0.0
9,DB00091,DB00514,1,1.0,A,DB00091,protein,29,1.0,0.0,0.0
9,DB00091,DB00514,1,1.0,A,DB00091,protein,100,1.0,0.0,0.0
9,DB00091,DB00514,1,1.0,A,DB00091,protein,104,1.0,0.0,0.0
9,DB00091,DB00514,1,1.0,A,DB00091,protein,119,1.0,0.0,0.0
9,DB00091,DB00514,1,1.0,A,DB00091,protein,218,1.0,0.0,0.0
9,DB00091,DB00514,1,1.0,A,DB00091,protein,221,1.0,0.0,0.0
9,DB00091,DB00514,1,1.0,A,DB00091,protein,244,1.0,0.0,0.0
9,DB00091,DB00514,1,1.0,A,DB00091,protein,251,1.0,0.0,0.0
9,DB00091,DB00514,1,1.0,A,DB00091,protein,259,1.0,0.0,0.0
9,DB00091,DB00514,1,1.0,A,DB00091,protein,273,1.0,0.0,0.0
9,DB00091,DB00514,1,1.0,A,DB00091,protein,277,1.0,0.0,0.0
9,DB00091,DB00514,1,1.0,A,DB00091,protein,282,1.0,0.0,0.0
9,DB00091,DB00514,1,1.0,A,DB00091,protein,323,1.0,0.0,0.0
9,DB00091,DB00514,1,1.0,A,DB00091,protein,346,1.0,0.0,0.0
9,DB00091,DB00514,1,1.0,A,DB00091,protein,376,1.0,0.0,0.0
9,DB00091,DB00514,1,1.0,A,DB00091,protein,412,1.0,0.0,0.0
9,DB00091,DB00514,1,1.0,A,DB00091,protein,418,1.0,0.0,0.0
9,DB00091,DB00514,1,1.0,A,DB00091,protein,421,1.0,0.0,0.0
9,DB00091,DB00514,1,1.0,A,DB00091,protein,425,1.0,0.0,0.0
9,DB00091,DB00514,1,1.0,A,DB00091,protein,430,1.0,0.0,0.0
9,DB00091,DB00514,1,1.0,A,DB00091,protein,445,1.0,0.0,0.0
9,DB00091,DB00514,1,1.0,A,DB00091,protein,461,1.0,0.0,0.0
9,DB00091,DB00514,1,1.0,A,DB00091,protein,475,1.0,0.0,0.0
9,DB00091,DB00514,1,1.0,A,DB00091,protein,477,1.0,0.0,0.0
9,DB00091,DB00514,1,1.0,A,DB00091,protein,497,1.0,0.0,0.0
9,DB00091,DB00514,1,1.0,A,DB00091,protein,498,1.0,0.0,0.0
9,DB00091,DB00514,1,1.0,A,DB00091,protein,515,1.0,0.0,0.0
9,DB00091,DB00514,1,1.0,A,DB00091,protein,548,1.0,0.0,0.0
9,DB00091,DB00514,1,1.0,A,DB00091,protein,565,1.0,0.0,0.0
9,DB00091,DB00514,1,1.0,A,DB00091,protein,566,1.0,0.0,0.0
9,DB00091,DB00514,1,1.0,A,DB00091,protein,568,1.0,0.0,0.0
9,DB00091,DB00514,1,1.0,A,DB00091,protein,575,1.0,0.0,0.0
9,DB00091,DB00514,1,1.0,A,DB00091,protein,580,1.0,0.0,0.0
9,DB00091,DB00514,1,1.0,A,DB00091,protein,589,1.0,0.0,0.0
9,DB00091,DB00514,1,1.0,A,DB00091,protein,591,1.0,0.0,0.0
9,DB00091,DB00514,1,1.0,A,DB00091,protein,597,1.0,0.0,0.0
9,DB00091,DB00514,1,1.0,A,DB00091,protein,608,1.0,0.0,0.0
9,DB00091,DB00514,1,1.0,A,DB00091,protein,609,1.0,0.0,0.0
9,DB00091,DB00514,1,1.0,A,DB00091,protein,687,1.0,0.0,0.0
9,DB00091,DB00514,1,1.0,A,DB00091,protein,698,1.0,0.0,0.0
9,DB00091,DB00514,1,1.0,A,DB00091,protein,708,1.0,0.0,0.0
9,DB00091,DB00514,1,1.0,A,DB00091,protein,709,1.0,0.0,0.0
9,DB00091,DB00514,1,1.0,A,DB00091,protein,721,1.0,0.0,0.0
9,DB00091,DB00514,1,1.0,A,DB00091,protein,731,1.0,0.0,0.0
9,DB00091,DB00514,1,1.0,A,DB00091,protein,742,1.0,0.0,0.0
9,DB00091,DB00514,1,1.0,A,DB00091,protein,746,1.0,0.0,0.0
9,DB00091,DB00514,1,1.0,A,DB00091,protein,749,1.0,0.0,0.0
9,DB00091,DB00514,1,1.0,A,DB00091,protein,790,1.0,0.0,0.0
9,DB00091,DB00514,1,1.0,A,DB00091,protein,802,1.0,0.0,0.0
9,DB00091,DB00514,1,1.0,A,DB00091,protein,814,1.0,0.0,0.0
9,DB00091,DB00514,1,1.0,A,DB00091,protein,827,1.0,0.0,0.0
9,DB00091,DB00514,1,1.0,A,DB00091,protein,863,1.0,0.0,0.0
9,DB00091,DB00514,1,1.0,A,DB00091,protein,879,1.0,0.0,0.0
9,DB00091,DB00514,1,1.0,A,DB00091,protein,884,1.0,0.0,0.0
9,DB00091,DB00514,1,1.0,A,DB00091,protein,893,1.0,0.0,0.0
9,DB00091,DB00514,1,1.0,A,DB00091,protein,908,1.0,0.0,0.0
9,DB00091,DB00514,1,1.0,A,DB00091,protein,920,1.0,0.0,0.0
9,DB00091,DB00514,1,1.0,A,DB00091,protein,930,1.0,0.0,0.0
9,DB00091,DB00514,1,1.0,A,DB00091,protein,936,1.0,0.0,0.0
9,DB00091,DB00514,1,1.0,A,DB00091,protein,940,1.0,0.0,0.0
9,DB00091,DB00514,1,1.0,A,DB00091,protein,942,1.0,0.0,0.0
9,DB00091,DB00514,1,1.0,A,DB00091,protein,943,1.0,0.0,0.0
9,DB00091,DB00514,1,1.0,A,DB00091,protein,948,1.0,0.0,0.0
9,DB00091,DB00514,1,1.0,A,DB00091,protein,955,1.0,0.0,0.0
9,DB00091,DB00514,1,1.0,A,DB00091,protein,964,1.0,0.0,0.0
9,DB00091,DB00514,1,1.0,A,DB00091,protein,987,1.0,0.0,0.0
9,DB00091,DB00514,1,1.0,A,DB00091,protein,991,1.0,0.0,0.0
9,DB00091,DB00514,1,1.0,A,DB00091,protein,998,1.0,0.0,0.0
9,DB00091,DB00514,1,1.0,A,DB00091,protein,1008,1.0,0.0,0.0
9,DB00091,DB00514,1,1.0,A,DB00091,protein,1020,1.0,0.0,0.0
9,DB00091,DB00514,1,1.0,A,DB00091,protein,1025,1.0,0.0,0.0
9,DB00091,DB00514,1,1.0,A,DB00091,protein,1026,1.0,0.0,0.0
9,DB00091,DB00514,1,1.0,A,DB00091,protein,1027,1.0,0.0,0.0
9,DB00091,DB00514,1,1.0,A,DB00091,protein,1031,1.0,0.0,0.0
9,DB00091,DB00514,1,1.0,A,DB00091,protein,1032,1.0,0.0,0.0
9,DB00091,DB00514,1,1.0,A,DB00091,protein,1033,1.0,0.0,0.0
9,DB00091,DB00514,1,1.0,A,DB00091,protein,1034,1.0,0.0,0.0
9,DB00091,DB00514,1,1.0,A,DB00091,protein,1046,1.0,0.0,0.0
9,DB00091,DB00514,1,1.0,A,DB00091,protein,1063,1.0,0.0,0.0
9,DB00091,DB00514,1,1.0,A,DB00091,protein,1067,1.0,0.0,0.0
9,DB00091,DB00514,1,1.0,A,DB00091,protein,1082,1.0,0.0,0.0
9,DB00091,DB00514,1,1.0,A,DB00091,protein,1086,1.0,0.0,0.0
9,DB00091,DB00514,1,1.0,A,DB00091,protein,1090,1.0,0.0,0.0
9,DB00091,DB00514,1,1.0,A,DB00091,protein,1100,1.0,0.0,0.0
9,DB00091,DB00514,1,1.0,A,DB00091,protein,1116,1.0,0.0,0.0
9,DB00091,DB00514,1,1.0,A,DB00091,protein,1135,1.0,0.0,0.0
9,DB00091,DB00514,1,1.0,A,DB00091,protein,1136,1.0,0.0,0.0
9,DB00091,DB00514,1,1.0,A,DB00091,protein,1143,1.0,0.0,0.0
9,DB00091,DB00514,1,1.0,A,DB00091,protein,1156,1.0,0.0,0.0
9,DB00091,DB00514,1,1.0,A,DB00091,protein,1171,1.0,0.0,0.0
9,DB00091,DB00514,1,1.0,A,DB00091,protein,1184,1.0,0.0,0.0
9,DB00091,DB00514,1,1.0,A,DB00091,protein,1186,1.0,0.0,0.0
9,DB00091,DB00514,1,1.0,A,DB00091,protein,1187,1.0,0.0,0.0
9,DB00091,DB00514,1,1.0,A,DB00091,protein,1200,1.0,0.0,0.0
9,DB00091,DB00514,1,1.0,A,DB00091,protein,1203,1.0,0.0,0.0
9,DB00091,DB00514,1,1.0,A,DB00091,protein,1206,1.0,0.0,0.0
9,DB00091,DB00514,1,1.0,A,DB00091,protein,1227,1.0,0.0,0.0
9,DB00091,DB00514,1,1.0,A,DB00091,protein,1228,1.0,0.0,0.0
9,DB00091,DB00514,1,1.0,A,DB00091,protein,1230,1.0,0.0,0.0
9,DB00091,DB00514,1,1.0,A,DB00091,protein,1234,1.0,0.0,0.0
9,DB00091,DB00514,1,1.0,A,DB00091,protein,1274,1.0,0.0,0.0
9,DB00091,DB00514,1,1.0,A,DB00091,protein,1276,1.0,0.0,0.0
9,DB00091,DB00514,1,1.0,A,DB00091,protein,1303,1.0,0.0,0.0
9,DB00091,DB00514,1,1.0,A,DB00091,protein,1304,1.0,0.0,0.0
9,DB00091,DB00514,1,1.0,A,DB00091,protein,1319,1.0,0.0,0.0
9,DB00091,DB00514,1,1.0,A,DB00091,protein,1320,1.0,0.0,0.0
9,DB00091,DB00514,1,1.0,A,DB00091,protein,1322,1.0,0.0,0.0
9,DB00091,DB00514,1,1.0,A,DB00091,protein,1337,1.0,0.0,0.0
9,DB00091,DB00514,1,1.0,A,DB00091,protein,1360,1.0,0.0,0.0
9,DB00091,DB00514,1,1.0,A,DB00091,protein,1438,1.0,0.0,0.0
9,DB00091,DB00514,1,1.0,A,DB00091,protein,1441,1.0,0.0,0.0
9,DB00091,DB00514,1,1.0,A,DB00091,protein,1477,1.0,0.0,0.0
9,DB00091,DB00514,1,1.0,A,DB00091,protein,1485,1.0,0.0,0.0
9,DB00091,DB00514,1,1.0,A,DB00091,protein,1515,1.0,0.0,0.0
9,DB00091,DB00514,1,1.0,A,DB00091,protein,1516,1.0,0.0,0.0
9,DB00091,DB00514,1,1.0,A,DB00091,protein,1554,1.0,0.0,0.0
9,DB00091,DB00514,1,1.0,A,DB00091,protein,1650,0.9999998807907104,1.1920928955078125e-07,1.1920928955078125e-07
9,DB00091,DB00514,1,1.0,A,DB00091,protein,1651,1.0,0.0,0.0
9,DB00091,DB00514,1,1.0,A,DB00091,protein,1656,1.0,0.0,0.0
9,DB00091,DB00514,1,1.0,A,DB00091,protein,1667,1.0,0.0,0.0
9,DB00091,DB00514,1,1.0,A,DB00091,protein,1705,1.0,0.0,0.0
9,DB00091,DB00514,1,1.0,A,DB00091,protein,1748,1.0,0.0,0.0
9,DB00091,DB00514,1,1.0,A,DB00091,protein,1757,1.0,0.0,0.0
9,DB00091,DB00514,1,1.0,A,DB00091,protein,1760,1.0,0.0,0.0
9,DB00091,DB00514,1,1.0,A,DB00091,protein,1772,1.0,0.0,0.0
9,DB00091,DB00514,1,1.0,A,DB00091,protein,1781,1.0,0.0,0.0
9,DB00091,DB00514,1,1.0,A,DB00091,protein,1843,1.0,0.0,0.0
9,DB00091,DB00514,1,1.0,A,DB00091,protein,1852,1.0,0.0,0.0
9,DB00091,DB00514,1,1.0,A,DB00091,protein,1867,1.0,0.0,0.0
9,DB00091,DB00514,1,1.0,A,DB00091,protein,1874,1.0,0.0,0.0
9,DB00091,DB00514,1,1.0,A,DB00091,protein,1911,1.0,0.0,0.0
9,DB00091,DB00514,1,1.0,A,DB00091,protein,1975,1.0,0.0,0.0
9,DB00091,DB00514,1,1.0,A,DB00091,protein,2027,1.0,0.0,0.0
9,DB00091,DB00514,1,1.0,A,DB00091,protein,2037,1.0,0.0,0.0
9,DB00091,DB00514,1,1.0,A,DB00091,protein,2051,1.0,0.0,0.0
9,DB00091,DB00514,1,1.0,A,DB00091,protein,2095,1.0,0.0,0.0
9,DB00091,DB00514,1,1.0,A,DB00091,protein,2125,1.0,0.0,0.0
9,DB00091,DB00514,1,1.0,A,DB00091,protein,2159,1.0,0.0,0.0
9,DB00091,DB00514,1,1.0,A,DB00091,protein,2348,1.0,0.0,0.0
9,DB00091,DB00514,1,1.0,A,DB00091,protein,2357,1.0,0.0,0.0
9,DB00091,DB00514,1,1.0,A,DB00091,protein,2361,1.0,0.0,0.0
9,DB00091,DB00514,1,1.0,A,DB00091,protein,2408,1.0,0.0,0.0
9,DB00091,DB00514,1,1.0,A,DB00091,protein,2417,1.0,0.0,0.0
9,DB00091,DB00514,1,1.0,A,DB00091,protein,2433,1.0,0.0,0.0
9,DB00091,DB00514,1,1.0,A,DB00091,protein,2475,1.0,0.0,0.0
9,DB00091,DB00514,1,1.0,A,DB00091,protein,2479,1.0,0.0,0.0
9,DB00091,DB00514,1,1.0,A,DB00091,protein,2622,1.0,0.0,0.0
9,DB00091,DB00514,1,1.0,A,DB00091,protein,2659,1.0,0.0,0.0
9,DB00091,DB00514,1,1.0,A,DB00091,protein,2720,1.0,0.0,0.0
9,DB00091,DB00514,1,1.0,A,DB00091,protein,2724,1.0,0.0,0.0
9,DB00091,DB00514,1,1.0,A,DB00091,protein,2793,1.0,0.0,0.0
9,DB00091,DB00514,1,1.0,A,DB00091,protein,2797,1.0,0.0,0.0
9,DB00091,DB00514,1,1.0,A,DB00091,protein,2831,1.0,0.0,0.0
9,DB00091,DB00514,1,1.0,A,DB00091,protein,2849,1.0,0.0,0.0
9,DB00091,DB00514,1,1.0,A,DB00091,protein,2885,1.0,0.0,0.0
9,DB00091,DB00514,1,1.0,B,DB00514,protein,39,1.0,0.0,0.0
9,DB00091,DB00514,1,1.0,B,DB00514,protein,104,1.0,0.0,0.0
9,DB00091,DB00514,1,1.0,B,DB00514,protein,229,1.0,0.0,0.0
9,DB00091,DB00514,1,1.0,B,DB00514,protein,244,1.0,0.0,0.0
9,DB00091,DB00514,1,1.0,B,DB00514,protein,259,1.0,0.0,0.0
9,DB00091,DB00514,1,1.0,B,DB00514,protein,323,1.0,0.0,0.0
9,DB00091,DB00514,1,1.0,B,DB00514,protein,346,1.0,0.0,0.0
9,DB00091,DB00514,1,1.0,B,DB00514,protein,412,1.0,0.0,0.0
9,DB00091,DB00514,1,1.0,B,DB00514,protein,418,1.0,0.0,0.0
9,DB00091,DB00514,1,1.0,B,DB00514,protein,421,1.0,0.0,0.0
9,DB00091,DB00514,1,1.0,B,DB00514,protein,430,1.0,0.0,0.0
9,DB00091,DB00514,1,1.0,B,DB00514,protein,445,1.0,0.0,0.0
9,DB00091,DB00514,1,1.0,B,DB00514,protein,454,1.0,0.0,0.0
9,DB00091,DB00514,1,1.0,B,DB00514,protein,475,1.0,0.0,0.0
9,DB00091,DB00514,1,1.0,B,DB00514,protein,477,1.0,0.0,0.0
9,DB00091,DB00514,1,1.0,B,DB00514,protein,495,1.0,0.0,0.0
9,DB00091,DB00514,1,1.0,B,DB00514,protein,497,1.0,0.0,0.0
9,DB00091,DB00514,1,1.0,B,DB00514,protein,498,1.0,0.0,0.0
9,DB00091,DB00514,1,1.0,B,DB00514,protein,548,1.0,0.0,0.0
9,DB00091,DB00514,1,1.0,B,DB00514,protein,565,1.0,0.0,0.0
9,DB00091,DB00514,1,1.0,B,DB00514,protein,566,1.0,0.0,0.0
9,DB00091,DB00514,1,1.0,B,DB00514,protein,575,1.0,0.0,0.0
9,DB00091,DB00514,1,1.0,B,DB00514,protein,580,1.0,0.0,0.0
9,DB00091,DB00514,1,1.0,B,DB00514,protein,589,1.0,0.0,0.0
9,DB00091,DB00514,1,1.0,B,DB00514,protein,591,1.0,0.0,0.0
9,DB00091,DB00514,1,1.0,B,DB00514,protein,597,1.0,0.0,0.0
9,DB00091,DB00514,1,1.0,B,DB00514,protein,608,1.0,0.0,0.0
9,DB00091,DB00514,1,1.0,B,DB00514,protein,609,1.0,0.0,0.0
9,DB00091,DB00514,1,1.0,B,DB00514,protein,687,1.0,0.0,0.0
9,DB00091,DB00514,1,1.0,B,DB00514,protein,708,1.0,0.0,0.0
9,DB00091,DB00514,1,1.0,B,DB00514,protein,731,1.0,0.0,0.0
9,DB00091,DB00514,1,1.0,B,DB00514,protein,746,1.0,0.0,0.0
9,DB00091,DB00514,1,1.0,B,DB00514,protein,747,1.0,0.0,0.0
9,DB00091,DB00514,1,1.0,B,DB00514,protein,749,1.0,0.0,0.0
9,DB00091,DB00514,1,1.0,B,DB00514,protein,790,1.0,0.0,0.0
9,DB00091,DB00514,1,1.0,B,DB00514,protein,802,1.0,0.0,0.0
9,DB00091,DB00514,1,1.0,B,DB00514,protein,814,1.0,0.0,0.0
9,DB00091,DB00514,1,1.0,B,DB00514,protein,853,1.0,0.0,0.0
9,DB00091,DB00514,1,1.0,B,DB00514,protein,858,1.0,0.0,0.0
9,DB00091,DB00514,1,1.0,B,DB00514,protein,863,1.0,0.0,0.0
9,DB00091,DB00514,1,1.0,B,DB00514,protein,874,1.0,0.0,0.0
9,DB00091,DB00514,1,1.0,B,DB00514,protein,879,1.0,0.0,0.0
9,DB00091,DB00514,1,1.0,B,DB00514,protein,884,1.0,0.0,0.0
9,DB00091,DB00514,1,1.0,B,DB00514,protein,893,1.0,0.0,0.0
9,DB00091,DB00514,1,1.0,B,DB00514,protein,920,1.0,0.0,0.0
9,DB00091,DB00514,1,1.0,B,DB00514,protein,929,1.0,0.0,0.0
9,DB00091,DB00514,1,1.0,B,DB00514,protein,936,1.0,0.0,0.0
9,DB00091,DB00514,1,1.0,B,DB00514,protein,940,1.0,0.0,0.0
9,DB00091,DB00514,1,1.0,B,DB00514,protein,943,1.0,0.0,0.0
9,DB00091,DB00514,1,1.0,B,DB00514,protein,948,1.0,0.0,0.0
9,DB00091,DB00514,1,1.0,B,DB00514,protein,955,1.0,0.0,0.0
9,DB00091,DB00514,1,1.0,B,DB00514,protein,964,1.0,0.0,0.0
9,DB00091,DB00514,1,1.0,B,DB00514,protein,987,1.0,0.0,0.0
9,DB00091,DB00514,1,1.0,B,DB00514,protein,1008,1.0,0.0,0.0
9,DB00091,DB00514,1,1.0,B,DB00514,protein,1018,1.0,0.0,0.0
9,DB00091,DB00514,1,1.0,B,DB00514,protein,1020,1.0,0.0,0.0
9,DB00091,DB00514,1,1.0,B,DB00514,protein,1025,1.0,0.0,0.0
9,DB00091,DB00514,1,1.0,B,DB00514,protein,1026,1.0,0.0,0.0
9,DB00091,DB00514,1,1.0,B,DB00514,protein,1027,1.0,0.0,0.0
9,DB00091,DB00514,1,1.0,B,DB00514,protein,1031,1.0,0.0,0.0
9,DB00091,DB00514,1,1.0,B,DB00514,protein,1032,1.0,0.0,0.0
9,DB00091,DB00514,1,1.0,B,DB00514,protein,1033,1.0,0.0,0.0
9,DB00091,DB00514,1,1.0,B,DB00514,protein,1034,1.0,0.0,0.0
9,DB00091,DB00514,1,1.0,B,DB00514,protein,1046,1.0,0.0,0.0
9,DB00091,DB00514,1,1.0,B,DB00514,protein,1063,1.0,0.0,0.0
9,DB00091,DB00514,1,1.0,B,DB00514,protein,1082,1.0,0.0,0.0
9,DB00091,DB00514,1,1.0,B,DB00514,protein,1086,1.0,0.0,0.0
9,DB00091,DB00514,1,1.0,B,DB00514,protein,1090,1.0,0.0,0.0
9,DB00091,DB00514,1,1.0,B,DB00514,protein,1100,1.0,0.0,0.0
9,DB00091,DB00514,1,1.0,B,DB00514,protein,1116,1.0,0.0,0.0
9,DB00091,DB00514,1,1.0,B,DB00514,protein,1136,1.0,0.0,0.0
9,DB00091,DB00514,1,1.0,B,DB00514,protein,1143,1.0,0.0,0.0
9,DB00091,DB00514,1,1.0,B,DB00514,protein,1153,1.0,0.0,0.0
9,DB00091,DB00514,1,1.0,B,DB00514,protein,1156,1.0,0.0,0.0
9,DB00091,DB00514,1,1.0,B,DB00514,protein,1171,1.0,0.0,0.0
9,DB00091,DB00514,1,1.0,B,DB00514,protein,1184,1.0,0.0,0.0
9,DB00091,DB00514,1,1.0,B,DB00514,protein,1186,1.0,0.0,0.0
9,DB00091,DB00514,1,1.0,B,DB00514,protein,1187,1.0,0.0,0.0
9,DB00091,DB00514,1,1.0,B,DB00514,protein,1191,1.0,0.0,0.0
9,DB00091,DB00514,1,1.0,B,DB00514,protein,1200,1.0,0.0,0.0
9,DB00091,DB00514,1,1.0,B,DB00514,protein,1203,1.0,0.0,0.0
9,DB00091,DB00514,1,1.0,B,DB00514,protein,1227,1.0,0.0,0.0
9,DB00091,DB00514,1,1.0,B,DB00514,protein,1228,1.0,0.0,0.0
9,DB00091,DB00514,1,1.0,B,DB00514,protein,1230,1.0,0.0,0.0
9,DB00091,DB00514,1,1.0,B,DB00514,protein,1234,1.0,0.0,0.0
9,DB00091,DB00514,1,1.0,B,DB00514,protein,1260,1.0,0.0,0.0
9,DB00091,DB00514,1,1.0,B,DB00514,protein,1276,1.0,0.0,0.0
9,DB00091,DB00514,1,1.0,B,DB00514,protein,1303,1.0,0.0,0.0
9,DB00091,DB00514,1,1.0,B,DB00514,protein,1304,1.0,0.0,0.0
9,DB00091,DB00514,1,1.0,B,DB00514,protein,1319,1.0,0.0,0.0
9,DB00091,DB00514,1,1.0,B,DB00514,protein,1320,1.0,0.0,0.0
9,DB00091,DB00514,1,1.0,B,DB00514,protein,1322,1.0,0.0,0.0
9,DB00091,DB00514,1,1.0,B,DB00514,protein,1369,1.0,0.0,0.0
9,DB00091,DB00514,1,1.0,B,DB00514,protein,1441,1.0,0.0,0.0
9,DB00091,DB00514,1,1.0,B,DB00514,protein,1477,1.0,0.0,0.0
9,DB00091,DB00514,1,1.0,B,DB00514,protein,1485,1.0,0.0,0.0
9,DB00091,DB00514,1,1.0,B,DB00514,protein,1510,1.0,0.0,0.0
9,DB00091,DB00514,1,1.0,B,DB00514,protein,1515,1.0,0.0,0.0
9,DB00091,DB00514,1,1.0,B,DB00514,protein,1516,1.0,0.0,0.0
9,DB00091,DB00514,1,1.0,B,DB00514,protein,1574,1.0,0.0,0.0
9,DB00091,DB00514,1,1.0,B,DB00514,protein,1612,1.0,0.0,0.0
9,DB00091,DB00514,1,1.0,B,DB00514,protein,1757,1.0,0.0,0.0
9,DB00091,DB00514,1,1.0,B,DB00514,protein,1843,1.0,0.0,0.0
9,DB00091,DB00514,1,1.0,B,DB00514,protein,1867,1.0,0.0,0.0
9,DB00091,DB00514,1,1.0,B,DB00514,protein,2015,1.0,0.0,0.0
9,DB00091,DB00514,1,1.0,B,DB00514,protein,2037,1.0,0.0,0.0
9,DB00091,DB00514,1,1.0,B,DB00514,protein,2302,1.0,0.0,0.0
9,DB00091,DB00514,1,1.0,B,DB00514,protein,2348,1.0,0.0,0.0
9,DB00091,DB00514,1,1.0,B,DB00514,protein,2416,1.0,0.0,0.0
9,DB00091,DB00514,1,1.0,B,DB00514,protein,2479,1.0,0.0,0.0
9,DB00091,DB00514,1,1.0,B,DB00514,protein,2720,1.0,0.0,0.0
9,DB00091,DB00514,1,1.0,B,DB00514,protein,2831,1.0,0.0,0.0
9,DB00091,DB00514,1,1.0,B,DB00514,protein,2849,1.0,0.0,0.0
9,DB00091,DB00514,1,1.0,B,DB00514,protein,2885,1.0,0.0,0.0
10,DB00091,DB00613,1,1.0,A,DB00091,protein,29,1.0,0.0,0.0
10,DB00091,DB00613,1,1.0,A,DB00091,protein,100,1.0,0.0,0.0
10,DB00091,DB00613,1,1.0,A,DB00091,protein,104,1.0,0.0,0.0
10,DB00091,DB00613,1,1.0,A,DB00091,protein,119,1.0,0.0,0.0
10,DB00091,DB00613,1,1.0,A,DB00091,protein,218,1.0,0.0,0.0
10,DB00091,DB00613,1,1.0,A,DB00091,protein,221,1.0,0.0,0.0
10,DB00091,DB00613,1,1.0,A,DB00091,protein,244,1.0,0.0,0.0
10,DB00091,DB00613,1,1.0,A,DB00091,protein,251,1.0,0.0,0.0
10,DB00091,DB00613,1,1.0,A,DB00091,protein,259,1.0,0.0,0.0
10,DB00091,DB00613,1,1.0,A,DB00091,protein,273,1.0,0.0,0.0
10,DB00091,DB00613,1,1.0,A,DB00091,protein,277,1.0,0.0,0.0
10,DB00091,DB00613,1,1.0,A,DB00091,protein,282,1.0,0.0,0.0
10,DB00091,DB00613,1,1.0,A,DB00091,protein,323,1.0,0.0,0.0
10,DB00091,DB00613,1,1.0,A,DB00091,protein,346,1.0,0.0,0.0
10,DB00091,DB00613,1,1.0,A,DB00091,protein,376,1.0,0.0,0.0
10,DB00091,DB00613,1,1.0,A,DB00091,protein,412,1.0,0.0,0.0
10,DB00091,DB00613,1,1.0,A,DB00091,protein,418,1.0,0.0,0.0
10,DB00091,DB00613,1,1.0,A,DB00091,protein,421,1.0,0.0,0.0
10,DB00091,DB00613,1,1.0,A,DB00091,protein,425,1.0,0.0,0.0
10,DB00091,DB00613,1,1.0,A,DB00091,protein,430,1.0,0.0,0.0
10,DB00091,DB00613,1,1.0,A,DB00091,protein,445,1.0,0.0,0.0
10,DB00091,DB00613,1,1.0,A,DB00091,protein,461,1.0,0.0,0.0
10,DB00091,DB00613,1,1.0,A,DB00091,protein,475,1.0,0.0,0.0
10,DB00091,DB00613,1,1.0,A,DB00091,protein,477,1.0,0.0,0.0
10,DB00091,DB00613,1,1.0,A,DB00091,protein,497,1.0,0.0,0.0
10,DB00091,DB00613,1,1.0,A,DB00091,protein,498,1.0,0.0,0.0
10,DB00091,DB00613,1,1.0,A,DB00091,protein,515,1.0,0.0,0.0
10,DB00091,DB00613,1,1.0,A,DB00091,protein,548,1.0,0.0,0.0
10,DB00091,DB00613,1,1.0,A,DB00091,protein,565,1.0,0.0,0.0
10,DB00091,DB00613,1,1.0,A,DB00091,protein,566,1.0,0.0,0.0
10,DB00091,DB00613,1,1.0,A,DB00091,protein,568,1.0,0.0,0.0
10,DB00091,DB00613,1,1.0,A,DB00091,protein,575,1.0,0.0,0.0
10,DB00091,DB00613,1,1.0,A,DB00091,protein,580,1.0,0.0,0.0
10,DB00091,DB00613,1,1.0,A,DB00091,protein,589,1.0,0.0,0.0
10,DB00091,DB00613,1,1.0,A,DB00091,protein,591,1.0,0.0,0.0
10,DB00091,DB00613,1,1.0,A,DB00091,protein,597,1.0,0.0,0.0
10,DB00091,DB00613,1,1.0,A,DB00091,protein,608,1.0,0.0,0.0
10,DB00091,DB00613,1,1.0,A,DB00091,protein,609,1.0,0.0,0.0
10,DB00091,DB00613,1,1.0,A,DB00091,protein,687,1.0,0.0,0.0
10,DB00091,DB00613,1,1.0,A,DB00091,protein,698,1.0,0.0,0.0
10,DB00091,DB00613,1,1.0,A,DB00091,protein,708,1.0,0.0,0.0
10,DB00091,DB00613,1,1.0,A,DB00091,protein,709,1.0,0.0,0.0
10,DB00091,DB00613,1,1.0,A,DB00091,protein,721,1.0,0.0,0.0
10,DB00091,DB00613,1,1.0,A,DB00091,protein,731,1.0,0.0,0.0
10,DB00091,DB00613,1,1.0,A,DB00091,protein,742,1.0,0.0,0.0
10,DB00091,DB00613,1,1.0,A,DB00091,protein,746,1.0,0.0,0.0
10,DB00091,DB00613,1,1.0,A,DB00091,protein,749,1.0,0.0,0.0
10,DB00091,DB00613,1,1.0,A,DB00091,protein,790,1.0,0.0,0.0
10,DB00091,DB00613,1,1.0,A,DB00091,protein,802,1.0,0.0,0.0
10,DB00091,DB00613,1,1.0,A,DB00091,protein,814,1.0,0.0,0.0
10,DB00091,DB00613,1,1.0,A,DB00091,protein,827,1.0,0.0,0.0
10,DB00091,DB00613,1,1.0,A,DB00091,protein,863,1.0,0.0,0.0
10,DB00091,DB00613,1,1.0,A,DB00091,protein,879,1.0,0.0,0.0
10,DB00091,DB00613,1,1.0,A,DB00091,protein,884,1.0,0.0,0.0
10,DB00091,DB00613,1,1.0,A,DB00091,protein,893,1.0,0.0,0.0
10,DB00091,DB00613,1,1.0,A,DB00091,protein,908,1.0,0.0,0.0
10,DB00091,DB00613,1,1.0,A,DB00091,protein,920,1.0,0.0,0.0
10,DB00091,DB00613,1,1.0,A,DB00091,protein,930,1.0,0.0,0.0
10,DB00091,DB00613,1,1.0,A,DB00091,protein,936,1.0,0.0,0.0
10,DB00091,DB00613,1,1.0,A,DB00091,protein,940,1.0,0.0,0.0
10,DB00091,DB00613,1,1.0,A,DB00091,protein,942,1.0,0.0,0.0
10,DB00091,DB00613,1,1.0,A,DB00091,protein,943,1.0,0.0,0.0
10,DB00091,DB00613,1,1.0,A,DB00091,protein,948,1.0,0.0,0.0
10,DB00091,DB00613,1,1.0,A,DB00091,protein,955,1.0,0.0,0.0
10,DB00091,DB00613,1,1.0,A,DB00091,protein,964,1.0,0.0,0.0
10,DB00091,DB00613,1,1.0,A,DB00091,protein,987,1.0,0.0,0.0
10,DB00091,DB00613,1,1.0,A,DB00091,protein,991,1.0,0.0,0.0
10,DB00091,DB00613,1,1.0,A,DB00091,protein,998,1.0,0.0,0.0
10,DB00091,DB00613,1,1.0,A,DB00091,protein,1008,1.0,0.0,0.0
10,DB00091,DB00613,1,1.0,A,DB00091,protein,1020,1.0,0.0,0.0
10,DB00091,DB00613,1,1.0,A,DB00091,protein,1025,1.0,0.0,0.0
10,DB00091,DB00613,1,1.0,A,DB00091,protein,1026,1.0,0.0,0.0
10,DB00091,DB00613,1,1.0,A,DB00091,protein,1027,1.0,0.0,0.0
10,DB00091,DB00613,1,1.0,A,DB00091,protein,1031,1.0,0.0,0.0
10,DB00091,DB00613,1,1.0,A,DB00091,protein,1032,1.0,0.0,0.0
10,DB00091,DB00613,1,1.0,A,DB00091,protein,1033,1.0,0.0,0.0
10,DB00091,DB00613,1,1.0,A,DB00091,protein,1034,1.0,0.0,0.0
10,DB00091,DB00613,1,1.0,A,DB00091,protein,1046,1.0,0.0,0.0
10,DB00091,DB00613,1,1.0,A,DB00091,protein,1063,1.0,0.0,0.0
10,DB00091,DB00613,1,1.0,A,DB00091,protein,1067,1.0,0.0,0.0
10,DB00091,DB00613,1,1.0,A,DB00091,protein,1082,1.0,0.0,0.0
10,DB00091,DB00613,1,1.0,A,DB00091,protein,1086,1.0,0.0,0.0
10,DB00091,DB00613,1,1.0,A,DB00091,protein,1090,1.0,0.0,0.0
10,DB00091,DB00613,1,1.0,A,DB00091,protein,1100,1.0,0.0,0.0
10,DB00091,DB00613,1,1.0,A,DB00091,protein,1116,1.0,0.0,0.0
10,DB00091,DB00613,1,1.0,A,DB00091,protein,1135,1.0,0.0,0.0
10,DB00091,DB00613,1,1.0,A,DB00091,protein,1136,1.0,0.0,0.0
10,DB00091,DB00613,1,1.0,A,DB00091,protein,1143,1.0,0.0,0.0
10,DB00091,DB00613,1,1.0,A,DB00091,protein,1156,1.0,0.0,0.0
10,DB00091,DB00613,1,1.0,A,DB00091,protein,1171,1.0,0.0,0.0
10,DB00091,DB00613,1,1.0,A,DB00091,protein,1184,1.0,0.0,0.0
10,DB00091,DB00613,1,1.0,A,DB00091,protein,1186,1.0,0.0,0.0
10,DB00091,DB00613,1,1.0,A,DB00091,protein,1187,1.0,0.0,0.0
10,DB00091,DB00613,1,1.0,A,DB00091,protein,1200,1.0,0.0,0.0
10,DB00091,DB00613,1,1.0,A,DB00091,protein,1203,1.0,0.0,0.0
10,DB00091,DB00613,1,1.0,A,DB00091,protein,1206,1.0,0.0,0.0
10,DB00091,DB00613,1,1.0,A,DB00091,protein,1227,1.0,0.0,0.0
10,DB00091,DB00613,1,1.0,A,DB00091,protein,1228,1.0,0.0,0.0
10,DB00091,DB00613,1,1.0,A,DB00091,protein,1230,1.0,0.0,0.0
10,DB00091,DB00613,1,1.0,A,DB00091,protein,1234,1.0,0.0,0.0
10,DB00091,DB00613,1,1.0,A,DB00091,protein,1274,1.0,0.0,0.0
10,DB00091,DB00613,1,1.0,A,DB00091,protein,1276,1.0,0.0,0.0
10,DB00091,DB00613,1,1.0,A,DB00091,protein,1303,1.0,0.0,0.0
10,DB00091,DB00613,1,1.0,A,DB00091,protein,1304,1.0,0.0,0.0
10,DB00091,DB00613,1,1.0,A,DB00091,protein,1319,1.0,0.0,0.0
10,DB00091,DB00613,1,1.0,A,DB00091,protein,1320,1.0,0.0,0.0
10,DB00091,DB00613,1,1.0,A,DB00091,protein,1322,1.0,0.0,0.0
10,DB00091,DB00613,1,1.0,A,DB00091,protein,1337,1.0,0.0,0.0
10,DB00091,DB00613,1,1.0,A,DB00091,protein,1360,1.0,0.0,0.0
10,DB00091,DB00613,1,1.0,A,DB00091,protein,1438,1.0,0.0,0.0
10,DB00091,DB00613,1,1.0,A,DB00091,protein,1441,1.0,0.0,0.0
10,DB00091,DB00613,1,1.0,A,DB00091,protein,1477,1.0,0.0,0.0
10,DB00091,DB00613,1,1.0,A,DB00091,protein,1485,1.0,0.0,0.0
10,DB00091,DB00613,1,1.0,A,DB00091,protein,1515,1.0,0.0,0.0
10,DB00091,DB00613,1,1.0,A,DB00091,protein,1516,1.0,0.0,0.0
10,DB00091,DB00613,1,1.0,A,DB00091,protein,1554,1.0,0.0,0.0
10,DB00091,DB00613,1,1.0,A,DB00091,protein,1650,1.0,0.0,0.0
10,DB00091,DB00613,1,1.0,A,DB00091,protein,1651,1.0,0.0,0.0
10,DB00091,DB00613,1,1.0,A,DB00091,protein,1656,1.0,0.0,0.0
10,DB00091,DB00613,1,1.0,A,DB00091,protein,1667,1.0,0.0,0.0
10,DB00091,DB00613,1,1.0,A,DB00091,protein,1705,1.0,0.0,0.0
10,DB00091,DB00613,1,1.0,A,DB00091,protein,1748,1.0,0.0,0.0
10,DB00091,DB00613,1,1.0,A,DB00091,protein,1757,1.0,0.0,0.0
10,DB00091,DB00613,1,1.0,A,DB00091,protein,1760,1.0,0.0,0.0
10,DB00091,DB00613,1,1.0,A,DB00091,protein,1772,1.0,0.0,0.0
10,DB00091,DB00613,1,1.0,A,DB00091,protein,1781,1.0,0.0,0.0
10,DB00091,DB00613,1,1.0,A,DB00091,protein,1843,1.0,0.0,0.0
10,DB00091,DB00613,1,1.0,A,DB00091,protein,1852,1.0,0.0,0.0
10,DB00091,DB00613,1,1.0,A,DB00091,protein,1867,1.0,0.0,0.0
10,DB00091,DB00613,1,1.0,A,DB00091,protein,1874,1.0,0.0,0.0
10,DB00091,DB00613,1,1.0,A,DB00091,protein,1911,1.0,0.0,0.0
10,DB00091,DB00613,1,1.0,A,DB00091,protein,1975,1.0,0.0,0.0
10,DB00091,DB00613,1,1.0,A,DB00091,protein,2027,1.0,0.0,0.0
10,DB00091,DB00613,1,1.0,A,DB00091,protein,2037,1.0,0.0,0.0
10,DB00091,DB00613,1,1.0,A,DB00091,protein,2051,1.0,0.0,0.0
10,DB00091,DB00613,1,1.0,A,DB00091,protein,2095,1.0,0.0,0.0
10,DB00091,DB00613,1,1.0,A,DB00091,protein,2125,1.0,0.0,0.0
10,DB00091,DB00613,1,1.0,A,DB00091,protein,2159,1.0,0.0,0.0
10,DB00091,DB00613,1,1.0,A,DB00091,protein,2348,1.0,0.0,0.0
10,DB00091,DB00613,1,1.0,A,DB00091,protein,2357,1.0,0.0,0.0
10,DB00091,DB00613,1,1.0,A,DB00091,protein,2361,1.0,0.0,0.0
10,DB00091,DB00613,1,1.0,A,DB00091,protein,2408,1.0,0.0,0.0
10,DB00091,DB00613,1,1.0,A,DB00091,protein,2417,1.0,0.0,0.0
10,DB00091,DB00613,1,1.0,A,DB00091,protein,2433,1.0,0.0,0.0
10,DB00091,DB00613,1,1.0,A,DB00091,protein,2475,1.0,0.0,0.0
10,DB00091,DB00613,1,1.0,A,DB00091,protein,2479,1.0,0.0,0.0
10,DB00091,DB00613,1,1.0,A,DB00091,protein,2622,1.0,0.0,0.0
10,DB00091,DB00613,1,1.0,A,DB00091,protein,2659,1.0,0.0,0.0
10,DB00091,DB00613,1,1.0,A,DB00091,protein,2720,1.0,0.0,0.0
10,DB00091,DB00613,1,1.0,A,DB00091,protein,2724,1.0,0.0,0.0
10,DB00091,DB00613,1,1.0,A,DB00091,protein,2793,1.0,0.0,0.0
10,DB00091,DB00613,1,1.0,A,DB00091,protein,2797,1.0,0.0,0.0
10,DB00091,DB00613,1,1.0,A,DB00091,protein,2831,1.0,0.0,0.0
10,DB00091,DB00613,1,1.0,A,DB00091,protein,2849,1.0,0.0,0.0
10,DB00091,DB00613,1,1.0,A,DB00091,protein,2885,1.0,0.0,0.0
10,DB00091,DB00613,1,1.0,B,DB00613,protein,273,1.0,0.0,0.0
10,DB00091,DB00613,1,1.0,B,DB00613,protein,451,1.0,0.0,0.0
10,DB00091,DB00613,1,1.0,B,DB00613,protein,461,1.0,0.0,0.0
10,DB00091,DB00613,1,1.0,B,DB00613,protein,475,1.0,0.0,0.0
10,DB00091,DB00613,1,1.0,B,DB00613,protein,553,1.0,0.0,0.0
10,DB00091,DB00613,1,1.0,B,DB00613,protein,568,1.0,0.0,0.0
10,DB00091,DB00613,1,1.0,B,DB00613,protein,597,1.0,0.0,0.0
10,DB00091,DB00613,1,1.0,B,DB00613,protein,707,1.0,0.0,0.0
10,DB00091,DB00613,1,1.0,B,DB00613,protein,708,0.9999997615814209,2.384185791015625e-07,2.384185791015625e-07
10,DB00091,DB00613,1,1.0,B,DB00613,protein,749,1.0,0.0,0.0
10,DB00091,DB00613,1,1.0,B,DB00613,protein,929,1.0,0.0,0.0
10,DB00091,DB00613,1,1.0,B,DB00613,protein,1203,1.0,0.0,0.0
10,DB00091,DB00613,1,1.0,B,DB00613,protein,1363,1.0,0.0,0.0
10,DB00091,DB00613,1,1.0,B,DB00613,protein,1479,0.9999998807907104,1.1920928955078125e-07,1.1920928955078125e-07
10,DB00091,DB00613,1,1.0,B,DB00613,protein,1510,1.0,0.0,0.0
10,DB00091,DB00613,1,1.0,B,DB00613,protein,2057,1.0,0.0,0.0
10,DB00091,DB00613,1,1.0,B,DB00613,protein,2849,1.0,0.0,0.0
11,DB00091,DB00924,1,1.0,A,DB00091,protein,29,1.0,0.0,0.0
11,DB00091,DB00924,1,1.0,A,DB00091,protein,100,1.0,0.0,0.0
11,DB00091,DB00924,1,1.0,A,DB00091,protein,104,1.0,0.0,0.0
11,DB00091,DB00924,1,1.0,A,DB00091,protein,119,1.0,0.0,0.0
11,DB00091,DB00924,1,1.0,A,DB00091,protein,218,1.0,0.0,0.0
11,DB00091,DB00924,1,1.0,A,DB00091,protein,221,1.0,0.0,0.0
11,DB00091,DB00924,1,1.0,A,DB00091,protein,244,1.0,0.0,0.0
11,DB00091,DB00924,1,1.0,A,DB00091,protein,251,1.0,0.0,0.0
11,DB00091,DB00924,1,1.0,A,DB00091,protein,259,1.0,0.0,0.0
11,DB00091,DB00924,1,1.0,A,DB00091,protein,273,0.9999998807907104,1.1920928955078125e-07,1.1920928955078125e-07
11,DB00091,DB00924,1,1.0,A,DB00091,protein,277,1.0,0.0,0.0
11,DB00091,DB00924,1,1.0,A,DB00091,protein,282,0.9999998807907104,1.1920928955078125e-07,1.1920928955078125e-07
11,DB00091,DB00924,1,1.0,A,DB00091,protein,323,1.0,0.0,0.0
11,DB00091,DB00924,1,1.0,A,DB00091,protein,346,1.0,0.0,0.0
11,DB00091,DB00924,1,1.0,A,DB00091,protein,376,0.9999998807907104,1.1920928955078125e-07,1.1920928955078125e-07
11,DB00091,DB00924,1,1.0,A,DB00091,protein,412,1.0,0.0,0.0
11,DB00091,DB00924,1,1.0,A,DB00091,protein,418,1.0,0.0,0.0
11,DB00091,DB00924,1,1.0,A,DB00091,protein,421,1.0,0.0,0.0
11,DB00091,DB00924,1,1.0,A,DB00091,protein,425,1.0,0.0,0.0
11,DB00091,DB00924,1,1.0,A,DB00091,protein,430,1.0,0.0,0.0
11,DB00091,DB00924,1,1.0,A,DB00091,protein,445,1.0,0.0,0.0
11,DB00091,DB00924,1,1.0,A,DB00091,protein,461,1.0,0.0,0.0
11,DB00091,DB00924,1,1.0,A,DB00091,protein,475,1.0,0.0,0.0
11,DB00091,DB00924,1,1.0,A,DB00091,protein,477,1.0,0.0,0.0
11,DB00091,DB00924,1,1.0,A,DB00091,protein,497,1.0,0.0,0.0
11,DB00091,DB00924,1,1.0,A,DB00091,protein,498,1.0,0.0,0.0
11,DB00091,DB00924,1,1.0,A,DB00091,protein,515,1.0,0.0,0.0
11,DB00091,DB00924,1,1.0,A,DB00091,protein,548,1.0,0.0,0.0
11,DB00091,DB00924,1,1.0,A,DB00091,protein,565,1.0,0.0,0.0
11,DB00091,DB00924,1,1.0,A,DB00091,protein,566,1.0,0.0,0.0
11,DB00091,DB00924,1,1.0,A,DB00091,protein,568,0.9999998807907104,1.1920928955078125e-07,1.1920928955078125e-07
11,DB00091,DB00924,1,1.0,A,DB00091,protein,575,1.0,0.0,0.0
11,DB00091,DB00924,1,1.0,A,DB00091,protein,580,1.0,0.0,0.0
11,DB00091,DB00924,1,1.0,A,DB00091,protein,589,1.0,0.0,0.0
11,DB00091,DB00924,1,1.0,A,DB00091,protein,591,1.0,0.0,0.0
11,DB00091,DB00924,1,1.0,A,DB00091,protein,597,0.9999997615814209,2.384185791015625e-07,2.384185791015625e-07
11,DB00091,DB00924,1,1.0,A,DB00091,protein,608,1.0,0.0,0.0
11,DB00091,DB00924,1,1.0,A,DB00091,protein,609,1.0,0.0,0.0
11,DB00091,DB00924,1,1.0,A,DB00091,protein,687,1.0,0.0,0.0
11,DB00091,DB00924,1,1.0,A,DB00091,protein,698,1.0,0.0,0.0
11,DB00091,DB00924,1,1.0,A,DB00091,protein,708,0.9999997615814209,2.384185791015625e-07,2.384185791015625e-07
11,DB00091,DB00924,1,1.0,A,DB00091,protein,709,1.0,0.0,0.0
11,DB00091,DB00924,1,1.0,A,DB00091,protein,721,1.0,0.0,0.0
11,DB00091,DB00924,1,1.0,A,DB00091,protein,731,1.0,0.0,0.0
11,DB00091,DB00924,1,1.0,A,DB00091,protein,742,1.0,0.0,0.0
11,DB00091,DB00924,1,1.0,A,DB00091,protein,746,1.0,0.0,0.0
11,DB00091,DB00924,1,1.0,A,DB00091,protein,749,1.0,0.0,0.0
11,DB00091,DB00924,1,1.0,A,DB00091,protein,790,1.0,0.0,0.0
11,DB00091,DB00924,1,1.0,A,DB00091,protein,802,1.0,0.0,0.0
11,DB00091,DB00924,1,1.0,A,DB00091,protein,814,1.0,0.0,0.0
11,DB00091,DB00924,1,1.0,A,DB00091,protein,827,1.0,0.0,0.0
11,DB00091,DB00924,1,1.0,A,DB00091,protein,863,1.0,0.0,0.0
11,DB00091,DB00924,1,1.0,A,DB00091,protein,879,1.0,0.0,0.0
11,DB00091,DB00924,1,1.0,A,DB00091,protein,884,1.0,0.0,0.0
11,DB00091,DB00924,1,1.0,A,DB00091,protein,893,1.0,0.0,0.0
11,DB00091,DB00924,1,1.0,A,DB00091,protein,908,1.0,0.0,0.0
11,DB00091,DB00924,1,1.0,A,DB00091,protein,920,1.0,0.0,0.0
11,DB00091,DB00924,1,1.0,A,DB00091,protein,930,0.9999998807907104,1.1920928955078125e-07,1.1920928955078125e-07
11,DB00091,DB00924,1,1.0,A,DB00091,protein,936,1.0,0.0,0.0
11,DB00091,DB00924,1,1.0,A,DB00091,protein,940,1.0,0.0,0.0
11,DB00091,DB00924,1,1.0,A,DB00091,protein,942,1.0,0.0,0.0
11,DB00091,DB00924,1,1.0,A,DB00091,protein,943,1.0,0.0,0.0
11,DB00091,DB00924,1,1.0,A,DB00091,protein,948,1.0,0.0,0.0
11,DB00091,DB00924,1,1.0,A,DB00091,protein,955,1.0,0.0,0.0
11,DB00091,DB00924,1,1.0,A,DB00091,protein,964,1.0,0.0,0.0
11,DB00091,DB00924,1,1.0,A,DB00091,protein,987,1.0,0.0,0.0
11,DB00091,DB00924,1,1.0,A,DB00091,protein,991,1.0,0.0,0.0
11,DB00091,DB00924,1,1.0,A,DB00091,protein,998,1.0,0.0,0.0
11,DB00091,DB00924,1,1.0,A,DB00091,protein,1008,1.0,0.0,0.0
11,DB00091,DB00924,1,1.0,A,DB00091,protein,1020,1.0,0.0,0.0
11,DB00091,DB00924,1,1.0,A,DB00091,protein,1025,1.0,0.0,0.0
11,DB00091,DB00924,1,1.0,A,DB00091,protein,1026,1.0,0.0,0.0
11,DB00091,DB00924,1,1.0,A,DB00091,protein,1027,1.0,0.0,0.0
11,DB00091,DB00924,1,1.0,A,DB00091,protein,1031,1.0,0.0,0.0
11,DB00091,DB00924,1,1.0,A,DB00091,protein,1032,1.0,0.0,0.0
11,DB00091,DB00924,1,1.0,A,DB00091,protein,1033,1.0,0.0,0.0
11,DB00091,DB00924,1,1.0,A,DB00091,protein,1034,1.0,0.0,0.0
11,DB00091,DB00924,1,1.0,A,DB00091,protein,1046,1.0,0.0,0.0
11,DB00091,DB00924,1,1.0,A,DB00091,protein,1063,1.0,0.0,0.0
11,DB00091,DB00924,1,1.0,A,DB00091,protein,1067,1.0,0.0,0.0
11,DB00091,DB00924,1,1.0,A,DB00091,protein,1082,1.0,0.0,0.0
11,DB00091,DB00924,1,1.0,A,DB00091,protein,1086,1.0,0.0,0.0
11,DB00091,DB00924,1,1.0,A,DB00091,protein,1090,1.0,0.0,0.0
11,DB00091,DB00924,1,1.0,A,DB00091,protein,1100,1.0,0.0,0.0
11,DB00091,DB00924,1,1.0,A,DB00091,protein,1116,1.0,0.0,0.0
11,DB00091,DB00924,1,1.0,A,DB00091,protein,1135,1.0,0.0,0.0
11,DB00091,DB00924,1,1.0,A,DB00091,protein,1136,1.0,0.0,0.0
11,DB00091,DB00924,1,1.0,A,DB00091,protein,1143,1.0,0.0,0.0
11,DB00091,DB00924,1,1.0,A,DB00091,protein,1156,1.0,0.0,0.0
11,DB00091,DB00924,1,1.0,A,DB00091,protein,1171,1.0,0.0,0.0
11,DB00091,DB00924,1,1.0,A,DB00091,protein,1184,1.0,0.0,0.0
11,DB00091,DB00924,1,1.0,A,DB00091,protein,1186,1.0,0.0,0.0
11,DB00091,DB00924,1,1.0,A,DB00091,protein,1187,1.0,0.0,0.0
11,DB00091,DB00924,1,1.0,A,DB00091,protein,1200,1.0,0.0,0.0
11,DB00091,DB00924,1,1.0,A,DB00091,protein,1203,0.9999998807907104,1.1920928955078125e-07,1.1920928955078125e-07
11,DB00091,DB00924,1,1.0,A,DB00091,protein,1206,1.0,0.0,0.0
11,DB00091,DB00924,1,1.0,A,DB00091,protein,1227,1.0,0.0,0.0
11,DB00091,DB00924,1,1.0,A,DB00091,protein,1228,1.0,0.0,0.0
11,DB00091,DB00924,1,1.0,A,DB00091,protein,1230,1.0,0.0,0.0
11,DB00091,DB00924,1,1.0,A,DB00091,protein,1234,1.0,0.0,0.0
11,DB00091,DB00924,1,1.0,A,DB00091,protein,1274,1.0,0.0,0.0
11,DB00091,DB00924,1,1.0,A,DB00091,protein,1276,1.0,0.0,0.0
11,DB00091,DB00924,1,1.0,A,DB00091,protein,1303,1.0,0.0,0.0
11,DB00091,DB00924,1,1.0,A,DB00091,protein,1304,1.0,0.0,0.0
11,DB00091,DB00924,1,1.0,A,DB00091,protein,1319,1.0,0.0,0.0
11,DB00091,DB00924,1,1.0,A,DB00091,protein,1320,1.0,0.0,0.0
11,DB00091,DB00924,1,1.0,A,DB00091,protein,1322,1.0,0.0,0.0
11,DB00091,DB00924,1,1.0,A,DB00091,protein,1337,1.0,0.0,0.0
11,DB00091,DB00924,1,1.0,A,DB00091,protein,1360,1.0,0.0,0.0
11,DB00091,DB00924,1,1.0,A,DB00091,protein,1438,0.9999998807907104,1.1920928955078125e-07,1.1920928955078125e-07
11,DB00091,DB00924,1,1.0,A,DB00091,protein,1441,1.0,0.0,0.0
11,DB00091,DB00924,1,1.0,A,DB00091,protein,1477,1.0,0.0,0.0
11,DB00091,DB00924,1,1.0,A,DB00091,protein,1485,1.0,0.0,0.0
11,DB00091,DB00924,1,1.0,A,DB00091,protein,1515,1.0,0.0,0.0
11,DB00091,DB00924,1,1.0,A,DB00091,protein,1516,1.0,0.0,0.0
11,DB00091,DB00924,1,1.0,A,DB00091,protein,1554,1.0,0.0,0.0
11,DB00091,DB00924,1,1.0,A,DB00091,protein,1650,0.9999995231628418,4.76837158203125e-07,4.76837158203125e-07
11,DB00091,DB00924,1,1.0,A,DB00091,protein,1651,1.0,0.0,0.0
11,DB00091,DB00924,1,1.0,A,DB00091,protein,1656,1.0,0.0,0.0
11,DB00091,DB00924,1,1.0,A,DB00091,protein,1667,1.0,0.0,0.0
11,DB00091,DB00924,1,1.0,A,DB00091,protein,1705,1.0,0.0,0.0
11,DB00091,DB00924,1,1.0,A,DB00091,protein,1748,1.0,0.0,0.0
11,DB00091,DB00924,1,1.0,A,DB00091,protein,1757,1.0,0.0,0.0
11,DB00091,DB00924,1,1.0,A,DB00091,protein,1760,1.0,0.0,0.0
11,DB00091,DB00924,1,1.0,A,DB00091,protein,1772,1.0,0.0,0.0
11,DB00091,DB00924,1,1.0,A,DB00091,protein,1781,1.0,0.0,0.0
11,DB00091,DB00924,1,1.0,A,DB00091,protein,1843,1.0,0.0,0.0
11,DB00091,DB00924,1,1.0,A,DB00091,protein,1852,1.0,0.0,0.0
11,DB00091,DB00924,1,1.0,A,DB00091,protein,1867,1.0,0.0,0.0
11,DB00091,DB00924,1,1.0,A,DB00091,protein,1874,1.0,0.0,0.0
11,DB00091,DB00924,1,1.0,A,DB00091,protein,1911,1.0,0.0,0.0
11,DB00091,DB00924,1,1.0,A,DB00091,protein,1975,1.0,0.0,0.0
11,DB00091,DB00924,1,1.0,A,DB00091,protein,2027,1.0,0.0,0.0
11,DB00091,DB00924,1,1.0,A,DB00091,protein,2037,1.0,0.0,0.0
11,DB00091,DB00924,1,1.0,A,DB00091,protein,2051,1.0,0.0,0.0
11,DB00091,DB00924,1,1.0,A,DB00091,protein,2095,1.0,0.0,0.0
11,DB00091,DB00924,1,1.0,A,DB00091,protein,2125,1.0,0.0,0.0
11,DB00091,DB00924,1,1.0,A,DB00091,protein,2159,1.0,0.0,0.0
11,DB00091,DB00924,1,1.0,A,DB00091,protein,2348,1.0,0.0,0.0
11,DB00091,DB00924,1,1.0,A,DB00091,protein,2357,1.0,0.0,0.0
11,DB00091,DB00924,1,1.0,A,DB00091,protein,2361,1.0,0.0,0.0
11,DB00091,DB00924,1,1.0,A,DB00091,protein,2408,1.0,0.0,0.0
11,DB00091,DB00924,1,1.0,A,DB00091,protein,2417,1.0,0.0,0.0
11,DB00091,DB00924,1,1.0,A,DB00091,protein,2433,1.0,0.0,0.0
11,DB00091,DB00924,1,1.0,A,DB00091,protein,2475,1.0,0.0,0.0
11,DB00091,DB00924,1,1.0,A,DB00091,protein,2479,1.0,0.0,0.0
11,DB00091,DB00924,1,1.0,A,DB00091,protein,2622,1.0,0.0,0.0
11,DB00091,DB00924,1,1.0,A,DB00091,protein,2659,1.0,0.0,0.0
11,DB00091,DB00924,1,1.0,A,DB00091,protein,2720,1.0,0.0,0.0
11,DB00091,DB00924,1,1.0,A,DB00091,protein,2724,1.0,0.0,0.0
11,DB00091,DB00924,1,1.0,A,DB00091,protein,2793,1.0,0.0,0.0
11,DB00091,DB00924,1,1.0,A,DB00091,protein,2797,1.0,0.0,0.0
11,DB00091,DB00924,1,1.0,A,DB00091,protein,2831,1.0,0.0,0.0
11,DB00091,DB00924,1,1.0,A,DB00091,protein,2849,1.0,0.0,0.0
11,DB00091,DB00924,1,1.0,A,DB00091,protein,2885,1.0,0.0,0.0
11,DB00091,DB00924,1,1.0,B,DB00924,protein,32,0.9999998807907104,1.1920928955078125e-07,1.1920928955078125e-07
11,DB00091,DB00924,1,1.0,B,DB00924,protein,107,0.9999998807907104,1.1920928955078125e-07,1.1920928955078125e-07
11,DB00091,DB00924,1,1.0,B,DB00924,protein,218,1.0,0.0,0.0
11,DB00091,DB00924,1,1.0,B,DB00924,protein,251,1.0,0.0,0.0
11,DB00091,DB00924,1,1.0,B,DB00924,protein,396,1.0,0.0,0.0
11,DB00091,DB00924,1,1.0,B,DB00924,protein,447,1.0,0.0,0.0
11,DB00091,DB00924,1,1.0,B,DB00924,protein,475,1.0,0.0,0.0
11,DB00091,DB00924,1,1.0,B,DB00924,protein,557,1.0,0.0,0.0
11,DB00091,DB00924,1,1.0,B,DB00924,protein,597,0.9999997615814209,2.384185791015625e-07,2.384185791015625e-07
11,DB00091,DB00924,1,1.0,B,DB00924,protein,708,0.9999996423721313,3.5762786865234375e-07,3.5762786865234375e-07
11,DB00091,DB00924,1,1.0,B,DB00924,protein,802,1.0,0.0,0.0
11,DB00091,DB00924,1,1.0,B,DB00924,protein,841,1.0,0.0,0.0
11,DB00091,DB00924,1,1.0,B,DB00924,protein,853,1.0,0.0,0.0
11,DB00091,DB00924,1,1.0,B,DB00924,protein,893,0.9999998807907104,1.1920928955078125e-07,1.1920928955078125e-07
11,DB00091,DB00924,1,1.0,B,DB00924,protein,948,1.0,0.0,0.0
11,DB00091,DB00924,1,1.0,B,DB00924,protein,966,0.9999998807907104,1.1920928955078125e-07,1.1920928955078125e-07
11,DB00091,DB00924,1,1.0,B,DB00924,protein,1008,1.0,0.0,0.0
11,DB00091,DB00924,1,1.0,B,DB00924,protein,1082,1.0,0.0,0.0
11,DB00091,DB00924,1,1.0,B,DB00924,protein,1086,1.0,0.0,0.0
11,DB00091,DB00924,1,1.0,B,DB00924,protein,1171,1.0,0.0,0.0
11,DB00091,DB00924,1,1.0,B,DB00924,protein,1217,1.0,0.0,0.0
11,DB00091,DB00924,1,1.0,B,DB00924,protein,1259,0.9999992847442627,7.152557373046875e-07,7.152557373046875e-07
11,DB00091,DB00924,1,1.0,B,DB00924,protein,1291,1.0,0.0,0.0
11,DB00091,DB00924,1,1.0,B,DB00924,protein,1319,1.0,0.0,0.0
11,DB00091,DB00924,1,1.0,B,DB00924,protein,1337,1.0,0.0,0.0
11,DB00091,DB00924,1,1.0,B,DB00924,protein,1485,1.0,0.0,0.0
11,DB00091,DB00924,1,1.0,B,DB00924,protein,1741,1.0,0.0,0.0
11,DB00091,DB00924,1,1.0,B,DB00924,protein,1817,0.9999946355819702,5.364418029785156e-06,5.364418029785156e-06
11,DB00091,DB00924,1,1.0,B,DB00924,protein,2408,1.0,0.0,0.0
11,DB00091,DB00924,1,1.0,B,DB00924,protein,2433,1.0,0.0,0.0
11,DB00091,DB00924,1,1.0,B,DB00924,protein,2475,1.0,0.0,0.0
11,DB00091,DB00924,1,1.0,B,DB00924,protein,2849,1.0,0.0,0.0
12,DB00091,DB00947,1,1.0,A,DB00091,protein,29,1.0,0.0,0.0
12,DB00091,DB00947,1,1.0,A,DB00091,protein,100,1.0,0.0,0.0
12,DB00091,DB00947,1,1.0,A,DB00091,protein,104,1.0,0.0,0.0
12,DB00091,DB00947,1,1.0,A,DB00091,protein,119,1.0,0.0,0.0
12,DB00091,DB00947,1,1.0,A,DB00091,protein,218,1.0,0.0,0.0
12,DB00091,DB00947,1,1.0,A,DB00091,protein,221,1.0,0.0,0.0
12,DB00091,DB00947,1,1.0,A,DB00091,protein,244,1.0,0.0,0.0
12,DB00091,DB00947,1,1.0,A,DB00091,protein,251,1.0,0.0,0.0
12,DB00091,DB00947,1,1.0,A,DB00091,protein,259,1.0,0.0,0.0
12,DB00091,DB00947,1,1.0,A,DB00091,protein,273,1.0,0.0,0.0
12,DB00091,DB00947,1,1.0,A,DB00091,protein,277,1.0,0.0,0.0
12,DB00091,DB00947,1,1.0,A,DB00091,protein,282,1.0,0.0,0.0
12,DB00091,DB00947,1,1.0,A,DB00091,protein,323,1.0,0.0,0.0
12,DB00091,DB00947,1,1.0,A,DB00091,protein,346,1.0,0.0,0.0
12,DB00091,DB00947,1,1.0,A,DB00091,protein,376,1.0,0.0,0.0
12,DB00091,DB00947,1,1.0,A,DB00091,protein,412,1.0,0.0,0.0
12,DB00091,DB00947,1,1.0,A,DB00091,protein,418,1.0,0.0,0.0
12,DB00091,DB00947,1,1.0,A,DB00091,protein,421,1.0,0.0,0.0
12,DB00091,DB00947,1,1.0,A,DB00091,protein,425,1.0,0.0,0.0
12,DB00091,DB00947,1,1.0,A,DB00091,protein,430,1.0,0.0,0.0
12,DB00091,DB00947,1,1.0,A,DB00091,protein,445,1.0,0.0,0.0
12,DB00091,DB00947,1,1.0,A,DB00091,protein,461,1.0,0.0,0.0
12,DB00091,DB00947,1,1.0,A,DB00091,protein,475,1.0,0.0,0.0
12,DB00091,DB00947,1,1.0,A,DB00091,protein,477,1.0,0.0,0.0
12,DB00091,DB00947,1,1.0,A,DB00091,protein,497,1.0,0.0,0.0
12,DB00091,DB00947,1,1.0,A,DB00091,protein,498,1.0,0.0,0.0
12,DB00091,DB00947,1,1.0,A,DB00091,protein,515,1.0,0.0,0.0
12,DB00091,DB00947,1,1.0,A,DB00091,protein,548,1.0,0.0,0.0
12,DB00091,DB00947,1,1.0,A,DB00091,protein,565,1.0,0.0,0.0
12,DB00091,DB00947,1,1.0,A,DB00091,protein,566,1.0,0.0,0.0
12,DB00091,DB00947,1,1.0,A,DB00091,protein,568,1.0,0.0,0.0
12,DB00091,DB00947,1,1.0,A,DB00091,protein,575,1.0,0.0,0.0
12,DB00091,DB00947,1,1.0,A,DB00091,protein,580,1.0,0.0,0.0
12,DB00091,DB00947,1,1.0,A,DB00091,protein,589,1.0,0.0,0.0
12,DB00091,DB00947,1,1.0,A,DB00091,protein,591,1.0,0.0,0.0
12,DB00091,DB00947,1,1.0,A,DB00091,protein,597,1.0,0.0,0.0
12,DB00091,DB00947,1,1.0,A,DB00091,protein,608,1.0,0.0,0.0
12,DB00091,DB00947,1,1.0,A,DB00091,protein,609,1.0,0.0,0.0
12,DB00091,DB00947,1,1.0,A,DB00091,protein,687,1.0,0.0,0.0
12,DB00091,DB00947,1,1.0,A,DB00091,protein,698,1.0,0.0,0.0
12,DB00091,DB00947,1,1.0,A,DB00091,protein,708,1.0,0.0,0.0
12,DB00091,DB00947,1,1.0,A,DB00091,protein,709,1.0,0.0,0.0
12,DB00091,DB00947,1,1.0,A,DB00091,protein,721,1.0,0.0,0.0
12,DB00091,DB00947,1,1.0,A,DB00091,protein,731,1.0,0.0,0.0
12,DB00091,DB00947,1,1.0,A,DB00091,protein,742,1.0,0.0,0.0
12,DB00091,DB00947,1,1.0,A,DB00091,protein,746,1.0,0.0,0.0
12,DB00091,DB00947,1,1.0,A,DB00091,protein,749,1.0,0.0,0.0
12,DB00091,DB00947,1,1.0,A,DB00091,protein,790,1.0,0.0,0.0
12,DB00091,DB00947,1,1.0,A,DB00091,protein,802,1.0,0.0,0.0
12,DB00091,DB00947,1,1.0,A,DB00091,protein,814,1.0,0.0,0.0
12,DB00091,DB00947,1,1.0,A,DB00091,protein,827,1.0,0.0,0.0
12,DB00091,DB00947,1,1.0,A,DB00091,protein,863,1.0,0.0,0.0
12,DB00091,DB00947,1,1.0,A,DB00091,protein,879,1.0,0.0,0.0
12,DB00091,DB00947,1,1.0,A,DB00091,protein,884,1.0,0.0,0.0
12,DB00091,DB00947,1,1.0,A,DB00091,protein,893,1.0,0.0,0.0
12,DB00091,DB00947,1,1.0,A,DB00091,protein,908,1.0,0.0,0.0
12,DB00091,DB00947,1,1.0,A,DB00091,protein,920,1.0,0.0,0.0
12,DB00091,DB00947,1,1.0,A,DB00091,protein,930,1.0,0.0,0.0
12,DB00091,DB00947,1,1.0,A,DB00091,protein,936,1.0,0.0,0.0
12,DB00091,DB00947,1,1.0,A,DB00091,protein,940,1.0,0.0,0.0
12,DB00091,DB00947,1,1.0,A,DB00091,protein,942,1.0,0.0,0.0
12,DB00091,DB00947,1,1.0,A,DB00091,protein,943,1.0,0.0,0.0
12,DB00091,DB00947,1,1.0,A,DB00091,protein,948,1.0,0.0,0.0
12,DB00091,DB00947,1,1.0,A,DB00091,protein,955,1.0,0.0,0.0
12,DB00091,DB00947,1,1.0,A,DB00091,protein,964,1.0,0.0,0.0
12,DB00091,DB00947,1,1.0,A,DB00091,protein,987,1.0,0.0,0.0
12,DB00091,DB00947,1,1.0,A,DB00091,protein,991,1.0,0.0,0.0
12,DB00091,DB00947,1,1.0,A,DB00091,protein,998,1.0,0.0,0.0
12,DB00091,DB00947,1,1.0,A,DB00091,protein,1008,1.0,0.0,0.0
12,DB00091,DB00947,1,1.0,A,DB00091,protein,1020,1.0,0.0,0.0
12,DB00091,DB00947,1,1.0,A,DB00091,protein,1025,1.0,0.0,0.0
12,DB00091,DB00947,1,1.0,A,DB00091,protein,1026,1.0,0.0,0.0
12,DB00091,DB00947,1,1.0,A,DB00091,protein,1027,1.0,0.0,0.0
12,DB00091,DB00947,1,1.0,A,DB00091,protein,1031,1.0,0.0,0.0
12,DB00091,DB00947,1,1.0,A,DB00091,protein,1032,1.0,0.0,0.0
12,DB00091,DB00947,1,1.0,A,DB00091,protein,1033,1.0,0.0,0.0
12,DB00091,DB00947,1,1.0,A,DB00091,protein,1034,1.0,0.0,0.0
12,DB00091,DB00947,1,1.0,A,DB00091,protein,1046,1.0,0.0,0.0
12,DB00091,DB00947,1,1.0,A,DB00091,protein,1063,1.0,0.0,0.0
12,DB00091,DB00947,1,1.0,A,DB00091,protein,1067,1.0,0.0,0.0
12,DB00091,DB00947,1,1.0,A,DB00091,protein,1082,1.0,0.0,0.0
12,DB00091,DB00947,1,1.0,A,DB00091,protein,1086,1.0,0.0,0.0
12,DB00091,DB00947,1,1.0,A,DB00091,protein,1090,1.0,0.0,0.0
12,DB00091,DB00947,1,1.0,A,DB00091,protein,1100,1.0,0.0,0.0
12,DB00091,DB00947,1,1.0,A,DB00091,protein,1116,1.0,0.0,0.0
12,DB00091,DB00947,1,1.0,A,DB00091,protein,1135,1.0,0.0,0.0
12,DB00091,DB00947,1,1.0,A,DB00091,protein,1136,1.0,0.0,0.0
12,DB00091,DB00947,1,1.0,A,DB00091,protein,1143,1.0,0.0,0.0
12,DB00091,DB00947,1,1.0,A,DB00091,protein,1156,1.0,0.0,0.0
12,DB00091,DB00947,1,1.0,A,DB00091,protein,1171,1.0,0.0,0.0
12,DB00091,DB00947,1,1.0,A,DB00091,protein,1184,1.0,0.0,0.0
12,DB00091,DB00947,1,1.0,A,DB00091,protein,1186,1.0,0.0,0.0
12,DB00091,DB00947,1,1.0,A,DB00091,protein,1187,1.0,0.0,0.0
12,DB00091,DB00947,1,1.0,A,DB00091,protein,1200,1.0,0.0,0.0
12,DB00091,DB00947,1,1.0,A,DB00091,protein,1203,1.0,0.0,0.0
12,DB00091,DB00947,1,1.0,A,DB00091,protein,1206,1.0,0.0,0.0
12,DB00091,DB00947,1,1.0,A,DB00091,protein,1227,1.0,0.0,0.0
12,DB00091,DB00947,1,1.0,A,DB00091,protein,1228,1.0,0.0,0.0
12,DB00091,DB00947,1,1.0,A,DB00091,protein,1230,1.0,0.0,0.0
12,DB00091,DB00947,1,1.0,A,DB00091,protein,1234,1.0,0.0,0.0
12,DB00091,DB00947,1,1.0,A,DB00091,protein,1274,1.0,0.0,0.0
12,DB00091,DB00947,1,1.0,A,DB00091,protein,1276,1.0,0.0,0.0
12,DB00091,DB00947,1,1.0,A,DB00091,protein,1303,1.0,0.0,0.0
12,DB00091,DB00947,1,1.0,A,DB00091,protein,1304,1.0,0.0,0.0
12,DB00091,DB00947,1,1.0,A,DB00091,protein,1319,1.0,0.0,0.0
12,DB00091,DB00947,1,1.0,A,DB00091,protein,1320,1.0,0.0,0.0
12,DB00091,DB00947,1,1.0,A,DB00091,protein,1322,1.0,0.0,0.0
12,DB00091,DB00947,1,1.0,A,DB00091,protein,1337,1.0,0.0,0.0
12,DB00091,DB00947,1,1.0,A,DB00091,protein,1360,1.0,0.0,0.0
12,DB00091,DB00947,1,1.0,A,DB00091,protein,1438,1.0,0.0,0.0
12,DB00091,DB00947,1,1.0,A,DB00091,protein,1441,1.0,0.0,0.0
12,DB00091,DB00947,1,1.0,A,DB00091,protein,1477,1.0,0.0,0.0
12,DB00091,DB00947,1,1.0,A,DB00091,protein,1485,1.0,0.0,0.0
12,DB00091,DB00947,1,1.0,A,DB00091,protein,1515,1.0,0.0,0.0
12,DB00091,DB00947,1,1.0,A,DB00091,protein,1516,1.0,0.0,0.0
12,DB00091,DB00947,1,1.0,A,DB00091,protein,1554,1.0,0.0,0.0
12,DB00091,DB00947,1,1.0,A,DB00091,protein,1650,1.0,0.0,0.0
12,DB00091,DB00947,1,1.0,A,DB00091,protein,1651,1.0,0.0,0.0
12,DB00091,DB00947,1,1.0,A,DB00091,protein,1656,1.0,0.0,0.0
12,DB00091,DB00947,1,1.0,A,DB00091,protein,1667,1.0,0.0,0.0
12,DB00091,DB00947,1,1.0,A,DB00091,protein,1705,1.0,0.0,0.0
12,DB00091,DB00947,1,1.0,A,DB00091,protein,1748,1.0,0.0,0.0
12,DB00091,DB00947,1,1.0,A,DB00091,protein,1757,1.0,0.0,0.0
12,DB00091,DB00947,1,1.0,A,DB00091,protein,1760,1.0,0.0,0.0
12,DB00091,DB00947,1,1.0,A,DB00091,protein,1772,1.0,0.0,0.0
12,DB00091,DB00947,1,1.0,A,DB00091,protein,1781,1.0,0.0,0.0
12,DB00091,DB00947,1,1.0,A,DB00091,protein,1843,1.0,0.0,0.0
12,DB00091,DB00947,1,1.0,A,DB00091,protein,1852,1.0,0.0,0.0
12,DB00091,DB00947,1,1.0,A,DB00091,protein,1867,1.0,0.0,0.0
12,DB00091,DB00947,1,1.0,A,DB00091,protein,1874,1.0,0.0,0.0
12,DB00091,DB00947,1,1.0,A,DB00091,protein,1911,1.0,0.0,0.0
12,DB00091,DB00947,1,1.0,A,DB00091,protein,1975,1.0,0.0,0.0
12,DB00091,DB00947,1,1.0,A,DB00091,protein,2027,1.0,0.0,0.0
12,DB00091,DB00947,1,1.0,A,DB00091,protein,2037,1.0,0.0,0.0
12,DB00091,DB00947,1,1.0,A,DB00091,protein,2051,1.0,0.0,0.0
12,DB00091,DB00947,1,1.0,A,DB00091,protein,2095,1.0,0.0,0.0
12,DB00091,DB00947,1,1.0,A,DB00091,protein,2125,1.0,0.0,0.0
12,DB00091,DB00947,1,1.0,A,DB00091,protein,2159,1.0,0.0,0.0
12,DB00091,DB00947,1,1.0,A,DB00091,protein,2348,1.0,0.0,0.0
12,DB00091,DB00947,1,1.0,A,DB00091,protein,2357,1.0,0.0,0.0
12,DB00091,DB00947,1,1.0,A,DB00091,protein,2361,1.0,0.0,0.0
12,DB00091,DB00947,1,1.0,A,DB00091,protein,2408,1.0,0.0,0.0
12,DB00091,DB00947,1,1.0,A,DB00091,protein,2417,1.0,0.0,0.0
12,DB00091,DB00947,1,1.0,A,DB00091,protein,2433,1.0,0.0,0.0
12,DB00091,DB00947,1,1.0,A,DB00091,protein,2475,1.0,0.0,0.0
12,DB00091,DB00947,1,1.0,A,DB00091,protein,2479,1.0,0.0,0.0
12,DB00091,DB00947,1,1.0,A,DB00091,protein,2622,1.0,0.0,0.0
12,DB00091,DB00947,1,1.0,A,DB00091,protein,2659,1.0,0.0,0.0
12,DB00091,DB00947,1,1.0,A,DB00091,protein,2720,1.0,0.0,0.0
12,DB00091,DB00947,1,1.0,A,DB00091,protein,2724,1.0,0.0,0.0
12,DB00091,DB00947,1,1.0,A,DB00091,protein,2793,1.0,0.0,0.0
12,DB00091,DB00947,1,1.0,A,DB00091,protein,2797,1.0,0.0,0.0
12,DB00091,DB00947,1,1.0,A,DB00091,protein,2831,1.0,0.0,0.0
12,DB00091,DB00947,1,1.0,A,DB00091,protein,2849,1.0,0.0,0.0
12,DB00091,DB00947,1,1.0,A,DB00091,protein,2885,1.0,0.0,0.0
12,DB00091,DB00947,1,1.0,B,DB00947,protein,215,1.0,0.0,0.0
12,DB00091,DB00947,1,1.0,B,DB00947,protein,412,1.0,0.0,0.0
12,DB00091,DB00947,1,1.0,B,DB00947,protein,503,1.0,0.0,0.0
12,DB00091,DB00947,1,1.0,B,DB00947,protein,597,0.9999984502792358,1.5497207641601562e-06,1.5497207641601562e-06
12,DB00091,DB00947,1,1.0,B,DB00947,protein,743,1.0,0.0,0.0
12,DB00091,DB00947,1,1.0,B,DB00947,protein,747,1.0,0.0,0.0
12,DB00091,DB00947,1,1.0,B,DB00947,protein,827,1.0,0.0,0.0
12,DB00091,DB00947,1,1.0,B,DB00947,protein,965,1.0,0.0,0.0
12,DB00091,DB00947,1,1.0,B,DB00947,protein,1214,0.9999994039535522,5.960464477539062e-07,5.960464477539062e-07
12,DB00091,DB00947,1,1.0,B,DB00947,protein,1572,1.0,0.0,0.0
12,DB00091,DB00947,1,1.0,B,DB00947,protein,1598,1.0,0.0,0.0
12,DB00091,DB00947,1,1.0,B,DB00947,protein,1867,1.0,0.0,0.0
12,DB00091,DB00947,1,1.0,B,DB00947,protein,1999,1.0,0.0,0.0
12,DB00091,DB00947,1,1.0,B,DB00947,protein,2027,1.0,0.0,0.0
12,DB00091,DB00947,1,1.0,B,DB00947,protein,2348,1.0,0.0,0.0
12,DB00091,DB00947,1,1.0,B,DB00947,protein,2357,1.0,0.0,0.0
12,DB00091,DB00947,1,1.0,B,DB00947,protein,2408,1.0,0.0,0.0
12,DB00091,DB00947,1,1.0,B,DB00947,protein,2433,1.0,0.0,0.0
12,DB00091,DB00947,1,1.0,B,DB00947,protein,2438,1.0,0.0,0.0
12,DB00091,DB00947,1,1.0,B,DB00947,protein,2659,1.0,0.0,0.0
12,DB00091,DB00947,1,1.0,B,DB00947,protein,2665,1.0,0.0,0.0
12,DB00091,DB00947,1,1.0,B,DB00947,protein,2720,1.0,0.0,0.0
12,DB00091,DB00947,1,1.0,B,DB00947,protein,2849,1.0,0.0,0.0
13,DB00091,DB00956,1,1.0,A,DB00091,protein,29,1.0,0.0,0.0
13,DB00091,DB00956,1,1.0,A,DB00091,protein,100,1.0,0.0,0.0
13,DB00091,DB00956,1,1.0,A,DB00091,protein,104,1.0,0.0,0.0
13,DB00091,DB00956,1,1.0,A,DB00091,protein,119,1.0,0.0,0.0
13,DB00091,DB00956,1,1.0,A,DB00091,protein,218,1.0,0.0,0.0
13,DB00091,DB00956,1,1.0,A,DB00091,protein,221,1.0,0.0,0.0
13,DB00091,DB00956,1,1.0,A,DB00091,protein,244,1.0,0.0,0.0
13,DB00091,DB00956,1,1.0,A,DB00091,protein,251,1.0,0.0,0.0
13,DB00091,DB00956,1,1.0,A,DB00091,protein,259,1.0,0.0,0.0
13,DB00091,DB00956,1,1.0,A,DB00091,protein,273,1.0,0.0,0.0
13,DB00091,DB00956,1,1.0,A,DB00091,protein,277,1.0,0.0,0.0
13,DB00091,DB00956,1,1.0,A,DB00091,protein,282,1.0,0.0,0.0
13,DB00091,DB00956,1,1.0,A,DB00091,protein,323,1.0,0.0,0.0
13,DB00091,DB00956,1,1.0,A,DB00091,protein,346,1.0,0.0,0.0
13,DB00091,DB00956,1,1.0,A,DB00091,protein,376,1.0,0.0,0.0
13,DB00091,DB00956,1,1.0,A,DB00091,protein,412,1.0,0.0,0.0
13,DB00091,DB00956,1,1.0,A,DB00091,protein,418,1.0,0.0,0.0
13,DB00091,DB00956,1,1.0,A,DB00091,protein,421,1.0,0.0,0.0
13,DB00091,DB00956,1,1.0,A,DB00091,protein,425,1.0,0.0,0.0
13,DB00091,DB00956,1,1.0,A,DB00091,protein,430,1.0,0.0,0.0
13,DB00091,DB00956,1,1.0,A,DB00091,protein,445,1.0,0.0,0.0
13,DB00091,DB00956,1,1.0,A,DB00091,protein,461,1.0,0.0,0.0
13,DB00091,DB00956,1,1.0,A,DB00091,protein,475,1.0,0.0,0.0
13,DB00091,DB00956,1,1.0,A,DB00091,protein,477,1.0,0.0,0.0
13,DB00091,DB00956,1,1.0,A,DB00091,protein,497,1.0,0.0,0.0
13,DB00091,DB00956,1,1.0,A,DB00091,protein,498,1.0,0.0,0.0
13,DB00091,DB00956,1,1.0,A,DB00091,protein,515,1.0,0.0,0.0
13,DB00091,DB00956,1,1.0,A,DB00091,protein,548,1.0,0.0,0.0
13,DB00091,DB00956,1,1.0,A,DB00091,protein,565,1.0,0.0,0.0
13,DB00091,DB00956,1,1.0,A,DB00091,protein,566,1.0,0.0,0.0
13,DB00091,DB00956,1,1.0,A,DB00091,protein,568,1.0,0.0,0.0
13,DB00091,DB00956,1,1.0,A,DB00091,protein,575,1.0,0.0,0.0
13,DB00091,DB00956,1,1.0,A,DB00091,protein,580,1.0,0.0,0.0
13,DB00091,DB00956,1,1.0,A,DB00091,protein,589,1.0,0.0,0.0
13,DB00091,DB00956,1,1.0,A,DB00091,protein,591,1.0,0.0,0.0
13,DB00091,DB00956,1,1.0,A,DB00091,protein,597,1.0,0.0,0.0
13,DB00091,DB00956,1,1.0,A,DB00091,protein,608,1.0,0.0,0.0
13,DB00091,DB00956,1,1.0,A,DB00091,protein,609,1.0,0.0,0.0
13,DB00091,DB00956,1,1.0,A,DB00091,protein,687,1.0,0.0,0.0
13,DB00091,DB00956,1,1.0,A,DB00091,protein,698,1.0,0.0,0.0
13,DB00091,DB00956,1,1.0,A,DB00091,protein,708,1.0,0.0,0.0
13,DB00091,DB00956,1,1.0,A,DB00091,protein,709,1.0,0.0,0.0
13,DB00091,DB00956,1,1.0,A,DB00091,protein,721,1.0,0.0,0.0
13,DB00091,DB00956,1,1.0,A,DB00091,protein,731,1.0,0.0,0.0
13,DB00091,DB00956,1,1.0,A,DB00091,protein,742,1.0,0.0,0.0
13,DB00091,DB00956,1,1.0,A,DB00091,protein,746,1.0,0.0,0.0
13,DB00091,DB00956,1,1.0,A,DB00091,protein,749,1.0,0.0,0.0
13,DB00091,DB00956,1,1.0,A,DB00091,protein,790,1.0,0.0,0.0
13,DB00091,DB00956,1,1.0,A,DB00091,protein,802,1.0,0.0,0.0
13,DB00091,DB00956,1,1.0,A,DB00091,protein,814,1.0,0.0,0.0
13,DB00091,DB00956,1,1.0,A,DB00091,protein,827,1.0,0.0,0.0
13,DB00091,DB00956,1,1.0,A,DB00091,protein,863,1.0,0.0,0.0
13,DB00091,DB00956,1,1.0,A,DB00091,protein,879,1.0,0.0,0.0
13,DB00091,DB00956,1,1.0,A,DB00091,protein,884,1.0,0.0,0.0
13,DB00091,DB00956,1,1.0,A,DB00091,protein,893,1.0,0.0,0.0
13,DB00091,DB00956,1,1.0,A,DB00091,protein,908,1.0,0.0,0.0
13,DB00091,DB00956,1,1.0,A,DB00091,protein,920,1.0,0.0,0.0
13,DB00091,DB00956,1,1.0,A,DB00091,protein,930,1.0,0.0,0.0
13,DB00091,DB00956,1,1.0,A,DB00091,protein,936,1.0,0.0,0.0
13,DB00091,DB00956,1,1.0,A,DB00091,protein,940,1.0,0.0,0.0
13,DB00091,DB00956,1,1.0,A,DB00091,protein,942,1.0,0.0,0.0
13,DB00091,DB00956,1,1.0,A,DB00091,protein,943,1.0,0.0,0.0
13,DB00091,DB00956,1,1.0,A,DB00091,protein,948,1.0,0.0,0.0
13,DB00091,DB00956,1,1.0,A,DB00091,protein,955,1.0,0.0,0.0
13,DB00091,DB00956,1,1.0,A,DB00091,protein,964,1.0,0.0,0.0
13,DB00091,DB00956,1,1.0,A,DB00091,protein,987,1.0,0.0,0.0
13,DB00091,DB00956,1,1.0,A,DB00091,protein,991,1.0,0.0,0.0
13,DB00091,DB00956,1,1.0,A,DB00091,protein,998,1.0,0.0,0.0
13,DB00091,DB00956,1,1.0,A,DB00091,protein,1008,1.0,0.0,0.0
13,DB00091,DB00956,1,1.0,A,DB00091,protein,1020,1.0,0.0,0.0
13,DB00091,DB00956,1,1.0,A,DB00091,protein,1025,1.0,0.0,0.0
13,DB00091,DB00956,1,1.0,A,DB00091,protein,1026,1.0,0.0,0.0
13,DB00091,DB00956,1,1.0,A,DB00091,protein,1027,1.0,0.0,0.0
13,DB00091,DB00956,1,1.0,A,DB00091,protein,1031,1.0,0.0,0.0
13,DB00091,DB00956,1,1.0,A,DB00091,protein,1032,1.0,0.0,0.0
13,DB00091,DB00956,1,1.0,A,DB00091,protein,1033,1.0,0.0,0.0
13,DB00091,DB00956,1,1.0,A,DB00091,protein,1034,1.0,0.0,0.0
13,DB00091,DB00956,1,1.0,A,DB00091,protein,1046,1.0,0.0,0.0
13,DB00091,DB00956,1,1.0,A,DB00091,protein,1063,1.0,0.0,0.0
13,DB00091,DB00956,1,1.0,A,DB00091,protein,1067,1.0,0.0,0.0
13,DB00091,DB00956,1,1.0,A,DB00091,protein,1082,1.0,0.0,0.0
13,DB00091,DB00956,1,1.0,A,DB00091,protein,1086,1.0,0.0,0.0
13,DB00091,DB00956,1,1.0,A,DB00091,protein,1090,1.0,0.0,0.0
13,DB00091,DB00956,1,1.0,A,DB00091,protein,1100,1.0,0.0,0.0
13,DB00091,DB00956,1,1.0,A,DB00091,protein,1116,1.0,0.0,0.0
13,DB00091,DB00956,1,1.0,A,DB00091,protein,1135,1.0,0.0,0.0
13,DB00091,DB00956,1,1.0,A,DB00091,protein,1136,1.0,0.0,0.0
13,DB00091,DB00956,1,1.0,A,DB00091,protein,1143,1.0,0.0,0.0
13,DB00091,DB00956,1,1.0,A,DB00091,protein,1156,1.0,0.0,0.0
13,DB00091,DB00956,1,1.0,A,DB00091,protein,1171,1.0,0.0,0.0
13,DB00091,DB00956,1,1.0,A,DB00091,protein,1184,1.0,0.0,0.0
13,DB00091,DB00956,1,1.0,A,DB00091,protein,1186,1.0,0.0,0.0
13,DB00091,DB00956,1,1.0,A,DB00091,protein,1187,1.0,0.0,0.0
13,DB00091,DB00956,1,1.0,A,DB00091,protein,1200,1.0,0.0,0.0
13,DB00091,DB00956,1,1.0,A,DB00091,protein,1203,1.0,0.0,0.0
13,DB00091,DB00956,1,1.0,A,DB00091,protein,1206,1.0,0.0,0.0
13,DB00091,DB00956,1,1.0,A,DB00091,protein,1227,1.0,0.0,0.0
13,DB00091,DB00956,1,1.0,A,DB00091,protein,1228,1.0,0.0,0.0
13,DB00091,DB00956,1,1.0,A,DB00091,protein,1230,1.0,0.0,0.0
13,DB00091,DB00956,1,1.0,A,DB00091,protein,1234,1.0,0.0,0.0
13,DB00091,DB00956,1,1.0,A,DB00091,protein,1274,1.0,0.0,0.0
13,DB00091,DB00956,1,1.0,A,DB00091,protein,1276,1.0,0.0,0.0
13,DB00091,DB00956,1,1.0,A,DB00091,protein,1303,1.0,0.0,0.0
13,DB00091,DB00956,1,1.0,A,DB00091,protein,1304,1.0,0.0,0.0
13,DB00091,DB00956,1,1.0,A,DB00091,protein,1319,1.0,0.0,0.0
13,DB00091,DB00956,1,1.0,A,DB00091,protein,1320,1.0,0.0,0.0
13,DB00091,DB00956,1,1.0,A,DB00091,protein,1322,1.0,0.0,0.0
13,DB00091,DB00956,1,1.0,A,DB00091,protein,1337,1.0,0.0,0.0
13,DB00091,DB00956,1,1.0,A,DB00091,protein,1360,1.0,0.0,0.0
13,DB00091,DB00956,1,1.0,A,DB00091,protein,1438,1.0,0.0,0.0
13,DB00091,DB00956,1,1.0,A,DB00091,protein,1441,1.0,0.0,0.0
13,DB00091,DB00956,1,1.0,A,DB00091,protein,1477,1.0,0.0,0.0
13,DB00091,DB00956,1,1.0,A,DB00091,protein,1485,1.0,0.0,0.0
13,DB00091,DB00956,1,1.0,A,DB00091,protein,1515,1.0,0.0,0.0
13,DB00091,DB00956,1,1.0,A,DB00091,protein,1516,1.0,0.0,0.0
13,DB00091,DB00956,1,1.0,A,DB00091,protein,1554,1.0,0.0,0.0
13,DB00091,DB00956,1,1.0,A,DB00091,protein,1650,0.9999881982803345,1.1801719665527344e-05,1.1801719665527344e-05
13,DB00091,DB00956,1,1.0,A,DB00091,protein,1651,1.0,0.0,0.0
13,DB00091,DB00956,1,1.0,A,DB00091,protein,1656,1.0,0.0,0.0
13,DB00091,DB00956,1,1.0,A,DB00091,protein,1667,1.0,0.0,0.0
13,DB00091,DB00956,1,1.0,A,DB00091,protein,1705,1.0,0.0,0.0
13,DB00091,DB00956,1,1.0,A,DB00091,protein,1748,1.0,0.0,0.0
13,DB00091,DB00956,1,1.0,A,DB00091,protein,1757,1.0,0.0,0.0
13,DB00091,DB00956,1,1.0,A,DB00091,protein,1760,1.0,0.0,0.0
13,DB00091,DB00956,1,1.0,A,DB00091,protein,1772,1.0,0.0,0.0
13,DB00091,DB00956,1,1.0,A,DB00091,protein,1781,1.0,0.0,0.0
13,DB00091,DB00956,1,1.0,A,DB00091,protein,1843,1.0,0.0,0.0
13,DB00091,DB00956,1,1.0,A,DB00091,protein,1852,1.0,0.0,0.0
13,DB00091,DB00956,1,1.0,A,DB00091,protein,1867,1.0,0.0,0.0
13,DB00091,DB00956,1,1.0,A,DB00091,protein,1874,1.0,0.0,0.0
13,DB00091,DB00956,1,1.0,A,DB00091,protein,1911,1.0,0.0,0.0
13,DB00091,DB00956,1,1.0,A,DB00091,protein,1975,1.0,0.0,0.0
13,DB00091,DB00956,1,1.0,A,DB00091,protein,2027,1.0,0.0,0.0
13,DB00091,DB00956,1,1.0,A,DB00091,protein,2037,1.0,0.0,0.0
13,DB00091,DB00956,1,1.0,A,DB00091,protein,2051,1.0,0.0,0.0
13,DB00091,DB00956,1,1.0,A,DB00091,protein,2095,1.0,0.0,0.0
13,DB00091,DB00956,1,1.0,A,DB00091,protein,2125,1.0,0.0,0.0
13,DB00091,DB00956,1,1.0,A,DB00091,protein,2159,1.0,0.0,0.0
13,DB00091,DB00956,1,1.0,A,DB00091,protein,2348,1.0,0.0,0.0
13,DB00091,DB00956,1,1.0,A,DB00091,protein,2357,1.0,0.0,0.0
13,DB00091,DB00956,1,1.0,A,DB00091,protein,2361,1.0,0.0,0.0
13,DB00091,DB00956,1,1.0,A,DB00091,protein,2408,1.0,0.0,0.0
13,DB00091,DB00956,1,1.0,A,DB00091,protein,2417,1.0,0.0,0.0
13,DB00091,DB00956,1,1.0,A,DB00091,protein,2433,1.0,0.0,0.0
13,DB00091,DB00956,1,1.0,A,DB00091,protein,2475,1.0,0.0,0.0
13,DB00091,DB00956,1,1.0,A,DB00091,protein,2479,1.0,0.0,0.0
13,DB00091,DB00956,1,1.0,A,DB00091,protein,2622,1.0,0.0,0.0
13,DB00091,DB00956,1,1.0,A,DB00091,protein,2659,1.0,0.0,0.0
13,DB00091,DB00956,1,1.0,A,DB00091,protein,2720,1.0,0.0,0.0
13,DB00091,DB00956,1,1.0,A,DB00091,protein,2724,1.0,0.0,0.0
13,DB00091,DB00956,1,1.0,A,DB00091,protein,2793,1.0,0.0,0.0
13,DB00091,DB00956,1,1.0,A,DB00091,protein,2797,1.0,0.0,0.0
13,DB00091,DB00956,1,1.0,A,DB00091,protein,2831,1.0,0.0,0.0
13,DB00091,DB00956,1,1.0,A,DB00091,protein,2849,1.0,0.0,0.0
13,DB00091,DB00956,1,1.0,A,DB00091,protein,2885,1.0,0.0,0.0
13,DB00091,DB00956,1,1.0,B,DB00956,protein,376,0.9999998807907104,1.1920928955078125e-07,1.1920928955078125e-07
13,DB00091,DB00956,1,1.0,B,DB00956,protein,475,1.0,0.0,0.0
13,DB00091,DB00956,1,1.0,B,DB00956,protein,597,0.9999995231628418,4.76837158203125e-07,4.76837158203125e-07
13,DB00091,DB00956,1,1.0,B,DB00956,protein,708,1.0,0.0,0.0
13,DB00091,DB00956,1,1.0,B,DB00956,protein,749,1.0,0.0,0.0
13,DB00091,DB00956,1,1.0,B,DB00956,protein,929,1.0,0.0,0.0
13,DB00091,DB00956,1,1.0,B,DB00956,protein,1203,0.9999997615814209,2.384185791015625e-07,2.384185791015625e-07
13,DB00091,DB00956,1,1.0,B,DB00956,protein,1230,1.0,0.0,0.0
13,DB00091,DB00956,1,1.0,B,DB00956,protein,1303,1.0,0.0,0.0
13,DB00091,DB00956,1,1.0,B,DB00956,protein,1304,1.0,0.0,0.0
13,DB00091,DB00956,1,1.0,B,DB00956,protein,2416,1.0,0.0,0.0
13,DB00091,DB00956,1,1.0,B,DB00956,protein,2479,1.0,0.0,0.0
14,DB00091,DB01026,1,1.0,A,DB00091,protein,29,1.0,0.0,0.0
14,DB00091,DB01026,1,1.0,A,DB00091,protein,100,1.0,0.0,0.0
14,DB00091,DB01026,1,1.0,A,DB00091,protein,104,1.0,0.0,0.0
14,DB00091,DB01026,1,1.0,A,DB00091,protein,119,1.0,0.0,0.0
14,DB00091,DB01026,1,1.0,A,DB00091,protein,218,1.0,0.0,0.0
14,DB00091,DB01026,1,1.0,A,DB00091,protein,221,1.0,0.0,0.0
14,DB00091,DB01026,1,1.0,A,DB00091,protein,244,1.0,0.0,0.0
14,DB00091,DB01026,1,1.0,A,DB00091,protein,251,1.0,0.0,0.0
14,DB00091,DB01026,1,1.0,A,DB00091,protein,259,1.0,0.0,0.0
14,DB00091,DB01026,1,1.0,A,DB00091,protein,273,1.0,0.0,0.0
14,DB00091,DB01026,1,1.0,A,DB00091,protein,277,1.0,0.0,0.0
14,DB00091,DB01026,1,1.0,A,DB00091,protein,282,1.0,0.0,0.0
14,DB00091,DB01026,1,1.0,A,DB00091,protein,323,1.0,0.0,0.0
14,DB00091,DB01026,1,1.0,A,DB00091,protein,346,1.0,0.0,0.0
14,DB00091,DB01026,1,1.0,A,DB00091,protein,376,1.0,0.0,0.0
14,DB00091,DB01026,1,1.0,A,DB00091,protein,412,1.0,0.0,0.0
14,DB00091,DB01026,1,1.0,A,DB00091,protein,418,1.0,0.0,0.0
14,DB00091,DB01026,1,1.0,A,DB00091,protein,421,1.0,0.0,0.0
14,DB00091,DB01026,1,1.0,A,DB00091,protein,425,1.0,0.0,0.0
14,DB00091,DB01026,1,1.0,A,DB00091,protein,430,1.0,0.0,0.0
14,DB00091,DB01026,1,1.0,A,DB00091,protein,445,1.0,0.0,0.0
14,DB00091,DB01026,1,1.0,A,DB00091,protein,461,1.0,0.0,0.0
14,DB00091,DB01026,1,1.0,A,DB00091,protein,475,1.0,0.0,0.0
14,DB00091,DB01026,1,1.0,A,DB00091,protein,477,1.0,0.0,0.0
14,DB00091,DB01026,1,1.0,A,DB00091,protein,497,1.0,0.0,0.0
14,DB00091,DB01026,1,1.0,A,DB00091,protein,498,1.0,0.0,0.0
14,DB00091,DB01026,1,1.0,A,DB00091,protein,515,1.0,0.0,0.0
14,DB00091,DB01026,1,1.0,A,DB00091,protein,548,1.0,0.0,0.0
14,DB00091,DB01026,1,1.0,A,DB00091,protein,565,1.0,0.0,0.0
14,DB00091,DB01026,1,1.0,A,DB00091,protein,566,1.0,0.0,0.0
14,DB00091,DB01026,1,1.0,A,DB00091,protein,568,1.0,0.0,0.0
14,DB00091,DB01026,1,1.0,A,DB00091,protein,575,1.0,0.0,0.0
14,DB00091,DB01026,1,1.0,A,DB00091,protein,580,1.0,0.0,0.0
14,DB00091,DB01026,1,1.0,A,DB00091,protein,589,1.0,0.0,0.0
14,DB00091,DB01026,1,1.0,A,DB00091,protein,591,1.0,0.0,0.0
14,DB00091,DB01026,1,1.0,A,DB00091,protein,597,1.0,0.0,0.0
14,DB00091,DB01026,1,1.0,A,DB00091,protein,608,1.0,0.0,0.0
14,DB00091,DB01026,1,1.0,A,DB00091,protein,609,1.0,0.0,0.0
14,DB00091,DB01026,1,1.0,A,DB00091,protein,687,1.0,0.0,0.0
14,DB00091,DB01026,1,1.0,A,DB00091,protein,698,1.0,0.0,0.0
14,DB00091,DB01026,1,1.0,A,DB00091,protein,708,1.0,0.0,0.0
14,DB00091,DB01026,1,1.0,A,DB00091,protein,709,1.0,0.0,0.0
14,DB00091,DB01026,1,1.0,A,DB00091,protein,721,1.0,0.0,0.0
14,DB00091,DB01026,1,1.0,A,DB00091,protein,731,1.0,0.0,0.0
14,DB00091,DB01026,1,1.0,A,DB00091,protein,742,1.0,0.0,0.0
14,DB00091,DB01026,1,1.0,A,DB00091,protein,746,1.0,0.0,0.0
14,DB00091,DB01026,1,1.0,A,DB00091,protein,749,1.0,0.0,0.0
14,DB00091,DB01026,1,1.0,A,DB00091,protein,790,1.0,0.0,0.0
14,DB00091,DB01026,1,1.0,A,DB00091,protein,802,1.0,0.0,0.0
14,DB00091,DB01026,1,1.0,A,DB00091,protein,814,1.0,0.0,0.0
14,DB00091,DB01026,1,1.0,A,DB00091,protein,827,1.0,0.0,0.0
14,DB00091,DB01026,1,1.0,A,DB00091,protein,863,1.0,0.0,0.0
14,DB00091,DB01026,1,1.0,A,DB00091,protein,879,1.0,0.0,0.0
14,DB00091,DB01026,1,1.0,A,DB00091,protein,884,1.0,0.0,0.0
14,DB00091,DB01026,1,1.0,A,DB00091,protein,893,1.0,0.0,0.0
14,DB00091,DB01026,1,1.0,A,DB00091,protein,908,1.0,0.0,0.0
14,DB00091,DB01026,1,1.0,A,DB00091,protein,920,1.0,0.0,0.0
14,DB00091,DB01026,1,1.0,A,DB00091,protein,930,1.0,0.0,0.0
14,DB00091,DB01026,1,1.0,A,DB00091,protein,936,1.0,0.0,0.0
14,DB00091,DB01026,1,1.0,A,DB00091,protein,940,1.0,0.0,0.0
14,DB00091,DB01026,1,1.0,A,DB00091,protein,942,1.0,0.0,0.0
14,DB00091,DB01026,1,1.0,A,DB00091,protein,943,1.0,0.0,0.0
14,DB00091,DB01026,1,1.0,A,DB00091,protein,948,1.0,0.0,0.0
14,DB00091,DB01026,1,1.0,A,DB00091,protein,955,1.0,0.0,0.0
14,DB00091,DB01026,1,1.0,A,DB00091,protein,964,1.0,0.0,0.0
14,DB00091,DB01026,1,1.0,A,DB00091,protein,987,1.0,0.0,0.0
14,DB00091,DB01026,1,1.0,A,DB00091,protein,991,1.0,0.0,0.0
14,DB00091,DB01026,1,1.0,A,DB00091,protein,998,1.0,0.0,0.0
14,DB00091,DB01026,1,1.0,A,DB00091,protein,1008,1.0,0.0,0.0
14,DB00091,DB01026,1,1.0,A,DB00091,protein,1020,1.0,0.0,0.0
14,DB00091,DB01026,1,1.0,A,DB00091,protein,1025,1.0,0.0,0.0
14,DB00091,DB01026,1,1.0,A,DB00091,protein,1026,1.0,0.0,0.0
14,DB00091,DB01026,1,1.0,A,DB00091,protein,1027,1.0,0.0,0.0
14,DB00091,DB01026,1,1.0,A,DB00091,protein,1031,1.0,0.0,0.0
14,DB00091,DB01026,1,1.0,A,DB00091,protein,1032,1.0,0.0,0.0
14,DB00091,DB01026,1,1.0,A,DB00091,protein,1033,1.0,0.0,0.0
14,DB00091,DB01026,1,1.0,A,DB00091,protein,1034,1.0,0.0,0.0
14,DB00091,DB01026,1,1.0,A,DB00091,protein,1046,1.0,0.0,0.0
14,DB00091,DB01026,1,1.0,A,DB00091,protein,1063,1.0,0.0,0.0
14,DB00091,DB01026,1,1.0,A,DB00091,protein,1067,1.0,0.0,0.0
14,DB00091,DB01026,1,1.0,A,DB00091,protein,1082,1.0,0.0,0.0
14,DB00091,DB01026,1,1.0,A,DB00091,protein,1086,1.0,0.0,0.0
14,DB00091,DB01026,1,1.0,A,DB00091,protein,1090,1.0,0.0,0.0
14,DB00091,DB01026,1,1.0,A,DB00091,protein,1100,1.0,0.0,0.0
14,DB00091,DB01026,1,1.0,A,DB00091,protein,1116,1.0,0.0,0.0
14,DB00091,DB01026,1,1.0,A,DB00091,protein,1135,1.0,0.0,0.0
14,DB00091,DB01026,1,1.0,A,DB00091,protein,1136,1.0,0.0,0.0
14,DB00091,DB01026,1,1.0,A,DB00091,protein,1143,1.0,0.0,0.0
14,DB00091,DB01026,1,1.0,A,DB00091,protein,1156,1.0,0.0,0.0
14,DB00091,DB01026,1,1.0,A,DB00091,protein,1171,1.0,0.0,0.0
14,DB00091,DB01026,1,1.0,A,DB00091,protein,1184,1.0,0.0,0.0
14,DB00091,DB01026,1,1.0,A,DB00091,protein,1186,1.0,0.0,0.0
14,DB00091,DB01026,1,1.0,A,DB00091,protein,1187,1.0,0.0,0.0
14,DB00091,DB01026,1,1.0,A,DB00091,protein,1200,1.0,0.0,0.0
14,DB00091,DB01026,1,1.0,A,DB00091,protein,1203,1.0,0.0,0.0
14,DB00091,DB01026,1,1.0,A,DB00091,protein,1206,1.0,0.0,0.0
14,DB00091,DB01026,1,1.0,A,DB00091,protein,1227,1.0,0.0,0.0
14,DB00091,DB01026,1,1.0,A,DB00091,protein,1228,1.0,0.0,0.0
14,DB00091,DB01026,1,1.0,A,DB00091,protein,1230,1.0,0.0,0.0
14,DB00091,DB01026,1,1.0,A,DB00091,protein,1234,1.0,0.0,0.0
14,DB00091,DB01026,1,1.0,A,DB00091,protein,1274,1.0,0.0,0.0
14,DB00091,DB01026,1,1.0,A,DB00091,protein,1276,1.0,0.0,0.0
14,DB00091,DB01026,1,1.0,A,DB00091,protein,1303,1.0,0.0,0.0
14,DB00091,DB01026,1,1.0,A,DB00091,protein,1304,1.0,0.0,0.0
14,DB00091,DB01026,1,1.0,A,DB00091,protein,1319,1.0,0.0,0.0
14,DB00091,DB01026,1,1.0,A,DB00091,protein,1320,1.0,0.0,0.0
14,DB00091,DB01026,1,1.0,A,DB00091,protein,1322,1.0,0.0,0.0
14,DB00091,DB01026,1,1.0,A,DB00091,protein,1337,1.0,0.0,0.0
14,DB00091,DB01026,1,1.0,A,DB00091,protein,1360,1.0,0.0,0.0
14,DB00091,DB01026,1,1.0,A,DB00091,protein,1438,1.0,0.0,0.0
14,DB00091,DB01026,1,1.0,A,DB00091,protein,1441,1.0,0.0,0.0
14,DB00091,DB01026,1,1.0,A,DB00091,protein,1477,1.0,0.0,0.0
14,DB00091,DB01026,1,1.0,A,DB00091,protein,1485,1.0,0.0,0.0
14,DB00091,DB01026,1,1.0,A,DB00091,protein,1515,1.0,0.0,0.0
14,DB00091,DB01026,1,1.0,A,DB00091,protein,1516,1.0,0.0,0.0
14,DB00091,DB01026,1,1.0,A,DB00091,protein,1554,1.0,0.0,0.0
14,DB00091,DB01026,1,1.0,A,DB00091,protein,1650,0.9999995231628418,4.76837158203125e-07,4.76837158203125e-07
14,DB00091,DB01026,1,1.0,A,DB00091,protein,1651,1.0,0.0,0.0
14,DB00091,DB01026,1,1.0,A,DB00091,protein,1656,1.0,0.0,0.0
14,DB00091,DB01026,1,1.0,A,DB00091,protein,1667,1.0,0.0,0.0
14,DB00091,DB01026,1,1.0,A,DB00091,protein,1705,1.0,0.0,0.0
14,DB00091,DB01026,1,1.0,A,DB00091,protein,1748,1.0,0.0,0.0
14,DB00091,DB01026,1,1.0,A,DB00091,protein,1757,1.0,0.0,0.0
14,DB00091,DB01026,1,1.0,A,DB00091,protein,1760,1.0,0.0,0.0
14,DB00091,DB01026,1,1.0,A,DB00091,protein,1772,1.0,0.0,0.0
14,DB00091,DB01026,1,1.0,A,DB00091,protein,1781,1.0,0.0,0.0
14,DB00091,DB01026,1,1.0,A,DB00091,protein,1843,1.0,0.0,0.0
14,DB00091,DB01026,1,1.0,A,DB00091,protein,1852,1.0,0.0,0.0
14,DB00091,DB01026,1,1.0,A,DB00091,protein,1867,1.0,0.0,0.0
14,DB00091,DB01026,1,1.0,A,DB00091,protein,1874,1.0,0.0,0.0
14,DB00091,DB01026,1,1.0,A,DB00091,protein,1911,1.0,0.0,0.0
14,DB00091,DB01026,1,1.0,A,DB00091,protein,1975,1.0,0.0,0.0
14,DB00091,DB01026,1,1.0,A,DB00091,protein,2027,1.0,0.0,0.0
14,DB00091,DB01026,1,1.0,A,DB00091,protein,2037,1.0,0.0,0.0
14,DB00091,DB01026,1,1.0,A,DB00091,protein,2051,1.0,0.0,0.0
14,DB00091,DB01026,1,1.0,A,DB00091,protein,2095,1.0,0.0,0.0
14,DB00091,DB01026,1,1.0,A,DB00091,protein,2125,1.0,0.0,0.0
14,DB00091,DB01026,1,1.0,A,DB00091,protein,2159,1.0,0.0,0.0
14,DB00091,DB01026,1,1.0,A,DB00091,protein,2348,1.0,0.0,0.0
14,DB00091,DB01026,1,1.0,A,DB00091,protein,2357,1.0,0.0,0.0
14,DB00091,DB01026,1,1.0,A,DB00091,protein,2361,1.0,0.0,0.0
14,DB00091,DB01026,1,1.0,A,DB00091,protein,2408,1.0,0.0,0.0
14,DB00091,DB01026,1,1.0,A,DB00091,protein,2417,1.0,0.0,0.0
14,DB00091,DB01026,1,1.0,A,DB00091,protein,2433,1.0,0.0,0.0
14,DB00091,DB01026,1,1.0,A,DB00091,protein,2475,1.0,0.0,0.0
14,DB00091,DB01026,1,1.0,A,DB00091,protein,2479,1.0,0.0,0.0
14,DB00091,DB01026,1,1.0,A,DB00091,protein,2622,1.0,0.0,0.0
14,DB00091,DB01026,1,1.0,A,DB00091,protein,2659,1.0,0.0,0.0
14,DB00091,DB01026,1,1.0,A,DB00091,protein,2720,1.0,0.0,0.0
14,DB00091,DB01026,1,1.0,A,DB00091,protein,2724,1.0,0.0,0.0
14,DB00091,DB01026,1,1.0,A,DB00091,protein,2793,1.0,0.0,0.0
14,DB00091,DB01026,1,1.0,A,DB00091,protein,2797,1.0,0.0,0.0
14,DB00091,DB01026,1,1.0,A,DB00091,protein,2831,1.0,0.0,0.0
14,DB00091,DB01026,1,1.0,A,DB00091,protein,2849,1.0,0.0,0.0
14,DB00091,DB01026,1,1.0,A,DB00091,protein,2885,1.0,0.0,0.0
14,DB00091,DB01026,1,1.0,B,DB01026,protein,104,1.0,0.0,0.0
14,DB00091,DB01026,1,1.0,B,DB01026,protein,107,1.0,0.0,0.0
14,DB00091,DB01026,1,1.0,B,DB01026,protein,120,1.0,0.0,0.0
14,DB00091,DB01026,1,1.0,B,DB01026,protein,123,1.0,0.0,0.0
14,DB00091,DB01026,1,1.0,B,DB01026,protein,134,1.0,0.0,0.0
14,DB00091,DB01026,1,1.0,B,DB01026,protein,201,1.0,0.0,0.0
14,DB00091,DB01026,1,1.0,B,DB01026,protein,215,1.0,0.0,0.0
14,DB00091,DB01026,1,1.0,B,DB01026,protein,218,1.0,0.0,0.0
14,DB00091,DB01026,1,1.0,B,DB01026,protein,221,1.0,0.0,0.0
14,DB00091,DB01026,1,1.0,B,DB01026,protein,244,1.0,0.0,0.0
14,DB00091,DB01026,1,1.0,B,DB01026,protein,251,1.0,0.0,0.0
14,DB00091,DB01026,1,1.0,B,DB01026,protein,259,1.0,0.0,0.0
14,DB00091,DB01026,1,1.0,B,DB01026,protein,273,1.0,0.0,0.0
14,DB00091,DB01026,1,1.0,B,DB01026,protein,304,1.0,0.0,0.0
14,DB00091,DB01026,1,1.0,B,DB01026,protein,323,1.0,0.0,0.0
14,DB00091,DB01026,1,1.0,B,DB01026,protein,346,1.0,0.0,0.0
14,DB00091,DB01026,1,1.0,B,DB01026,protein,376,1.0,0.0,0.0
14,DB00091,DB01026,1,1.0,B,DB01026,protein,396,1.0,0.0,0.0
14,DB00091,DB01026,1,1.0,B,DB01026,protein,412,1.0,0.0,0.0
14,DB00091,DB01026,1,1.0,B,DB01026,protein,418,1.0,0.0,0.0
14,DB00091,DB01026,1,1.0,B,DB01026,protein,421,1.0,0.0,0.0
14,DB00091,DB01026,1,1.0,B,DB01026,protein,430,1.0,0.0,0.0
14,DB00091,DB01026,1,1.0,B,DB01026,protein,439,1.0,0.0,0.0
14,DB00091,DB01026,1,1.0,B,DB01026,protein,445,1.0,0.0,0.0
14,DB00091,DB01026,1,1.0,B,DB01026,protein,447,1.0,0.0,0.0
14,DB00091,DB01026,1,1.0,B,DB01026,protein,451,1.0,0.0,0.0
14,DB00091,DB01026,1,1.0,B,DB01026,protein,461,1.0,0.0,0.0
14,DB00091,DB01026,1,1.0,B,DB01026,protein,464,1.0,0.0,0.0
14,DB00091,DB01026,1,1.0,B,DB01026,protein,475,1.0,0.0,0.0
14,DB00091,DB01026,1,1.0,B,DB01026,protein,477,1.0,0.0,0.0
14,DB00091,DB01026,1,1.0,B,DB01026,protein,497,1.0,0.0,0.0
14,DB00091,DB01026,1,1.0,B,DB01026,protein,498,1.0,0.0,0.0
14,DB00091,DB01026,1,1.0,B,DB01026,protein,548,1.0,0.0,0.0
14,DB00091,DB01026,1,1.0,B,DB01026,protein,565,1.0,0.0,0.0
14,DB00091,DB01026,1,1.0,B,DB01026,protein,566,1.0,0.0,0.0
14,DB00091,DB01026,1,1.0,B,DB01026,protein,568,1.0,0.0,0.0
14,DB00091,DB01026,1,1.0,B,DB01026,protein,575,1.0,0.0,0.0
14,DB00091,DB01026,1,1.0,B,DB01026,protein,580,1.0,0.0,0.0
14,DB00091,DB01026,1,1.0,B,DB01026,protein,589,1.0,0.0,0.0
14,DB00091,DB01026,1,1.0,B,DB01026,protein,591,1.0,0.0,0.0
14,DB00091,DB01026,1,1.0,B,DB01026,protein,597,1.0,0.0,0.0
14,DB00091,DB01026,1,1.0,B,DB01026,protein,598,1.0,0.0,0.0
14,DB00091,DB01026,1,1.0,B,DB01026,protein,608,1.0,0.0,0.0
14,DB00091,DB01026,1,1.0,B,DB01026,protein,609,1.0,0.0,0.0
14,DB00091,DB01026,1,1.0,B,DB01026,protein,687,1.0,0.0,0.0
14,DB00091,DB01026,1,1.0,B,DB01026,protein,698,1.0,0.0,0.0
14,DB00091,DB01026,1,1.0,B,DB01026,protein,705,1.0,0.0,0.0
14,DB00091,DB01026,1,1.0,B,DB01026,protein,707,1.0,0.0,0.0
14,DB00091,DB01026,1,1.0,B,DB01026,protein,708,1.0,0.0,0.0
14,DB00091,DB01026,1,1.0,B,DB01026,protein,709,1.0,0.0,0.0
14,DB00091,DB01026,1,1.0,B,DB01026,protein,731,1.0,0.0,0.0
14,DB00091,DB01026,1,1.0,B,DB01026,protein,742,1.0,0.0,0.0
14,DB00091,DB01026,1,1.0,B,DB01026,protein,746,1.0,0.0,0.0
14,DB00091,DB01026,1,1.0,B,DB01026,protein,747,1.0,0.0,0.0
14,DB00091,DB01026,1,1.0,B,DB01026,protein,749,1.0,0.0,0.0
14,DB00091,DB01026,1,1.0,B,DB01026,protein,790,1.0,0.0,0.0
14,DB00091,DB01026,1,1.0,B,DB01026,protein,802,1.0,0.0,0.0
14,DB00091,DB01026,1,1.0,B,DB01026,protein,814,1.0,0.0,0.0
14,DB00091,DB01026,1,1.0,B,DB01026,protein,819,1.0,0.0,0.0
14,DB00091,DB01026,1,1.0,B,DB01026,protein,832,1.0,0.0,0.0
14,DB00091,DB01026,1,1.0,B,DB01026,protein,853,1.0,0.0,0.0
14,DB00091,DB01026,1,1.0,B,DB01026,protein,858,1.0,0.0,0.0
14,DB00091,DB01026,1,1.0,B,DB01026,protein,863,1.0,0.0,0.0
14,DB00091,DB01026,1,1.0,B,DB01026,protein,879,1.0,0.0,0.0
14,DB00091,DB01026,1,1.0,B,DB01026,protein,884,1.0,0.0,0.0
14,DB00091,DB01026,1,1.0,B,DB01026,protein,887,1.0,0.0,0.0
14,DB00091,DB01026,1,1.0,B,DB01026,protein,893,1.0,0.0,0.0
14,DB00091,DB01026,1,1.0,B,DB01026,protein,897,1.0,0.0,0.0
14,DB00091,DB01026,1,1.0,B,DB01026,protein,908,1.0,0.0,0.0
14,DB00091,DB01026,1,1.0,B,DB01026,protein,913,1.0,0.0,0.0
14,DB00091,DB01026,1,1.0,B,DB01026,protein,920,1.0,0.0,0.0
14,DB00091,DB01026,1,1.0,B,DB01026,protein,929,1.0,0.0,0.0
14,DB00091,DB01026,1,1.0,B,DB01026,protein,930,1.0,0.0,0.0
14,DB00091,DB01026,1,1.0,B,DB01026,protein,936,1.0,0.0,0.0
14,DB00091,DB01026,1,1.0,B,DB01026,protein,940,1.0,0.0,0.0
14,DB00091,DB01026,1,1.0,B,DB01026,protein,943,1.0,0.0,0.0
14,DB00091,DB01026,1,1.0,B,DB01026,protein,948,1.0,0.0,0.0
14,DB00091,DB01026,1,1.0,B,DB01026,protein,955,1.0,0.0,0.0
14,DB00091,DB01026,1,1.0,B,DB01026,protein,964,1.0,0.0,0.0
14,DB00091,DB01026,1,1.0,B,DB01026,protein,965,1.0,0.0,0.0
14,DB00091,DB01026,1,1.0,B,DB01026,protein,987,1.0,0.0,0.0
14,DB00091,DB01026,1,1.0,B,DB01026,protein,1008,1.0,0.0,0.0
14,DB00091,DB01026,1,1.0,B,DB01026,protein,1020,1.0,0.0,0.0
14,DB00091,DB01026,1,1.0,B,DB01026,protein,1025,1.0,0.0,0.0
14,DB00091,DB01026,1,1.0,B,DB01026,protein,1026,1.0,0.0,0.0
14,DB00091,DB01026,1,1.0,B,DB01026,protein,1027,1.0,0.0,0.0
14,DB00091,DB01026,1,1.0,B,DB01026,protein,1031,1.0,0.0,0.0
14,DB00091,DB01026,1,1.0,B,DB01026,protein,1032,1.0,0.0,0.0
14,DB00091,DB01026,1,1.0,B,DB01026,protein,1033,1.0,0.0,0.0
14,DB00091,DB01026,1,1.0,B,DB01026,protein,1034,1.0,0.0,0.0
14,DB00091,DB01026,1,1.0,B,DB01026,protein,1046,1.0,0.0,0.0
14,DB00091,DB01026,1,1.0,B,DB01026,protein,1063,1.0,0.0,0.0
14,DB00091,DB01026,1,1.0,B,DB01026,protein,1082,1.0,0.0,0.0
14,DB00091,DB01026,1,1.0,B,DB01026,protein,1086,1.0,0.0,0.0
14,DB00091,DB01026,1,1.0,B,DB01026,protein,1090,1.0,0.0,0.0
14,DB00091,DB01026,1,1.0,B,DB01026,protein,1100,1.0,0.0,0.0
14,DB00091,DB01026,1,1.0,B,DB01026,protein,1116,1.0,0.0,0.0
14,DB00091,DB01026,1,1.0,B,DB01026,protein,1136,1.0,0.0,0.0
14,DB00091,DB01026,1,1.0,B,DB01026,protein,1143,1.0,0.0,0.0
14,DB00091,DB01026,1,1.0,B,DB01026,protein,1156,1.0,0.0,0.0
14,DB00091,DB01026,1,1.0,B,DB01026,protein,1162,1.0,0.0,0.0
14,DB00091,DB01026,1,1.0,B,DB01026,protein,1171,1.0,0.0,0.0
14,DB00091,DB01026,1,1.0,B,DB01026,protein,1184,1.0,0.0,0.0
14,DB00091,DB01026,1,1.0,B,DB01026,protein,1186,1.0,0.0,0.0
14,DB00091,DB01026,1,1.0,B,DB01026,protein,1187,1.0,0.0,0.0
14,DB00091,DB01026,1,1.0,B,DB01026,protein,1200,1.0,0.0,0.0
14,DB00091,DB01026,1,1.0,B,DB01026,protein,1203,1.0,0.0,0.0
14,DB00091,DB01026,1,1.0,B,DB01026,protein,1227,1.0,0.0,0.0
14,DB00091,DB01026,1,1.0,B,DB01026,protein,1228,1.0,0.0,0.0
14,DB00091,DB01026,1,1.0,B,DB01026,protein,1230,1.0,0.0,0.0
14,DB00091,DB01026,1,1.0,B,DB01026,protein,1234,1.0,0.0,0.0
14,DB00091,DB01026,1,1.0,B,DB01026,protein,1251,1.0,0.0,0.0
14,DB00091,DB01026,1,1.0,B,DB01026,protein,1274,1.0,0.0,0.0
14,DB00091,DB01026,1,1.0,B,DB01026,protein,1276,1.0,0.0,0.0
14,DB00091,DB01026,1,1.0,B,DB01026,protein,1278,1.0,0.0,0.0
14,DB00091,DB01026,1,1.0,B,DB01026,protein,1289,1.0,0.0,0.0
14,DB00091,DB01026,1,1.0,B,DB01026,protein,1291,1.0,0.0,0.0
14,DB00091,DB01026,1,1.0,B,DB01026,protein,1303,1.0,0.0,0.0
14,DB00091,DB01026,1,1.0,B,DB01026,protein,1304,1.0,0.0,0.0
14,DB00091,DB01026,1,1.0,B,DB01026,protein,1319,1.0,0.0,0.0
14,DB00091,DB01026,1,1.0,B,DB01026,protein,1320,1.0,0.0,0.0
14,DB00091,DB01026,1,1.0,B,DB01026,protein,1322,1.0,0.0,0.0
14,DB00091,DB01026,1,1.0,B,DB01026,protein,1360,1.0,0.0,0.0
14,DB00091,DB01026,1,1.0,B,DB01026,protein,1441,1.0,0.0,0.0
14,DB00091,DB01026,1,1.0,B,DB01026,protein,1468,1.0,0.0,0.0
14,DB00091,DB01026,1,1.0,B,DB01026,protein,1477,1.0,0.0,0.0
14,DB00091,DB01026,1,1.0,B,DB01026,protein,1485,1.0,0.0,0.0
14,DB00091,DB01026,1,1.0,B,DB01026,protein,1492,1.0,0.0,0.0
14,DB00091,DB01026,1,1.0,B,DB01026,protein,1496,1.0,0.0,0.0
14,DB00091,DB01026,1,1.0,B,DB01026,protein,1515,1.0,0.0,0.0
14,DB00091,DB01026,1,1.0,B,DB01026,protein,1516,1.0,0.0,0.0
14,DB00091,DB01026,1,1.0,B,DB01026,protein,1554,1.0,0.0,0.0
14,DB00091,DB01026,1,1.0,B,DB01026,protein,1655,1.0,0.0,0.0
14,DB00091,DB01026,1,1.0,B,DB01026,protein,1681,1.0,0.0,0.0
14,DB00091,DB01026,1,1.0,B,DB01026,protein,1696,1.0,0.0,0.0
14,DB00091,DB01026,1,1.0,B,DB01026,protein,1705,1.0,0.0,0.0
14,DB00091,DB01026,1,1.0,B,DB01026,protein,1706,1.0,0.0,0.0
14,DB00091,DB01026,1,1.0,B,DB01026,protein,1748,1.0,0.0,0.0
14,DB00091,DB01026,1,1.0,B,DB01026,protein,1757,1.0,0.0,0.0
14,DB00091,DB01026,1,1.0,B,DB01026,protein,1841,1.0,0.0,0.0
14,DB00091,DB01026,1,1.0,B,DB01026,protein,1843,1.0,0.0,0.0
14,DB00091,DB01026,1,1.0,B,DB01026,protein,1867,1.0,0.0,0.0
14,DB00091,DB01026,1,1.0,B,DB01026,protein,1883,1.0,0.0,0.0
14,DB00091,DB01026,1,1.0,B,DB01026,protein,1977,1.0,0.0,0.0
14,DB00091,DB01026,1,1.0,B,DB01026,protein,2027,1.0,0.0,0.0
14,DB00091,DB01026,1,1.0,B,DB01026,protein,2037,1.0,0.0,0.0
14,DB00091,DB01026,1,1.0,B,DB01026,protein,2051,1.0,0.0,0.0
14,DB00091,DB01026,1,1.0,B,DB01026,protein,2056,1.0,0.0,0.0
14,DB00091,DB01026,1,1.0,B,DB01026,protein,2057,1.0,0.0,0.0
14,DB00091,DB01026,1,1.0,B,DB01026,protein,2069,1.0,0.0,0.0
14,DB00091,DB01026,1,1.0,B,DB01026,protein,2159,1.0,0.0,0.0
14,DB00091,DB01026,1,1.0,B,DB01026,protein,2281,1.0,0.0,0.0
14,DB00091,DB01026,1,1.0,B,DB01026,protein,2348,1.0,0.0,0.0
14,DB00091,DB01026,1,1.0,B,DB01026,protein,2408,1.0,0.0,0.0
14,DB00091,DB01026,1,1.0,B,DB01026,protein,2433,1.0,0.0,0.0
14,DB00091,DB01026,1,1.0,B,DB01026,protein,2438,1.0,0.0,0.0
14,DB00091,DB01026,1,1.0,B,DB01026,protein,2462,1.0,0.0,0.0
14,DB00091,DB01026,1,1.0,B,DB01026,protein,2475,1.0,0.0,0.0
14,DB00091,DB01026,1,1.0,B,DB01026,protein,2479,1.0,0.0,0.0
14,DB00091,DB01026,1,1.0,B,DB01026,protein,2590,1.0,0.0,0.0
14,DB00091,DB01026,1,1.0,B,DB01026,protein,2612,1.0,0.0,0.0
14,DB00091,DB01026,1,1.0,B,DB01026,protein,2622,1.0,0.0,0.0
14,DB00091,DB01026,1,1.0,B,DB01026,protein,2634,1.0,0.0,0.0
14,DB00091,DB01026,1,1.0,B,DB01026,protein,2659,1.0,0.0,0.0
14,DB00091,DB01026,1,1.0,B,DB01026,protein,2720,1.0,0.0,0.0
14,DB00091,DB01026,1,1.0,B,DB01026,protein,2724,1.0,0.0,0.0
14,DB00091,DB01026,1,1.0,B,DB01026,protein,2756,1.0,0.0,0.0
14,DB00091,DB01026,1,1.0,B,DB01026,protein,2797,1.0,0.0,0.0
14,DB00091,DB01026,1,1.0,B,DB01026,protein,2798,1.0,0.0,0.0
14,DB00091,DB01026,1,1.0,B,DB01026,protein,2831,1.0,0.0,0.0
14,DB00091,DB01026,1,1.0,B,DB01026,protein,2849,1.0,0.0,0.0
14,DB00091,DB01026,1,1.0,B,DB01026,protein,2885,1.0,0.0,0.0
15,DB00091,DB01211,1,1.0,A,DB00091,protein,29,1.0,0.0,0.0
15,DB00091,DB01211,1,1.0,A,DB00091,protein,100,1.0,0.0,0.0
15,DB00091,DB01211,1,1.0,A,DB00091,protein,104,1.0,0.0,0.0
15,DB00091,DB01211,1,1.0,A,DB00091,protein,119,1.0,0.0,0.0
15,DB00091,DB01211,1,1.0,A,DB00091,protein,218,1.0,0.0,0.0
15,DB00091,DB01211,1,1.0,A,DB00091,protein,221,1.0,0.0,0.0
15,DB00091,DB01211,1,1.0,A,DB00091,protein,244,1.0,0.0,0.0
15,DB00091,DB01211,1,1.0,A,DB00091,protein,251,1.0,0.0,0.0
15,DB00091,DB01211,1,1.0,A,DB00091,protein,259,1.0,0.0,0.0
15,DB00091,DB01211,1,1.0,A,DB00091,protein,273,1.0,0.0,0.0
15,DB00091,DB01211,1,1.0,A,DB00091,protein,277,1.0,0.0,0.0
15,DB00091,DB01211,1,1.0,A,DB00091,protein,282,1.0,0.0,0.0
15,DB00091,DB01211,1,1.0,A,DB00091,protein,323,1.0,0.0,0.0
15,DB00091,DB01211,1,1.0,A,DB00091,protein,346,1.0,0.0,0.0
15,DB00091,DB01211,1,1.0,A,DB00091,protein,376,1.0,0.0,0.0
15,DB00091,DB01211,1,1.0,A,DB00091,protein,412,1.0,0.0,0.0
15,DB00091,DB01211,1,1.0,A,DB00091,protein,418,1.0,0.0,0.0
15,DB00091,DB01211,1,1.0,A,DB00091,protein,421,1.0,0.0,0.0
15,DB00091,DB01211,1,1.0,A,DB00091,protein,425,1.0,0.0,0.0
15,DB00091,DB01211,1,1.0,A,DB00091,protein,430,1.0,0.0,0.0
15,DB00091,DB01211,1,1.0,A,DB00091,protein,445,1.0,0.0,0.0
15,DB00091,DB01211,1,1.0,A,DB00091,protein,461,1.0,0.0,0.0
15,DB00091,DB01211,1,1.0,A,DB00091,protein,475,1.0,0.0,0.0
15,DB00091,DB01211,1,1.0,A,DB00091,protein,477,1.0,0.0,0.0
15,DB00091,DB01211,1,1.0,A,DB00091,protein,497,1.0,0.0,0.0
15,DB00091,DB01211,1,1.0,A,DB00091,protein,498,1.0,0.0,0.0
15,DB00091,DB01211,1,1.0,A,DB00091,protein,515,1.0,0.0,0.0
15,DB00091,DB01211,1,1.0,A,DB00091,protein,548,1.0,0.0,0.0
15,DB00091,DB01211,1,1.0,A,DB00091,protein,565,1.0,0.0,0.0
15,DB00091,DB01211,1,1.0,A,DB00091,protein,566,1.0,0.0,0.0
15,DB00091,DB01211,1,1.0,A,DB00091,protein,568,1.0,0.0,0.0
15,DB00091,DB01211,1,1.0,A,DB00091,protein,575,1.0,0.0,0.0
15,DB00091,DB01211,1,1.0,A,DB00091,protein,580,1.0,0.0,0.0
15,DB00091,DB01211,1,1.0,A,DB00091,protein,589,1.0,0.0,0.0
15,DB00091,DB01211,1,1.0,A,DB00091,protein,591,1.0,0.0,0.0
15,DB00091,DB01211,1,1.0,A,DB00091,protein,597,1.0,0.0,0.0
15,DB00091,DB01211,1,1.0,A,DB00091,protein,608,1.0,0.0,0.0
15,DB00091,DB01211,1,1.0,A,DB00091,protein,609,1.0,0.0,0.0
15,DB00091,DB01211,1,1.0,A,DB00091,protein,687,1.0,0.0,0.0
15,DB00091,DB01211,1,1.0,A,DB00091,protein,698,1.0,0.0,0.0
15,DB00091,DB01211,1,1.0,A,DB00091,protein,708,1.0,0.0,0.0
15,DB00091,DB01211,1,1.0,A,DB00091,protein,709,1.0,0.0,0.0
15,DB00091,DB01211,1,1.0,A,DB00091,protein,721,1.0,0.0,0.0
15,DB00091,DB01211,1,1.0,A,DB00091,protein,731,1.0,0.0,0.0
15,DB00091,DB01211,1,1.0,A,DB00091,protein,742,1.0,0.0,0.0
15,DB00091,DB01211,1,1.0,A,DB00091,protein,746,1.0,0.0,0.0
15,DB00091,DB01211,1,1.0,A,DB00091,protein,749,1.0,0.0,0.0
15,DB00091,DB01211,1,1.0,A,DB00091,protein,790,1.0,0.0,0.0
15,DB00091,DB01211,1,1.0,A,DB00091,protein,802,1.0,0.0,0.0
15,DB00091,DB01211,1,1.0,A,DB00091,protein,814,1.0,0.0,0.0
15,DB00091,DB01211,1,1.0,A,DB00091,protein,827,1.0,0.0,0.0
15,DB00091,DB01211,1,1.0,A,DB00091,protein,863,1.0,0.0,0.0
15,DB00091,DB01211,1,1.0,A,DB00091,protein,879,1.0,0.0,0.0
15,DB00091,DB01211,1,1.0,A,DB00091,protein,884,1.0,0.0,0.0
15,DB00091,DB01211,1,1.0,A,DB00091,protein,893,1.0,0.0,0.0
15,DB00091,DB01211,1,1.0,A,DB00091,protein,908,1.0,0.0,0.0
15,DB00091,DB01211,1,1.0,A,DB00091,protein,920,1.0,0.0,0.0
15,DB00091,DB01211,1,1.0,A,DB00091,protein,930,1.0,0.0,0.0
15,DB00091,DB01211,1,1.0,A,DB00091,protein,936,1.0,0.0,0.0
15,DB00091,DB01211,1,1.0,A,DB00091,protein,940,1.0,0.0,0.0
15,DB00091,DB01211,1,1.0,A,DB00091,protein,942,1.0,0.0,0.0
15,DB00091,DB01211,1,1.0,A,DB00091,protein,943,1.0,0.0,0.0
15,DB00091,DB01211,1,1.0,A,DB00091,protein,948,1.0,0.0,0.0
15,DB00091,DB01211,1,1.0,A,DB00091,protein,955,1.0,0.0,0.0
15,DB00091,DB01211,1,1.0,A,DB00091,protein,964,1.0,0.0,0.0
15,DB00091,DB01211,1,1.0,A,DB00091,protein,987,1.0,0.0,0.0
15,DB00091,DB01211,1,1.0,A,DB00091,protein,991,1.0,0.0,0.0
15,DB00091,DB01211,1,1.0,A,DB00091,protein,998,1.0,0.0,0.0
15,DB00091,DB01211,1,1.0,A,DB00091,protein,1008,1.0,0.0,0.0
15,DB00091,DB01211,1,1.0,A,DB00091,protein,1020,1.0,0.0,0.0
15,DB00091,DB01211,1,1.0,A,DB00091,protein,1025,1.0,0.0,0.0
15,DB00091,DB01211,1,1.0,A,DB00091,protein,1026,1.0,0.0,0.0
15,DB00091,DB01211,1,1.0,A,DB00091,protein,1027,1.0,0.0,0.0
15,DB00091,DB01211,1,1.0,A,DB00091,protein,1031,1.0,0.0,0.0
15,DB00091,DB01211,1,1.0,A,DB00091,protein,1032,1.0,0.0,0.0
15,DB00091,DB01211,1,1.0,A,DB00091,protein,1033,1.0,0.0,0.0
15,DB00091,DB01211,1,1.0,A,DB00091,protein,1034,1.0,0.0,0.0
15,DB00091,DB01211,1,1.0,A,DB00091,protein,1046,1.0,0.0,0.0
15,DB00091,DB01211,1,1.0,A,DB00091,protein,1063,1.0,0.0,0.0
15,DB00091,DB01211,1,1.0,A,DB00091,protein,1067,1.0,0.0,0.0
15,DB00091,DB01211,1,1.0,A,DB00091,protein,1082,1.0,0.0,0.0
15,DB00091,DB01211,1,1.0,A,DB00091,protein,1086,1.0,0.0,0.0
15,DB00091,DB01211,1,1.0,A,DB00091,protein,1090,1.0,0.0,0.0
15,DB00091,DB01211,1,1.0,A,DB00091,protein,1100,1.0,0.0,0.0
15,DB00091,DB01211,1,1.0,A,DB00091,protein,1116,1.0,0.0,0.0
15,DB00091,DB01211,1,1.0,A,DB00091,protein,1135,1.0,0.0,0.0
15,DB00091,DB01211,1,1.0,A,DB00091,protein,1136,1.0,0.0,0.0
15,DB00091,DB01211,1,1.0,A,DB00091,protein,1143,1.0,0.0,0.0
15,DB00091,DB01211,1,1.0,A,DB00091,protein,1156,1.0,0.0,0.0
15,DB00091,DB01211,1,1.0,A,DB00091,protein,1171,1.0,0.0,0.0
15,DB00091,DB01211,1,1.0,A,DB00091,protein,1184,1.0,0.0,0.0
15,DB00091,DB01211,1,1.0,A,DB00091,protein,1186,1.0,0.0,0.0
15,DB00091,DB01211,1,1.0,A,DB00091,protein,1187,1.0,0.0,0.0
15,DB00091,DB01211,1,1.0,A,DB00091,protein,1200,1.0,0.0,0.0
15,DB00091,DB01211,1,1.0,A,DB00091,protein,1203,1.0,0.0,0.0
15,DB00091,DB01211,1,1.0,A,DB00091,protein,1206,1.0,0.0,0.0
15,DB00091,DB01211,1,1.0,A,DB00091,protein,1227,1.0,0.0,0.0
15,DB00091,DB01211,1,1.0,A,DB00091,protein,1228,1.0,0.0,0.0
15,DB00091,DB01211,1,1.0,A,DB00091,protein,1230,1.0,0.0,0.0
15,DB00091,DB01211,1,1.0,A,DB00091,protein,1234,1.0,0.0,0.0
15,DB00091,DB01211,1,1.0,A,DB00091,protein,1274,1.0,0.0,0.0
15,DB00091,DB01211,1,1.0,A,DB00091,protein,1276,1.0,0.0,0.0
15,DB00091,DB01211,1,1.0,A,DB00091,protein,1303,1.0,0.0,0.0
15,DB00091,DB01211,1,1.0,A,DB00091,protein,1304,1.0,0.0,0.0
15,DB00091,DB01211,1,1.0,A,DB00091,protein,1319,1.0,0.0,0.0
15,DB00091,DB01211,1,1.0,A,DB00091,protein,1320,1.0,0.0,0.0
15,DB00091,DB01211,1,1.0,A,DB00091,protein,1322,1.0,0.0,0.0
15,DB00091,DB01211,1,1.0,A,DB00091,protein,1337,1.0,0.0,0.0
15,DB00091,DB01211,1,1.0,A,DB00091,protein,1360,1.0,0.0,0.0
15,DB00091,DB01211,1,1.0,A,DB00091,protein,1438,1.0,0.0,0.0
15,DB00091,DB01211,1,1.0,A,DB00091,protein,1441,1.0,0.0,0.0
15,DB00091,DB01211,1,1.0,A,DB00091,protein,1477,1.0,0.0,0.0
15,DB00091,DB01211,1,1.0,A,DB00091,protein,1485,1.0,0.0,0.0
15,DB00091,DB01211,1,1.0,A,DB00091,protein,1515,1.0,0.0,0.0
15,DB00091,DB01211,1,1.0,A,DB00091,protein,1516,1.0,0.0,0.0
15,DB00091,DB01211,1,1.0,A,DB00091,protein,1554,1.0,0.0,0.0
15,DB00091,DB01211,1,1.0,A,DB00091,protein,1650,1.0,0.0,0.0
15,DB00091,DB01211,1,1.0,A,DB00091,protein,1651,1.0,0.0,0.0
15,DB00091,DB01211,1,1.0,A,DB00091,protein,1656,1.0,0.0,0.0
15,DB00091,DB01211,1,1.0,A,DB00091,protein,1667,1.0,0.0,0.0
15,DB00091,DB01211,1,1.0,A,DB00091,protein,1705,1.0,0.0,0.0
15,DB00091,DB01211,1,1.0,A,DB00091,protein,1748,1.0,0.0,0.0
15,DB00091,DB01211,1,1.0,A,DB00091,protein,1757,1.0,0.0,0.0
15,DB00091,DB01211,1,1.0,A,DB00091,protein,1760,1.0,0.0,0.0
15,DB00091,DB01211,1,1.0,A,DB00091,protein,1772,1.0,0.0,0.0
15,DB00091,DB01211,1,1.0,A,DB00091,protein,1781,1.0,0.0,0.0
15,DB00091,DB01211,1,1.0,A,DB00091,protein,1843,1.0,0.0,0.0
15,DB00091,DB01211,1,1.0,A,DB00091,protein,1852,1.0,0.0,0.0
15,DB00091,DB01211,1,1.0,A,DB00091,protein,1867,1.0,0.0,0.0
15,DB00091,DB01211,1,1.0,A,DB00091,protein,1874,1.0,0.0,0.0
15,DB00091,DB01211,1,1.0,A,DB00091,protein,1911,1.0,0.0,0.0
15,DB00091,DB01211,1,1.0,A,DB00091,protein,1975,1.0,0.0,0.0
15,DB00091,DB01211,1,1.0,A,DB00091,protein,2027,1.0,0.0,0.0
15,DB00091,DB01211,1,1.0,A,DB00091,protein,2037,1.0,0.0,0.0
15,DB00091,DB01211,1,1.0,A,DB00091,protein,2051,1.0,0.0,0.0
15,DB00091,DB01211,1,1.0,A,DB00091,protein,2095,1.0,0.0,0.0
15,DB00091,DB01211,1,1.0,A,DB00091,protein,2125,1.0,0.0,0.0
15,DB00091,DB01211,1,1.0,A,DB00091,protein,2159,1.0,0.0,0.0
15,DB00091,DB01211,1,1.0,A,DB00091,protein,2348,1.0,0.0,0.0
15,DB00091,DB01211,1,1.0,A,DB00091,protein,2357,1.0,0.0,0.0
15,DB00091,DB01211,1,1.0,A,DB00091,protein,2361,1.0,0.0,0.0
15,DB00091,DB01211,1,1.0,A,DB00091,protein,2408,1.0,0.0,0.0
15,DB00091,DB01211,1,1.0,A,DB00091,protein,2417,1.0,0.0,0.0
15,DB00091,DB01211,1,1.0,A,DB00091,protein,2433,1.0,0.0,0.0
15,DB00091,DB01211,1,1.0,A,DB00091,protein,2475,1.0,0.0,0.0
15,DB00091,DB01211,1,1.0,A,DB00091,protein,2479,1.0,0.0,0.0
15,DB00091,DB01211,1,1.0,A,DB00091,protein,2622,1.0,0.0,0.0
15,DB00091,DB01211,1,1.0,A,DB00091,protein,2659,1.0,0.0,0.0
15,DB00091,DB01211,1,1.0,A,DB00091,protein,2720,1.0,0.0,0.0
15,DB00091,DB01211,1,1.0,A,DB00091,protein,2724,1.0,0.0,0.0
15,DB00091,DB01211,1,1.0,A,DB00091,protein,2793,1.0,0.0,0.0
15,DB00091,DB01211,1,1.0,A,DB00091,protein,2797,1.0,0.0,0.0
15,DB00091,DB01211,1,1.0,A,DB00091,protein,2831,1.0,0.0,0.0
15,DB00091,DB01211,1,1.0,A,DB00091,protein,2849,1.0,0.0,0.0
15,DB00091,DB01211,1,1.0,A,DB00091,protein,2885,1.0,0.0,0.0
15,DB00091,DB01211,1,1.0,B,DB01211,protein,218,1.0,0.0,0.0
15,DB00091,DB01211,1,1.0,B,DB01211,protein,244,1.0,0.0,0.0
15,DB00091,DB01211,1,1.0,B,DB01211,protein,259,1.0,0.0,0.0
15,DB00091,DB01211,1,1.0,B,DB01211,protein,273,1.0,0.0,0.0
15,DB00091,DB01211,1,1.0,B,DB01211,protein,323,1.0,0.0,0.0
15,DB00091,DB01211,1,1.0,B,DB01211,protein,346,1.0,0.0,0.0
15,DB00091,DB01211,1,1.0,B,DB01211,protein,412,1.0,0.0,0.0
15,DB00091,DB01211,1,1.0,B,DB01211,protein,418,1.0,0.0,0.0
15,DB00091,DB01211,1,1.0,B,DB01211,protein,421,1.0,0.0,0.0
15,DB00091,DB01211,1,1.0,B,DB01211,protein,430,1.0,0.0,0.0
15,DB00091,DB01211,1,1.0,B,DB01211,protein,445,1.0,0.0,0.0
15,DB00091,DB01211,1,1.0,B,DB01211,protein,475,1.0,0.0,0.0
15,DB00091,DB01211,1,1.0,B,DB01211,protein,477,1.0,0.0,0.0
15,DB00091,DB01211,1,1.0,B,DB01211,protein,497,1.0,0.0,0.0
15,DB00091,DB01211,1,1.0,B,DB01211,protein,498,1.0,0.0,0.0
15,DB00091,DB01211,1,1.0,B,DB01211,protein,548,1.0,0.0,0.0
15,DB00091,DB01211,1,1.0,B,DB01211,protein,565,1.0,0.0,0.0
15,DB00091,DB01211,1,1.0,B,DB01211,protein,566,1.0,0.0,0.0
15,DB00091,DB01211,1,1.0,B,DB01211,protein,568,1.0,0.0,0.0
15,DB00091,DB01211,1,1.0,B,DB01211,protein,575,1.0,0.0,0.0
15,DB00091,DB01211,1,1.0,B,DB01211,protein,580,1.0,0.0,0.0
15,DB00091,DB01211,1,1.0,B,DB01211,protein,589,1.0,0.0,0.0
15,DB00091,DB01211,1,1.0,B,DB01211,protein,591,1.0,0.0,0.0
15,DB00091,DB01211,1,1.0,B,DB01211,protein,597,1.0,0.0,0.0
15,DB00091,DB01211,1,1.0,B,DB01211,protein,608,1.0,0.0,0.0
15,DB00091,DB01211,1,1.0,B,DB01211,protein,609,1.0,0.0,0.0
15,DB00091,DB01211,1,1.0,B,DB01211,protein,646,1.0,0.0,0.0
15,DB00091,DB01211,1,1.0,B,DB01211,protein,687,1.0,0.0,0.0
15,DB00091,DB01211,1,1.0,B,DB01211,protein,708,1.0,0.0,0.0
15,DB00091,DB01211,1,1.0,B,DB01211,protein,731,1.0,0.0,0.0
15,DB00091,DB01211,1,1.0,B,DB01211,protein,746,1.0,0.0,0.0
15,DB00091,DB01211,1,1.0,B,DB01211,protein,749,1.0,0.0,0.0
15,DB00091,DB01211,1,1.0,B,DB01211,protein,790,1.0,0.0,0.0
15,DB00091,DB01211,1,1.0,B,DB01211,protein,802,1.0,0.0,0.0
15,DB00091,DB01211,1,1.0,B,DB01211,protein,814,1.0,0.0,0.0
15,DB00091,DB01211,1,1.0,B,DB01211,protein,863,1.0,0.0,0.0
15,DB00091,DB01211,1,1.0,B,DB01211,protein,879,1.0,0.0,0.0
15,DB00091,DB01211,1,1.0,B,DB01211,protein,884,1.0,0.0,0.0
15,DB00091,DB01211,1,1.0,B,DB01211,protein,893,1.0,0.0,0.0
15,DB00091,DB01211,1,1.0,B,DB01211,protein,920,1.0,0.0,0.0
15,DB00091,DB01211,1,1.0,B,DB01211,protein,930,1.0,0.0,0.0
15,DB00091,DB01211,1,1.0,B,DB01211,protein,936,1.0,0.0,0.0
15,DB00091,DB01211,1,1.0,B,DB01211,protein,940,1.0,0.0,0.0
15,DB00091,DB01211,1,1.0,B,DB01211,protein,943,1.0,0.0,0.0
15,DB00091,DB01211,1,1.0,B,DB01211,protein,948,1.0,0.0,0.0
15,DB00091,DB01211,1,1.0,B,DB01211,protein,955,1.0,0.0,0.0
15,DB00091,DB01211,1,1.0,B,DB01211,protein,964,1.0,0.0,0.0
15,DB00091,DB01211,1,1.0,B,DB01211,protein,987,1.0,0.0,0.0
15,DB00091,DB01211,1,1.0,B,DB01211,protein,1008,1.0,0.0,0.0
15,DB00091,DB01211,1,1.0,B,DB01211,protein,1020,1.0,0.0,0.0
15,DB00091,DB01211,1,1.0,B,DB01211,protein,1025,1.0,0.0,0.0
15,DB00091,DB01211,1,1.0,B,DB01211,protein,1026,1.0,0.0,0.0
15,DB00091,DB01211,1,1.0,B,DB01211,protein,1027,1.0,0.0,0.0
15,DB00091,DB01211,1,1.0,B,DB01211,protein,1031,1.0,0.0,0.0
15,DB00091,DB01211,1,1.0,B,DB01211,protein,1032,1.0,0.0,0.0
15,DB00091,DB01211,1,1.0,B,DB01211,protein,1033,1.0,0.0,0.0
15,DB00091,DB01211,1,1.0,B,DB01211,protein,1034,1.0,0.0,0.0
15,DB00091,DB01211,1,1.0,B,DB01211,protein,1046,1.0,0.0,0.0
15,DB00091,DB01211,1,1.0,B,DB01211,protein,1063,1.0,0.0,0.0
15,DB00091,DB01211,1,1.0,B,DB01211,protein,1082,1.0,0.0,0.0
15,DB00091,DB01211,1,1.0,B,DB01211,protein,1086,1.0,0.0,0.0
15,DB00091,DB01211,1,1.0,B,DB01211,protein,1090,1.0,0.0,0.0
15,DB00091,DB01211,1,1.0,B,DB01211,protein,1100,1.0,0.0,0.0
15,DB00091,DB01211,1,1.0,B,DB01211,protein,1116,1.0,0.0,0.0
15,DB00091,DB01211,1,1.0,B,DB01211,protein,1136,1.0,0.0,0.0
15,DB00091,DB01211,1,1.0,B,DB01211,protein,1143,1.0,0.0,0.0
15,DB00091,DB01211,1,1.0,B,DB01211,protein,1156,1.0,0.0,0.0
15,DB00091,DB01211,1,1.0,B,DB01211,protein,1171,1.0,0.0,0.0
15,DB00091,DB01211,1,1.0,B,DB01211,protein,1184,1.0,0.0,0.0
15,DB00091,DB01211,1,1.0,B,DB01211,protein,1186,1.0,0.0,0.0
15,DB00091,DB01211,1,1.0,B,DB01211,protein,1187,1.0,0.0,0.0
15,DB00091,DB01211,1,1.0,B,DB01211,protein,1200,1.0,0.0,0.0
15,DB00091,DB01211,1,1.0,B,DB01211,protein,1203,1.0,0.0,0.0
15,DB00091,DB01211,1,1.0,B,DB01211,protein,1227,1.0,0.0,0.0
15,DB00091,DB01211,1,1.0,B,DB01211,protein,1228,1.0,0.0,0.0
15,DB00091,DB01211,1,1.0,B,DB01211,protein,1230,1.0,0.0,0.0
15,DB00091,DB01211,1,1.0,B,DB01211,protein,1234,1.0,0.0,0.0
15,DB00091,DB01211,1,1.0,B,DB01211,protein,1276,1.0,0.0,0.0
15,DB00091,DB01211,1,1.0,B,DB01211,protein,1303,1.0,0.0,0.0
15,DB00091,DB01211,1,1.0,B,DB01211,protein,1304,1.0,0.0,0.0
15,DB00091,DB01211,1,1.0,B,DB01211,protein,1319,1.0,0.0,0.0
15,DB00091,DB01211,1,1.0,B,DB01211,protein,1320,1.0,0.0,0.0
15,DB00091,DB01211,1,1.0,B,DB01211,protein,1322,1.0,0.0,0.0
15,DB00091,DB01211,1,1.0,B,DB01211,protein,1441,1.0,0.0,0.0
15,DB00091,DB01211,1,1.0,B,DB01211,protein,1477,1.0,0.0,0.0
15,DB00091,DB01211,1,1.0,B,DB01211,protein,1485,1.0,0.0,0.0
15,DB00091,DB01211,1,1.0,B,DB01211,protein,1515,1.0,0.0,0.0
15,DB00091,DB01211,1,1.0,B,DB01211,protein,1516,1.0,0.0,0.0
15,DB00091,DB01211,1,1.0,B,DB01211,protein,1584,1.0,0.0,0.0
15,DB00091,DB01211,1,1.0,B,DB01211,protein,1757,1.0,0.0,0.0
15,DB00091,DB01211,1,1.0,B,DB01211,protein,1843,1.0,0.0,0.0
15,DB00091,DB01211,1,1.0,B,DB01211,protein,1867,1.0,0.0,0.0
15,DB00091,DB01211,1,1.0,B,DB01211,protein,2037,1.0,0.0,0.0
15,DB00091,DB01211,1,1.0,B,DB01211,protein,2348,1.0,0.0,0.0
15,DB00091,DB01211,1,1.0,B,DB01211,protein,2479,1.0,0.0,0.0
15,DB00091,DB01211,1,1.0,B,DB01211,protein,2622,1.0,0.0,0.0
15,DB00091,DB01211,1,1.0,B,DB01211,protein,2720,1.0,0.0,0.0
15,DB00091,DB01211,1,1.0,B,DB01211,protein,2831,1.0,0.0,0.0
15,DB00091,DB01211,1,1.0,B,DB01211,protein,2849,1.0,0.0,0.0
15,DB00091,DB01211,1,1.0,B,DB01211,protein,2877,1.0,0.0,0.0
15,DB00091,DB01211,1,1.0,B,DB01211,protein,2885,1.0,0.0,0.0
16,DB00091,DB06595,1,1.0,A,DB00091,protein,29,1.0,0.0,0.0
16,DB00091,DB06595,1,1.0,A,DB00091,protein,100,1.0,0.0,0.0
16,DB00091,DB06595,1,1.0,A,DB00091,protein,104,1.0,0.0,0.0
16,DB00091,DB06595,1,1.0,A,DB00091,protein,119,1.0,0.0,0.0
16,DB00091,DB06595,1,1.0,A,DB00091,protein,218,1.0,0.0,0.0
16,DB00091,DB06595,1,1.0,A,DB00091,protein,221,1.0,0.0,0.0
16,DB00091,DB06595,1,1.0,A,DB00091,protein,244,1.0,0.0,0.0
16,DB00091,DB06595,1,1.0,A,DB00091,protein,251,1.0,0.0,0.0
16,DB00091,DB06595,1,1.0,A,DB00091,protein,259,1.0,0.0,0.0
16,DB00091,DB06595,1,1.0,A,DB00091,protein,273,1.0,0.0,0.0
16,DB00091,DB06595,1,1.0,A,DB00091,protein,277,1.0,0.0,0.0
16,DB00091,DB06595,1,1.0,A,DB00091,protein,282,1.0,0.0,0.0
16,DB00091,DB06595,1,1.0,A,DB00091,protein,323,1.0,0.0,0.0
16,DB00091,DB06595,1,1.0,A,DB00091,protein,346,1.0,0.0,0.0
16,DB00091,DB06595,1,1.0,A,DB00091,protein,376,1.0,0.0,0.0
16,DB00091,DB06595,1,1.0,A,DB00091,protein,412,1.0,0.0,0.0
16,DB00091,DB06595,1,1.0,A,DB00091,protein,418,1.0,0.0,0.0
16,DB00091,DB06595,1,1.0,A,DB00091,protein,421,1.0,0.0,0.0
16,DB00091,DB06595,1,1.0,A,DB00091,protein,425,1.0,0.0,0.0
16,DB00091,DB06595,1,1.0,A,DB00091,protein,430,1.0,0.0,0.0
16,DB00091,DB06595,1,1.0,A,DB00091,protein,445,1.0,0.0,0.0
16,DB00091,DB06595,1,1.0,A,DB00091,protein,461,1.0,0.0,0.0
16,DB00091,DB06595,1,1.0,A,DB00091,protein,475,1.0,0.0,0.0
16,DB00091,DB06595,1,1.0,A,DB00091,protein,477,1.0,0.0,0.0
16,DB00091,DB06595,1,1.0,A,DB00091,protein,497,1.0,0.0,0.0
16,DB00091,DB06595,1,1.0,A,DB00091,protein,498,1.0,0.0,0.0
16,DB00091,DB06595,1,1.0,A,DB00091,protein,515,1.0,0.0,0.0
16,DB00091,DB06595,1,1.0,A,DB00091,protein,548,1.0,0.0,0.0
16,DB00091,DB06595,1,1.0,A,DB00091,protein,565,1.0,0.0,0.0
16,DB00091,DB06595,1,1.0,A,DB00091,protein,566,1.0,0.0,0.0
16,DB00091,DB06595,1,1.0,A,DB00091,protein,568,0.9999998807907104,1.1920928955078125e-07,1.1920928955078125e-07
16,DB00091,DB06595,1,1.0,A,DB00091,protein,575,1.0,0.0,0.0
16,DB00091,DB06595,1,1.0,A,DB00091,protein,580,1.0,0.0,0.0
16,DB00091,DB06595,1,1.0,A,DB00091,protein,589,1.0,0.0,0.0
16,DB00091,DB06595,1,1.0,A,DB00091,protein,591,1.0,0.0,0.0
16,DB00091,DB06595,1,1.0,A,DB00091,protein,597,1.0,0.0,0.0
16,DB00091,DB06595,1,1.0,A,DB00091,protein,608,1.0,0.0,0.0
16,DB00091,DB06595,1,1.0,A,DB00091,protein,609,1.0,0.0,0.0
16,DB00091,DB06595,1,1.0,A,DB00091,protein,687,1.0,0.0,0.0
16,DB00091,DB06595,1,1.0,A,DB00091,protein,698,1.0,0.0,0.0
16,DB00091,DB06595,1,1.0,A,DB00091,protein,708,1.0,0.0,0.0
16,DB00091,DB06595,1,1.0,A,DB00091,protein,709,1.0,0.0,0.0
16,DB00091,DB06595,1,1.0,A,DB00091,protein,721,1.0,0.0,0.0
16,DB00091,DB06595,1,1.0,A,DB00091,protein,731,1.0,0.0,0.0
16,DB00091,DB06595,1,1.0,A,DB00091,protein,742,1.0,0.0,0.0
16,DB00091,DB06595,1,1.0,A,DB00091,protein,746,1.0,0.0,0.0
16,DB00091,DB06595,1,1.0,A,DB00091,protein,749,1.0,0.0,0.0
16,DB00091,DB06595,1,1.0,A,DB00091,protein,790,1.0,0.0,0.0
16,DB00091,DB06595,1,1.0,A,DB00091,protein,802,1.0,0.0,0.0
16,DB00091,DB06595,1,1.0,A,DB00091,protein,814,1.0,0.0,0.0
16,DB00091,DB06595,1,1.0,A,DB00091,protein,827,1.0,0.0,0.0
16,DB00091,DB06595,1,1.0,A,DB00091,protein,863,1.0,0.0,0.0
16,DB00091,DB06595,1,1.0,A,DB00091,protein,879,1.0,0.0,0.0
16,DB00091,DB06595,1,1.0,A,DB00091,protein,884,1.0,0.0,0.0
16,DB00091,DB06595,1,1.0,A,DB00091,protein,893,1.0,0.0,0.0
16,DB00091,DB06595,1,1.0,A,DB00091,protein,908,1.0,0.0,0.0
16,DB00091,DB06595,1,1.0,A,DB00091,protein,920,1.0,0.0,0.0
16,DB00091,DB06595,1,1.0,A,DB00091,protein,930,1.0,0.0,0.0
16,DB00091,DB06595,1,1.0,A,DB00091,protein,936,1.0,0.0,0.0
16,DB00091,DB06595,1,1.0,A,DB00091,protein,940,1.0,0.0,0.0
16,DB00091,DB06595,1,1.0,A,DB00091,protein,942,1.0,0.0,0.0
16,DB00091,DB06595,1,1.0,A,DB00091,protein,943,1.0,0.0,0.0
16,DB00091,DB06595,1,1.0,A,DB00091,protein,948,1.0,0.0,0.0
16,DB00091,DB06595,1,1.0,A,DB00091,protein,955,1.0,0.0,0.0
16,DB00091,DB06595,1,1.0,A,DB00091,protein,964,1.0,0.0,0.0
16,DB00091,DB06595,1,1.0,A,DB00091,protein,987,1.0,0.0,0.0
16,DB00091,DB06595,1,1.0,A,DB00091,protein,991,1.0,0.0,0.0
16,DB00091,DB06595,1,1.0,A,DB00091,protein,998,1.0,0.0,0.0
16,DB00091,DB06595,1,1.0,A,DB00091,protein,1008,1.0,0.0,0.0
16,DB00091,DB06595,1,1.0,A,DB00091,protein,1020,1.0,0.0,0.0
16,DB00091,DB06595,1,1.0,A,DB00091,protein,1025,1.0,0.0,0.0
16,DB00091,DB06595,1,1.0,A,DB00091,protein,1026,1.0,0.0,0.0
16,DB00091,DB06595,1,1.0,A,DB00091,protein,1027,1.0,0.0,0.0
16,DB00091,DB06595,1,1.0,A,DB00091,protein,1031,1.0,0.0,0.0
16,DB00091,DB06595,1,1.0,A,DB00091,protein,1032,1.0,0.0,0.0
16,DB00091,DB06595,1,1.0,A,DB00091,protein,1033,1.0,0.0,0.0
16,DB00091,DB06595,1,1.0,A,DB00091,protein,1034,1.0,0.0,0.0
16,DB00091,DB06595,1,1.0,A,DB00091,protein,1046,1.0,0.0,0.0
16,DB00091,DB06595,1,1.0,A,DB00091,protein,1063,1.0,0.0,0.0
16,DB00091,DB06595,1,1.0,A,DB00091,protein,1067,1.0,0.0,0.0
16,DB00091,DB06595,1,1.0,A,DB00091,protein,1082,1.0,0.0,0.0
16,DB00091,DB06595,1,1.0,A,DB00091,protein,1086,1.0,0.0,0.0
16,DB00091,DB06595,1,1.0,A,DB00091,protein,1090,1.0,0.0,0.0
16,DB00091,DB06595,1,1.0,A,DB00091,protein,1100,1.0,0.0,0.0
16,DB00091,DB06595,1,1.0,A,DB00091,protein,1116,1.0,0.0,0.0
16,DB00091,DB06595,1,1.0,A,DB00091,protein,1135,1.0,0.0,0.0
16,DB00091,DB06595,1,1.0,A,DB00091,protein,1136,1.0,0.0,0.0
16,DB00091,DB06595,1,1.0,A,DB00091,protein,1143,1.0,0.0,0.0
16,DB00091,DB06595,1,1.0,A,DB00091,protein,1156,1.0,0.0,0.0
16,DB00091,DB06595,1,1.0,A,DB00091,protein,1171,1.0,0.0,0.0
16,DB00091,DB06595,1,1.0,A,DB00091,protein,1184,1.0,0.0,0.0
16,DB00091,DB06595,1,1.0,A,DB00091,protein,1186,1.0,0.0,0.0
16,DB00091,DB06595,1,1.0,A,DB00091,protein,1187,1.0,0.0,0.0
16,DB00091,DB06595,1,1.0,A,DB00091,protein,1200,1.0,0.0,0.0
16,DB00091,DB06595,1,1.0,A,DB00091,protein,1203,1.0,0.0,0.0
16,DB00091,DB06595,1,1.0,A,DB00091,protein,1206,1.0,0.0,0.0
16,DB00091,DB06595,1,1.0,A,DB00091,protein,1227,1.0,0.0,0.0
16,DB00091,DB06595,1,1.0,A,DB00091,protein,1228,1.0,0.0,0.0
16,DB00091,DB06595,1,1.0,A,DB00091,protein,1230,1.0,0.0,0.0
16,DB00091,DB06595,1,1.0,A,DB00091,protein,1234,1.0,0.0,0.0
16,DB00091,DB06595,1,1.0,A,DB00091,protein,1274,1.0,0.0,0.0
16,DB00091,DB06595,1,1.0,A,DB00091,protein,1276,1.0,0.0,0.0
16,DB00091,DB06595,1,1.0,A,DB00091,protein,1303,1.0,0.0,0.0
16,DB00091,DB06595,1,1.0,A,DB00091,protein,1304,1.0,0.0,0.0
16,DB00091,DB06595,1,1.0,A,DB00091,protein,1319,1.0,0.0,0.0
16,DB00091,DB06595,1,1.0,A,DB00091,protein,1320,1.0,0.0,0.0
16,DB00091,DB06595,1,1.0,A,DB00091,protein,1322,1.0,0.0,0.0
16,DB00091,DB06595,1,1.0,A,DB00091,protein,1337,1.0,0.0,0.0
16,DB00091,DB06595,1,1.0,A,DB00091,protein,1360,1.0,0.0,0.0
16,DB00091,DB06595,1,1.0,A,DB00091,protein,1438,1.0,0.0,0.0
16,DB00091,DB06595,1,1.0,A,DB00091,protein,1441,1.0,0.0,0.0
16,DB00091,DB06595,1,1.0,A,DB00091,protein,1477,1.0,0.0,0.0
16,DB00091,DB06595,1,1.0,A,DB00091,protein,1485,1.0,0.0,0.0
16,DB00091,DB06595,1,1.0,A,DB00091,protein,1515,1.0,0.0,0.0
16,DB00091,DB06595,1,1.0,A,DB00091,protein,1516,1.0,0.0,0.0
16,DB00091,DB06595,1,1.0,A,DB00091,protein,1554,1.0,0.0,0.0
16,DB00091,DB06595,1,1.0,A,DB00091,protein,1650,0.9999998807907104,1.1920928955078125e-07,1.1920928955078125e-07
16,DB00091,DB06595,1,1.0,A,DB00091,protein,1651,1.0,0.0,0.0
16,DB00091,DB06595,1,1.0,A,DB00091,protein,1656,1.0,0.0,0.0
16,DB00091,DB06595,1,1.0,A,DB00091,protein,1667,1.0,0.0,0.0
16,DB00091,DB06595,1,1.0,A,DB00091,protein,1705,1.0,0.0,0.0
16,DB00091,DB06595,1,1.0,A,DB00091,protein,1748,1.0,0.0,0.0
16,DB00091,DB06595,1,1.0,A,DB00091,protein,1757,1.0,0.0,0.0
16,DB00091,DB06595,1,1.0,A,DB00091,protein,1760,1.0,0.0,0.0
16,DB00091,DB06595,1,1.0,A,DB00091,protein,1772,1.0,0.0,0.0
16,DB00091,DB06595,1,1.0,A,DB00091,protein,1781,1.0,0.0,0.0
16,DB00091,DB06595,1,1.0,A,DB00091,protein,1843,1.0,0.0,0.0
16,DB00091,DB06595,1,1.0,A,DB00091,protein,1852,1.0,0.0,0.0
16,DB00091,DB06595,1,1.0,A,DB00091,protein,1867,1.0,0.0,0.0
16,DB00091,DB06595,1,1.0,A,DB00091,protein,1874,1.0,0.0,0.0
16,DB00091,DB06595,1,1.0,A,DB00091,protein,1911,1.0,0.0,0.0
16,DB00091,DB06595,1,1.0,A,DB00091,protein,1975,1.0,0.0,0.0
16,DB00091,DB06595,1,1.0,A,DB00091,protein,2027,1.0,0.0,0.0
16,DB00091,DB06595,1,1.0,A,DB00091,protein,2037,1.0,0.0,0.0
16,DB00091,DB06595,1,1.0,A,DB00091,protein,2051,1.0,0.0,0.0
16,DB00091,DB06595,1,1.0,A,DB00091,protein,2095,1.0,0.0,0.0
16,DB00091,DB06595,1,1.0,A,DB00091,protein,2125,1.0,0.0,0.0
16,DB00091,DB06595,1,1.0,A,DB00091,protein,2159,1.0,0.0,0.0
16,DB00091,DB06595,1,1.0,A,DB00091,protein,2348,1.0,0.0,0.0
16,DB00091,DB06595,1,1.0,A,DB00091,protein,2357,1.0,0.0,0.0
16,DB00091,DB06595,1,1.0,A,DB00091,protein,2361,1.0,0.0,0.0
16,DB00091,DB06595,1,1.0,A,DB00091,protein,2408,1.0,0.0,0.0
16,DB00091,DB06595,1,1.0,A,DB00091,protein,2417,1.0,0.0,0.0
16,DB00091,DB06595,1,1.0,A,DB00091,protein,2433,1.0,0.0,0.0
16,DB00091,DB06595,1,1.0,A,DB00091,protein,2475,1.0,0.0,0.0
16,DB00091,DB06595,1,1.0,A,DB00091,protein,2479,1.0,0.0,0.0
16,DB00091,DB06595,1,1.0,A,DB00091,protein,2622,1.0,0.0,0.0
16,DB00091,DB06595,1,1.0,A,DB00091,protein,2659,1.0,0.0,0.0
16,DB00091,DB06595,1,1.0,A,DB00091,protein,2720,1.0,0.0,0.0
16,DB00091,DB06595,1,1.0,A,DB00091,protein,2724,1.0,0.0,0.0
16,DB00091,DB06595,1,1.0,A,DB00091,protein,2793,1.0,0.0,0.0
16,DB00091,DB06595,1,1.0,A,DB00091,protein,2797,1.0,0.0,0.0
16,DB00091,DB06595,1,1.0,A,DB00091,protein,2831,1.0,0.0,0.0
16,DB00091,DB06595,1,1.0,A,DB00091,protein,2849,1.0,0.0,0.0
16,DB00091,DB06595,1,1.0,A,DB00091,protein,2885,1.0,0.0,0.0
16,DB00091,DB06595,1,1.0,B,DB06595,protein,36,1.0,0.0,0.0
16,DB00091,DB06595,1,1.0,B,DB06595,protein,43,1.0,0.0,0.0
16,DB00091,DB06595,1,1.0,B,DB06595,protein,49,1.0,0.0,0.0
16,DB00091,DB06595,1,1.0,B,DB06595,protein,53,1.0,0.0,0.0
16,DB00091,DB06595,1,1.0,B,DB06595,protein,56,1.0,0.0,0.0
16,DB00091,DB06595,1,1.0,B,DB06595,protein,61,1.0,0.0,0.0
16,DB00091,DB06595,1,1.0,B,DB06595,protein,64,1.0,0.0,0.0
16,DB00091,DB06595,1,1.0,B,DB06595,protein,67,1.0,0.0,0.0
16,DB00091,DB06595,1,1.0,B,DB06595,protein,74,1.0,0.0,0.0
16,DB00091,DB06595,1,1.0,B,DB06595,protein,76,1.0,0.0,0.0
16,DB00091,DB06595,1,1.0,B,DB06595,protein,79,1.0,0.0,0.0
16,DB00091,DB06595,1,1.0,B,DB06595,protein,86,1.0,0.0,0.0
16,DB00091,DB06595,1,1.0,B,DB06595,protein,87,1.0,0.0,0.0
16,DB00091,DB06595,1,1.0,B,DB06595,protein,91,1.0,0.0,0.0
16,DB00091,DB06595,1,1.0,B,DB06595,protein,92,1.0,0.0,0.0
16,DB00091,DB06595,1,1.0,B,DB06595,protein,98,1.0,0.0,0.0
16,DB00091,DB06595,1,1.0,B,DB06595,protein,99,1.0,0.0,0.0
16,DB00091,DB06595,1,1.0,B,DB06595,protein,101,1.0,0.0,0.0
16,DB00091,DB06595,1,1.0,B,DB06595,protein,102,1.0,0.0,0.0
16,DB00091,DB06595,1,1.0,B,DB06595,protein,105,1.0,0.0,0.0
16,DB00091,DB06595,1,1.0,B,DB06595,protein,106,1.0,0.0,0.0
16,DB00091,DB06595,1,1.0,B,DB06595,protein,124,1.0,0.0,0.0
16,DB00091,DB06595,1,1.0,B,DB06595,protein,140,1.0,0.0,0.0
16,DB00091,DB06595,1,1.0,B,DB06595,protein,141,1.0,0.0,0.0
16,DB00091,DB06595,1,1.0,B,DB06595,protein,143,1.0,0.0,0.0
16,DB00091,DB06595,1,1.0,B,DB06595,protein,144,1.0,0.0,0.0
16,DB00091,DB06595,1,1.0,B,DB06595,protein,162,1.0,0.0,0.0
16,DB00091,DB06595,1,1.0,B,DB06595,protein,168,1.0,0.0,0.0
16,DB00091,DB06595,1,1.0,B,DB06595,protein,169,1.0,0.0,0.0
16,DB00091,DB06595,1,1.0,B,DB06595,protein,170,1.0,0.0,0.0
16,DB00091,DB06595,1,1.0,B,DB06595,protein,183,1.0,0.0,0.0
16,DB00091,DB06595,1,1.0,B,DB06595,protein,193,1.0,0.0,0.0
16,DB00091,DB06595,1,1.0,B,DB06595,protein,199,1.0,0.0,0.0
16,DB00091,DB06595,1,1.0,B,DB06595,protein,210,1.0,0.0,0.0
16,DB00091,DB06595,1,1.0,B,DB06595,protein,214,1.0,0.0,0.0
16,DB00091,DB06595,1,1.0,B,DB06595,protein,220,1.0,0.0,0.0
16,DB00091,DB06595,1,1.0,B,DB06595,protein,222,1.0,0.0,0.0
16,DB00091,DB06595,1,1.0,B,DB06595,protein,223,1.0,0.0,0.0
16,DB00091,DB06595,1,1.0,B,DB06595,protein,225,1.0,0.0,0.0
16,DB00091,DB06595,1,1.0,B,DB06595,protein,226,1.0,0.0,0.0
16,DB00091,DB06595,1,1.0,B,DB06595,protein,240,1.0,0.0,0.0
16,DB00091,DB06595,1,1.0,B,DB06595,protein,242,1.0,0.0,0.0
16,DB00091,DB06595,1,1.0,B,DB06595,protein,250,1.0,0.0,0.0
16,DB00091,DB06595,1,1.0,B,DB06595,protein,253,1.0,0.0,0.0
16,DB00091,DB06595,1,1.0,B,DB06595,protein,254,1.0,0.0,0.0
16,DB00091,DB06595,1,1.0,B,DB06595,protein,256,1.0,0.0,0.0
16,DB00091,DB06595,1,1.0,B,DB06595,protein,274,1.0,0.0,0.0
16,DB00091,DB06595,1,1.0,B,DB06595,protein,276,1.0,0.0,0.0
16,DB00091,DB06595,1,1.0,B,DB06595,protein,285,1.0,0.0,0.0
16,DB00091,DB06595,1,1.0,B,DB06595,protein,287,1.0,0.0,0.0
16,DB00091,DB06595,1,1.0,B,DB06595,protein,288,1.0,0.0,0.0
16,DB00091,DB06595,1,1.0,B,DB06595,protein,295,1.0,0.0,0.0
16,DB00091,DB06595,1,1.0,B,DB06595,protein,296,1.0,0.0,0.0
16,DB00091,DB06595,1,1.0,B,DB06595,protein,322,1.0,0.0,0.0
16,DB00091,DB06595,1,1.0,B,DB06595,protein,323,1.0,0.0,0.0
16,DB00091,DB06595,1,1.0,B,DB06595,protein,423,1.0,0.0,0.0
16,DB00091,DB06595,1,1.0,B,DB06595,protein,445,1.0,0.0,0.0
16,DB00091,DB06595,1,1.0,B,DB06595,protein,446,1.0,0.0,0.0
16,DB00091,DB06595,1,1.0,B,DB06595,protein,455,1.0,0.0,0.0
16,DB00091,DB06595,1,1.0,B,DB06595,protein,470,1.0,0.0,0.0
16,DB00091,DB06595,1,1.0,B,DB06595,protein,471,1.0,0.0,0.0
16,DB00091,DB06595,1,1.0,B,DB06595,protein,475,1.0,0.0,0.0
16,DB00091,DB06595,1,1.0,B,DB06595,protein,477,1.0,0.0,0.0
16,DB00091,DB06595,1,1.0,B,DB06595,protein,491,1.0,0.0,0.0
16,DB00091,DB06595,1,1.0,B,DB06595,protein,496,1.0,0.0,0.0
16,DB00091,DB06595,1,1.0,B,DB06595,protein,497,1.0,0.0,0.0
16,DB00091,DB06595,1,1.0,B,DB06595,protein,498,1.0,0.0,0.0
16,DB00091,DB06595,1,1.0,B,DB06595,protein,505,1.0,0.0,0.0
16,DB00091,DB06595,1,1.0,B,DB06595,protein,513,1.0,0.0,0.0
16,DB00091,DB06595,1,1.0,B,DB06595,protein,535,1.0,0.0,0.0
16,DB00091,DB06595,1,1.0,B,DB06595,protein,536,1.0,0.0,0.0
16,DB00091,DB06595,1,1.0,B,DB06595,protein,555,1.0,0.0,0.0
16,DB00091,DB06595,1,1.0,B,DB06595,protein,556,1.0,0.0,0.0
16,DB00091,DB06595,1,1.0,B,DB06595,protein,557,1.0,0.0,0.0
16,DB00091,DB06595,1,1.0,B,DB06595,protein,559,1.0,0.0,0.0
16,DB00091,DB06595,1,1.0,B,DB06595,protein,568,1.0,0.0,0.0
16,DB00091,DB06595,1,1.0,B,DB06595,protein,588,1.0,0.0,0.0
16,DB00091,DB06595,1,1.0,B,DB06595,protein,590,1.0,0.0,0.0
16,DB00091,DB06595,1,1.0,B,DB06595,protein,594,1.0,0.0,0.0
16,DB00091,DB06595,1,1.0,B,DB06595,protein,597,1.0,0.0,0.0
16,DB00091,DB06595,1,1.0,B,DB06595,protein,610,1.0,0.0,0.0
16,DB00091,DB06595,1,1.0,B,DB06595,protein,627,1.0,0.0,0.0
16,DB00091,DB06595,1,1.0,B,DB06595,protein,630,1.0,0.0,0.0
16,DB00091,DB06595,1,1.0,B,DB06595,protein,682,1.0,0.0,0.0
16,DB00091,DB06595,1,1.0,B,DB06595,protein,684,1.0,0.0,0.0
16,DB00091,DB06595,1,1.0,B,DB06595,protein,701,1.0,0.0,0.0
16,DB00091,DB06595,1,1.0,B,DB06595,protein,707,1.0,0.0,0.0
16,DB00091,DB06595,1,1.0,B,DB06595,protein,708,1.0,0.0,0.0
16,DB00091,DB06595,1,1.0,B,DB06595,protein,711,1.0,0.0,0.0
16,DB00091,DB06595,1,1.0,B,DB06595,protein,730,1.0,0.0,0.0
16,DB00091,DB06595,1,1.0,B,DB06595,protein,734,1.0,0.0,0.0
16,DB00091,DB06595,1,1.0,B,DB06595,protein,736,1.0,0.0,0.0
16,DB00091,DB06595,1,1.0,B,DB06595,protein,737,1.0,0.0,0.0
16,DB00091,DB06595,1,1.0,B,DB06595,protein,739,1.0,0.0,0.0
16,DB00091,DB06595,1,1.0,B,DB06595,protein,749,1.0,0.0,0.0
16,DB00091,DB06595,1,1.0,B,DB06595,protein,751,1.0,0.0,0.0
16,DB00091,DB06595,1,1.0,B,DB06595,protein,758,1.0,0.0,0.0
16,DB00091,DB06595,1,1.0,B,DB06595,protein,771,1.0,0.0,0.0
16,DB00091,DB06595,1,1.0,B,DB06595,protein,787,1.0,0.0,0.0
16,DB00091,DB06595,1,1.0,B,DB06595,protein,806,1.0,0.0,0.0
16,DB00091,DB06595,1,1.0,B,DB06595,protein,821,1.0,0.0,0.0
16,DB00091,DB06595,1,1.0,B,DB06595,protein,836,1.0,0.0,0.0
16,DB00091,DB06595,1,1.0,B,DB06595,protein,843,1.0,0.0,0.0
16,DB00091,DB06595,1,1.0,B,DB06595,protein,847,1.0,0.0,0.0
16,DB00091,DB06595,1,1.0,B,DB06595,protein,857,1.0,0.0,0.0
16,DB00091,DB06595,1,1.0,B,DB06595,protein,863,1.0,0.0,0.0
16,DB00091,DB06595,1,1.0,B,DB06595,protein,868,1.0,0.0,0.0
16,DB00091,DB06595,1,1.0,B,DB06595,protein,879,1.0,0.0,0.0
16,DB00091,DB06595,1,1.0,B,DB06595,protein,883,1.0,0.0,0.0
16,DB00091,DB06595,1,1.0,B,DB06595,protein,904,1.0,0.0,0.0
16,DB00091,DB06595,1,1.0,B,DB06595,protein,907,1.0,0.0,0.0
16,DB00091,DB06595,1,1.0,B,DB06595,protein,921,1.0,0.0,0.0
16,DB00091,DB06595,1,1.0,B,DB06595,protein,928,1.0,0.0,0.0
16,DB00091,DB06595,1,1.0,B,DB06595,protein,929,1.0,0.0,0.0
16,DB00091,DB06595,1,1.0,B,DB06595,protein,930,1.0,0.0,0.0
16,DB00091,DB06595,1,1.0,B,DB06595,protein,933,1.0,0.0,0.0
16,DB00091,DB06595,1,1.0,B,DB06595,protein,947,1.0,0.0,0.0
16,DB00091,DB06595,1,1.0,B,DB06595,protein,952,1.0,0.0,0.0
16,DB00091,DB06595,1,1.0,B,DB06595,protein,954,1.0,0.0,0.0
16,DB00091,DB06595,1,1.0,B,DB06595,protein,963,1.0,0.0,0.0
16,DB00091,DB06595,1,1.0,B,DB06595,protein,970,1.0,0.0,0.0
16,DB00091,DB06595,1,1.0,B,DB06595,protein,973,1.0,0.0,0.0
16,DB00091,DB06595,1,1.0,B,DB06595,protein,974,1.0,0.0,0.0
16,DB00091,DB06595,1,1.0,B,DB06595,protein,978,1.0,0.0,0.0
16,DB00091,DB06595,1,1.0,B,DB06595,protein,983,1.0,0.0,0.0
16,DB00091,DB06595,1,1.0,B,DB06595,protein,997,1.0,0.0,0.0
16,DB00091,DB06595,1,1.0,B,DB06595,protein,998,1.0,0.0,0.0
16,DB00091,DB06595,1,1.0,B,DB06595,protein,1018,1.0,0.0,0.0
16,DB00091,DB06595,1,1.0,B,DB06595,protein,1022,1.0,0.0,0.0
16,DB00091,DB06595,1,1.0,B,DB06595,protein,1024,1.0,0.0,0.0
16,DB00091,DB06595,1,1.0,B,DB06595,protein,1030,1.0,0.0,0.0
16,DB00091,DB06595,1,1.0,B,DB06595,protein,1048,1.0,0.0,0.0
16,DB00091,DB06595,1,1.0,B,DB06595,protein,1058,1.0,0.0,0.0
16,DB00091,DB06595,1,1.0,B,DB06595,protein,1063,1.0,0.0,0.0
16,DB00091,DB06595,1,1.0,B,DB06595,protein,1064,1.0,0.0,0.0
16,DB00091,DB06595,1,1.0,B,DB06595,protein,1068,1.0,0.0,0.0
16,DB00091,DB06595,1,1.0,B,DB06595,protein,1090,1.0,0.0,0.0
16,DB00091,DB06595,1,1.0,B,DB06595,protein,1102,1.0,0.0,0.0
16,DB00091,DB06595,1,1.0,B,DB06595,protein,1103,1.0,0.0,0.0
16,DB00091,DB06595,1,1.0,B,DB06595,protein,1104,1.0,0.0,0.0
16,DB00091,DB06595,1,1.0,B,DB06595,protein,1105,1.0,0.0,0.0
16,DB00091,DB06595,1,1.0,B,DB06595,protein,1111,1.0,0.0,0.0
16,DB00091,DB06595,1,1.0,B,DB06595,protein,1120,1.0,0.0,0.0
16,DB00091,DB06595,1,1.0,B,DB06595,protein,1129,1.0,0.0,0.0
16,DB00091,DB06595,1,1.0,B,DB06595,protein,1131,1.0,0.0,0.0
16,DB00091,DB06595,1,1.0,B,DB06595,protein,1138,1.0,0.0,0.0
16,DB00091,DB06595,1,1.0,B,DB06595,protein,1139,1.0,0.0,0.0
16,DB00091,DB06595,1,1.0,B,DB06595,protein,1160,1.0,0.0,0.0
16,DB00091,DB06595,1,1.0,B,DB06595,protein,1161,1.0,0.0,0.0
16,DB00091,DB06595,1,1.0,B,DB06595,protein,1172,1.0,0.0,0.0
16,DB00091,DB06595,1,1.0,B,DB06595,protein,1173,1.0,0.0,0.0
16,DB00091,DB06595,1,1.0,B,DB06595,protein,1174,1.0,0.0,0.0
16,DB00091,DB06595,1,1.0,B,DB06595,protein,1192,1.0,0.0,0.0
16,DB00091,DB06595,1,1.0,B,DB06595,protein,1203,1.0,0.0,0.0
16,DB00091,DB06595,1,1.0,B,DB06595,protein,1208,1.0,0.0,0.0
16,DB00091,DB06595,1,1.0,B,DB06595,protein,1209,1.0,0.0,0.0
16,DB00091,DB06595,1,1.0,B,DB06595,protein,1244,1.0,0.0,0.0
16,DB00091,DB06595,1,1.0,B,DB06595,protein,1254,1.0,0.0,0.0
16,DB00091,DB06595,1,1.0,B,DB06595,protein,1255,1.0,0.0,0.0
16,DB00091,DB06595,1,1.0,B,DB06595,protein,1258,1.0,0.0,0.0
16,DB00091,DB06595,1,1.0,B,DB06595,protein,1264,1.0,0.0,0.0
16,DB00091,DB06595,1,1.0,B,DB06595,protein,1265,1.0,0.0,0.0
16,DB00091,DB06595,1,1.0,B,DB06595,protein,1266,1.0,0.0,0.0
16,DB00091,DB06595,1,1.0,B,DB06595,protein,1267,1.0,0.0,0.0
16,DB00091,DB06595,1,1.0,B,DB06595,protein,1270,1.0,0.0,0.0
16,DB00091,DB06595,1,1.0,B,DB06595,protein,1273,1.0,0.0,0.0
16,DB00091,DB06595,1,1.0,B,DB06595,protein,1279,1.0,0.0,0.0
16,DB00091,DB06595,1,1.0,B,DB06595,protein,1312,1.0,0.0,0.0
16,DB00091,DB06595,1,1.0,B,DB06595,protein,1313,1.0,0.0,0.0
16,DB00091,DB06595,1,1.0,B,DB06595,protein,1321,1.0,0.0,0.0
16,DB00091,DB06595,1,1.0,B,DB06595,protein,1330,1.0,0.0,0.0
16,DB00091,DB06595,1,1.0,B,DB06595,protein,1335,1.0,0.0,0.0
16,DB00091,DB06595,1,1.0,B,DB06595,protein,1336,1.0,0.0,0.0
16,DB00091,DB06595,1,1.0,B,DB06595,protein,1337,1.0,0.0,0.0
16,DB00091,DB06595,1,1.0,B,DB06595,protein,1341,1.0,0.0,0.0
16,DB00091,DB06595,1,1.0,B,DB06595,protein,1342,1.0,0.0,0.0
16,DB00091,DB06595,1,1.0,B,DB06595,protein,1343,1.0,0.0,0.0
16,DB00091,DB06595,1,1.0,B,DB06595,protein,1344,1.0,0.0,0.0
16,DB00091,DB06595,1,1.0,B,DB06595,protein,1345,1.0,0.0,0.0
16,DB00091,DB06595,1,1.0,B,DB06595,protein,1364,1.0,0.0,0.0
16,DB00091,DB06595,1,1.0,B,DB06595,protein,1365,1.0,0.0,0.0
16,DB00091,DB06595,1,1.0,B,DB06595,protein,1370,1.0,0.0,0.0
16,DB00091,DB06595,1,1.0,B,DB06595,protein,1383,1.0,0.0,0.0
16,DB00091,DB06595,1,1.0,B,DB06595,protein,1384,1.0,0.0,0.0
16,DB00091,DB06595,1,1.0,B,DB06595,protein,1385,1.0,0.0,0.0
16,DB00091,DB06595,1,1.0,B,DB06595,protein,1394,1.0,0.0,0.0
16,DB00091,DB06595,1,1.0,B,DB06595,protein,1431,1.0,0.0,0.0
16,DB00091,DB06595,1,1.0,B,DB06595,protein,1432,1.0,0.0,0.0
16,DB00091,DB06595,1,1.0,B,DB06595,protein,1434,1.0,0.0,0.0
16,DB00091,DB06595,1,1.0,B,DB06595,protein,1440,1.0,0.0,0.0
16,DB00091,DB06595,1,1.0,B,DB06595,protein,1448,1.0,0.0,0.0
16,DB00091,DB06595,1,1.0,B,DB06595,protein,1450,1.0,0.0,0.0
16,DB00091,DB06595,1,1.0,B,DB06595,protein,1457,1.0,0.0,0.0
16,DB00091,DB06595,1,1.0,B,DB06595,protein,1461,1.0,0.0,0.0
16,DB00091,DB06595,1,1.0,B,DB06595,protein,1462,1.0,0.0,0.0
16,DB00091,DB06595,1,1.0,B,DB06595,protein,1463,1.0,0.0,0.0
16,DB00091,DB06595,1,1.0,B,DB06595,protein,1464,1.0,0.0,0.0
16,DB00091,DB06595,1,1.0,B,DB06595,protein,1469,1.0,0.0,0.0
16,DB00091,DB06595,1,1.0,B,DB06595,protein,1470,1.0,0.0,0.0
16,DB00091,DB06595,1,1.0,B,DB06595,protein,1490,1.0,0.0,0.0
16,DB00091,DB06595,1,1.0,B,DB06595,protein,1491,1.0,0.0,0.0
16,DB00091,DB06595,1,1.0,B,DB06595,protein,1505,1.0,0.0,0.0
16,DB00091,DB06595,1,1.0,B,DB06595,protein,1511,1.0,0.0,0.0
16,DB00091,DB06595,1,1.0,B,DB06595,protein,1523,1.0,0.0,0.0
16,DB00091,DB06595,1,1.0,B,DB06595,protein,1524,1.0,0.0,0.0
16,DB00091,DB06595,1,1.0,B,DB06595,protein,1525,1.0,0.0,0.0
16,DB00091,DB06595,1,1.0,B,DB06595,protein,1530,1.0,0.0,0.0
16,DB00091,DB06595,1,1.0,B,DB06595,protein,1531,1.0,0.0,0.0
16,DB00091,DB06595,1,1.0,B,DB06595,protein,1532,1.0,0.0,0.0
16,DB00091,DB06595,1,1.0,B,DB06595,protein,1534,1.0,0.0,0.0
16,DB00091,DB06595,1,1.0,B,DB06595,protein,1535,1.0,0.0,0.0
16,DB00091,DB06595,1,1.0,B,DB06595,protein,1542,1.0,0.0,0.0
16,DB00091,DB06595,1,1.0,B,DB06595,protein,1543,1.0,0.0,0.0
16,DB00091,DB06595,1,1.0,B,DB06595,protein,1546,1.0,0.0,0.0
16,DB00091,DB06595,1,1.0,B,DB06595,protein,1547,1.0,0.0,0.0
16,DB00091,DB06595,1,1.0,B,DB06595,protein,1548,1.0,0.0,0.0
16,DB00091,DB06595,1,1.0,B,DB06595,protein,1549,1.0,0.0,0.0
16,DB00091,DB06595,1,1.0,B,DB06595,protein,1559,1.0,0.0,0.0
16,DB00091,DB06595,1,1.0,B,DB06595,protein,1560,1.0,0.0,0.0
16,DB00091,DB06595,1,1.0,B,DB06595,protein,1561,1.0,0.0,0.0
16,DB00091,DB06595,1,1.0,B,DB06595,protein,1567,1.0,0.0,0.0
16,DB00091,DB06595,1,1.0,B,DB06595,protein,1568,1.0,0.0,0.0
16,DB00091,DB06595,1,1.0,B,DB06595,protein,1569,1.0,0.0,0.0
16,DB00091,DB06595,1,1.0,B,DB06595,protein,1570,1.0,0.0,0.0
16,DB00091,DB06595,1,1.0,B,DB06595,protein,1571,1.0,0.0,0.0
16,DB00091,DB06595,1,1.0,B,DB06595,protein,1573,1.0,0.0,0.0
16,DB00091,DB06595,1,1.0,B,DB06595,protein,1588,1.0,0.0,0.0
16,DB00091,DB06595,1,1.0,B,DB06595,protein,1599,1.0,0.0,0.0
16,DB00091,DB06595,1,1.0,B,DB06595,protein,1600,1.0,0.0,0.0
16,DB00091,DB06595,1,1.0,B,DB06595,protein,1601,1.0,0.0,0.0
16,DB00091,DB06595,1,1.0,B,DB06595,protein,1626,1.0,0.0,0.0
16,DB00091,DB06595,1,1.0,B,DB06595,protein,1630,1.0,0.0,0.0
16,DB00091,DB06595,1,1.0,B,DB06595,protein,1631,1.0,0.0,0.0
16,DB00091,DB06595,1,1.0,B,DB06595,protein,1648,1.0,0.0,0.0
16,DB00091,DB06595,1,1.0,B,DB06595,protein,1671,1.0,0.0,0.0
16,DB00091,DB06595,1,1.0,B,DB06595,protein,1684,1.0,0.0,0.0
16,DB00091,DB06595,1,1.0,B,DB06595,protein,1685,1.0,0.0,0.0
16,DB00091,DB06595,1,1.0,B,DB06595,protein,1686,1.0,0.0,0.0
16,DB00091,DB06595,1,1.0,B,DB06595,protein,1693,1.0,0.0,0.0
16,DB00091,DB06595,1,1.0,B,DB06595,protein,1696,1.0,0.0,0.0
16,DB00091,DB06595,1,1.0,B,DB06595,protein,1733,1.0,0.0,0.0
16,DB00091,DB06595,1,1.0,B,DB06595,protein,1734,1.0,0.0,0.0
16,DB00091,DB06595,1,1.0,B,DB06595,protein,1735,1.0,0.0,0.0
16,DB00091,DB06595,1,1.0,B,DB06595,protein,1736,1.0,0.0,0.0
16,DB00091,DB06595,1,1.0,B,DB06595,protein,1737,1.0,0.0,0.0
16,DB00091,DB06595,1,1.0,B,DB06595,protein,1738,1.0,0.0,0.0
16,DB00091,DB06595,1,1.0,B,DB06595,protein,1750,1.0,0.0,0.0
16,DB00091,DB06595,1,1.0,B,DB06595,protein,1755,1.0,0.0,0.0
16,DB00091,DB06595,1,1.0,B,DB06595,protein,1762,1.0,0.0,0.0
16,DB00091,DB06595,1,1.0,B,DB06595,protein,1768,1.0,0.0,0.0
16,DB00091,DB06595,1,1.0,B,DB06595,protein,1769,1.0,0.0,0.0
16,DB00091,DB06595,1,1.0,B,DB06595,protein,1771,1.0,0.0,0.0
16,DB00091,DB06595,1,1.0,B,DB06595,protein,1777,1.0,0.0,0.0
16,DB00091,DB06595,1,1.0,B,DB06595,protein,1793,1.0,0.0,0.0
16,DB00091,DB06595,1,1.0,B,DB06595,protein,1795,1.0,0.0,0.0
16,DB00091,DB06595,1,1.0,B,DB06595,protein,1800,1.0,0.0,0.0
16,DB00091,DB06595,1,1.0,B,DB06595,protein,1803,1.0,0.0,0.0
16,DB00091,DB06595,1,1.0,B,DB06595,protein,1805,1.0,0.0,0.0
16,DB00091,DB06595,1,1.0,B,DB06595,protein,1808,1.0,0.0,0.0
16,DB00091,DB06595,1,1.0,B,DB06595,protein,1815,1.0,0.0,0.0
16,DB00091,DB06595,1,1.0,B,DB06595,protein,1819,1.0,0.0,0.0
16,DB00091,DB06595,1,1.0,B,DB06595,protein,1826,1.0,0.0,0.0
16,DB00091,DB06595,1,1.0,B,DB06595,protein,1839,1.0,0.0,0.0
16,DB00091,DB06595,1,1.0,B,DB06595,protein,1848,1.0,0.0,0.0
16,DB00091,DB06595,1,1.0,B,DB06595,protein,1854,1.0,0.0,0.0
16,DB00091,DB06595,1,1.0,B,DB06595,protein,1855,1.0,0.0,0.0
16,DB00091,DB06595,1,1.0,B,DB06595,protein,1866,1.0,0.0,0.0
16,DB00091,DB06595,1,1.0,B,DB06595,protein,1868,1.0,0.0,0.0
16,DB00091,DB06595,1,1.0,B,DB06595,protein,1869,1.0,0.0,0.0
16,DB00091,DB06595,1,1.0,B,DB06595,protein,1870,1.0,0.0,0.0
16,DB00091,DB06595,1,1.0,B,DB06595,protein,1878,1.0,0.0,0.0
16,DB00091,DB06595,1,1.0,B,DB06595,protein,1881,1.0,0.0,0.0
16,DB00091,DB06595,1,1.0,B,DB06595,protein,1884,1.0,0.0,0.0
16,DB00091,DB06595,1,1.0,B,DB06595,protein,1885,1.0,0.0,0.0
16,DB00091,DB06595,1,1.0,B,DB06595,protein,1886,1.0,0.0,0.0
16,DB00091,DB06595,1,1.0,B,DB06595,protein,1887,1.0,0.0,0.0
16,DB00091,DB06595,1,1.0,B,DB06595,protein,1889,1.0,0.0,0.0
16,DB00091,DB06595,1,1.0,B,DB06595,protein,1892,1.0,0.0,0.0
16,DB00091,DB06595,1,1.0,B,DB06595,protein,1893,1.0,0.0,0.0
16,DB00091,DB06595,1,1.0,B,DB06595,protein,1904,1.0,0.0,0.0
16,DB00091,DB06595,1,1.0,B,DB06595,protein,1907,1.0,0.0,0.0
16,DB00091,DB06595,1,1.0,B,DB06595,protein,1908,1.0,0.0,0.0
16,DB00091,DB06595,1,1.0,B,DB06595,protein,1910,1.0,0.0,0.0
16,DB00091,DB06595,1,1.0,B,DB06595,protein,1914,1.0,0.0,0.0
16,DB00091,DB06595,1,1.0,B,DB06595,protein,1916,1.0,0.0,0.0
16,DB00091,DB06595,1,1.0,B,DB06595,protein,1917,1.0,0.0,0.0
16,DB00091,DB06595,1,1.0,B,DB06595,protein,1918,1.0,0.0,0.0
16,DB00091,DB06595,1,1.0,B,DB06595,protein,1924,1.0,0.0,0.0
16,DB00091,DB06595,1,1.0,B,DB06595,protein,1927,1.0,0.0,0.0
16,DB00091,DB06595,1,1.0,B,DB06595,protein,1931,1.0,0.0,0.0
16,DB00091,DB06595,1,1.0,B,DB06595,protein,1932,1.0,0.0,0.0
16,DB00091,DB06595,1,1.0,B,DB06595,protein,1938,1.0,0.0,0.0
16,DB00091,DB06595,1,1.0,B,DB06595,protein,1940,1.0,0.0,0.0
16,DB00091,DB06595,1,1.0,B,DB06595,protein,1941,1.0,0.0,0.0
16,DB00091,DB06595,1,1.0,B,DB06595,protein,1947,1.0,0.0,0.0
16,DB00091,DB06595,1,1.0,B,DB06595,protein,1950,1.0,0.0,0.0
16,DB00091,DB06595,1,1.0,B,DB06595,protein,1963,1.0,0.0,0.0
16,DB00091,DB06595,1,1.0,B,DB06595,protein,1964,1.0,0.0,0.0
16,DB00091,DB06595,1,1.0,B,DB06595,protein,1988,1.0,0.0,0.0
16,DB00091,DB06595,1,1.0,B,DB06595,protein,1992,1.0,0.0,0.0
16,DB00091,DB06595,1,1.0,B,DB06595,protein,1995,1.0,0.0,0.0
16,DB00091,DB06595,1,1.0,B,DB06595,protein,1997,1.0,0.0,0.0
16,DB00091,DB06595,1,1.0,B,DB06595,protein,1998,1.0,0.0,0.0
16,DB00091,DB06595,1,1.0,B,DB06595,protein,1999,1.0,0.0,0.0
16,DB00091,DB06595,1,1.0,B,DB06595,protein,2002,1.0,0.0,0.0
16,DB00091,DB06595,1,1.0,B,DB06595,protein,2006,1.0,0.0,0.0
16,DB00091,DB06595,1,1.0,B,DB06595,protein,2011,1.0,0.0,0.0
16,DB00091,DB06595,1,1.0,B,DB06595,protein,2013,1.0,0.0,0.0
16,DB00091,DB06595,1,1.0,B,DB06595,protein,2017,1.0,0.0,0.0
16,DB00091,DB06595,1,1.0,B,DB06595,protein,2018,1.0,0.0,0.0
16,DB00091,DB06595,1,1.0,B,DB06595,protein,2028,1.0,0.0,0.0
16,DB00091,DB06595,1,1.0,B,DB06595,protein,2033,1.0,0.0,0.0
16,DB00091,DB06595,1,1.0,B,DB06595,protein,2034,1.0,0.0,0.0
16,DB00091,DB06595,1,1.0,B,DB06595,protein,2037,1.0,0.0,0.0
16,DB00091,DB06595,1,1.0,B,DB06595,protein,2041,1.0,0.0,0.0
16,DB00091,DB06595,1,1.0,B,DB06595,protein,2045,1.0,0.0,0.0
16,DB00091,DB06595,1,1.0,B,DB06595,protein,2049,1.0,0.0,0.0
16,DB00091,DB06595,1,1.0,B,DB06595,protein,2055,1.0,0.0,0.0
16,DB00091,DB06595,1,1.0,B,DB06595,protein,2065,1.0,0.0,0.0
16,DB00091,DB06595,1,1.0,B,DB06595,protein,2068,1.0,0.0,0.0
16,DB00091,DB06595,1,1.0,B,DB06595,protein,2080,1.0,0.0,0.0
16,DB00091,DB06595,1,1.0,B,DB06595,protein,2085,1.0,0.0,0.0
16,DB00091,DB06595,1,1.0,B,DB06595,protein,2099,1.0,0.0,0.0
16,DB00091,DB06595,1,1.0,B,DB06595,protein,2108,1.0,0.0,0.0
16,DB00091,DB06595,1,1.0,B,DB06595,protein,2110,1.0,0.0,0.0
16,DB00091,DB06595,1,1.0,B,DB06595,protein,2113,1.0,0.0,0.0
16,DB00091,DB06595,1,1.0,B,DB06595,protein,2115,1.0,0.0,0.0
16,DB00091,DB06595,1,1.0,B,DB06595,protein,2123,1.0,0.0,0.0
16,DB00091,DB06595,1,1.0,B,DB06595,protein,2128,1.0,0.0,0.0
16,DB00091,DB06595,1,1.0,B,DB06595,protein,2134,1.0,0.0,0.0
16,DB00091,DB06595,1,1.0,B,DB06595,protein,2145,1.0,0.0,0.0
16,DB00091,DB06595,1,1.0,B,DB06595,protein,2150,1.0,0.0,0.0
16,DB00091,DB06595,1,1.0,B,DB06595,protein,2161,1.0,0.0,0.0
16,DB00091,DB06595,1,1.0,B,DB06595,protein,2163,1.0,0.0,0.0
16,DB00091,DB06595,1,1.0,B,DB06595,protein,2165,1.0,0.0,0.0
16,DB00091,DB06595,1,1.0,B,DB06595,protein,2175,1.0,0.0,0.0
16,DB00091,DB06595,1,1.0,B,DB06595,protein,2178,1.0,0.0,0.0
16,DB00091,DB06595,1,1.0,B,DB06595,protein,2181,1.0,0.0,0.0
16,DB00091,DB06595,1,1.0,B,DB06595,protein,2183,1.0,0.0,0.0
16,DB00091,DB06595,1,1.0,B,DB06595,protein,2192,1.0,0.0,0.0
16,DB00091,DB06595,1,1.0,B,DB06595,protein,2201,1.0,0.0,0.0
16,DB00091,DB06595,1,1.0,B,DB06595,protein,2204,1.0,0.0,0.0
16,DB00091,DB06595,1,1.0,B,DB06595,protein,2208,1.0,0.0,0.0
16,DB00091,DB06595,1,1.0,B,DB06595,protein,2210,1.0,0.0,0.0
16,DB00091,DB06595,1,1.0,B,DB06595,protein,2215,1.0,0.0,0.0
16,DB00091,DB06595,1,1.0,B,DB06595,protein,2218,1.0,0.0,0.0
16,DB00091,DB06595,1,1.0,B,DB06595,protein,2219,1.0,0.0,0.0
16,DB00091,DB06595,1,1.0,B,DB06595,protein,2226,1.0,0.0,0.0
16,DB00091,DB06595,1,1.0,B,DB06595,protein,2230,1.0,0.0,0.0
16,DB00091,DB06595,1,1.0,B,DB06595,protein,2233,1.0,0.0,0.0
16,DB00091,DB06595,1,1.0,B,DB06595,protein,2234,1.0,0.0,0.0
16,DB00091,DB06595,1,1.0,B,DB06595,protein,2236,1.0,0.0,0.0
16,DB00091,DB06595,1,1.0,B,DB06595,protein,2242,1.0,0.0,0.0
16,DB00091,DB06595,1,1.0,B,DB06595,protein,2245,1.0,0.0,0.0
16,DB00091,DB06595,1,1.0,B,DB06595,protein,2256,1.0,0.0,0.0
16,DB00091,DB06595,1,1.0,B,DB06595,protein,2260,1.0,0.0,0.0
16,DB00091,DB06595,1,1.0,B,DB06595,protein,2262,1.0,0.0,0.0
16,DB00091,DB06595,1,1.0,B,DB06595,protein,2267,1.0,0.0,0.0
16,DB00091,DB06595,1,1.0,B,DB06595,protein,2278,1.0,0.0,0.0
16,DB00091,DB06595,1,1.0,B,DB06595,protein,2283,1.0,0.0,0.0
16,DB00091,DB06595,1,1.0,B,DB06595,protein,2285,1.0,0.0,0.0
16,DB00091,DB06595,1,1.0,B,DB06595,protein,2290,1.0,0.0,0.0
16,DB00091,DB06595,1,1.0,B,DB06595,protein,2292,1.0,0.0,0.0
16,DB00091,DB06595,1,1.0,B,DB06595,protein,2295,1.0,0.0,0.0
16,DB00091,DB06595,1,1.0,B,DB06595,protein,2303,1.0,0.0,0.0
16,DB00091,DB06595,1,1.0,B,DB06595,protein,2304,1.0,0.0,0.0
16,DB00091,DB06595,1,1.0,B,DB06595,protein,2307,1.0,0.0,0.0
16,DB00091,DB06595,1,1.0,B,DB06595,protein,2310,1.0,0.0,0.0
16,DB00091,DB06595,1,1.0,B,DB06595,protein,2316,1.0,0.0,0.0
16,DB00091,DB06595,1,1.0,B,DB06595,protein,2321,1.0,0.0,0.0
16,DB00091,DB06595,1,1.0,B,DB06595,protein,2324,1.0,0.0,0.0
16,DB00091,DB06595,1,1.0,B,DB06595,protein,2333,1.0,0.0,0.0
16,DB00091,DB06595,1,1.0,B,DB06595,protein,2343,1.0,0.0,0.0
16,DB00091,DB06595,1,1.0,B,DB06595,protein,2347,1.0,0.0,0.0
16,DB00091,DB06595,1,1.0,B,DB06595,protein,2352,1.0,0.0,0.0
16,DB00091,DB06595,1,1.0,B,DB06595,protein,2362,1.0,0.0,0.0
16,DB00091,DB06595,1,1.0,B,DB06595,protein,2386,1.0,0.0,0.0
16,DB00091,DB06595,1,1.0,B,DB06595,protein,2388,1.0,0.0,0.0
16,DB00091,DB06595,1,1.0,B,DB06595,protein,2399,1.0,0.0,0.0
16,DB00091,DB06595,1,1.0,B,DB06595,protein,2412,1.0,0.0,0.0
16,DB00091,DB06595,1,1.0,B,DB06595,protein,2420,1.0,0.0,0.0
16,DB00091,DB06595,1,1.0,B,DB06595,protein,2429,1.0,0.0,0.0
16,DB00091,DB06595,1,1.0,B,DB06595,protein,2430,1.0,0.0,0.0
16,DB00091,DB06595,1,1.0,B,DB06595,protein,2437,1.0,0.0,0.0
16,DB00091,DB06595,1,1.0,B,DB06595,protein,2442,1.0,0.0,0.0
16,DB00091,DB06595,1,1.0,B,DB06595,protein,2445,1.0,0.0,0.0
16,DB00091,DB06595,1,1.0,B,DB06595,protein,2447,1.0,0.0,0.0
16,DB00091,DB06595,1,1.0,B,DB06595,protein,2470,1.0,0.0,0.0
16,DB00091,DB06595,1,1.0,B,DB06595,protein,2473,1.0,0.0,0.0
16,DB00091,DB06595,1,1.0,B,DB06595,protein,2481,1.0,0.0,0.0
16,DB00091,DB06595,1,1.0,B,DB06595,protein,2483,1.0,0.0,0.0
16,DB00091,DB06595,1,1.0,B,DB06595,protein,2499,1.0,0.0,0.0
16,DB00091,DB06595,1,1.0,B,DB06595,protein,2502,1.0,0.0,0.0
16,DB00091,DB06595,1,1.0,B,DB06595,protein,2507,1.0,0.0,0.0
16,DB00091,DB06595,1,1.0,B,DB06595,protein,2512,1.0,0.0,0.0
16,DB00091,DB06595,1,1.0,B,DB06595,protein,2513,1.0,0.0,0.0
16,DB00091,DB06595,1,1.0,B,DB06595,protein,2515,1.0,0.0,0.0
16,DB00091,DB06595,1,1.0,B,DB06595,protein,2516,1.0,0.0,0.0
16,DB00091,DB06595,1,1.0,B,DB06595,protein,2526,1.0,0.0,0.0
16,DB00091,DB06595,1,1.0,B,DB06595,protein,2530,1.0,0.0,0.0
16,DB00091,DB06595,1,1.0,B,DB06595,protein,2532,1.0,0.0,0.0
16,DB00091,DB06595,1,1.0,B,DB06595,protein,2546,1.0,0.0,0.0
16,DB00091,DB06595,1,1.0,B,DB06595,protein,2547,1.0,0.0,0.0
16,DB00091,DB06595,1,1.0,B,DB06595,protein,2550,1.0,0.0,0.0
16,DB00091,DB06595,1,1.0,B,DB06595,protein,2554,1.0,0.0,0.0
16,DB00091,DB06595,1,1.0,B,DB06595,protein,2561,1.0,0.0,0.0
16,DB00091,DB06595,1,1.0,B,DB06595,protein,2564,1.0,0.0,0.0
16,DB00091,DB06595,1,1.0,B,DB06595,protein,2565,1.0,0.0,0.0
16,DB00091,DB06595,1,1.0,B,DB06595,protein,2567,1.0,0.0,0.0
16,DB00091,DB06595,1,1.0,B,DB06595,protein,2572,1.0,0.0,0.0
16,DB00091,DB06595,1,1.0,B,DB06595,protein,2573,1.0,0.0,0.0
16,DB00091,DB06595,1,1.0,B,DB06595,protein,2575,1.0,0.0,0.0
16,DB00091,DB06595,1,1.0,B,DB06595,protein,2580,1.0,0.0,0.0
16,DB00091,DB06595,1,1.0,B,DB06595,protein,2593,1.0,0.0,0.0
16,DB00091,DB06595,1,1.0,B,DB06595,protein,2595,1.0,0.0,0.0
16,DB00091,DB06595,1,1.0,B,DB06595,protein,2599,1.0,0.0,0.0
16,DB00091,DB06595,1,1.0,B,DB06595,protein,2606,1.0,0.0,0.0
16,DB00091,DB06595,1,1.0,B,DB06595,protein,2610,1.0,0.0,0.0
16,DB00091,DB06595,1,1.0,B,DB06595,protein,2628,1.0,0.0,0.0
16,DB00091,DB06595,1,1.0,B,DB06595,protein,2630,1.0,0.0,0.0
16,DB00091,DB06595,1,1.0,B,DB06595,protein,2641,1.0,0.0,0.0
16,DB00091,DB06595,1,1.0,B,DB06595,protein,2643,1.0,0.0,0.0
16,DB00091,DB06595,1,1.0,B,DB06595,protein,2644,1.0,0.0,0.0
16,DB00091,DB06595,1,1.0,B,DB06595,protein,2652,1.0,0.0,0.0
16,DB00091,DB06595,1,1.0,B,DB06595,protein,2654,1.0,0.0,0.0
16,DB00091,DB06595,1,1.0,B,DB06595,protein,2656,1.0,0.0,0.0
16,DB00091,DB06595,1,1.0,B,DB06595,protein,2657,1.0,0.0,0.0
16,DB00091,DB06595,1,1.0,B,DB06595,protein,2664,1.0,0.0,0.0
16,DB00091,DB06595,1,1.0,B,DB06595,protein,2670,1.0,0.0,0.0
16,DB00091,DB06595,1,1.0,B,DB06595,protein,2675,1.0,0.0,0.0
16,DB00091,DB06595,1,1.0,B,DB06595,protein,2677,1.0,0.0,0.0
16,DB00091,DB06595,1,1.0,B,DB06595,protein,2690,1.0,0.0,0.0
16,DB00091,DB06595,1,1.0,B,DB06595,protein,2698,1.0,0.0,0.0
16,DB00091,DB06595,1,1.0,B,DB06595,protein,2699,1.0,0.0,0.0
16,DB00091,DB06595,1,1.0,B,DB06595,protein,2702,1.0,0.0,0.0
16,DB00091,DB06595,1,1.0,B,DB06595,protein,2703,1.0,0.0,0.0
16,DB00091,DB06595,1,1.0,B,DB06595,protein,2704,1.0,0.0,0.0
16,DB00091,DB06595,1,1.0,B,DB06595,protein,2707,1.0,0.0,0.0
16,DB00091,DB06595,1,1.0,B,DB06595,protein,2708,1.0,0.0,0.0
16,DB00091,DB06595,1,1.0,B,DB06595,protein,2715,1.0,0.0,0.0
16,DB00091,DB06595,1,1.0,B,DB06595,protein,2716,1.0,0.0,0.0
16,DB00091,DB06595,1,1.0,B,DB06595,protein,2720,1.0,0.0,0.0
16,DB00091,DB06595,1,1.0,B,DB06595,protein,2732,1.0,0.0,0.0
16,DB00091,DB06595,1,1.0,B,DB06595,protein,2734,1.0,0.0,0.0
16,DB00091,DB06595,1,1.0,B,DB06595,protein,2736,1.0,0.0,0.0
16,DB00091,DB06595,1,1.0,B,DB06595,protein,2739,1.0,0.0,0.0
16,DB00091,DB06595,1,1.0,B,DB06595,protein,2746,1.0,0.0,0.0
16,DB00091,DB06595,1,1.0,B,DB06595,protein,2747,1.0,0.0,0.0
16,DB00091,DB06595,1,1.0,B,DB06595,protein,2758,1.0,0.0,0.0
16,DB00091,DB06595,1,1.0,B,DB06595,protein,2766,1.0,0.0,0.0
16,DB00091,DB06595,1,1.0,B,DB06595,protein,2767,1.0,0.0,0.0
16,DB00091,DB06595,1,1.0,B,DB06595,protein,2770,1.0,0.0,0.0
16,DB00091,DB06595,1,1.0,B,DB06595,protein,2777,1.0,0.0,0.0
16,DB00091,DB06595,1,1.0,B,DB06595,protein,2788,1.0,0.0,0.0
16,DB00091,DB06595,1,1.0,B,DB06595,protein,2797,1.0,0.0,0.0
16,DB00091,DB06595,1,1.0,B,DB06595,protein,2801,1.0,0.0,0.0
16,DB00091,DB06595,1,1.0,B,DB06595,protein,2804,1.0,0.0,0.0
16,DB00091,DB06595,1,1.0,B,DB06595,protein,2807,1.0,0.0,0.0
16,DB00091,DB06595,1,1.0,B,DB06595,protein,2808,1.0,0.0,0.0
16,DB00091,DB06595,1,1.0,B,DB06595,protein,2811,1.0,0.0,0.0
16,DB00091,DB06595,1,1.0,B,DB06595,protein,2824,1.0,0.0,0.0
16,DB00091,DB06595,1,1.0,B,DB06595,protein,2835,1.0,0.0,0.0
16,DB00091,DB06595,1,1.0,B,DB06595,protein,2836,1.0,0.0,0.0
16,DB00091,DB06595,1,1.0,B,DB06595,protein,2838,1.0,0.0,0.0
16,DB00091,DB06595,1,1.0,B,DB06595,protein,2843,1.0,0.0,0.0
16,DB00091,DB06595,1,1.0,B,DB06595,protein,2850,1.0,0.0,0.0
16,DB00091,DB06595,1,1.0,B,DB06595,protein,2856,1.0,0.0,0.0
16,DB00091,DB06595,1,1.0,B,DB06595,protein,2860,1.0,0.0,0.0
16,DB00091,DB06595,1,1.0,B,DB06595,protein,2865,1.0,0.0,0.0
16,DB00091,DB06595,1,1.0,B,DB06595,protein,2873,1.0,0.0,0.0
16,DB00091,DB06595,1,1.0,B,DB06595,protein,2880,1.0,0.0,0.0
16,DB00091,DB06595,1,1.0,B,DB06595,protein,2886,1.0,0.0,0.0
16,DB00091,DB06595,1,1.0,B,DB06595,protein,2890,1.0,0.0,0.0
17,DB00091,DB06697,1,1.0,A,DB00091,protein,29,1.0,0.0,0.0
17,DB00091,DB06697,1,1.0,A,DB00091,protein,100,1.0,0.0,0.0
17,DB00091,DB06697,1,1.0,A,DB00091,protein,104,1.0,0.0,0.0
17,DB00091,DB06697,1,1.0,A,DB00091,protein,119,1.0,0.0,0.0
17,DB00091,DB06697,1,1.0,A,DB00091,protein,218,1.0,0.0,0.0
17,DB00091,DB06697,1,1.0,A,DB00091,protein,221,1.0,0.0,0.0
17,DB00091,DB06697,1,1.0,A,DB00091,protein,244,1.0,0.0,0.0
17,DB00091,DB06697,1,1.0,A,DB00091,protein,251,1.0,0.0,0.0
17,DB00091,DB06697,1,1.0,A,DB00091,protein,259,1.0,0.0,0.0
17,DB00091,DB06697,1,1.0,A,DB00091,protein,273,1.0,0.0,0.0
17,DB00091,DB06697,1,1.0,A,DB00091,protein,277,1.0,0.0,0.0
17,DB00091,DB06697,1,1.0,A,DB00091,protein,282,1.0,0.0,0.0
17,DB00091,DB06697,1,1.0,A,DB00091,protein,323,1.0,0.0,0.0
17,DB00091,DB06697,1,1.0,A,DB00091,protein,346,1.0,0.0,0.0
17,DB00091,DB06697,1,1.0,A,DB00091,protein,376,1.0,0.0,0.0
17,DB00091,DB06697,1,1.0,A,DB00091,protein,412,1.0,0.0,0.0
17,DB00091,DB06697,1,1.0,A,DB00091,protein,418,1.0,0.0,0.0
17,DB00091,DB06697,1,1.0,A,DB00091,protein,421,1.0,0.0,0.0
17,DB00091,DB06697,1,1.0,A,DB00091,protein,425,1.0,0.0,0.0
17,DB00091,DB06697,1,1.0,A,DB00091,protein,430,1.0,0.0,0.0
17,DB00091,DB06697,1,1.0,A,DB00091,protein,445,1.0,0.0,0.0
17,DB00091,DB06697,1,1.0,A,DB00091,protein,461,1.0,0.0,0.0
17,DB00091,DB06697,1,1.0,A,DB00091,protein,475,1.0,0.0,0.0
17,DB00091,DB06697,1,1.0,A,DB00091,protein,477,1.0,0.0,0.0
17,DB00091,DB06697,1,1.0,A,DB00091,protein,497,1.0,0.0,0.0
17,DB00091,DB06697,1,1.0,A,DB00091,protein,498,1.0,0.0,0.0
17,DB00091,DB06697,1,1.0,A,DB00091,protein,515,1.0,0.0,0.0
17,DB00091,DB06697,1,1.0,A,DB00091,protein,548,1.0,0.0,0.0
17,DB00091,DB06697,1,1.0,A,DB00091,protein,565,1.0,0.0,0.0
17,DB00091,DB06697,1,1.0,A,DB00091,protein,566,1.0,0.0,0.0
17,DB00091,DB06697,1,1.0,A,DB00091,protein,568,1.0,0.0,0.0
17,DB00091,DB06697,1,1.0,A,DB00091,protein,575,1.0,0.0,0.0
17,DB00091,DB06697,1,1.0,A,DB00091,protein,580,1.0,0.0,0.0
17,DB00091,DB06697,1,1.0,A,DB00091,protein,589,1.0,0.0,0.0
17,DB00091,DB06697,1,1.0,A,DB00091,protein,591,1.0,0.0,0.0
17,DB00091,DB06697,1,1.0,A,DB00091,protein,597,1.0,0.0,0.0
17,DB00091,DB06697,1,1.0,A,DB00091,protein,608,1.0,0.0,0.0
17,DB00091,DB06697,1,1.0,A,DB00091,protein,609,1.0,0.0,0.0
17,DB00091,DB06697,1,1.0,A,DB00091,protein,687,1.0,0.0,0.0
17,DB00091,DB06697,1,1.0,A,DB00091,protein,698,1.0,0.0,0.0
17,DB00091,DB06697,1,1.0,A,DB00091,protein,708,1.0,0.0,0.0
17,DB00091,DB06697,1,1.0,A,DB00091,protein,709,1.0,0.0,0.0
17,DB00091,DB06697,1,1.0,A,DB00091,protein,721,1.0,0.0,0.0
17,DB00091,DB06697,1,1.0,A,DB00091,protein,731,1.0,0.0,0.0
17,DB00091,DB06697,1,1.0,A,DB00091,protein,742,1.0,0.0,0.0
17,DB00091,DB06697,1,1.0,A,DB00091,protein,746,1.0,0.0,0.0
17,DB00091,DB06697,1,1.0,A,DB00091,protein,749,1.0,0.0,0.0
17,DB00091,DB06697,1,1.0,A,DB00091,protein,790,1.0,0.0,0.0
17,DB00091,DB06697,1,1.0,A,DB00091,protein,802,1.0,0.0,0.0
17,DB00091,DB06697,1,1.0,A,DB00091,protein,814,1.0,0.0,0.0
17,DB00091,DB06697,1,1.0,A,DB00091,protein,827,1.0,0.0,0.0
17,DB00091,DB06697,1,1.0,A,DB00091,protein,863,1.0,0.0,0.0
17,DB00091,DB06697,1,1.0,A,DB00091,protein,879,1.0,0.0,0.0
17,DB00091,DB06697,1,1.0,A,DB00091,protein,884,1.0,0.0,0.0
17,DB00091,DB06697,1,1.0,A,DB00091,protein,893,1.0,0.0,0.0
17,DB00091,DB06697,1,1.0,A,DB00091,protein,908,1.0,0.0,0.0
17,DB00091,DB06697,1,1.0,A,DB00091,protein,920,1.0,0.0,0.0
17,DB00091,DB06697,1,1.0,A,DB00091,protein,930,1.0,0.0,0.0
17,DB00091,DB06697,1,1.0,A,DB00091,protein,936,1.0,0.0,0.0
17,DB00091,DB06697,1,1.0,A,DB00091,protein,940,1.0,0.0,0.0
17,DB00091,DB06697,1,1.0,A,DB00091,protein,942,1.0,0.0,0.0
17,DB00091,DB06697,1,1.0,A,DB00091,protein,943,1.0,0.0,0.0
17,DB00091,DB06697,1,1.0,A,DB00091,protein,948,1.0,0.0,0.0
17,DB00091,DB06697,1,1.0,A,DB00091,protein,955,1.0,0.0,0.0
17,DB00091,DB06697,1,1.0,A,DB00091,protein,964,1.0,0.0,0.0
17,DB00091,DB06697,1,1.0,A,DB00091,protein,987,1.0,0.0,0.0
17,DB00091,DB06697,1,1.0,A,DB00091,protein,991,1.0,0.0,0.0
17,DB00091,DB06697,1,1.0,A,DB00091,protein,998,1.0,0.0,0.0
17,DB00091,DB06697,1,1.0,A,DB00091,protein,1008,1.0,0.0,0.0
17,DB00091,DB06697,1,1.0,A,DB00091,protein,1020,1.0,0.0,0.0
17,DB00091,DB06697,1,1.0,A,DB00091,protein,1025,1.0,0.0,0.0
17,DB00091,DB06697,1,1.0,A,DB00091,protein,1026,1.0,0.0,0.0
17,DB00091,DB06697,1,1.0,A,DB00091,protein,1027,1.0,0.0,0.0
17,DB00091,DB06697,1,1.0,A,DB00091,protein,1031,1.0,0.0,0.0
17,DB00091,DB06697,1,1.0,A,DB00091,protein,1032,1.0,0.0,0.0
17,DB00091,DB06697,1,1.0,A,DB00091,protein,1033,1.0,0.0,0.0
17,DB00091,DB06697,1,1.0,A,DB00091,protein,1034,1.0,0.0,0.0
17,DB00091,DB06697,1,1.0,A,DB00091,protein,1046,1.0,0.0,0.0
17,DB00091,DB06697,1,1.0,A,DB00091,protein,1063,1.0,0.0,0.0
17,DB00091,DB06697,1,1.0,A,DB00091,protein,1067,1.0,0.0,0.0
17,DB00091,DB06697,1,1.0,A,DB00091,protein,1082,1.0,0.0,0.0
17,DB00091,DB06697,1,1.0,A,DB00091,protein,1086,1.0,0.0,0.0
17,DB00091,DB06697,1,1.0,A,DB00091,protein,1090,1.0,0.0,0.0
17,DB00091,DB06697,1,1.0,A,DB00091,protein,1100,1.0,0.0,0.0
17,DB00091,DB06697,1,1.0,A,DB00091,protein,1116,1.0,0.0,0.0
17,DB00091,DB06697,1,1.0,A,DB00091,protein,1135,1.0,0.0,0.0
17,DB00091,DB06697,1,1.0,A,DB00091,protein,1136,1.0,0.0,0.0
17,DB00091,DB06697,1,1.0,A,DB00091,protein,1143,1.0,0.0,0.0
17,DB00091,DB06697,1,1.0,A,DB00091,protein,1156,1.0,0.0,0.0
17,DB00091,DB06697,1,1.0,A,DB00091,protein,1171,1.0,0.0,0.0
17,DB00091,DB06697,1,1.0,A,DB00091,protein,1184,1.0,0.0,0.0
17,DB00091,DB06697,1,1.0,A,DB00091,protein,1186,1.0,0.0,0.0
17,DB00091,DB06697,1,1.0,A,DB00091,protein,1187,1.0,0.0,0.0
17,DB00091,DB06697,1,1.0,A,DB00091,protein,1200,1.0,0.0,0.0
17,DB00091,DB06697,1,1.0,A,DB00091,protein,1203,1.0,0.0,0.0
17,DB00091,DB06697,1,1.0,A,DB00091,protein,1206,1.0,0.0,0.0
17,DB00091,DB06697,1,1.0,A,DB00091,protein,1227,1.0,0.0,0.0
17,DB00091,DB06697,1,1.0,A,DB00091,protein,1228,1.0,0.0,0.0
17,DB00091,DB06697,1,1.0,A,DB00091,protein,1230,1.0,0.0,0.0
17,DB00091,DB06697,1,1.0,A,DB00091,protein,1234,1.0,0.0,0.0
17,DB00091,DB06697,1,1.0,A,DB00091,protein,1274,1.0,0.0,0.0
17,DB00091,DB06697,1,1.0,A,DB00091,protein,1276,1.0,0.0,0.0
17,DB00091,DB06697,1,1.0,A,DB00091,protein,1303,1.0,0.0,0.0
17,DB00091,DB06697,1,1.0,A,DB00091,protein,1304,1.0,0.0,0.0
17,DB00091,DB06697,1,1.0,A,DB00091,protein,1319,1.0,0.0,0.0
17,DB00091,DB06697,1,1.0,A,DB00091,protein,1320,1.0,0.0,0.0
17,DB00091,DB06697,1,1.0,A,DB00091,protein,1322,1.0,0.0,0.0
17,DB00091,DB06697,1,1.0,A,DB00091,protein,1337,1.0,0.0,0.0
17,DB00091,DB06697,1,1.0,A,DB00091,protein,1360,1.0,0.0,0.0
17,DB00091,DB06697,1,1.0,A,DB00091,protein,1438,1.0,0.0,0.0
17,DB00091,DB06697,1,1.0,A,DB00091,protein,1441,1.0,0.0,0.0
17,DB00091,DB06697,1,1.0,A,DB00091,protein,1477,1.0,0.0,0.0
17,DB00091,DB06697,1,1.0,A,DB00091,protein,1485,1.0,0.0,0.0
17,DB00091,DB06697,1,1.0,A,DB00091,protein,1515,1.0,0.0,0.0
17,DB00091,DB06697,1,1.0,A,DB00091,protein,1516,1.0,0.0,0.0
17,DB00091,DB06697,1,1.0,A,DB00091,protein,1554,1.0,0.0,0.0
17,DB00091,DB06697,1,1.0,A,DB00091,protein,1650,1.0,0.0,0.0
17,DB00091,DB06697,1,1.0,A,DB00091,protein,1651,1.0,0.0,0.0
17,DB00091,DB06697,1,1.0,A,DB00091,protein,1656,1.0,0.0,0.0
17,DB00091,DB06697,1,1.0,A,DB00091,protein,1667,1.0,0.0,0.0
17,DB00091,DB06697,1,1.0,A,DB00091,protein,1705,1.0,0.0,0.0
17,DB00091,DB06697,1,1.0,A,DB00091,protein,1748,1.0,0.0,0.0
17,DB00091,DB06697,1,1.0,A,DB00091,protein,1757,1.0,0.0,0.0
17,DB00091,DB06697,1,1.0,A,DB00091,protein,1760,1.0,0.0,0.0
17,DB00091,DB06697,1,1.0,A,DB00091,protein,1772,1.0,0.0,0.0
17,DB00091,DB06697,1,1.0,A,DB00091,protein,1781,1.0,0.0,0.0
17,DB00091,DB06697,1,1.0,A,DB00091,protein,1843,1.0,0.0,0.0
17,DB00091,DB06697,1,1.0,A,DB00091,protein,1852,1.0,0.0,0.0
17,DB00091,DB06697,1,1.0,A,DB00091,protein,1867,1.0,0.0,0.0
17,DB00091,DB06697,1,1.0,A,DB00091,protein,1874,1.0,0.0,0.0
17,DB00091,DB06697,1,1.0,A,DB00091,protein,1911,1.0,0.0,0.0
17,DB00091,DB06697,1,1.0,A,DB00091,protein,1975,1.0,0.0,0.0
17,DB00091,DB06697,1,1.0,A,DB00091,protein,2027,1.0,0.0,0.0
17,DB00091,DB06697,1,1.0,A,DB00091,protein,2037,1.0,0.0,0.0
17,DB00091,DB06697,1,1.0,A,DB00091,protein,2051,1.0,0.0,0.0
17,DB00091,DB06697,1,1.0,A,DB00091,protein,2095,1.0,0.0,0.0
17,DB00091,DB06697,1,1.0,A,DB00091,protein,2125,1.0,0.0,0.0
17,DB00091,DB06697,1,1.0,A,DB00091,protein,2159,1.0,0.0,0.0
17,DB00091,DB06697,1,1.0,A,DB00091,protein,2348,1.0,0.0,0.0
17,DB00091,DB06697,1,1.0,A,DB00091,protein,2357,1.0,0.0,0.0
17,DB00091,DB06697,1,1.0,A,DB00091,protein,2361,1.0,0.0,0.0
17,DB00091,DB06697,1,1.0,A,DB00091,protein,2408,1.0,0.0,0.0
17,DB00091,DB06697,1,1.0,A,DB00091,protein,2417,1.0,0.0,0.0
17,DB00091,DB06697,1,1.0,A,DB00091,protein,2433,1.0,0.0,0.0
17,DB00091,DB06697,1,1.0,A,DB00091,protein,2475,1.0,0.0,0.0
17,DB00091,DB06697,1,1.0,A,DB00091,protein,2479,1.0,0.0,0.0
17,DB00091,DB06697,1,1.0,A,DB00091,protein,2622,1.0,0.0,0.0
17,DB00091,DB06697,1,1.0,A,DB00091,protein,2659,1.0,0.0,0.0
17,DB00091,DB06697,1,1.0,A,DB00091,protein,2720,1.0,0.0,0.0
17,DB00091,DB06697,1,1.0,A,DB00091,protein,2724,1.0,0.0,0.0
17,DB00091,DB06697,1,1.0,A,DB00091,protein,2793,1.0,0.0,0.0
17,DB00091,DB06697,1,1.0,A,DB00091,protein,2797,1.0,0.0,0.0
17,DB00091,DB06697,1,1.0,A,DB00091,protein,2831,1.0,0.0,0.0
17,DB00091,DB06697,1,1.0,A,DB00091,protein,2849,1.0,0.0,0.0
17,DB00091,DB06697,1,1.0,A,DB00091,protein,2885,1.0,0.0,0.0
17,DB00091,DB06697,1,1.0,B,DB06697,protein,218,1.0,0.0,0.0
17,DB00091,DB06697,1,1.0,B,DB06697,protein,244,1.0,0.0,0.0
17,DB00091,DB06697,1,1.0,B,DB06697,protein,323,1.0,0.0,0.0
17,DB00091,DB06697,1,1.0,B,DB06697,protein,346,1.0,0.0,0.0
17,DB00091,DB06697,1,1.0,B,DB06697,protein,376,1.0,0.0,0.0
17,DB00091,DB06697,1,1.0,B,DB06697,protein,412,1.0,0.0,0.0
17,DB00091,DB06697,1,1.0,B,DB06697,protein,418,1.0,0.0,0.0
17,DB00091,DB06697,1,1.0,B,DB06697,protein,421,1.0,0.0,0.0
17,DB00091,DB06697,1,1.0,B,DB06697,protein,430,1.0,0.0,0.0
17,DB00091,DB06697,1,1.0,B,DB06697,protein,445,1.0,0.0,0.0
17,DB00091,DB06697,1,1.0,B,DB06697,protein,457,1.0,0.0,0.0
17,DB00091,DB06697,1,1.0,B,DB06697,protein,475,1.0,0.0,0.0
17,DB00091,DB06697,1,1.0,B,DB06697,protein,477,1.0,0.0,0.0
17,DB00091,DB06697,1,1.0,B,DB06697,protein,497,1.0,0.0,0.0
17,DB00091,DB06697,1,1.0,B,DB06697,protein,498,1.0,0.0,0.0
17,DB00091,DB06697,1,1.0,B,DB06697,protein,548,1.0,0.0,0.0
17,DB00091,DB06697,1,1.0,B,DB06697,protein,565,1.0,0.0,0.0
17,DB00091,DB06697,1,1.0,B,DB06697,protein,566,1.0,0.0,0.0
17,DB00091,DB06697,1,1.0,B,DB06697,protein,575,1.0,0.0,0.0
17,DB00091,DB06697,1,1.0,B,DB06697,protein,580,1.0,0.0,0.0
17,DB00091,DB06697,1,1.0,B,DB06697,protein,589,1.0,0.0,0.0
17,DB00091,DB06697,1,1.0,B,DB06697,protein,591,1.0,0.0,0.0
17,DB00091,DB06697,1,1.0,B,DB06697,protein,597,0.9999998807907104,1.1920928955078125e-07,1.1920928955078125e-07
17,DB00091,DB06697,1,1.0,B,DB06697,protein,608,1.0,0.0,0.0
17,DB00091,DB06697,1,1.0,B,DB06697,protein,609,1.0,0.0,0.0
17,DB00091,DB06697,1,1.0,B,DB06697,protein,687,1.0,0.0,0.0
17,DB00091,DB06697,1,1.0,B,DB06697,protein,708,1.0,0.0,0.0
17,DB00091,DB06697,1,1.0,B,DB06697,protein,731,1.0,0.0,0.0
17,DB00091,DB06697,1,1.0,B,DB06697,protein,746,1.0,0.0,0.0
17,DB00091,DB06697,1,1.0,B,DB06697,protein,749,1.0,0.0,0.0
17,DB00091,DB06697,1,1.0,B,DB06697,protein,790,1.0,0.0,0.0
17,DB00091,DB06697,1,1.0,B,DB06697,protein,802,1.0,0.0,0.0
17,DB00091,DB06697,1,1.0,B,DB06697,protein,814,1.0,0.0,0.0
17,DB00091,DB06697,1,1.0,B,DB06697,protein,863,1.0,0.0,0.0
17,DB00091,DB06697,1,1.0,B,DB06697,protein,879,1.0,0.0,0.0
17,DB00091,DB06697,1,1.0,B,DB06697,protein,884,1.0,0.0,0.0
17,DB00091,DB06697,1,1.0,B,DB06697,protein,893,1.0,0.0,0.0
17,DB00091,DB06697,1,1.0,B,DB06697,protein,920,1.0,0.0,0.0
17,DB00091,DB06697,1,1.0,B,DB06697,protein,929,1.0,0.0,0.0
17,DB00091,DB06697,1,1.0,B,DB06697,protein,930,0.9999997615814209,2.384185791015625e-07,2.384185791015625e-07
17,DB00091,DB06697,1,1.0,B,DB06697,protein,936,1.0,0.0,0.0
17,DB00091,DB06697,1,1.0,B,DB06697,protein,940,1.0,0.0,0.0
17,DB00091,DB06697,1,1.0,B,DB06697,protein,943,1.0,0.0,0.0
17,DB00091,DB06697,1,1.0,B,DB06697,protein,948,1.0,0.0,0.0
17,DB00091,DB06697,1,1.0,B,DB06697,protein,955,1.0,0.0,0.0
17,DB00091,DB06697,1,1.0,B,DB06697,protein,964,1.0,0.0,0.0
17,DB00091,DB06697,1,1.0,B,DB06697,protein,987,1.0,0.0,0.0
17,DB00091,DB06697,1,1.0,B,DB06697,protein,1008,1.0,0.0,0.0
17,DB00091,DB06697,1,1.0,B,DB06697,protein,1020,1.0,0.0,0.0
17,DB00091,DB06697,1,1.0,B,DB06697,protein,1025,1.0,0.0,0.0
17,DB00091,DB06697,1,1.0,B,DB06697,protein,1026,1.0,0.0,0.0
17,DB00091,DB06697,1,1.0,B,DB06697,protein,1027,1.0,0.0,0.0
17,DB00091,DB06697,1,1.0,B,DB06697,protein,1031,1.0,0.0,0.0
17,DB00091,DB06697,1,1.0,B,DB06697,protein,1032,1.0,0.0,0.0
17,DB00091,DB06697,1,1.0,B,DB06697,protein,1033,1.0,0.0,0.0
17,DB00091,DB06697,1,1.0,B,DB06697,protein,1034,1.0,0.0,0.0
17,DB00091,DB06697,1,1.0,B,DB06697,protein,1046,1.0,0.0,0.0
17,DB00091,DB06697,1,1.0,B,DB06697,protein,1063,1.0,0.0,0.0
17,DB00091,DB06697,1,1.0,B,DB06697,protein,1082,1.0,0.0,0.0
17,DB00091,DB06697,1,1.0,B,DB06697,protein,1086,1.0,0.0,0.0
17,DB00091,DB06697,1,1.0,B,DB06697,protein,1090,1.0,0.0,0.0
17,DB00091,DB06697,1,1.0,B,DB06697,protein,1100,1.0,0.0,0.0
17,DB00091,DB06697,1,1.0,B,DB06697,protein,1116,1.0,0.0,0.0
17,DB00091,DB06697,1,1.0,B,DB06697,protein,1136,1.0,0.0,0.0
17,DB00091,DB06697,1,1.0,B,DB06697,protein,1143,1.0,0.0,0.0
17,DB00091,DB06697,1,1.0,B,DB06697,protein,1156,1.0,0.0,0.0
17,DB00091,DB06697,1,1.0,B,DB06697,protein,1171,1.0,0.0,0.0
17,DB00091,DB06697,1,1.0,B,DB06697,protein,1184,1.0,0.0,0.0
17,DB00091,DB06697,1,1.0,B,DB06697,protein,1186,1.0,0.0,0.0
17,DB00091,DB06697,1,1.0,B,DB06697,protein,1187,1.0,0.0,0.0
17,DB00091,DB06697,1,1.0,B,DB06697,protein,1200,1.0,0.0,0.0
17,DB00091,DB06697,1,1.0,B,DB06697,protein,1203,1.0,0.0,0.0
17,DB00091,DB06697,1,1.0,B,DB06697,protein,1227,1.0,0.0,0.0
17,DB00091,DB06697,1,1.0,B,DB06697,protein,1228,1.0,0.0,0.0
17,DB00091,DB06697,1,1.0,B,DB06697,protein,1230,1.0,0.0,0.0
17,DB00091,DB06697,1,1.0,B,DB06697,protein,1234,1.0,0.0,0.0
17,DB00091,DB06697,1,1.0,B,DB06697,protein,1276,1.0,0.0,0.0
17,DB00091,DB06697,1,1.0,B,DB06697,protein,1303,1.0,0.0,0.0
17,DB00091,DB06697,1,1.0,B,DB06697,protein,1304,1.0,0.0,0.0
17,DB00091,DB06697,1,1.0,B,DB06697,protein,1319,1.0,0.0,0.0
17,DB00091,DB06697,1,1.0,B,DB06697,protein,1320,1.0,0.0,0.0
17,DB00091,DB06697,1,1.0,B,DB06697,protein,1322,1.0,0.0,0.0
17,DB00091,DB06697,1,1.0,B,DB06697,protein,1441,1.0,0.0,0.0
17,DB00091,DB06697,1,1.0,B,DB06697,protein,1477,1.0,0.0,0.0
17,DB00091,DB06697,1,1.0,B,DB06697,protein,1485,1.0,0.0,0.0
17,DB00091,DB06697,1,1.0,B,DB06697,protein,1515,1.0,0.0,0.0
17,DB00091,DB06697,1,1.0,B,DB06697,protein,1516,1.0,0.0,0.0
17,DB00091,DB06697,1,1.0,B,DB06697,protein,1757,1.0,0.0,0.0
17,DB00091,DB06697,1,1.0,B,DB06697,protein,1843,1.0,0.0,0.0
17,DB00091,DB06697,1,1.0,B,DB06697,protein,1867,1.0,0.0,0.0
17,DB00091,DB06697,1,1.0,B,DB06697,protein,2037,1.0,0.0,0.0
17,DB00091,DB06697,1,1.0,B,DB06697,protein,2348,1.0,0.0,0.0
17,DB00091,DB06697,1,1.0,B,DB06697,protein,2479,1.0,0.0,0.0
17,DB00091,DB06697,1,1.0,B,DB06697,protein,2583,1.0,0.0,0.0
17,DB00091,DB06697,1,1.0,B,DB06697,protein,2720,1.0,0.0,0.0
17,DB00091,DB06697,1,1.0,B,DB06697,protein,2831,1.0,0.0,0.0
18,DB00091,DB09297,1,1.0,A,DB00091,protein,29,1.0,0.0,0.0
18,DB00091,DB09297,1,1.0,A,DB00091,protein,100,1.0,0.0,0.0
18,DB00091,DB09297,1,1.0,A,DB00091,protein,104,1.0,0.0,0.0
18,DB00091,DB09297,1,1.0,A,DB00091,protein,119,1.0,0.0,0.0
18,DB00091,DB09297,1,1.0,A,DB00091,protein,218,1.0,0.0,0.0
18,DB00091,DB09297,1,1.0,A,DB00091,protein,221,1.0,0.0,0.0
18,DB00091,DB09297,1,1.0,A,DB00091,protein,244,1.0,0.0,0.0
18,DB00091,DB09297,1,1.0,A,DB00091,protein,251,1.0,0.0,0.0
18,DB00091,DB09297,1,1.0,A,DB00091,protein,259,1.0,0.0,0.0
18,DB00091,DB09297,1,1.0,A,DB00091,protein,273,0.9999998807907104,1.1920928955078125e-07,1.1920928955078125e-07
18,DB00091,DB09297,1,1.0,A,DB00091,protein,277,1.0,0.0,0.0
18,DB00091,DB09297,1,1.0,A,DB00091,protein,282,1.0,0.0,0.0
18,DB00091,DB09297,1,1.0,A,DB00091,protein,323,1.0,0.0,0.0
18,DB00091,DB09297,1,1.0,A,DB00091,protein,346,1.0,0.0,0.0
18,DB00091,DB09297,1,1.0,A,DB00091,protein,376,1.0,0.0,0.0
18,DB00091,DB09297,1,1.0,A,DB00091,protein,412,1.0,0.0,0.0
18,DB00091,DB09297,1,1.0,A,DB00091,protein,418,1.0,0.0,0.0
18,DB00091,DB09297,1,1.0,A,DB00091,protein,421,1.0,0.0,0.0
18,DB00091,DB09297,1,1.0,A,DB00091,protein,425,1.0,0.0,0.0
18,DB00091,DB09297,1,1.0,A,DB00091,protein,430,1.0,0.0,0.0
18,DB00091,DB09297,1,1.0,A,DB00091,protein,445,1.0,0.0,0.0
18,DB00091,DB09297,1,1.0,A,DB00091,protein,461,1.0,0.0,0.0
18,DB00091,DB09297,1,1.0,A,DB00091,protein,475,1.0,0.0,0.0
18,DB00091,DB09297,1,1.0,A,DB00091,protein,477,1.0,0.0,0.0
18,DB00091,DB09297,1,1.0,A,DB00091,protein,497,1.0,0.0,0.0
18,DB00091,DB09297,1,1.0,A,DB00091,protein,498,1.0,0.0,0.0
18,DB00091,DB09297,1,1.0,A,DB00091,protein,515,1.0,0.0,0.0
18,DB00091,DB09297,1,1.0,A,DB00091,protein,548,1.0,0.0,0.0
18,DB00091,DB09297,1,1.0,A,DB00091,protein,565,1.0,0.0,0.0
18,DB00091,DB09297,1,1.0,A,DB00091,protein,566,1.0,0.0,0.0
18,DB00091,DB09297,1,1.0,A,DB00091,protein,568,0.9999998807907104,1.1920928955078125e-07,1.1920928955078125e-07
18,DB00091,DB09297,1,1.0,A,DB00091,protein,575,1.0,0.0,0.0
18,DB00091,DB09297,1,1.0,A,DB00091,protein,580,1.0,0.0,0.0
18,DB00091,DB09297,1,1.0,A,DB00091,protein,589,1.0,0.0,0.0
18,DB00091,DB09297,1,1.0,A,DB00091,protein,591,1.0,0.0,0.0
18,DB00091,DB09297,1,1.0,A,DB00091,protein,597,0.9999998807907104,1.1920928955078125e-07,1.1920928955078125e-07
18,DB00091,DB09297,1,1.0,A,DB00091,protein,608,1.0,0.0,0.0
18,DB00091,DB09297,1,1.0,A,DB00091,protein,609,1.0,0.0,0.0
18,DB00091,DB09297,1,1.0,A,DB00091,protein,687,1.0,0.0,0.0
18,DB00091,DB09297,1,1.0,A,DB00091,protein,698,1.0,0.0,0.0
18,DB00091,DB09297,1,1.0,A,DB00091,protein,708,1.0,0.0,0.0
18,DB00091,DB09297,1,1.0,A,DB00091,protein,709,1.0,0.0,0.0
18,DB00091,DB09297,1,1.0,A,DB00091,protein,721,1.0,0.0,0.0
18,DB00091,DB09297,1,1.0,A,DB00091,protein,731,1.0,0.0,0.0
18,DB00091,DB09297,1,1.0,A,DB00091,protein,742,1.0,0.0,0.0
18,DB00091,DB09297,1,1.0,A,DB00091,protein,746,1.0,0.0,0.0
18,DB00091,DB09297,1,1.0,A,DB00091,protein,749,1.0,0.0,0.0
18,DB00091,DB09297,1,1.0,A,DB00091,protein,790,1.0,0.0,0.0
18,DB00091,DB09297,1,1.0,A,DB00091,protein,802,1.0,0.0,0.0
18,DB00091,DB09297,1,1.0,A,DB00091,protein,814,1.0,0.0,0.0
18,DB00091,DB09297,1,1.0,A,DB00091,protein,827,1.0,0.0,0.0
18,DB00091,DB09297,1,1.0,A,DB00091,protein,863,1.0,0.0,0.0
18,DB00091,DB09297,1,1.0,A,DB00091,protein,879,1.0,0.0,0.0
18,DB00091,DB09297,1,1.0,A,DB00091,protein,884,1.0,0.0,0.0
18,DB00091,DB09297,1,1.0,A,DB00091,protein,893,1.0,0.0,0.0
18,DB00091,DB09297,1,1.0,A,DB00091,protein,908,1.0,0.0,0.0
18,DB00091,DB09297,1,1.0,A,DB00091,protein,920,1.0,0.0,0.0
18,DB00091,DB09297,1,1.0,A,DB00091,protein,930,1.0,0.0,0.0
18,DB00091,DB09297,1,1.0,A,DB00091,protein,936,1.0,0.0,0.0
18,DB00091,DB09297,1,1.0,A,DB00091,protein,940,1.0,0.0,0.0
18,DB00091,DB09297,1,1.0,A,DB00091,protein,942,1.0,0.0,0.0
18,DB00091,DB09297,1,1.0,A,DB00091,protein,943,1.0,0.0,0.0
18,DB00091,DB09297,1,1.0,A,DB00091,protein,948,1.0,0.0,0.0
18,DB00091,DB09297,1,1.0,A,DB00091,protein,955,1.0,0.0,0.0
18,DB00091,DB09297,1,1.0,A,DB00091,protein,964,1.0,0.0,0.0
18,DB00091,DB09297,1,1.0,A,DB00091,protein,987,1.0,0.0,0.0
18,DB00091,DB09297,1,1.0,A,DB00091,protein,991,1.0,0.0,0.0
18,DB00091,DB09297,1,1.0,A,DB00091,protein,998,1.0,0.0,0.0
18,DB00091,DB09297,1,1.0,A,DB00091,protein,1008,1.0,0.0,0.0
18,DB00091,DB09297,1,1.0,A,DB00091,protein,1020,1.0,0.0,0.0
18,DB00091,DB09297,1,1.0,A,DB00091,protein,1025,1.0,0.0,0.0
18,DB00091,DB09297,1,1.0,A,DB00091,protein,1026,1.0,0.0,0.0
18,DB00091,DB09297,1,1.0,A,DB00091,protein,1027,1.0,0.0,0.0
18,DB00091,DB09297,1,1.0,A,DB00091,protein,1031,1.0,0.0,0.0
18,DB00091,DB09297,1,1.0,A,DB00091,protein,1032,1.0,0.0,0.0
18,DB00091,DB09297,1,1.0,A,DB00091,protein,1033,1.0,0.0,0.0
18,DB00091,DB09297,1,1.0,A,DB00091,protein,1034,1.0,0.0,0.0
18,DB00091,DB09297,1,1.0,A,DB00091,protein,1046,1.0,0.0,0.0
18,DB00091,DB09297,1,1.0,A,DB00091,protein,1063,1.0,0.0,0.0
18,DB00091,DB09297,1,1.0,A,DB00091,protein,1067,1.0,0.0,0.0
18,DB00091,DB09297,1,1.0,A,DB00091,protein,1082,1.0,0.0,0.0
18,DB00091,DB09297,1,1.0,A,DB00091,protein,1086,1.0,0.0,0.0
18,DB00091,DB09297,1,1.0,A,DB00091,protein,1090,1.0,0.0,0.0
18,DB00091,DB09297,1,1.0,A,DB00091,protein,1100,1.0,0.0,0.0
18,DB00091,DB09297,1,1.0,A,DB00091,protein,1116,1.0,0.0,0.0
18,DB00091,DB09297,1,1.0,A,DB00091,protein,1135,1.0,0.0,0.0
18,DB00091,DB09297,1,1.0,A,DB00091,protein,1136,1.0,0.0,0.0
18,DB00091,DB09297,1,1.0,A,DB00091,protein,1143,1.0,0.0,0.0
18,DB00091,DB09297,1,1.0,A,DB00091,protein,1156,1.0,0.0,0.0
18,DB00091,DB09297,1,1.0,A,DB00091,protein,1171,1.0,0.0,0.0
18,DB00091,DB09297,1,1.0,A,DB00091,protein,1184,1.0,0.0,0.0
18,DB00091,DB09297,1,1.0,A,DB00091,protein,1186,1.0,0.0,0.0
18,DB00091,DB09297,1,1.0,A,DB00091,protein,1187,1.0,0.0,0.0
18,DB00091,DB09297,1,1.0,A,DB00091,protein,1200,1.0,0.0,0.0
18,DB00091,DB09297,1,1.0,A,DB00091,protein,1203,1.0,0.0,0.0
18,DB00091,DB09297,1,1.0,A,DB00091,protein,1206,1.0,0.0,0.0
18,DB00091,DB09297,1,1.0,A,DB00091,protein,1227,1.0,0.0,0.0
18,DB00091,DB09297,1,1.0,A,DB00091,protein,1228,1.0,0.0,0.0
18,DB00091,DB09297,1,1.0,A,DB00091,protein,1230,1.0,0.0,0.0
18,DB00091,DB09297,1,1.0,A,DB00091,protein,1234,1.0,0.0,0.0
18,DB00091,DB09297,1,1.0,A,DB00091,protein,1274,1.0,0.0,0.0
18,DB00091,DB09297,1,1.0,A,DB00091,protein,1276,1.0,0.0,0.0
18,DB00091,DB09297,1,1.0,A,DB00091,protein,1303,1.0,0.0,0.0
18,DB00091,DB09297,1,1.0,A,DB00091,protein,1304,1.0,0.0,0.0
18,DB00091,DB09297,1,1.0,A,DB00091,protein,1319,1.0,0.0,0.0
18,DB00091,DB09297,1,1.0,A,DB00091,protein,1320,1.0,0.0,0.0
18,DB00091,DB09297,1,1.0,A,DB00091,protein,1322,1.0,0.0,0.0
18,DB00091,DB09297,1,1.0,A,DB00091,protein,1337,1.0,0.0,0.0
18,DB00091,DB09297,1,1.0,A,DB00091,protein,1360,1.0,0.0,0.0
18,DB00091,DB09297,1,1.0,A,DB00091,protein,1438,1.0,0.0,0.0
18,DB00091,DB09297,1,1.0,A,DB00091,protein,1441,1.0,0.0,0.0
18,DB00091,DB09297,1,1.0,A,DB00091,protein,1477,1.0,0.0,0.0
18,DB00091,DB09297,1,1.0,A,DB00091,protein,1485,1.0,0.0,0.0
18,DB00091,DB09297,1,1.0,A,DB00091,protein,1515,1.0,0.0,0.0
18,DB00091,DB09297,1,1.0,A,DB00091,protein,1516,1.0,0.0,0.0
18,DB00091,DB09297,1,1.0,A,DB00091,protein,1554,1.0,0.0,0.0
18,DB00091,DB09297,1,1.0,A,DB00091,protein,1650,0.9999980926513672,1.9073486328125e-06,1.9073486328125e-06
18,DB00091,DB09297,1,1.0,A,DB00091,protein,1651,1.0,0.0,0.0
18,DB00091,DB09297,1,1.0,A,DB00091,protein,1656,1.0,0.0,0.0
18,DB00091,DB09297,1,1.0,A,DB00091,protein,1667,1.0,0.0,0.0
18,DB00091,DB09297,1,1.0,A,DB00091,protein,1705,1.0,0.0,0.0
18,DB00091,DB09297,1,1.0,A,DB00091,protein,1748,1.0,0.0,0.0
18,DB00091,DB09297,1,1.0,A,DB00091,protein,1757,1.0,0.0,0.0
18,DB00091,DB09297,1,1.0,A,DB00091,protein,1760,1.0,0.0,0.0
18,DB00091,DB09297,1,1.0,A,DB00091,protein,1772,1.0,0.0,0.0
18,DB00091,DB09297,1,1.0,A,DB00091,protein,1781,1.0,0.0,0.0
18,DB00091,DB09297,1,1.0,A,DB00091,protein,1843,1.0,0.0,0.0
18,DB00091,DB09297,1,1.0,A,DB00091,protein,1852,1.0,0.0,0.0
18,DB00091,DB09297,1,1.0,A,DB00091,protein,1867,1.0,0.0,0.0
18,DB00091,DB09297,1,1.0,A,DB00091,protein,1874,1.0,0.0,0.0
18,DB00091,DB09297,1,1.0,A,DB00091,protein,1911,1.0,0.0,0.0
18,DB00091,DB09297,1,1.0,A,DB00091,protein,1975,1.0,0.0,0.0
18,DB00091,DB09297,1,1.0,A,DB00091,protein,2027,1.0,0.0,0.0
18,DB00091,DB09297,1,1.0,A,DB00091,protein,2037,1.0,0.0,0.0
18,DB00091,DB09297,1,1.0,A,DB00091,protein,2051,1.0,0.0,0.0
18,DB00091,DB09297,1,1.0,A,DB00091,protein,2095,1.0,0.0,0.0
18,DB00091,DB09297,1,1.0,A,DB00091,protein,2125,1.0,0.0,0.0
18,DB00091,DB09297,1,1.0,A,DB00091,protein,2159,1.0,0.0,0.0
18,DB00091,DB09297,1,1.0,A,DB00091,protein,2348,1.0,0.0,0.0
18,DB00091,DB09297,1,1.0,A,DB00091,protein,2357,1.0,0.0,0.0
18,DB00091,DB09297,1,1.0,A,DB00091,protein,2361,1.0,0.0,0.0
18,DB00091,DB09297,1,1.0,A,DB00091,protein,2408,1.0,0.0,0.0
18,DB00091,DB09297,1,1.0,A,DB00091,protein,2417,0.9999998807907104,1.1920928955078125e-07,1.1920928955078125e-07
18,DB00091,DB09297,1,1.0,A,DB00091,protein,2433,1.0,0.0,0.0
18,DB00091,DB09297,1,1.0,A,DB00091,protein,2475,1.0,0.0,0.0
18,DB00091,DB09297,1,1.0,A,DB00091,protein,2479,1.0,0.0,0.0
18,DB00091,DB09297,1,1.0,A,DB00091,protein,2622,1.0,0.0,0.0
18,DB00091,DB09297,1,1.0,A,DB00091,protein,2659,1.0,0.0,0.0
18,DB00091,DB09297,1,1.0,A,DB00091,protein,2720,1.0,0.0,0.0
18,DB00091,DB09297,1,1.0,A,DB00091,protein,2724,1.0,0.0,0.0
18,DB00091,DB09297,1,1.0,A,DB00091,protein,2793,1.0,0.0,0.0
18,DB00091,DB09297,1,1.0,A,DB00091,protein,2797,1.0,0.0,0.0
18,DB00091,DB09297,1,1.0,A,DB00091,protein,2831,1.0,0.0,0.0
18,DB00091,DB09297,1,1.0,A,DB00091,protein,2849,1.0,0.0,0.0
18,DB00091,DB09297,1,1.0,A,DB00091,protein,2885,1.0,0.0,0.0
18,DB00091,DB09297,1,1.0,B,DB09297,protein,13,0.9999700784683228,2.9921531677246094e-05,2.9921531677246094e-05
18,DB00091,DB09297,1,1.0,B,DB09297,protein,411,0.9999997615814209,2.384185791015625e-07,2.384185791015625e-07
18,DB00091,DB09297,1,1.0,B,DB09297,protein,568,0.9999995231628418,4.76837158203125e-07,4.76837158203125e-07
18,DB00091,DB09297,1,1.0,B,DB09297,protein,597,0.999679684638977,0.0003203153610229492,0.0003203153610229492
18,DB00091,DB09297,1,1.0,B,DB09297,protein,930,0.9999974966049194,2.5033950805664062e-06,2.5033950805664062e-06
18,DB00091,DB09297,1,1.0,B,DB09297,protein,965,1.0,0.0,0.0
18,DB00091,DB09297,1,1.0,B,DB09297,protein,2622,1.0,0.0,0.0
18,DB00091,DB09297,1,1.0,B,DB09297,protein,2720,1.0,0.0,0.0
18,DB00091,DB09297,1,1.0,B,DB09297,protein,2797,1.0,0.0,0.0
18,DB00091,DB09297,1,1.0,B,DB09297,protein,2885,1.0,0.0,0.0
19,DB00091,DB11586,1,1.0,A,DB00091,protein,29,1.0,0.0,0.0
19,DB00091,DB11586,1,1.0,A,DB00091,protein,100,1.0,0.0,0.0
19,DB00091,DB11586,1,1.0,A,DB00091,protein,104,1.0,0.0,0.0
19,DB00091,DB11586,1,1.0,A,DB00091,protein,119,1.0,0.0,0.0
19,DB00091,DB11586,1,1.0,A,DB00091,protein,218,1.0,0.0,0.0
19,DB00091,DB11586,1,1.0,A,DB00091,protein,221,1.0,0.0,0.0
19,DB00091,DB11586,1,1.0,A,DB00091,protein,244,1.0,0.0,0.0
19,DB00091,DB11586,1,1.0,A,DB00091,protein,251,1.0,0.0,0.0
19,DB00091,DB11586,1,1.0,A,DB00091,protein,259,1.0,0.0,0.0
19,DB00091,DB11586,1,1.0,A,DB00091,protein,273,1.0,0.0,0.0
19,DB00091,DB11586,1,1.0,A,DB00091,protein,277,1.0,0.0,0.0
19,DB00091,DB11586,1,1.0,A,DB00091,protein,282,1.0,0.0,0.0
19,DB00091,DB11586,1,1.0,A,DB00091,protein,323,1.0,0.0,0.0
19,DB00091,DB11586,1,1.0,A,DB00091,protein,346,1.0,0.0,0.0
19,DB00091,DB11586,1,1.0,A,DB00091,protein,376,1.0,0.0,0.0
19,DB00091,DB11586,1,1.0,A,DB00091,protein,412,1.0,0.0,0.0
19,DB00091,DB11586,1,1.0,A,DB00091,protein,418,1.0,0.0,0.0
19,DB00091,DB11586,1,1.0,A,DB00091,protein,421,1.0,0.0,0.0
19,DB00091,DB11586,1,1.0,A,DB00091,protein,425,1.0,0.0,0.0
19,DB00091,DB11586,1,1.0,A,DB00091,protein,430,1.0,0.0,0.0
19,DB00091,DB11586,1,1.0,A,DB00091,protein,445,1.0,0.0,0.0
19,DB00091,DB11586,1,1.0,A,DB00091,protein,461,1.0,0.0,0.0
19,DB00091,DB11586,1,1.0,A,DB00091,protein,475,1.0,0.0,0.0
19,DB00091,DB11586,1,1.0,A,DB00091,protein,477,1.0,0.0,0.0
19,DB00091,DB11586,1,1.0,A,DB00091,protein,497,1.0,0.0,0.0
19,DB00091,DB11586,1,1.0,A,DB00091,protein,498,1.0,0.0,0.0
19,DB00091,DB11586,1,1.0,A,DB00091,protein,515,1.0,0.0,0.0
19,DB00091,DB11586,1,1.0,A,DB00091,protein,548,1.0,0.0,0.0
19,DB00091,DB11586,1,1.0,A,DB00091,protein,565,1.0,0.0,0.0
19,DB00091,DB11586,1,1.0,A,DB00091,protein,566,1.0,0.0,0.0
19,DB00091,DB11586,1,1.0,A,DB00091,protein,568,1.0,0.0,0.0
19,DB00091,DB11586,1,1.0,A,DB00091,protein,575,1.0,0.0,0.0
19,DB00091,DB11586,1,1.0,A,DB00091,protein,580,1.0,0.0,0.0
19,DB00091,DB11586,1,1.0,A,DB00091,protein,589,1.0,0.0,0.0
19,DB00091,DB11586,1,1.0,A,DB00091,protein,591,1.0,0.0,0.0
19,DB00091,DB11586,1,1.0,A,DB00091,protein,597,1.0,0.0,0.0
19,DB00091,DB11586,1,1.0,A,DB00091,protein,608,1.0,0.0,0.0
19,DB00091,DB11586,1,1.0,A,DB00091,protein,609,1.0,0.0,0.0
19,DB00091,DB11586,1,1.0,A,DB00091,protein,687,1.0,0.0,0.0
19,DB00091,DB11586,1,1.0,A,DB00091,protein,698,1.0,0.0,0.0
19,DB00091,DB11586,1,1.0,A,DB00091,protein,708,1.0,0.0,0.0
19,DB00091,DB11586,1,1.0,A,DB00091,protein,709,1.0,0.0,0.0
19,DB00091,DB11586,1,1.0,A,DB00091,protein,721,1.0,0.0,0.0
19,DB00091,DB11586,1,1.0,A,DB00091,protein,731,1.0,0.0,0.0
19,DB00091,DB11586,1,1.0,A,DB00091,protein,742,1.0,0.0,0.0
19,DB00091,DB11586,1,1.0,A,DB00091,protein,746,1.0,0.0,0.0
19,DB00091,DB11586,1,1.0,A,DB00091,protein,749,1.0,0.0,0.0
19,DB00091,DB11586,1,1.0,A,DB00091,protein,790,1.0,0.0,0.0
19,DB00091,DB11586,1,1.0,A,DB00091,protein,802,1.0,0.0,0.0
19,DB00091,DB11586,1,1.0,A,DB00091,protein,814,1.0,0.0,0.0
19,DB00091,DB11586,1,1.0,A,DB00091,protein,827,1.0,0.0,0.0
19,DB00091,DB11586,1,1.0,A,DB00091,protein,863,1.0,0.0,0.0
19,DB00091,DB11586,1,1.0,A,DB00091,protein,879,1.0,0.0,0.0
19,DB00091,DB11586,1,1.0,A,DB00091,protein,884,1.0,0.0,0.0
19,DB00091,DB11586,1,1.0,A,DB00091,protein,893,1.0,0.0,0.0
19,DB00091,DB11586,1,1.0,A,DB00091,protein,908,1.0,0.0,0.0
19,DB00091,DB11586,1,1.0,A,DB00091,protein,920,1.0,0.0,0.0
19,DB00091,DB11586,1,1.0,A,DB00091,protein,930,1.0,0.0,0.0
19,DB00091,DB11586,1,1.0,A,DB00091,protein,936,1.0,0.0,0.0
19,DB00091,DB11586,1,1.0,A,DB00091,protein,940,1.0,0.0,0.0
19,DB00091,DB11586,1,1.0,A,DB00091,protein,942,1.0,0.0,0.0
19,DB00091,DB11586,1,1.0,A,DB00091,protein,943,1.0,0.0,0.0
19,DB00091,DB11586,1,1.0,A,DB00091,protein,948,1.0,0.0,0.0
19,DB00091,DB11586,1,1.0,A,DB00091,protein,955,1.0,0.0,0.0
19,DB00091,DB11586,1,1.0,A,DB00091,protein,964,1.0,0.0,0.0
19,DB00091,DB11586,1,1.0,A,DB00091,protein,987,1.0,0.0,0.0
19,DB00091,DB11586,1,1.0,A,DB00091,protein,991,1.0,0.0,0.0
19,DB00091,DB11586,1,1.0,A,DB00091,protein,998,1.0,0.0,0.0
19,DB00091,DB11586,1,1.0,A,DB00091,protein,1008,1.0,0.0,0.0
19,DB00091,DB11586,1,1.0,A,DB00091,protein,1020,1.0,0.0,0.0
19,DB00091,DB11586,1,1.0,A,DB00091,protein,1025,1.0,0.0,0.0
19,DB00091,DB11586,1,1.0,A,DB00091,protein,1026,1.0,0.0,0.0
19,DB00091,DB11586,1,1.0,A,DB00091,protein,1027,1.0,0.0,0.0
19,DB00091,DB11586,1,1.0,A,DB00091,protein,1031,1.0,0.0,0.0
19,DB00091,DB11586,1,1.0,A,DB00091,protein,1032,1.0,0.0,0.0
19,DB00091,DB11586,1,1.0,A,DB00091,protein,1033,1.0,0.0,0.0
19,DB00091,DB11586,1,1.0,A,DB00091,protein,1034,1.0,0.0,0.0
19,DB00091,DB11586,1,1.0,A,DB00091,protein,1046,1.0,0.0,0.0
19,DB00091,DB11586,1,1.0,A,DB00091,protein,1063,1.0,0.0,0.0
19,DB00091,DB11586,1,1.0,A,DB00091,protein,1067,1.0,0.0,0.0
19,DB00091,DB11586,1,1.0,A,DB00091,protein,1082,1.0,0.0,0.0
19,DB00091,DB11586,1,1.0,A,DB00091,protein,1086,1.0,0.0,0.0
19,DB00091,DB11586,1,1.0,A,DB00091,protein,1090,1.0,0.0,0.0
19,DB00091,DB11586,1,1.0,A,DB00091,protein,1100,1.0,0.0,0.0
19,DB00091,DB11586,1,1.0,A,DB00091,protein,1116,1.0,0.0,0.0
19,DB00091,DB11586,1,1.0,A,DB00091,protein,1135,1.0,0.0,0.0
19,DB00091,DB11586,1,1.0,A,DB00091,protein,1136,1.0,0.0,0.0
19,DB00091,DB11586,1,1.0,A,DB00091,protein,1143,1.0,0.0,0.0
19,DB00091,DB11586,1,1.0,A,DB00091,protein,1156,1.0,0.0,0.0
19,DB00091,DB11586,1,1.0,A,DB00091,protein,1171,1.0,0.0,0.0
19,DB00091,DB11586,1,1.0,A,DB00091,protein,1184,1.0,0.0,0.0
19,DB00091,DB11586,1,1.0,A,DB00091,protein,1186,1.0,0.0,0.0
19,DB00091,DB11586,1,1.0,A,DB00091,protein,1187,1.0,0.0,0.0
19,DB00091,DB11586,1,1.0,A,DB00091,protein,1200,1.0,0.0,0.0
19,DB00091,DB11586,1,1.0,A,DB00091,protein,1203,1.0,0.0,0.0
19,DB00091,DB11586,1,1.0,A,DB00091,protein,1206,1.0,0.0,0.0
19,DB00091,DB11586,1,1.0,A,DB00091,protein,1227,1.0,0.0,0.0
19,DB00091,DB11586,1,1.0,A,DB00091,protein,1228,1.0,0.0,0.0
19,DB00091,DB11586,1,1.0,A,DB00091,protein,1230,1.0,0.0,0.0
19,DB00091,DB11586,1,1.0,A,DB00091,protein,1234,1.0,0.0,0.0
19,DB00091,DB11586,1,1.0,A,DB00091,protein,1274,1.0,0.0,0.0
19,DB00091,DB11586,1,1.0,A,DB00091,protein,1276,1.0,0.0,0.0
19,DB00091,DB11586,1,1.0,A,DB00091,protein,1303,1.0,0.0,0.0
19,DB00091,DB11586,1,1.0,A,DB00091,protein,1304,1.0,0.0,0.0
19,DB00091,DB11586,1,1.0,A,DB00091,protein,1319,1.0,0.0,0.0
19,DB00091,DB11586,1,1.0,A,DB00091,protein,1320,1.0,0.0,0.0
19,DB00091,DB11586,1,1.0,A,DB00091,protein,1322,1.0,0.0,0.0
19,DB00091,DB11586,1,1.0,A,DB00091,protein,1337,1.0,0.0,0.0
19,DB00091,DB11586,1,1.0,A,DB00091,protein,1360,1.0,0.0,0.0
19,DB00091,DB11586,1,1.0,A,DB00091,protein,1438,1.0,0.0,0.0
19,DB00091,DB11586,1,1.0,A,DB00091,protein,1441,1.0,0.0,0.0
19,DB00091,DB11586,1,1.0,A,DB00091,protein,1477,1.0,0.0,0.0
19,DB00091,DB11586,1,1.0,A,DB00091,protein,1485,1.0,0.0,0.0
19,DB00091,DB11586,1,1.0,A,DB00091,protein,1515,1.0,0.0,0.0
19,DB00091,DB11586,1,1.0,A,DB00091,protein,1516,1.0,0.0,0.0
19,DB00091,DB11586,1,1.0,A,DB00091,protein,1554,1.0,0.0,0.0
19,DB00091,DB11586,1,1.0,A,DB00091,protein,1650,1.0,0.0,0.0
19,DB00091,DB11586,1,1.0,A,DB00091,protein,1651,1.0,0.0,0.0
19,DB00091,DB11586,1,1.0,A,DB00091,protein,1656,1.0,0.0,0.0
19,DB00091,DB11586,1,1.0,A,DB00091,protein,1667,1.0,0.0,0.0
19,DB00091,DB11586,1,1.0,A,DB00091,protein,1705,1.0,0.0,0.0
19,DB00091,DB11586,1,1.0,A,DB00091,protein,1748,1.0,0.0,0.0
19,DB00091,DB11586,1,1.0,A,DB00091,protein,1757,1.0,0.0,0.0
19,DB00091,DB11586,1,1.0,A,DB00091,protein,1760,1.0,0.0,0.0
19,DB00091,DB11586,1,1.0,A,DB00091,protein,1772,1.0,0.0,0.0
19,DB00091,DB11586,1,1.0,A,DB00091,protein,1781,1.0,0.0,0.0
19,DB00091,DB11586,1,1.0,A,DB00091,protein,1843,1.0,0.0,0.0
19,DB00091,DB11586,1,1.0,A,DB00091,protein,1852,1.0,0.0,0.0
19,DB00091,DB11586,1,1.0,A,DB00091,protein,1867,1.0,0.0,0.0
19,DB00091,DB11586,1,1.0,A,DB00091,protein,1874,1.0,0.0,0.0
19,DB00091,DB11586,1,1.0,A,DB00091,protein,1911,1.0,0.0,0.0
19,DB00091,DB11586,1,1.0,A,DB00091,protein,1975,1.0,0.0,0.0
19,DB00091,DB11586,1,1.0,A,DB00091,protein,2027,1.0,0.0,0.0
19,DB00091,DB11586,1,1.0,A,DB00091,protein,2037,1.0,0.0,0.0
19,DB00091,DB11586,1,1.0,A,DB00091,protein,2051,1.0,0.0,0.0
19,DB00091,DB11586,1,1.0,A,DB00091,protein,2095,1.0,0.0,0.0
19,DB00091,DB11586,1,1.0,A,DB00091,protein,2125,1.0,0.0,0.0
19,DB00091,DB11586,1,1.0,A,DB00091,protein,2159,1.0,0.0,0.0
19,DB00091,DB11586,1,1.0,A,DB00091,protein,2348,1.0,0.0,0.0
19,DB00091,DB11586,1,1.0,A,DB00091,protein,2357,1.0,0.0,0.0
19,DB00091,DB11586,1,1.0,A,DB00091,protein,2361,1.0,0.0,0.0
19,DB00091,DB11586,1,1.0,A,DB00091,protein,2408,1.0,0.0,0.0
19,DB00091,DB11586,1,1.0,A,DB00091,protein,2417,1.0,0.0,0.0
19,DB00091,DB11586,1,1.0,A,DB00091,protein,2433,1.0,0.0,0.0
19,DB00091,DB11586,1,1.0,A,DB00091,protein,2475,1.0,0.0,0.0
19,DB00091,DB11586,1,1.0,A,DB00091,protein,2479,1.0,0.0,0.0
19,DB00091,DB11586,1,1.0,A,DB00091,protein,2622,1.0,0.0,0.0
19,DB00091,DB11586,1,1.0,A,DB00091,protein,2659,1.0,0.0,0.0
19,DB00091,DB11586,1,1.0,A,DB00091,protein,2720,1.0,0.0,0.0
19,DB00091,DB11586,1,1.0,A,DB00091,protein,2724,1.0,0.0,0.0
19,DB00091,DB11586,1,1.0,A,DB00091,protein,2793,1.0,0.0,0.0
19,DB00091,DB11586,1,1.0,A,DB00091,protein,2797,1.0,0.0,0.0
19,DB00091,DB11586,1,1.0,A,DB00091,protein,2831,1.0,0.0,0.0
19,DB00091,DB11586,1,1.0,A,DB00091,protein,2849,1.0,0.0,0.0
19,DB00091,DB11586,1,1.0,A,DB00091,protein,2885,1.0,0.0,0.0
19,DB00091,DB11586,1,1.0,B,DB11586,protein,259,1.0,0.0,0.0
19,DB00091,DB11586,1,1.0,B,DB11586,protein,411,1.0,0.0,0.0
19,DB00091,DB11586,1,1.0,B,DB11586,protein,568,1.0,0.0,0.0
19,DB00091,DB11586,1,1.0,B,DB11586,protein,597,1.0,0.0,0.0
19,DB00091,DB11586,1,1.0,B,DB11586,protein,708,1.0,0.0,0.0
19,DB00091,DB11586,1,1.0,B,DB11586,protein,746,1.0,0.0,0.0
19,DB00091,DB11586,1,1.0,B,DB11586,protein,749,1.0,0.0,0.0
19,DB00091,DB11586,1,1.0,B,DB11586,protein,929,1.0,0.0,0.0
19,DB00091,DB11586,1,1.0,B,DB11586,protein,930,1.0,0.0,0.0
19,DB00091,DB11586,1,1.0,B,DB11586,protein,1053,1.0,0.0,0.0
19,DB00091,DB11586,1,1.0,B,DB11586,protein,1203,1.0,0.0,0.0
19,DB00091,DB11586,1,1.0,B,DB11586,protein,2622,1.0,0.0,0.0
19,DB00091,DB11586,1,1.0,B,DB11586,protein,2720,1.0,0.0,0.0
19,DB00091,DB11586,1,1.0,B,DB11586,protein,2885,1.0,0.0,0.0
20,DB00158,DB00244,1,1.0,A,DB00158,protein,14,1.0,0.0,0.0
20,DB00158,DB00244,1,1.0,A,DB00158,protein,104,1.0,0.0,0.0
20,DB00158,DB00244,1,1.0,A,DB00158,protein,119,1.0,0.0,0.0
20,DB00158,DB00244,1,1.0,A,DB00158,protein,120,1.0,0.0,0.0
20,DB00158,DB00244,1,1.0,A,DB00158,protein,251,1.0,0.0,0.0
20,DB00158,DB00244,1,1.0,A,DB00158,protein,304,1.0,0.0,0.0
20,DB00158,DB00244,1,1.0,A,DB00158,protein,307,1.0,0.0,0.0
20,DB00158,DB00244,1,1.0,A,DB00158,protein,425,1.0,0.0,0.0
20,DB00158,DB00244,1,1.0,A,DB00158,protein,453,1.0,0.0,0.0
20,DB00158,DB00244,1,1.0,A,DB00158,protein,500,1.0,0.0,0.0
20,DB00158,DB00244,1,1.0,A,DB00158,protein,515,1.0,0.0,0.0
20,DB00158,DB00244,1,1.0,A,DB00158,protein,697,1.0,0.0,0.0
20,DB00158,DB00244,1,1.0,A,DB00158,protein,795,1.0,0.0,0.0
20,DB00158,DB00244,1,1.0,A,DB00158,protein,825,1.0,0.0,0.0
20,DB00158,DB00244,1,1.0,A,DB00158,protein,828,1.0,0.0,0.0
20,DB00158,DB00244,1,1.0,A,DB00158,protein,830,1.0,0.0,0.0
20,DB00158,DB00244,1,1.0,A,DB00158,protein,853,1.0,0.0,0.0
20,DB00158,DB00244,1,1.0,A,DB00158,protein,865,1.0,0.0,0.0
20,DB00158,DB00244,1,1.0,A,DB00158,protein,1067,1.0,0.0,0.0
20,DB00158,DB00244,1,1.0,A,DB00158,protein,1212,1.0,0.0,0.0
20,DB00158,DB00244,1,1.0,A,DB00158,protein,1278,1.0,0.0,0.0
20,DB00158,DB00244,1,1.0,A,DB00158,protein,1316,1.0,0.0,0.0
20,DB00158,DB00244,1,1.0,A,DB00158,protein,1317,1.0,0.0,0.0
20,DB00158,DB00244,1,1.0,A,DB00158,protein,1349,1.0,0.0,0.0
20,DB00158,DB00244,1,1.0,A,DB00158,protein,1360,1.0,0.0,0.0
20,DB00158,DB00244,1,1.0,A,DB00158,protein,2027,1.0,0.0,0.0
20,DB00158,DB00244,1,1.0,A,DB00158,protein,2095,1.0,0.0,0.0
20,DB00158,DB00244,1,1.0,A,DB00158,protein,2356,1.0,0.0,0.0
20,DB00158,DB00244,1,1.0,A,DB00158,protein,2403,0.9999982118606567,1.7881393432617188e-06,1.7881393432617188e-06
20,DB00158,DB00244,1,1.0,A,DB00158,protein,2419,1.0,0.0,0.0
20,DB00158,DB00244,1,1.0,A,DB00158,protein,2478,1.0,0.0,0.0
20,DB00158,DB00244,1,1.0,A,DB00158,protein,2560,1.0,0.0,0.0
20,DB00158,DB00244,1,1.0,A,DB00158,protein,2622,1.0,0.0,0.0
20,DB00158,DB00244,1,1.0,A,DB00158,protein,2659,1.0,0.0,0.0
20,DB00158,DB00244,1,1.0,A,DB00158,protein,2720,1.0,0.0,0.0
20,DB00158,DB00244,1,1.0,A,DB00158,protein,2797,1.0,0.0,0.0
20,DB00158,DB00244,1,1.0,A,DB00158,protein,2849,1.0,0.0,0.0
20,DB00158,DB00244,1,1.0,A,DB00158,protein,2885,1.0,0.0,0.0
20,DB00158,DB00244,1,1.0,B,DB00244,protein,14,1.0,0.0,0.0
20,DB00158,DB00244,1,1.0,B,DB00244,protein,86,1.0,0.0,0.0
20,DB00158,DB00244,1,1.0,B,DB00244,protein,99,1.0,0.0,0.0
20,DB00158,DB00244,1,1.0,B,DB00244,protein,251,1.0,0.0,0.0
20,DB00158,DB00244,1,1.0,B,DB00244,protein,257,1.0,0.0,0.0
20,DB00158,DB00244,1,1.0,B,DB00244,protein,259,1.0,0.0,0.0
20,DB00158,DB00244,1,1.0,B,DB00244,protein,304,1.0,0.0,0.0
20,DB00158,DB00244,1,1.0,B,DB00244,protein,368,1.0,0.0,0.0
20,DB00158,DB00244,1,1.0,B,DB00244,protein,597,1.0,0.0,0.0
20,DB00158,DB00244,1,1.0,B,DB00244,protein,635,1.0,0.0,0.0
20,DB00158,DB00244,1,1.0,B,DB00244,protein,716,1.0,0.0,0.0
20,DB00158,DB00244,1,1.0,B,DB00244,protein,742,1.0,0.0,0.0
20,DB00158,DB00244,1,1.0,B,DB00244,protein,749,1.0,0.0,0.0
20,DB00158,DB00244,1,1.0,B,DB00244,protein,830,1.0,0.0,0.0
20,DB00158,DB00244,1,1.0,B,DB00244,protein,841,1.0,0.0,0.0
20,DB00158,DB00244,1,1.0,B,DB00244,protein,888,1.0,0.0,0.0
20,DB00158,DB00244,1,1.0,B,DB00244,protein,987,1.0,0.0,0.0
20,DB00158,DB00244,1,1.0,B,DB00244,protein,1067,1.0,0.0,0.0
20,DB00158,DB00244,1,1.0,B,DB00244,protein,1116,1.0,0.0,0.0
20,DB00158,DB00244,1,1.0,B,DB00244,protein,1203,1.0,0.0,0.0
20,DB00158,DB00244,1,1.0,B,DB00244,protein,1223,1.0,0.0,0.0
20,DB00158,DB00244,1,1.0,B,DB00244,protein,1227,0.9999998807907104,1.1920928955078125e-07,1.1920928955078125e-07
20,DB00158,DB00244,1,1.0,B,DB00244,protein,1274,1.0,0.0,0.0
20,DB00158,DB00244,1,1.0,B,DB00244,protein,1280,1.0,0.0,0.0
20,DB00158,DB00244,1,1.0,B,DB00244,protein,1388,1.0,0.0,0.0
20,DB00158,DB00244,1,1.0,B,DB00244,protein,1393,1.0,0.0,0.0
20,DB00158,DB00244,1,1.0,B,DB00244,protein,1586,1.0,0.0,0.0
20,DB00158,DB00244,1,1.0,B,DB00244,protein,2056,1.0,0.0,0.0
20,DB00158,DB00244,1,1.0,B,DB00244,protein,2060,1.0,0.0,0.0
20,DB00158,DB00244,1,1.0,B,DB00244,protein,2357,1.0,0.0,0.0
20,DB00158,DB00244,1,1.0,B,DB00244,protein,2408,1.0,0.0,0.0
20,DB00158,DB00244,1,1.0,B,DB00244,protein,2475,1.0,0.0,0.0
20,DB00158,DB00244,1,1.0,B,DB00244,protein,2478,1.0,0.0,0.0
20,DB00158,DB00244,1,1.0,B,DB00244,protein,2490,1.0,0.0,0.0
20,DB00158,DB00244,1,1.0,B,DB00244,protein,2622,1.0,0.0,0.0
20,DB00158,DB00244,1,1.0,B,DB00244,protein,2659,1.0,0.0,0.0
20,DB00158,DB00244,1,1.0,B,DB00244,protein,2720,1.0,0.0,0.0
20,DB00158,DB00244,1,1.0,B,DB00244,protein,2724,1.0,0.0,0.0
20,DB00158,DB00244,1,1.0,B,DB00244,protein,2849,1.0,0.0,0.0
20,DB00158,DB00244,1,1.0,B,DB00244,protein,2885,1.0,0.0,0.0
