scheme,seed,project_drug_id,assignment
drug,0,DB00006,train
drug,0,DB00014,train
drug,0,DB00035,train
drug,0,DB00091,train
drug,0,DB00104,train
drug,0,DB00115,train
drug,0,DB00120,train
drug,0,DB00122,train
drug,0,DB00126,train
drug,0,DB00130,train
drug,0,DB00134,train
drug,0,DB00136,train
drug,0,DB00140,train
drug,0,DB00142,train
drug,0,DB00146,train
drug,0,DB00150,train
drug,0,DB00152,train
drug,0,DB00153,train
drug,0,DB00158,train
drug,0,DB00163,train
drug,0,DB00165,train
drug,0,DB00166,train
drug,0,DB00169,train
drug,0,DB00175,train
drug,0,DB00176,train
drug,0,DB00179,train
drug,0,DB00180,train
drug,0,DB00181,train
drug,0,DB00185,train
drug,0,DB00186,train
drug,0,DB00187,train
drug,0,DB00188,train
drug,0,DB00191,train
drug,0,DB00193,train
drug,0,DB00195,train
drug,0,DB00196,train
drug,0,DB00198,train
drug,0,DB00202,train
drug,0,DB00203,train
drug,0,DB00204,train
drug,0,DB00205,train
drug,0,DB00206,train
drug,0,DB00207,train
drug,0,DB00209,train
drug,0,DB00210,train
drug,0,DB00214,train
drug,0,DB00215,train
drug,0,DB00216,train
drug,0,DB00219,train
drug,0,DB00221,train
drug,0,DB00222,train
drug,0,DB00223,train
drug,0,DB00226,train
drug,0,DB00227,train
drug,0,DB00228,train
drug,0,DB00230,train
drug,0,DB00231,train
drug,0,DB00232,train
drug,0,DB00238,train
drug,0,DB00240,train
drug,0,DB00241,train
drug,0,DB00242,train
drug,0,DB00243,train
drug,0,DB00245,train
drug,0,DB00246,train
drug,0,DB00247,train
drug,0,DB00248,train
drug,0,DB00250,train
drug,0,DB00251,train
drug,0,DB00252,train
drug,0,DB00253,train
drug,0,DB00254,train
drug,0,DB00255,train
drug,0,DB00256,train
drug,0,DB00257,train
drug,0,DB00258,train
drug,0,DB00262,train
drug,0,DB00263,train
drug,0,DB00264,train
drug,0,DB00266,train
drug,0,DB00267,train
drug,0,DB00268,train
drug,0,DB00271,train
drug,0,DB00274,train
drug,0,DB00276,train
drug,0,DB00278,train
drug,0,DB00279,train
drug,0,DB00280,train
drug,0,DB00281,train
drug,0,DB00282,train
drug,0,DB00283,train
drug,0,DB00287,train
drug,0,DB00289,train
drug,0,DB00290,train
drug,0,DB00292,train
drug,0,DB00293,train
drug,0,DB00296,train
drug,0,DB00298,train
drug,0,DB00300,train
drug,0,DB00301,train
drug,0,DB00304,train
drug,0,DB00307,train
drug,0,DB00308,train
drug,0,DB00309,train
drug,0,DB00313,train
drug,0,DB00314,train
drug,0,DB00315,train
drug,0,DB00317,train
drug,0,DB00319,train
drug,0,DB00320,train
drug,0,DB00321,train
drug,0,DB00322,train
drug,0,DB00323,train
drug,0,DB00324,train
drug,0,DB00326,train
drug,0,DB00327,train
drug,0,DB00330,train
drug,0,DB00331,train
drug,0,DB00334,train
drug,0,DB00335,train
drug,0,DB00336,train
drug,0,DB00337,train
drug,0,DB00338,train
drug,0,DB00339,train
drug,0,DB00340,train
drug,0,DB00341,train
drug,0,DB00345,train
drug,0,DB00346,train
drug,0,DB00347,train
drug,0,DB00350,train
drug,0,DB00352,train
drug,0,DB00354,train
drug,0,DB00357,train
drug,0,DB00358,train
drug,0,DB00360,train
drug,0,DB00361,train
drug,0,DB00362,train
drug,0,DB00363,train
drug,0,DB00364,train
drug,0,DB00366,train
drug,0,DB00367,train
drug,0,DB00369,train
drug,0,DB00370,train
drug,0,DB00374,train
drug,0,DB00376,train
drug,0,DB00377,train
drug,0,DB00378,train
drug,0,DB00379,train
drug,0,DB00380,train
drug,0,DB00381,train
drug,0,DB00384,train
drug,0,DB00385,train
drug,0,DB00387,train
drug,0,DB00390,train
drug,0,DB00391,train
drug,0,DB00394,train
drug,0,DB00396,train
drug,0,DB00397,train
drug,0,DB00398,train
drug,0,DB00399,train
drug,0,DB00401,train
drug,0,DB00402,train
drug,0,DB00405,train
drug,0,DB00408,train
drug,0,DB00410,train
drug,0,DB00412,train
drug,0,DB00413,train
drug,0,DB00415,train
drug,0,DB00417,train
drug,0,DB00418,train
drug,0,DB00419,train
drug,0,DB00421,train
drug,0,DB00422,train
drug,0,DB00424,train
drug,0,DB00425,train
drug,0,DB00427,train
drug,0,DB00428,train
drug,0,DB00429,train
drug,0,DB00430,train
drug,0,DB00432,train
drug,0,DB00433,train
drug,0,DB00434,train
drug,0,DB00435,train
drug,0,DB00436,train
drug,0,DB00438,train
drug,0,DB00440,train
drug,0,DB00441,train
drug,0,DB00442,train
drug,0,DB00444,train
drug,0,DB00445,train
drug,0,DB00446,train
drug,0,DB00448,train
drug,0,DB00450,train
drug,0,DB00453,train
drug,0,DB00454,train
drug,0,DB00455,train
drug,0,DB00457,train
drug,0,DB00458,train
drug,0,DB00459,train
drug,0,DB00461,train
drug,0,DB00465,train
drug,0,DB00467,train
drug,0,DB00468,train
drug,0,DB00469,train
drug,0,DB00471,train
drug,0,DB00472,train
drug,0,DB00474,train
drug,0,DB00475,train
drug,0,DB00476,train
drug,0,DB00480,train
drug,0,DB00481,train
drug,0,DB00482,train
drug,0,DB00485,train
drug,0,DB00486,train
drug,0,DB00488,train
drug,0,DB00489,train
drug,0,DB00490,train
drug,0,DB00491,train
drug,0,DB00492,train
drug,0,DB00495,train
drug,0,DB00496,train
drug,0,DB00497,train
drug,0,DB00501,train
drug,0,DB00502,train
drug,0,DB00503,train
drug,0,DB00504,train
drug,0,DB00511,train
drug,0,DB00512,train
drug,0,DB00513,train
drug,0,DB00515,train
drug,0,DB00517,train
drug,0,DB00518,train
drug,0,DB00519,train
drug,0,DB00521,train
drug,0,DB00523,train
drug,0,DB00524,train
drug,0,DB00525,train
drug,0,DB00526,train
drug,0,DB00527,train
drug,0,DB00528,train
drug,0,DB00529,train
drug,0,DB00530,train
drug,0,DB00531,train
drug,0,DB00535,train
drug,0,DB00537,train
drug,0,DB00539,train
drug,0,DB00540,train
drug,0,DB00541,train
drug,0,DB00542,train
drug,0,DB00543,train
drug,0,DB00544,train
drug,0,DB00545,train
drug,0,DB00546,train
drug,0,DB00547,train
drug,0,DB00548,train
drug,0,DB00549,train
drug,0,DB00550,train
drug,0,DB00551,train
drug,0,DB00552,train
drug,0,DB00553,train
drug,0,DB00554,train
drug,0,DB00555,train
drug,0,DB00556,train
drug,0,DB00557,train
drug,0,DB00559,train
drug,0,DB00560,train
drug,0,DB00561,train
drug,0,DB00562,train
drug,0,DB00563,train
drug,0,DB00564,train
drug,0,DB00567,train
drug,0,DB00568,train
drug,0,DB00569,train
drug,0,DB00570,train
drug,0,DB00572,train
drug,0,DB00575,train
drug,0,DB00576,train
drug,0,DB00578,train
drug,0,DB00581,train
drug,0,DB00582,train
drug,0,DB00584,train
drug,0,DB00585,train
drug,0,DB00586,train
drug,0,DB00588,train
drug,0,DB00590,train
drug,0,DB00591,train
drug,0,DB00593,train
drug,0,DB00595,train
drug,0,DB00596,train
drug,0,DB00598,train
drug,0,DB00599,train
drug,0,DB00602,train
drug,0,DB00604,train
drug,0,DB00605,train
drug,0,DB00606,train
drug,0,DB00608,train
drug,0,DB00609,train
drug,0,DB00610,train
drug,0,DB00611,train
drug,0,DB00615,train
drug,0,DB00617,train
drug,0,DB00619,train
drug,0,DB00620,train
drug,0,DB00621,train
drug,0,DB00622,train
drug,0,DB00623,train
drug,0,DB00624,train
drug,0,DB00625,train
drug,0,DB00626,train
drug,0,DB00627,train
drug,0,DB00628,train
drug,0,DB00629,train
drug,0,DB00630,train
drug,0,DB00634,train
drug,0,DB00635,train
drug,0,DB00636,train
drug,0,DB00641,train
drug,0,DB00642,train
drug,0,DB00643,train
drug,0,DB00645,train
drug,0,DB00646,train
drug,0,DB00647,train
drug,0,DB00648,train
drug,0,DB00649,train
drug,0,DB00650,train
drug,0,DB00651,train
drug,0,DB00652,train
drug,0,DB00653,train
drug,0,DB00655,train
drug,0,DB00656,train
drug,0,DB00658,train
drug,0,DB00661,train
drug,0,DB00662,train
drug,0,DB00663,train
drug,0,DB00665,train
drug,0,DB00666,train
drug,0,DB00668,train
drug,0,DB00669,train
drug,0,DB00671,train
drug,0,DB00672,train
drug,0,DB00673,train
drug,0,DB00674,train
drug,0,DB00675,train
drug,0,DB00677,train
drug,0,DB00678,train
drug,0,DB00680,train
drug,0,DB00681,train
drug,0,DB00686,train
drug,0,DB00687,train
drug,0,DB00688,train
drug,0,DB00691,train
drug,0,DB00692,train
drug,0,DB00695,train
drug,0,DB00696,train
drug,0,DB00697,train
drug,0,DB00699,train
drug,0,DB00703,train
drug,0,DB00705,train
drug,0,DB00706,train
drug,0,DB00708,train
drug,0,DB00709,train
drug,0,DB00713,train
drug,0,DB00715,train
drug,0,DB00718,train
drug,0,DB00719,train
drug,0,DB00721,train
drug,0,DB00723,train
drug,0,DB00726,train
drug,0,DB00727,train
drug,0,DB00730,train
drug,0,DB00731,train
drug,0,DB00734,train
drug,0,DB00736,train
drug,0,DB00738,train
drug,0,DB00740,train
drug,0,DB00741,train
drug,0,DB00743,train
drug,0,DB00747,train
drug,0,DB00748,train
drug,0,DB00753,train
drug,0,DB00754,train
drug,0,DB00755,train
drug,0,DB00757,train
drug,0,DB00759,train
drug,0,DB00760,train
drug,0,DB00761,train
drug,0,DB00764,train
drug,0,DB00765,train
drug,0,DB00766,train
drug,0,DB00768,train
drug,0,DB00769,train
drug,0,DB00770,train
drug,0,DB00772,train
drug,0,DB00774,train
drug,0,DB00776,train
drug,0,DB00778,train
drug,0,DB00780,train
drug,0,DB00781,train
drug,0,DB00782,train
drug,0,DB00783,train
drug,0,DB00784,train
drug,0,DB00788,train
drug,0,DB00790,train
drug,0,DB00791,train
drug,0,DB00792,train
drug,0,DB00793,train
drug,0,DB00794,train
drug,0,DB00795,train
drug,0,DB00796,train
drug,0,DB00797,train
drug,0,DB00798,train
drug,0,DB00802,train
drug,0,DB00803,train
drug,0,DB00805,train
drug,0,DB00808,train
drug,0,DB00809,train
drug,0,DB00810,train
drug,0,DB00811,train
drug,0,DB00813,train
drug,0,DB00814,train
drug,0,DB00816,train
drug,0,DB00819,train
drug,0,DB00821,train
drug,0,DB00822,train
drug,0,DB00823,train
drug,0,DB00826,train
drug,0,DB00827,train
drug,0,DB00828,train
drug,0,DB00829,train
drug,0,DB00830,train
drug,0,DB00832,train
drug,0,DB00834,train
drug,0,DB00835,train
drug,0,DB00836,train
drug,0,DB00837,train
drug,0,DB00838,train
drug,0,DB00839,train
drug,0,DB00842,train
drug,0,DB00843,train
drug,0,DB00844,train
drug,0,DB00845,train
drug,0,DB00847,train
drug,0,DB00849,train
drug,0,DB00850,train
drug,0,DB00851,train
drug,0,DB00853,train
drug,0,DB00854,train
drug,0,DB00855,train
drug,0,DB00856,train
drug,0,DB00859,train
drug,0,DB00860,train
drug,0,DB00863,train
drug,0,DB00864,train
drug,0,DB00865,train
drug,0,DB00866,train
drug,0,DB00867,train
drug,0,DB00869,train
drug,0,DB00870,train
drug,0,DB00872,train
drug,0,DB00873,train
drug,0,DB00875,train
drug,0,DB00876,train
drug,0,DB00877,train
drug,0,DB00879,train
drug,0,DB00880,train
drug,0,DB00881,train
drug,0,DB00882,train
drug,0,DB00883,train
drug,0,DB00884,train
drug,0,DB00885,train
drug,0,DB00888,train
drug,0,DB00890,train
drug,0,DB00891,train
drug,0,DB00894,train
drug,0,DB00896,train
drug,0,DB00897,train
drug,0,DB00903,train
drug,0,DB00905,train
drug,0,DB00907,train
drug,0,DB00908,train
drug,0,DB00909,train
drug,0,DB00910,train
drug,0,DB00911,train
drug,0,DB00914,train
drug,0,DB00915,train
drug,0,DB00916,train
drug,0,DB00917,train
drug,0,DB00919,train
drug,0,DB00921,train
drug,0,DB00923,train
drug,0,DB00925,train
drug,0,DB00927,train
drug,0,DB00931,train
drug,0,DB00932,train
drug,0,DB00933,train
drug,0,DB00935,train
drug,0,DB00936,train
drug,0,DB00937,train
drug,0,DB00939,train
drug,0,DB00940,train
drug,0,DB00943,train
drug,0,DB00944,train
drug,0,DB00946,train
drug,0,DB00948,train
drug,0,DB00949,train
drug,0,DB00950,train
drug,0,DB00951,train
drug,0,DB00954,train
drug,0,DB00958,train
drug,0,DB00959,train
drug,0,DB00961,train
drug,0,DB00964,train
drug,0,DB00966,train
drug,0,DB00967,train
drug,0,DB00968,train
drug,0,DB00970,train
drug,0,DB00972,train
drug,0,DB00973,train
drug,0,DB00974,train
drug,0,DB00977,train
drug,0,DB00980,train
drug,0,DB00981,train
drug,0,DB00982,train
drug,0,DB00983,train
drug,0,DB00985,train
drug,0,DB00986,train
drug,0,DB00987,train
drug,0,DB00988,train
drug,0,DB00989,train
drug,0,DB00990,train
drug,0,DB00991,train
drug,0,DB00993,train
drug,0,DB00997,train
drug,0,DB01000,train
drug,0,DB01001,train
drug,0,DB01002,train
drug,0,DB01004,train
drug,0,DB01005,train
drug,0,DB01006,train
drug,0,DB01007,train
drug,0,DB01008,train
drug,0,DB01009,train
drug,0,DB01010,train
drug,0,DB01011,train
drug,0,DB01013,train
drug,0,DB01015,train
drug,0,DB01016,train
drug,0,DB01018,train
drug,0,DB01019,train
drug,0,DB01020,train
drug,0,DB01021,train
drug,0,DB01022,train
drug,0,DB01023,train
drug,0,DB01024,train
drug,0,DB01028,train
drug,0,DB01029,train
drug,0,DB01030,train
drug,0,DB01033,train
drug,0,DB01034,train
drug,0,DB01036,train
drug,0,DB01037,train
drug,0,DB01039,train
drug,0,DB01041,train
drug,0,DB01042,train
drug,0,DB01044,train
drug,0,DB01046,train
drug,0,DB01048,train
drug,0,DB01051,train
drug,0,DB01053,train
drug,0,DB01054,train
drug,0,DB01059,train
drug,0,DB01060,train
drug,0,DB01062,train
drug,0,DB01064,train
drug,0,DB01067,train
drug,0,DB01068,train
drug,0,DB01069,train
drug,0,DB01070,train
drug,0,DB01072,train
drug,0,DB01073,train
drug,0,DB01074,train
drug,0,DB01075,train
drug,0,DB01077,train
drug,0,DB01078,train
drug,0,DB01081,train
drug,0,DB01082,train
drug,0,DB01083,train
drug,0,DB01084,train
drug,0,DB01085,train
drug,0,DB01086,train
drug,0,DB01088,train
drug,0,DB01089,train
drug,0,DB01090,train
drug,0,DB01091,train
drug,0,DB01093,train
drug,0,DB01094,train
drug,0,DB01095,train
drug,0,DB01096,train
drug,0,DB01097,train
drug,0,DB01098,train
drug,0,DB01099,train
drug,0,DB01102,train
drug,0,DB01103,train
drug,0,DB01106,train
drug,0,DB01107,train
drug,0,DB01108,train
drug,0,DB01110,train
drug,0,DB01111,train
drug,0,DB01112,train
drug,0,DB01113,train
drug,0,DB01114,train
drug,0,DB01116,train
drug,0,DB01117,train
drug,0,DB01118,train
drug,0,DB01119,train
drug,0,DB01120,train
drug,0,DB01121,train
drug,0,DB01122,train
drug,0,DB01124,train
drug,0,DB01128,train
drug,0,DB01129,train
drug,0,DB01131,train
drug,0,DB01132,train
drug,0,DB01133,train
drug,0,DB01135,train
drug,0,DB01140,train
drug,0,DB01142,train
drug,0,DB01143,train
drug,0,DB01147,train
drug,0,DB01150,train
drug,0,DB01151,train
drug,0,DB01154,train
drug,0,DB01157,train
drug,0,DB01158,train
drug,0,DB01159,train
drug,0,DB01162,train
drug,0,DB01164,train
drug,0,DB01165,train
drug,0,DB01167,train
drug,0,DB01168,train
drug,0,DB01169,train
drug,0,DB01170,train
drug,0,DB01171,train
drug,0,DB01174,train
drug,0,DB01175,train
drug,0,DB01176,train
drug,0,DB01177,train
drug,0,DB01178,train
drug,0,DB01179,train
drug,0,DB01180,train
drug,0,DB01181,train
drug,0,DB01183,train
drug,0,DB01184,train
drug,0,DB01186,train
drug,0,DB01188,train
drug,0,DB01189,train
drug,0,DB01190,train
drug,0,DB01191,train
drug,0,DB01192,train
drug,0,DB01193,train
drug,0,DB01194,train
drug,0,DB01196,train
drug,0,DB01197,train
drug,0,DB01198,train
drug,0,DB01199,train
drug,0,DB01200,train
drug,0,DB01202,train
drug,0,DB01203,train
drug,0,DB01204,train
drug,0,DB01206,train
drug,0,DB01207,train
drug,0,DB01208,train
drug,0,DB01209,train
drug,0,DB01210,train
drug,0,DB01212,train
drug,0,DB01213,train
drug,0,DB01214,train
drug,0,DB01215,train
drug,0,DB01216,train
drug,0,DB01217,train
drug,0,DB01218,train
drug,0,DB01219,train
drug,0,DB01220,train
drug,0,DB01221,train
drug,0,DB01222,train
drug,0,DB01223,train
drug,0,DB01224,train
drug,0,DB01227,train
drug,0,DB01229,train
drug,0,DB01233,train
drug,0,DB01234,train
drug,0,DB01235,train
drug,0,DB01238,train
drug,0,DB01239,train
drug,0,DB01240,train
drug,0,DB01241,train
drug,0,DB01244,train
drug,0,DB01245,train
drug,0,DB01246,train
drug,0,DB01248,train
drug,0,DB01249,train
drug,0,DB01250,train
drug,0,DB01251,train
drug,0,DB01253,train
drug,0,DB01256,train
drug,0,DB01261,train
drug,0,DB01262,train
drug,0,DB01263,train
drug,0,DB01264,train
drug,0,DB01267,train
drug,0,DB01274,train
drug,0,DB01282,train
drug,0,DB01283,train
drug,0,DB01288,train
drug,0,DB01291,train
drug,0,DB01294,train
drug,0,DB01295,train
drug,0,DB01297,train
drug,0,DB01298,train
drug,0,DB01301,train
drug,0,DB01303,train
drug,0,DB01319,train
drug,0,DB01320,train
drug,0,DB01321,train
drug,0,DB01324,train
drug,0,DB01325,train
drug,0,DB01327,train
drug,0,DB01328,train
drug,0,DB01329,train
drug,0,DB01332,train
drug,0,DB01333,train
drug,0,DB01336,train
drug,0,DB01337,train
drug,0,DB01339,train
drug,0,DB01340,train
drug,0,DB01348,train
drug,0,DB01349,train
drug,0,DB01351,train
drug,0,DB01353,train
drug,0,DB01357,train
drug,0,DB01359,train
drug,0,DB01362,train
drug,0,DB01364,train
drug,0,DB01365,train
drug,0,DB01366,train
drug,0,DB01367,train
drug,0,DB01369,train
drug,0,DB01370,train
drug,0,DB01377,train
drug,0,DB01384,train
drug,0,DB01390,train
drug,0,DB01393,train
drug,0,DB01395,train
drug,0,DB01399,train
drug,0,DB01400,train
drug,0,DB01401,train
drug,0,DB01406,train
drug,0,DB01407,train
drug,0,DB01408,train
drug,0,DB01409,train
drug,0,DB01412,train
drug,0,DB01414,train
drug,0,DB01415,train
drug,0,DB01416,train
drug,0,DB01420,train
drug,0,DB01421,train
drug,0,DB01422,train
drug,0,DB01423,train
drug,0,DB01427,train
drug,0,DB01429,train
drug,0,DB01431,train
drug,0,DB01433,train
drug,0,DB01435,train
drug,0,DB01436,train
drug,0,DB01437,train
drug,0,DB01440,train
drug,0,DB01466,train
drug,0,DB01489,train
drug,0,DB01511,train
drug,0,DB01544,train
drug,0,DB01545,train
drug,0,DB01558,train
drug,0,DB01559,train
drug,0,DB01563,train
drug,0,DB01567,train
drug,0,DB01575,train
drug,0,DB01577,train
drug,0,DB01578,train
drug,0,DB01579,train
drug,0,DB01581,train
drug,0,DB01582,train
drug,0,DB01583,train
drug,0,DB01586,train
drug,0,DB01587,train
drug,0,DB01588,train
drug,0,DB01589,train
drug,0,DB01591,train
drug,0,DB01592,train
drug,0,DB01597,train
drug,0,DB01598,train
drug,0,DB01599,train
drug,0,DB01600,train
drug,0,DB01601,train
drug,0,DB01602,train
drug,0,DB01603,train
drug,0,DB01604,train
drug,0,DB01605,train
drug,0,DB01606,train
drug,0,DB01607,train
drug,0,DB01610,train
drug,0,DB01612,train
drug,0,DB01615,train
drug,0,DB01618,train
drug,0,DB01620,train
drug,0,DB01621,train
drug,0,DB01622,train
drug,0,DB01623,train
drug,0,DB01656,train
drug,0,DB01708,train
drug,0,DB01764,train
drug,0,DB02187,train
drug,0,DB02300,train
drug,0,DB02513,train
drug,0,DB02546,train
drug,0,DB02659,train
drug,0,DB02703,train
drug,0,DB02709,train
drug,0,DB03128,train
drug,0,DB03615,train
drug,0,DB03619,train
drug,0,DB03796,train
drug,0,DB04339,train
drug,0,DB04552,train
drug,0,DB04571,train
drug,0,DB04574,train
drug,0,DB04576,train
drug,0,DB04743,train
drug,0,DB04786,train
drug,0,DB04794,train
drug,0,DB04835,train
drug,0,DB04839,train
drug,0,DB04840,train
drug,0,DB04841,train
drug,0,DB04842,train
drug,0,DB04844,train
drug,0,DB04845,train
drug,0,DB04854,train
drug,0,DB04861,train
drug,0,DB04865,train
drug,0,DB04868,train
drug,0,DB04894,train
drug,0,DB04898,train
drug,0,DB04908,train
drug,0,DB04918,train
drug,0,DB04920,train
drug,0,DB04938,train
drug,0,DB04946,train
drug,0,DB04948,train
drug,0,DB04951,train
drug,0,DB04967,train
drug,0,DB05015,train
drug,0,DB05039,train
drug,0,DB05109,train
drug,0,DB05219,train
drug,0,DB05239,train
drug,0,DB05246,train
drug,0,DB05260,train
drug,0,DB05266,train
drug,0,DB05271,train
drug,0,DB05294,train
drug,0,DB05316,train
drug,0,DB05351,train
drug,0,DB05381,train
drug,0,DB05521,train
drug,0,DB05528,train
drug,0,DB05630,train
drug,0,DB05676,train
drug,0,DB05812,train
drug,0,DB06016,train
drug,0,DB06145,train
drug,0,DB06147,train
drug,0,DB06150,train
drug,0,DB06152,train
drug,0,DB06153,train
drug,0,DB06176,train
drug,0,DB06193,train
drug,0,DB06201,train
drug,0,DB06202,train
drug,0,DB06203,train
drug,0,DB06206,train
drug,0,DB06207,train
drug,0,DB06209,train
drug,0,DB06210,train
drug,0,DB06216,train
drug,0,DB06217,train
drug,0,DB06218,train
drug,0,DB06228,train
drug,0,DB06237,train
drug,0,DB06243,train
drug,0,DB06262,train
drug,0,DB06263,train
drug,0,DB06267,train
drug,0,DB06274,train
drug,0,DB06282,train
drug,0,DB06287,train
drug,0,DB06288,train
drug,0,DB06290,train
drug,0,DB06292,train
drug,0,DB06335,train
drug,0,DB06401,train
drug,0,DB06402,train
drug,0,DB06412,train
drug,0,DB06413,train
drug,0,DB06414,train
drug,0,DB06441,train
drug,0,DB06480,train
drug,0,DB06603,train
drug,0,DB06605,train
drug,0,DB06616,train
drug,0,DB06626,train
drug,0,DB06637,train
drug,0,DB06663,train
drug,0,DB06684,train
drug,0,DB06689,train
drug,0,DB06695,train
drug,0,DB06698,train
drug,0,DB06699,train
drug,0,DB06701,train
drug,0,DB06704,train
drug,0,DB06706,train
drug,0,DB06707,train
drug,0,DB06708,train
drug,0,DB06710,train
drug,0,DB06711,train
drug,0,DB06712,train
drug,0,DB06713,train
drug,0,DB06715,train
drug,0,DB06717,train
drug,0,DB06718,train
drug,0,DB06725,train
drug,0,DB06736,train
drug,0,DB06737,train
drug,0,DB06764,train
drug,0,DB06766,train
drug,0,DB06767,train
drug,0,DB06769,train
drug,0,DB06771,train
drug,0,DB06772,train
drug,0,DB06774,train
drug,0,DB06777,train
drug,0,DB06781,train
drug,0,DB06782,train
drug,0,DB06786,train
drug,0,DB06789,train
drug,0,DB06791,train
drug,0,DB06792,train
drug,0,DB06794,train
drug,0,DB06799,train
drug,0,DB06803,train
drug,0,DB06804,train
drug,0,DB06810,train
drug,0,DB06816,train
drug,0,DB06817,train
drug,0,DB06824,train
drug,0,DB06827,train
drug,0,DB07615,train
drug,0,DB08439,train
drug,0,DB08797,train
drug,0,DB08801,train
drug,0,DB08802,train
drug,0,DB08804,train
drug,0,DB08806,train
drug,0,DB08807,train
drug,0,DB08808,train
drug,0,DB08814,train
drug,0,DB08815,train
drug,0,DB08816,train
drug,0,DB08819,train
drug,0,DB08824,train
drug,0,DB08826,train
drug,0,DB08827,train
drug,0,DB08828,train
drug,0,DB08865,train
drug,0,DB08867,train
drug,0,DB08868,train
drug,0,DB08871,train
drug,0,DB08872,train
drug,0,DB08874,train
drug,0,DB08880,train
drug,0,DB08881,train
drug,0,DB08882,train
drug,0,DB08883,train
drug,0,DB08884,train
drug,0,DB08889,train
drug,0,DB08893,train
drug,0,DB08895,train
drug,0,DB08899,train
drug,0,DB08901,train
drug,0,DB08906,train
drug,0,DB08908,train
drug,0,DB08909,train
drug,0,DB08910,train
drug,0,DB08912,train
drug,0,DB08916,train
drug,0,DB08918,train
drug,0,DB08922,train
drug,0,DB08930,train
drug,0,DB08931,train
drug,0,DB08932,train
drug,0,DB08934,train
drug,0,DB08941,train
drug,0,DB08954,train
drug,0,DB08957,train
drug,0,DB08958,train
drug,0,DB08964,train
drug,0,DB08965,train
drug,0,DB08967,train
drug,0,DB08970,train
drug,0,DB08974,train
drug,0,DB08976,train
drug,0,DB08981,train
drug,0,DB08983,train
drug,0,DB08984,train
drug,0,DB08987,train
drug,0,DB08992,train
drug,0,DB08994,train
drug,0,DB08996,train
drug,0,DB09008,train
drug,0,DB09009,train
drug,0,DB09015,train
drug,0,DB09017,train
drug,0,DB09018,train
drug,0,DB09026,train
drug,0,DB09027,train
drug,0,DB09030,train
drug,0,DB09031,train
drug,0,DB09034,train
drug,0,DB09038,train
drug,0,DB09039,train
drug,0,DB09040,train
drug,0,DB09041,train
drug,0,DB09042,train
drug,0,DB09047,train
drug,0,DB09049,train
drug,0,DB09054,train
drug,0,DB09055,train
drug,0,DB09060,train
drug,0,DB09063,train
drug,0,DB09067,train
drug,0,DB09068,train
drug,0,DB09070,train
drug,0,DB09072,train
drug,0,DB09073,train
drug,0,DB09075,train
drug,0,DB09076,train
drug,0,DB09078,train
drug,0,DB09080,train
drug,0,DB09083,train
drug,0,DB09085,train
drug,0,DB09090,train
drug,0,DB09091,train
drug,0,DB09093,train
drug,0,DB09094,train
drug,0,DB09095,train
drug,0,DB09096,train
drug,0,DB09101,train
drug,0,DB09102,train
drug,0,DB09104,train
drug,0,DB09112,train
drug,0,DB09117,train
drug,0,DB09118,train
drug,0,DB09119,train
drug,0,DB09124,train
drug,0,DB09125,train
drug,0,DB09128,train
drug,0,DB09130,train
drug,0,DB09134,train
drug,0,DB09135,train
drug,0,DB09137,train
drug,0,DB09147,train
drug,0,DB09153,train
drug,0,DB09154,train
drug,0,DB09161,train
drug,0,DB09166,train
drug,0,DB09167,train
drug,0,DB09183,train
drug,0,DB09185,train
drug,0,DB09198,train
drug,0,DB09210,train
drug,0,DB09212,train
drug,0,DB09214,train
drug,0,DB09216,train
drug,0,DB09220,train
drug,0,DB09221,train
drug,0,DB09224,train
drug,0,DB09225,train
drug,0,DB09230,train
drug,0,DB09232,train
drug,0,DB09235,train
drug,0,DB09236,train
drug,0,DB09241,train
drug,0,DB09242,train
drug,0,DB09244,train
drug,0,DB09245,train
drug,0,DB09256,train
drug,0,DB09257,train
drug,0,DB09262,train
drug,0,DB09265,train
drug,0,DB09268,train
drug,0,DB09269,train
drug,0,DB09273,train
drug,0,DB09274,train
drug,0,DB09275,train
drug,0,DB09276,train
drug,0,DB09277,train
drug,0,DB09278,train
drug,0,DB09279,train
drug,0,DB09280,train
drug,0,DB09282,train
drug,0,DB09283,train
drug,0,DB09285,train
drug,0,DB09286,train
drug,0,DB09289,train
drug,0,DB09290,train
drug,0,DB09291,train
drug,0,DB09292,train
drug,0,DB09295,train
drug,0,DB09296,train
drug,0,DB09321,train
drug,0,DB09322,train
drug,0,DB09323,train
drug,0,DB09324,train
drug,0,DB09330,train
drug,0,DB09343,train
drug,0,DB09352,train
drug,0,DB09396,train
drug,0,DB09449,train
drug,0,DB09462,train
drug,0,DB09477,train
drug,0,DB09488,train
drug,0,DB09499,train
drug,0,DB09543,train
drug,0,DB09555,train
drug,0,DB09561,train
drug,0,DB11079,train
drug,0,DB11093,train
drug,0,DB11106,train
drug,0,DB11136,train
drug,0,DB11231,train
drug,0,DB11256,train
drug,0,DB11315,train
drug,0,DB11342,train
drug,0,DB11348,train
drug,0,DB11362,train
drug,0,DB11363,train
drug,0,DB11560,train
drug,0,DB11574,train
drug,0,DB11581,train
drug,0,DB11596,train
drug,0,DB11609,train
drug,0,DB11610,train
drug,0,DB11619,train
drug,0,DB11633,train
drug,0,DB11641,train
drug,0,DB11691,train
drug,0,DB11699,train
drug,0,DB11730,train
drug,0,DB11793,train
drug,0,DB11828,train
drug,0,DB11915,train
drug,0,DB11943,train
drug,0,DB11989,train
drug,0,DB11994,train
drug,0,DB12001,train
drug,0,DB12026,train
drug,0,DB12070,train
drug,0,DB12161,train
drug,0,DB12267,train
drug,0,DB12278,train
drug,0,DB12332,train
drug,0,DB12364,train
drug,0,DB12483,train
drug,0,DB12532,train
drug,0,DB12598,train
drug,0,DB13142,train
drug,0,DB13153,train
drug,0,DB13179,train
drug,0,DB13231,train
drug,0,DB13323,train
drug,0,DB13450,train
drug,0,DB13595,train
drug,0,DB13873,train
drug,0,DB13874,train
drug,0,DB13878,train
drug,0,DB13925,train
drug,0,DB00080,val
drug,0,DB00162,val
drug,0,DB00177,val
drug,0,DB00208,val
drug,0,DB00217,val
drug,0,DB00224,val
drug,0,DB00229,val
drug,0,DB00236,val
drug,0,DB00237,val
drug,0,DB00239,val
drug,0,DB00260,val
drug,0,DB00273,val
drug,0,DB00275,val
drug,0,DB00277,val
drug,0,DB00285,val
drug,0,DB00295,val
drug,0,DB00316,val
drug,0,DB00328,val
drug,0,DB00333,val
drug,0,DB00343,val
drug,0,DB00349,val
drug,0,DB00351,val
drug,0,DB00356,val
drug,0,DB00359,val
drug,0,DB00392,val
drug,0,DB00400,val
drug,0,DB00404,val
drug,0,DB00409,val
drug,0,DB00426,val
drug,0,DB00449,val
drug,0,DB00477,val
drug,0,DB00479,val
drug,0,DB00484,val
drug,0,DB00487,val
drug,0,DB00494,val
drug,0,DB00498,val
drug,0,DB00499,val
drug,0,DB00508,val
drug,0,DB00565,val
drug,0,DB00577,val
drug,0,DB00589,val
drug,0,DB00592,val
drug,0,DB00603,val
drug,0,DB00612,val
drug,0,DB00618,val
drug,0,DB00633,val
drug,0,DB00637,val
drug,0,DB00639,val
drug,0,DB00640,val
drug,0,DB00679,val
drug,0,DB00682,val
drug,0,DB00683,val
drug,0,DB00684,val
drug,0,DB00689,val
drug,0,DB00690,val
drug,0,DB00694,val
drug,0,DB00701,val
drug,0,DB00711,val
drug,0,DB00714,val
drug,0,DB00720,val
drug,0,DB00722,val
drug,0,DB00724,val
drug,0,DB00732,val
drug,0,DB00735,val
drug,0,DB00742,val
drug,0,DB00744,val
drug,0,DB00746,val
drug,0,DB00749,val
drug,0,DB00750,val
drug,0,DB00758,val
drug,0,DB00762,val
drug,0,DB00763,val
drug,0,DB00771,val
drug,0,DB00779,val
drug,0,DB00799,val
drug,0,DB00804,val
drug,0,DB00806,val
drug,0,DB00807,val
drug,0,DB00812,val
drug,0,DB00820,val
drug,0,DB00831,val
drug,0,DB00857,val
drug,0,DB00861,val
drug,0,DB00871,val
drug,0,DB00887,val
drug,0,DB00892,val
drug,0,DB00904,val
drug,0,DB00906,val
drug,0,DB00918,val
drug,0,DB00920,val
drug,0,DB00928,val
drug,0,DB00929,val
drug,0,DB00945,val
drug,0,DB00953,val
drug,0,DB00962,val
drug,0,DB00978,val
drug,0,DB00992,val
drug,0,DB00996,val
drug,0,DB00999,val
drug,0,DB01012,val
drug,0,DB01032,val
drug,0,DB01057,val
drug,0,DB01058,val
drug,0,DB01063,val
drug,0,DB01065,val
drug,0,DB01076,val
drug,0,DB01080,val
drug,0,DB01087,val
drug,0,DB01100,val
drug,0,DB01101,val
drug,0,DB01105,val
drug,0,DB01139,val
drug,0,DB01141,val
drug,0,DB01144,val
drug,0,DB01153,val
drug,0,DB01155,val
drug,0,DB01156,val
drug,0,DB01160,val
drug,0,DB01161,val
drug,0,DB01166,val
drug,0,DB01173,val
drug,0,DB01195,val
drug,0,DB01232,val
drug,0,DB01247,val
drug,0,DB01252,val
drug,0,DB01254,val
drug,0,DB01255,val
drug,0,DB01259,val
drug,0,DB01260,val
drug,0,DB01268,val
drug,0,DB01273,val
drug,0,DB01275,val
drug,0,DB01296,val
drug,0,DB01345,val
drug,0,DB01355,val
drug,0,DB01356,val
drug,0,DB01394,val
drug,0,DB01396,val
drug,0,DB01424,val
drug,0,DB01426,val
drug,0,DB01452,val
drug,0,DB01463,val
drug,0,DB01501,val
drug,0,DB01576,val
drug,0,DB01580,val
drug,0,DB01590,val
drug,0,DB01608,val
drug,0,DB01613,val
drug,0,DB01614,val
drug,0,DB01624,val
drug,0,DB01627,val
drug,0,DB01628,val
drug,0,DB01685,val
drug,0,DB01878,val
drug,0,DB02638,val
drug,0,DB02959,val
drug,0,DB04398,val
drug,0,DB04570,val
drug,0,DB04572,val
drug,0,DB04573,val
drug,0,DB04575,val
drug,0,DB04711,val
drug,0,DB04846,val
drug,0,DB04871,val
drug,0,DB04896,val
drug,0,DB04930,val
drug,0,DB04953,val
drug,0,DB06144,val
drug,0,DB06148,val
drug,0,DB06154,val
drug,0,DB06155,val
drug,0,DB06212,val
drug,0,DB06213,val
drug,0,DB06261,val
drug,0,DB06264,val
drug,0,DB06403,val
drug,0,DB06594,val
drug,0,DB06636,val
drug,0,DB06654,val
drug,0,DB06694,val
drug,0,DB06696,val
drug,0,DB06700,val
drug,0,DB06702,val
drug,0,DB06716,val
drug,0,DB06730,val
drug,0,DB06738,val
drug,0,DB06742,val
drug,0,DB06770,val
drug,0,DB06788,val
drug,0,DB06795,val
drug,0,DB06800,val
drug,0,DB06813,val
drug,0,DB06819,val
drug,0,DB08798,val
drug,0,DB08799,val
drug,0,DB08820,val
drug,0,DB08822,val
drug,0,DB08860,val
drug,0,DB08864,val
drug,0,DB08869,val
drug,0,DB08873,val
drug,0,DB08875,val
drug,0,DB08903,val
drug,0,DB08905,val
drug,0,DB08911,val
drug,0,DB08913,val
drug,0,DB08933,val
drug,0,DB08947,val
drug,0,DB08991,val
drug,0,DB09000,val
drug,0,DB09014,val
drug,0,DB09020,val
drug,0,DB09048,val
drug,0,DB09053,val
drug,0,DB09065,val
drug,0,DB09071,val
drug,0,DB09074,val
drug,0,DB09079,val
drug,0,DB09084,val
drug,0,DB09097,val
drug,0,DB09120,val
drug,0,DB09138,val
drug,0,DB09146,val
drug,0,DB09156,val
drug,0,DB09162,val
drug,0,DB09204,val
drug,0,DB09209,val
drug,0,DB09215,val
drug,0,DB09218,val
drug,0,DB09227,val
drug,0,DB09231,val
drug,0,DB09238,val
drug,0,DB09270,val
drug,0,DB09272,val
drug,0,DB09288,val
drug,0,DB09293,val
drug,0,DB09320,val
drug,0,DB09338,val
drug,0,DB09345,val
drug,0,DB09414,val
drug,0,DB09536,val
drug,0,DB11156,val
drug,0,DB11235,val
drug,0,DB11239,val
drug,0,DB11254,val
drug,0,DB11268,val
drug,0,DB11575,val
drug,0,DB11636,val
drug,0,DB11737,val
drug,0,DB11921,val
drug,0,DB12924,val
drug,0,DB13145,val
drug,0,DB13146,val
drug,0,DB13158,val
drug,0,DB13872,val
drug,0,DB00027,test
drug,0,DB00170,test
drug,0,DB00178,test
drug,0,DB00182,test
drug,0,DB00184,test
drug,0,DB00189,test
drug,0,DB00190,test
drug,0,DB00199,test
drug,0,DB00201,test
drug,0,DB00211,test
drug,0,DB00212,test
drug,0,DB00213,test
drug,0,DB00218,test
drug,0,DB00220,test
drug,0,DB00233,test
drug,0,DB00234,test
drug,0,DB00235,test
drug,0,DB00244,test
drug,0,DB00259,test
drug,0,DB00261,test
drug,0,DB00270,test
drug,0,DB00284,test
drug,0,DB00288,test
drug,0,DB00291,test
drug,0,DB00294,test
drug,0,DB00297,test
drug,0,DB00302,test
drug,0,DB00303,test
drug,0,DB00305,test
drug,0,DB00310,test
drug,0,DB00312,test
drug,0,DB00318,test
drug,0,DB00325,test
drug,0,DB00332,test
drug,0,DB00344,test
drug,0,DB00353,test
drug,0,DB00355,test
drug,0,DB00368,test
drug,0,DB00371,test
drug,0,DB00373,test
drug,0,DB00388,test
drug,0,DB00389,test
drug,0,DB00393,test
drug,0,DB00395,test
drug,0,DB00411,test
drug,0,DB00420,test
drug,0,DB00423,test
drug,0,DB00437,test
drug,0,DB00443,test
drug,0,DB00451,test
drug,0,DB00452,test
drug,0,DB00456,test
drug,0,DB00460,test
drug,0,DB00462,test
drug,0,DB00470,test
drug,0,DB00483,test
drug,0,DB00493,test
drug,0,DB00500,test
drug,0,DB00514,test
drug,0,DB00520,test
drug,0,DB00571,test
drug,0,DB00573,test
drug,0,DB00583,test
drug,0,DB00594,test
drug,0,DB00601,test
drug,0,DB00607,test
drug,0,DB00613,test
drug,0,DB00614,test
drug,0,DB00631,test
drug,0,DB00654,test
drug,0,DB00657,test
drug,0,DB00660,test
drug,0,DB00664,test
drug,0,DB00670,test
drug,0,DB00685,test
drug,0,DB00698,test
drug,0,DB00700,test
drug,0,DB00704,test
drug,0,DB00710,test
drug,0,DB00712,test
drug,0,DB00717,test
drug,0,DB00728,test
drug,0,DB00737,test
drug,0,DB00745,test
drug,0,DB00751,test
drug,0,DB00752,test
drug,0,DB00773,test
drug,0,DB00775,test
drug,0,DB00787,test
drug,0,DB00800,test
drug,0,DB00801,test
drug,0,DB00817,test
drug,0,DB00818,test
drug,0,DB00833,test
drug,0,DB00841,test
drug,0,DB00846,test
drug,0,DB00852,test
drug,0,DB00862,test
drug,0,DB00889,test
drug,0,DB00898,test
drug,0,DB00899,test
drug,0,DB00900,test
drug,0,DB00912,test
drug,0,DB00922,test
drug,0,DB00924,test
drug,0,DB00934,test
drug,0,DB00938,test
drug,0,DB00947,test
drug,0,DB00952,test
drug,0,DB00955,test
drug,0,DB00956,test
drug,0,DB00957,test
drug,0,DB00960,test
drug,0,DB00963,test
drug,0,DB00969,test
drug,0,DB00975,test
drug,0,DB00976,test
drug,0,DB00979,test
drug,0,DB00998,test
drug,0,DB01014,test
drug,0,DB01017,test
drug,0,DB01026,test
drug,0,DB01035,test
drug,0,DB01043,test
drug,0,DB01045,test
drug,0,DB01047,test
drug,0,DB01050,test
drug,0,DB01061,test
drug,0,DB01066,test
drug,0,DB01071,test
drug,0,DB01092,test
drug,0,DB01104,test
drug,0,DB01115,test
drug,0,DB01126,test
drug,0,DB01127,test
drug,0,DB01130,test
drug,0,DB01136,test
drug,0,DB01137,test
drug,0,DB01138,test
drug,0,DB01149,test
drug,0,DB01172,test
drug,0,DB01182,test
drug,0,DB01185,test
drug,0,DB01201,test
drug,0,DB01205,test
drug,0,DB01211,test
drug,0,DB01226,test
drug,0,DB01228,test
drug,0,DB01236,test
drug,0,DB01242,test
drug,0,DB01243,test
drug,0,DB01280,test
drug,0,DB01284,test
drug,0,DB01289,test
drug,0,DB01299,test
drug,0,DB01326,test
drug,0,DB01330,test
drug,0,DB01331,test
drug,0,DB01338,test
drug,0,DB01378,test
drug,0,DB01380,test
drug,0,DB01392,test
drug,0,DB01397,test
drug,0,DB01403,test
drug,0,DB01410,test
drug,0,DB01411,test
drug,0,DB01413,test
drug,0,DB01418,test
drug,0,DB01438,test
drug,0,DB01551,test
drug,0,DB01553,test
drug,0,DB01595,test
drug,0,DB01609,test
drug,0,DB01611,test
drug,0,DB01619,test
drug,0,DB01626,test
drug,0,DB02701,test
drug,0,DB03585,test
drug,0,DB03754,test
drug,0,DB03756,test
drug,0,DB03793,test
drug,0,DB04272,test
drug,0,DB04855,test
drug,0,DB04876,test
drug,0,DB04878,test
drug,0,DB04911,test
drug,0,DB05245,test
drug,0,DB05265,test
drug,0,DB05541,test
drug,0,DB05990,test
drug,0,DB06196,test
drug,0,DB06204,test
drug,0,DB06211,test
drug,0,DB06268,test
drug,0,DB06410,test
drug,0,DB06589,test
drug,0,DB06595,test
drug,0,DB06690,test
drug,0,DB06691,test
drug,0,DB06697,test
drug,0,DB06709,test
drug,0,DB06723,test
drug,0,DB06724,test
drug,0,DB06729,test
drug,0,DB06739,test
drug,0,DB06802,test
drug,0,DB06820,test
drug,0,DB06825,test
drug,0,DB06826,test
drug,0,DB08795,test
drug,0,DB08796,test
drug,0,DB08800,test
drug,0,DB08811,test
drug,0,DB08877,test
drug,0,DB08887,test
drug,0,DB08896,test
drug,0,DB08897,test
drug,0,DB08907,test
drug,0,DB08938,test
drug,0,DB08943,test
drug,0,DB08971,test
drug,0,DB08993,test
drug,0,DB09021,test
drug,0,DB09061,test
drug,0,DB09069,test
drug,0,DB09082,test
drug,0,DB09087,test
drug,0,DB09099,test
drug,0,DB09123,test
drug,0,DB09143,test
drug,0,DB09211,test
drug,0,DB09223,test
drug,0,DB09267,test
drug,0,DB09281,test
drug,0,DB09297,test
drug,0,DB09300,test
drug,0,DB09342,test
drug,0,DB09389,test
drug,0,DB09516,test
drug,0,DB09570,test
drug,0,DB11121,test
drug,0,DB11126,test
drug,0,DB11135,test
drug,0,DB11148,test
drug,0,DB11586,test
drug,0,DB11613,test
drug,0,DB11614,test
drug,0,DB11660,test
drug,0,DB11817,test
drug,0,DB13025,test
drug,0,DB13139,test
drug,0,DB13167,test
drug,0,DB13747,test
drug,0,DB13783,test
drug,0,DB13879,test
drug,1,DB00014,train
drug,1,DB00027,train
drug,1,DB00080,train
drug,1,DB00115,train
drug,1,DB00120,train
drug,1,DB00122,train
drug,1,DB00126,train
drug,1,DB00134,train
drug,1,DB00136,train
drug,1,DB00142,train
drug,1,DB00146,train
drug,1,DB00158,train
drug,1,DB00162,train
drug,1,DB00163,train
drug,1,DB00165,train
drug,1,DB00170,train
drug,1,DB00175,train
drug,1,DB00176,train
drug,1,DB00177,train
drug,1,DB00179,train
drug,1,DB00181,train
drug,1,DB00182,train
drug,1,DB00184,train
drug,1,DB00185,train
drug,1,DB00186,train
drug,1,DB00187,train
drug,1,DB00188,train
drug,1,DB00190,train
drug,1,DB00191,train
drug,1,DB00193,train
drug,1,DB00195,train
drug,1,DB00198,train
drug,1,DB00199,train
drug,1,DB00202,train
drug,1,DB00203,train
drug,1,DB00204,train
drug,1,DB00205,train
drug,1,DB00206,train
drug,1,DB00207,train
drug,1,DB00209,train
drug,1,DB00211,train
drug,1,DB00213,train
drug,1,DB00215,train
drug,1,DB00216,train
drug,1,DB00217,train
drug,1,DB00218,train
drug,1,DB00219,train
drug,1,DB00220,train
drug,1,DB00221,train
drug,1,DB00222,train
drug,1,DB00223,train
drug,1,DB00224,train
drug,1,DB00227,train
drug,1,DB00228,train
drug,1,DB00229,train
drug,1,DB00230,train
drug,1,DB00233,train
drug,1,DB00234,train
drug,1,DB00236,train
drug,1,DB00237,train
drug,1,DB00239,train
drug,1,DB00241,train
drug,1,DB00243,train
drug,1,DB00244,train
drug,1,DB00245,train
drug,1,DB00246,train
drug,1,DB00248,train
drug,1,DB00250,train
drug,1,DB00251,train
drug,1,DB00253,train
drug,1,DB00254,train
drug,1,DB00255,train
drug,1,DB00257,train
drug,1,DB00258,train
drug,1,DB00259,train
drug,1,DB00261,train
drug,1,DB00262,train
drug,1,DB00263,train
drug,1,DB00264,train
drug,1,DB00266,train
drug,1,DB00268,train
drug,1,DB00271,train
drug,1,DB00273,train
drug,1,DB00274,train
drug,1,DB00276,train
drug,1,DB00277,train
drug,1,DB00278,train
drug,1,DB00280,train
drug,1,DB00282,train
drug,1,DB00283,train
drug,1,DB00289,train
drug,1,DB00290,train
drug,1,DB00293,train
drug,1,DB00294,train
drug,1,DB00295,train
drug,1,DB00296,train
drug,1,DB00297,train
drug,1,DB00298,train
drug,1,DB00300,train
drug,1,DB00302,train
drug,1,DB00303,train
drug,1,DB00304,train
drug,1,DB00305,train
drug,1,DB00307,train
drug,1,DB00309,train
drug,1,DB00310,train
drug,1,DB00312,train
drug,1,DB00314,train
drug,1,DB00315,train
drug,1,DB00316,train
drug,1,DB00317,train
drug,1,DB00318,train
drug,1,DB00319,train
drug,1,DB00320,train
drug,1,DB00321,train
drug,1,DB00323,train
drug,1,DB00324,train
drug,1,DB00325,train
drug,1,DB00326,train
drug,1,DB00328,train
drug,1,DB00330,train
drug,1,DB00331,train
drug,1,DB00334,train
drug,1,DB00335,train
drug,1,DB00336,train
drug,1,DB00339,train
drug,1,DB00341,train
drug,1,DB00343,train
drug,1,DB00344,train
drug,1,DB00345,train
drug,1,DB00346,train
drug,1,DB00349,train
drug,1,DB00350,train
drug,1,DB00352,train
drug,1,DB00353,train
drug,1,DB00354,train
drug,1,DB00356,train
drug,1,DB00359,train
drug,1,DB00360,train
drug,1,DB00361,train
drug,1,DB00362,train
drug,1,DB00363,train
drug,1,DB00366,train
drug,1,DB00367,train
drug,1,DB00369,train
drug,1,DB00371,train
drug,1,DB00376,train
drug,1,DB00377,train
drug,1,DB00379,train
drug,1,DB00380,train
drug,1,DB00381,train
drug,1,DB00385,train
drug,1,DB00387,train
drug,1,DB00388,train
drug,1,DB00389,train
drug,1,DB00390,train
drug,1,DB00391,train
drug,1,DB00393,train
drug,1,DB00394,train
drug,1,DB00395,train
drug,1,DB00396,train
drug,1,DB00397,train
drug,1,DB00398,train
drug,1,DB00399,train
drug,1,DB00400,train
drug,1,DB00401,train
drug,1,DB00402,train
drug,1,DB00404,train
drug,1,DB00408,train
drug,1,DB00409,train
drug,1,DB00410,train
drug,1,DB00412,train
drug,1,DB00415,train
drug,1,DB00418,train
drug,1,DB00419,train
drug,1,DB00420,train
drug,1,DB00421,train
drug,1,DB00422,train
drug,1,DB00423,train
drug,1,DB00424,train
drug,1,DB00426,train
drug,1,DB00427,train
drug,1,DB00429,train
drug,1,DB00430,train
drug,1,DB00432,train
drug,1,DB00433,train
drug,1,DB00437,train
drug,1,DB00438,train
drug,1,DB00441,train
drug,1,DB00445,train
drug,1,DB00446,train
drug,1,DB00448,train
drug,1,DB00449,train
drug,1,DB00450,train
drug,1,DB00451,train
drug,1,DB00452,train
drug,1,DB00453,train
drug,1,DB00454,train
drug,1,DB00455,train
drug,1,DB00456,train
drug,1,DB00458,train
drug,1,DB00459,train
drug,1,DB00460,train
drug,1,DB00461,train
drug,1,DB00462,train
drug,1,DB00465,train
drug,1,DB00467,train
drug,1,DB00468,train
drug,1,DB00470,train
drug,1,DB00471,train
drug,1,DB00472,train
drug,1,DB00474,train
drug,1,DB00475,train
drug,1,DB00477,train
drug,1,DB00479,train
drug,1,DB00480,train
drug,1,DB00481,train
drug,1,DB00483,train
drug,1,DB00484,train
drug,1,DB00487,train
drug,1,DB00491,train
drug,1,DB00493,train
drug,1,DB00494,train
drug,1,DB00495,train
drug,1,DB00496,train
drug,1,DB00497,train
drug,1,DB00500,train
drug,1,DB00501,train
drug,1,DB00503,train
drug,1,DB00504,train
drug,1,DB00508,train
drug,1,DB00511,train
drug,1,DB00513,train
drug,1,DB00514,train
drug,1,DB00515,train
drug,1,DB00517,train
drug,1,DB00518,train
drug,1,DB00519,train
drug,1,DB00523,train
drug,1,DB00524,train
drug,1,DB00525,train
drug,1,DB00526,train
drug,1,DB00529,train
drug,1,DB00531,train
drug,1,DB00535,train
drug,1,DB00537,train
drug,1,DB00539,train
drug,1,DB00541,train
drug,1,DB00542,train
drug,1,DB00543,train
drug,1,DB00547,train
drug,1,DB00548,train
drug,1,DB00552,train
drug,1,DB00553,train
drug,1,DB00554,train
drug,1,DB00555,train
drug,1,DB00557,train
drug,1,DB00559,train
drug,1,DB00560,train
drug,1,DB00561,train
drug,1,DB00563,train
drug,1,DB00564,train
drug,1,DB00570,train
drug,1,DB00571,train
drug,1,DB00572,train
drug,1,DB00573,train
drug,1,DB00575,train
drug,1,DB00576,train
drug,1,DB00577,train
drug,1,DB00578,train
drug,1,DB00581,train
drug,1,DB00583,train
drug,1,DB00584,train
drug,1,DB00585,train
drug,1,DB00586,train
drug,1,DB00588,train
drug,1,DB00589,train
drug,1,DB00590,train
drug,1,DB00592,train
drug,1,DB00594,train
drug,1,DB00595,train
drug,1,DB00596,train
drug,1,DB00599,train
drug,1,DB00602,train
drug,1,DB00604,train
drug,1,DB00605,train
drug,1,DB00606,train
drug,1,DB00607,train
drug,1,DB00608,train
drug,1,DB00610,train
drug,1,DB00611,train
drug,1,DB00612,train
drug,1,DB00615,train
drug,1,DB00617,train
drug,1,DB00619,train
drug,1,DB00622,train
drug,1,DB00623,train
drug,1,DB00624,train
drug,1,DB00626,train
drug,1,DB00627,train
drug,1,DB00628,train
drug,1,DB00629,train
drug,1,DB00630,train
drug,1,DB00631,train
drug,1,DB00634,train
drug,1,DB00635,train
drug,1,DB00636,train
drug,1,DB00639,train
drug,1,DB00640,train
drug,1,DB00641,train
drug,1,DB00642,train
drug,1,DB00645,train
drug,1,DB00646,train
drug,1,DB00647,train
drug,1,DB00648,train
drug,1,DB00649,train
drug,1,DB00651,train
drug,1,DB00653,train
drug,1,DB00654,train
drug,1,DB00655,train
drug,1,DB00661,train
drug,1,DB00662,train
drug,1,DB00663,train
drug,1,DB00664,train
drug,1,DB00666,train
drug,1,DB00668,train
drug,1,DB00669,train
drug,1,DB00670,train
drug,1,DB00671,train
drug,1,DB00672,train
drug,1,DB00673,train
drug,1,DB00675,train
drug,1,DB00678,train
drug,1,DB00679,train
drug,1,DB00680,train
drug,1,DB00681,train
drug,1,DB00682,train
drug,1,DB00683,train
drug,1,DB00684,train
drug,1,DB00685,train
drug,1,DB00686,train
drug,1,DB00688,train
drug,1,DB00689,train
drug,1,DB00690,train
drug,1,DB00691,train
drug,1,DB00692,train
drug,1,DB00694,train
drug,1,DB00695,train
drug,1,DB00696,train
drug,1,DB00697,train
drug,1,DB00698,train
drug,1,DB00699,train
drug,1,DB00700,train
drug,1,DB00705,train
drug,1,DB00706,train
drug,1,DB00711,train
drug,1,DB00712,train
drug,1,DB00714,train
drug,1,DB00717,train
drug,1,DB00719,train
drug,1,DB00720,train
drug,1,DB00721,train
drug,1,DB00723,train
drug,1,DB00726,train
drug,1,DB00727,train
drug,1,DB00728,train
drug,1,DB00730,train
drug,1,DB00732,train
drug,1,DB00738,train
drug,1,DB00740,train
drug,1,DB00741,train
drug,1,DB00742,train
drug,1,DB00743,train
drug,1,DB00744,train
drug,1,DB00745,train
drug,1,DB00749,train
drug,1,DB00753,train
drug,1,DB00754,train
drug,1,DB00755,train
drug,1,DB00757,train
drug,1,DB00758,train
drug,1,DB00759,train
drug,1,DB00760,train
drug,1,DB00763,train
drug,1,DB00764,train
drug,1,DB00765,train
drug,1,DB00768,train
drug,1,DB00771,train
drug,1,DB00772,train
drug,1,DB00774,train
drug,1,DB00775,train
drug,1,DB00776,train
drug,1,DB00778,train
drug,1,DB00779,train
drug,1,DB00780,train
drug,1,DB00781,train
drug,1,DB00783,train
drug,1,DB00784,train
drug,1,DB00787,train
drug,1,DB00788,train
drug,1,DB00790,train
drug,1,DB00791,train
drug,1,DB00792,train
drug,1,DB00793,train
drug,1,DB00795,train
drug,1,DB00796,train
drug,1,DB00797,train
drug,1,DB00798,train
drug,1,DB00799,train
drug,1,DB00800,train
drug,1,DB00801,train
drug,1,DB00802,train
drug,1,DB00803,train
drug,1,DB00806,train
drug,1,DB00807,train
drug,1,DB00810,train
drug,1,DB00811,train
drug,1,DB00812,train
drug,1,DB00813,train
drug,1,DB00814,train
drug,1,DB00816,train
drug,1,DB00817,train
drug,1,DB00818,train
drug,1,DB00820,train
drug,1,DB00821,train
drug,1,DB00823,train
drug,1,DB00827,train
drug,1,DB00828,train
drug,1,DB00829,train
drug,1,DB00830,train
drug,1,DB00831,train
drug,1,DB00832,train
drug,1,DB00833,train
drug,1,DB00834,train
drug,1,DB00835,train
drug,1,DB00836,train
drug,1,DB00838,train
drug,1,DB00839,train
drug,1,DB00841,train
drug,1,DB00842,train
drug,1,DB00844,train
drug,1,DB00846,train
drug,1,DB00847,train
drug,1,DB00850,train
drug,1,DB00851,train
drug,1,DB00852,train
drug,1,DB00854,train
drug,1,DB00855,train
drug,1,DB00856,train
drug,1,DB00857,train
drug,1,DB00860,train
drug,1,DB00861,train
drug,1,DB00862,train
drug,1,DB00863,train
drug,1,DB00865,train
drug,1,DB00866,train
drug,1,DB00867,train
drug,1,DB00869,train
drug,1,DB00870,train
drug,1,DB00871,train
drug,1,DB00872,train
drug,1,DB00873,train
drug,1,DB00875,train
drug,1,DB00876,train
drug,1,DB00877,train
drug,1,DB00879,train
drug,1,DB00880,train
drug,1,DB00881,train
drug,1,DB00882,train
drug,1,DB00884,train
drug,1,DB00887,train
drug,1,DB00889,train
drug,1,DB00896,train
drug,1,DB00897,train
drug,1,DB00899,train
drug,1,DB00904,train
drug,1,DB00905,train
drug,1,DB00906,train
drug,1,DB00907,train
drug,1,DB00908,train
drug,1,DB00910,train
drug,1,DB00911,train
drug,1,DB00912,train
drug,1,DB00915,train
drug,1,DB00916,train
drug,1,DB00917,train
drug,1,DB00919,train
drug,1,DB00921,train
drug,1,DB00922,train
drug,1,DB00923,train
drug,1,DB00925,train
drug,1,DB00927,train
drug,1,DB00928,train
drug,1,DB00931,train
drug,1,DB00932,train
drug,1,DB00936,train
drug,1,DB00938,train
drug,1,DB00943,train
drug,1,DB00944,train
drug,1,DB00945,train
drug,1,DB00946,train
drug,1,DB00947,train
drug,1,DB00948,train
drug,1,DB00951,train
drug,1,DB00952,train
drug,1,DB00953,train
drug,1,DB00954,train
drug,1,DB00956,train
drug,1,DB00957,train
drug,1,DB00959,train
drug,1,DB00960,train
drug,1,DB00961,train
drug,1,DB00962,train
drug,1,DB00963,train
drug,1,DB00966,train
drug,1,DB00967,train
drug,1,DB00972,train
drug,1,DB00974,train
drug,1,DB00975,train
drug,1,DB00977,train
drug,1,DB00979,train
drug,1,DB00980,train
drug,1,DB00981,train
drug,1,DB00982,train
drug,1,DB00983,train
drug,1,DB00988,train
drug,1,DB00989,train
drug,1,DB00990,train
drug,1,DB00991,train
drug,1,DB00992,train
drug,1,DB00993,train
drug,1,DB00997,train
drug,1,DB00998,train
drug,1,DB00999,train
drug,1,DB01002,train
drug,1,DB01006,train
drug,1,DB01007,train
drug,1,DB01008,train
drug,1,DB01009,train
drug,1,DB01010,train
drug,1,DB01011,train
drug,1,DB01012,train
drug,1,DB01013,train
drug,1,DB01015,train
drug,1,DB01016,train
drug,1,DB01017,train
drug,1,DB01018,train
drug,1,DB01019,train
drug,1,DB01021,train
drug,1,DB01023,train
drug,1,DB01026,train
drug,1,DB01030,train
drug,1,DB01033,train
drug,1,DB01036,train
drug,1,DB01037,train
drug,1,DB01039,train
drug,1,DB01043,train
drug,1,DB01044,train
drug,1,DB01045,train
drug,1,DB01046,train
drug,1,DB01048,train
drug,1,DB01053,train
drug,1,DB01054,train
drug,1,DB01058,train
drug,1,DB01059,train
drug,1,DB01060,train
drug,1,DB01061,train
drug,1,DB01062,train
drug,1,DB01063,train
drug,1,DB01064,train
drug,1,DB01065,train
drug,1,DB01067,train
drug,1,DB01068,train
drug,1,DB01069,train
drug,1,DB01070,train
drug,1,DB01073,train
drug,1,DB01074,train
drug,1,DB01075,train
drug,1,DB01077,train
drug,1,DB01080,train
drug,1,DB01083,train
drug,1,DB01084,train
drug,1,DB01086,train
drug,1,DB01087,train
drug,1,DB01090,train
drug,1,DB01092,train
drug,1,DB01093,train
drug,1,DB01096,train
drug,1,DB01099,train
drug,1,DB01100,train
drug,1,DB01101,train
drug,1,DB01102,train
drug,1,DB01103,train
drug,1,DB01104,train
drug,1,DB01107,train
drug,1,DB01108,train
drug,1,DB01111,train
drug,1,DB01112,train
drug,1,DB01113,train
drug,1,DB01114,train
drug,1,DB01116,train
drug,1,DB01117,train
drug,1,DB01119,train
drug,1,DB01120,train
drug,1,DB01122,train
drug,1,DB01124,train
drug,1,DB01126,train
drug,1,DB01127,train
drug,1,DB01128,train
drug,1,DB01129,train
drug,1,DB01130,train
drug,1,DB01131,train
drug,1,DB01132,train
drug,1,DB01133,train
drug,1,DB01137,train
drug,1,DB01138,train
drug,1,DB01139,train
drug,1,DB01140,train
drug,1,DB01142,train
drug,1,DB01143,train
drug,1,DB01144,train
drug,1,DB01147,train
drug,1,DB01149,train
drug,1,DB01151,train
drug,1,DB01155,train
drug,1,DB01156,train
drug,1,DB01157,train
drug,1,DB01158,train
drug,1,DB01159,train
drug,1,DB01160,train
drug,1,DB01162,train
drug,1,DB01164,train
drug,1,DB01165,train
drug,1,DB01167,train
drug,1,DB01168,train
drug,1,DB01170,train
drug,1,DB01173,train
drug,1,DB01174,train
drug,1,DB01175,train
drug,1,DB01176,train
drug,1,DB01177,train
drug,1,DB01178,train
drug,1,DB01179,train
drug,1,DB01180,train
drug,1,DB01182,train
drug,1,DB01183,train
drug,1,DB01184,train
drug,1,DB01185,train
drug,1,DB01188,train
drug,1,DB01189,train
drug,1,DB01190,train
drug,1,DB01191,train
drug,1,DB01192,train
drug,1,DB01193,train
drug,1,DB01194,train
drug,1,DB01195,train
drug,1,DB01196,train
drug,1,DB01197,train
drug,1,DB01198,train
drug,1,DB01199,train
drug,1,DB01200,train
drug,1,DB01201,train
drug,1,DB01203,train
drug,1,DB01204,train
drug,1,DB01206,train
drug,1,DB01207,train
drug,1,DB01208,train
drug,1,DB01209,train
drug,1,DB01211,train
drug,1,DB01212,train
drug,1,DB01214,train
drug,1,DB01215,train
drug,1,DB01216,train
drug,1,DB01217,train
drug,1,DB01218,train
drug,1,DB01219,train
drug,1,DB01220,train
drug,1,DB01221,train
drug,1,DB01222,train
drug,1,DB01223,train
drug,1,DB01226,train
drug,1,DB01228,train
drug,1,DB01229,train
drug,1,DB01232,train
drug,1,DB01234,train
drug,1,DB01235,train
drug,1,DB01239,train
drug,1,DB01242,train
drug,1,DB01243,train
drug,1,DB01244,train
drug,1,DB01245,train
drug,1,DB01246,train
drug,1,DB01247,train
drug,1,DB01248,train
drug,1,DB01249,train
drug,1,DB01250,train
drug,1,DB01251,train
drug,1,DB01253,train
drug,1,DB01254,train
drug,1,DB01259,train
drug,1,DB01261,train
drug,1,DB01262,train
drug,1,DB01263,train
drug,1,DB01267,train
drug,1,DB01268,train
drug,1,DB01273,train
drug,1,DB01274,train
drug,1,DB01280,train
drug,1,DB01282,train
drug,1,DB01283,train
drug,1,DB01284,train
drug,1,DB01288,train
drug,1,DB01291,train
drug,1,DB01294,train
drug,1,DB01295,train
drug,1,DB01296,train
drug,1,DB01297,train
drug,1,DB01298,train
drug,1,DB01301,train
drug,1,DB01303,train
drug,1,DB01319,train
drug,1,DB01326,train
drug,1,DB01327,train
drug,1,DB01328,train
drug,1,DB01333,train
drug,1,DB01337,train
drug,1,DB01339,train
drug,1,DB01345,train
drug,1,DB01348,train
drug,1,DB01351,train
drug,1,DB01353,train
drug,1,DB01355,train
drug,1,DB01356,train
drug,1,DB01357,train
drug,1,DB01364,train
drug,1,DB01367,train
drug,1,DB01369,train
drug,1,DB01370,train
drug,1,DB01377,train
drug,1,DB01378,train
drug,1,DB01380,train
drug,1,DB01384,train
drug,1,DB01392,train
drug,1,DB01393,train
drug,1,DB01395,train
drug,1,DB01396,train
drug,1,DB01397,train
drug,1,DB01400,train
drug,1,DB01401,train
drug,1,DB01403,train
drug,1,DB01406,train
drug,1,DB01407,train
drug,1,DB01408,train
drug,1,DB01409,train
drug,1,DB01410,train
drug,1,DB01411,train
drug,1,DB01412,train
drug,1,DB01415,train
drug,1,DB01420,train
drug,1,DB01424,train
drug,1,DB01427,train
drug,1,DB01429,train
drug,1,DB01431,train
drug,1,DB01433,train
drug,1,DB01435,train
drug,1,DB01436,train
drug,1,DB01437,train
drug,1,DB01438,train
drug,1,DB01452,train
drug,1,DB01466,train
drug,1,DB01489,train
drug,1,DB01501,train
drug,1,DB01511,train
drug,1,DB01544,train
drug,1,DB01545,train
drug,1,DB01551,train
drug,1,DB01553,train
drug,1,DB01558,train
drug,1,DB01567,train
drug,1,DB01575,train
drug,1,DB01576,train
drug,1,DB01582,train
drug,1,DB01588,train
drug,1,DB01590,train
drug,1,DB01591,train
drug,1,DB01592,train
drug,1,DB01595,train
drug,1,DB01599,train
drug,1,DB01600,train
drug,1,DB01601,train
drug,1,DB01602,train
drug,1,DB01604,train
drug,1,DB01606,train
drug,1,DB01607,train
drug,1,DB01608,train
drug,1,DB01609,train
drug,1,DB01612,train
drug,1,DB01615,train
drug,1,DB01618,train
drug,1,DB01621,train
drug,1,DB01622,train
drug,1,DB01623,train
drug,1,DB01624,train
drug,1,DB01626,train
drug,1,DB01628,train
drug,1,DB01656,train
drug,1,DB01685,train
drug,1,DB01878,train
drug,1,DB02546,train
drug,1,DB02638,train
drug,1,DB02659,train
drug,1,DB02703,train
drug,1,DB02709,train
drug,1,DB02959,train
drug,1,DB03128,train
drug,1,DB03619,train
drug,1,DB03754,train
drug,1,DB03756,train
drug,1,DB03793,train
drug,1,DB04272,train
drug,1,DB04339,train
drug,1,DB04398,train
drug,1,DB04552,train
drug,1,DB04570,train
drug,1,DB04571,train
drug,1,DB04572,train
drug,1,DB04573,train
drug,1,DB04574,train
drug,1,DB04575,train
drug,1,DB04576,train
drug,1,DB04711,train
drug,1,DB04786,train
drug,1,DB04794,train
drug,1,DB04835,train
drug,1,DB04839,train
drug,1,DB04840,train
drug,1,DB04844,train
drug,1,DB04845,train
drug,1,DB04846,train
drug,1,DB04855,train
drug,1,DB04861,train
drug,1,DB04865,train
drug,1,DB04868,train
drug,1,DB04871,train
drug,1,DB04894,train
drug,1,DB04898,train
drug,1,DB04908,train
drug,1,DB04911,train
drug,1,DB04918,train
drug,1,DB04920,train
drug,1,DB04930,train
drug,1,DB04946,train
drug,1,DB04951,train
drug,1,DB04967,train
drug,1,DB05015,train
drug,1,DB05039,train
drug,1,DB05109,train
drug,1,DB05245,train
drug,1,DB05246,train
drug,1,DB05260,train
drug,1,DB05265,train
drug,1,DB05266,train
drug,1,DB05294,train
drug,1,DB05316,train
drug,1,DB05351,train
drug,1,DB05381,train
drug,1,DB05528,train
drug,1,DB05541,train
drug,1,DB05630,train
drug,1,DB05676,train
drug,1,DB05812,train
drug,1,DB05990,train
drug,1,DB06147,train
drug,1,DB06148,train
drug,1,DB06152,train
drug,1,DB06154,train
drug,1,DB06155,train
drug,1,DB06176,train
drug,1,DB06193,train
drug,1,DB06196,train
drug,1,DB06201,train
drug,1,DB06203,train
drug,1,DB06206,train
drug,1,DB06207,train
drug,1,DB06209,train
drug,1,DB06210,train
drug,1,DB06212,train
drug,1,DB06216,train
drug,1,DB06217,train
drug,1,DB06218,train
drug,1,DB06237,train
drug,1,DB06243,train
drug,1,DB06261,train
drug,1,DB06268,train
drug,1,DB06282,train
drug,1,DB06287,train
drug,1,DB06288,train
drug,1,DB06290,train
drug,1,DB06292,train
drug,1,DB06401,train
drug,1,DB06403,train
drug,1,DB06410,train
drug,1,DB06412,train
drug,1,DB06413,train
drug,1,DB06441,train
drug,1,DB06480,train
drug,1,DB06594,train
drug,1,DB06595,train
drug,1,DB06605,train
drug,1,DB06626,train
drug,1,DB06636,train
drug,1,DB06637,train
drug,1,DB06654,train
drug,1,DB06684,train
drug,1,DB06690,train
drug,1,DB06694,train
drug,1,DB06695,train
drug,1,DB06697,train
drug,1,DB06698,train
drug,1,DB06701,train
drug,1,DB06702,train
drug,1,DB06704,train
drug,1,DB06707,train
drug,1,DB06708,train
drug,1,DB06710,train
drug,1,DB06711,train
drug,1,DB06713,train
drug,1,DB06716,train
drug,1,DB06717,train
drug,1,DB06718,train
drug,1,DB06723,train
drug,1,DB06724,train
drug,1,DB06725,train
drug,1,DB06729,train
drug,1,DB06736,train
drug,1,DB06737,train
drug,1,DB06742,train
drug,1,DB06764,train
drug,1,DB06766,train
drug,1,DB06767,train
drug,1,DB06769,train
drug,1,DB06770,train
drug,1,DB06771,train
drug,1,DB06774,train
drug,1,DB06781,train
drug,1,DB06788,train
drug,1,DB06789,train
drug,1,DB06791,train
drug,1,DB06794,train
drug,1,DB06795,train
drug,1,DB06799,train
drug,1,DB06800,train
drug,1,DB06802,train
drug,1,DB06803,train
drug,1,DB06804,train
drug,1,DB06810,train
drug,1,DB06813,train
drug,1,DB06817,train
drug,1,DB06826,train
drug,1,DB06827,train
drug,1,DB07615,train
drug,1,DB08439,train
drug,1,DB08795,train
drug,1,DB08796,train
drug,1,DB08797,train
drug,1,DB08798,train
drug,1,DB08799,train
drug,1,DB08800,train
drug,1,DB08804,train
drug,1,DB08807,train
drug,1,DB08808,train
drug,1,DB08811,train
drug,1,DB08816,train
drug,1,DB08820,train
drug,1,DB08822,train
drug,1,DB08824,train
drug,1,DB08826,train
drug,1,DB08827,train
drug,1,DB08828,train
drug,1,DB08860,train
drug,1,DB08865,train
drug,1,DB08869,train
drug,1,DB08871,train
drug,1,DB08872,train
drug,1,DB08874,train
drug,1,DB08877,train
drug,1,DB08880,train
drug,1,DB08881,train
drug,1,DB08882,train
drug,1,DB08884,train
drug,1,DB08887,train
drug,1,DB08893,train
drug,1,DB08896,train
drug,1,DB08897,train
drug,1,DB08899,train
drug,1,DB08905,train
drug,1,DB08906,train
drug,1,DB08907,train
drug,1,DB08908,train
drug,1,DB08910,train
drug,1,DB08911,train
drug,1,DB08912,train
drug,1,DB08916,train
drug,1,DB08922,train
drug,1,DB08930,train
drug,1,DB08931,train
drug,1,DB08932,train
drug,1,DB08933,train
drug,1,DB08934,train
drug,1,DB08938,train
drug,1,DB08941,train
drug,1,DB08943,train
drug,1,DB08947,train
drug,1,DB08954,train
drug,1,DB08957,train
drug,1,DB08958,train
drug,1,DB08965,train
drug,1,DB08967,train
drug,1,DB08974,train
drug,1,DB08976,train
drug,1,DB08981,train
drug,1,DB08983,train
drug,1,DB08984,train
drug,1,DB08987,train
drug,1,DB08992,train
drug,1,DB08993,train
drug,1,DB08996,train
drug,1,DB09000,train
drug,1,DB09008,train
drug,1,DB09014,train
drug,1,DB09015,train
drug,1,DB09018,train
drug,1,DB09020,train
drug,1,DB09031,train
drug,1,DB09034,train
drug,1,DB09038,train
drug,1,DB09040,train
drug,1,DB09041,train
drug,1,DB09042,train
drug,1,DB09048,train
drug,1,DB09054,train
drug,1,DB09055,train
drug,1,DB09060,train
drug,1,DB09061,train
drug,1,DB09063,train
drug,1,DB09067,train
drug,1,DB09068,train
drug,1,DB09069,train
drug,1,DB09071,train
drug,1,DB09073,train
drug,1,DB09074,train
drug,1,DB09080,train
drug,1,DB09082,train
drug,1,DB09083,train
drug,1,DB09084,train
drug,1,DB09085,train
drug,1,DB09087,train
drug,1,DB09090,train
drug,1,DB09093,train
drug,1,DB09097,train
drug,1,DB09099,train
drug,1,DB09104,train
drug,1,DB09112,train
drug,1,DB09118,train
drug,1,DB09119,train
drug,1,DB09120,train
drug,1,DB09123,train
drug,1,DB09125,train
drug,1,DB09134,train
drug,1,DB09138,train
drug,1,DB09153,train
drug,1,DB09154,train
drug,1,DB09156,train
drug,1,DB09162,train
drug,1,DB09166,train
drug,1,DB09167,train
drug,1,DB09183,train
drug,1,DB09204,train
drug,1,DB09209,train
drug,1,DB09210,train
drug,1,DB09211,train
drug,1,DB09212,train
drug,1,DB09214,train
drug,1,DB09215,train
drug,1,DB09216,train
drug,1,DB09218,train
drug,1,DB09220,train
drug,1,DB09221,train
drug,1,DB09225,train
drug,1,DB09227,train
drug,1,DB09230,train
drug,1,DB09231,train
drug,1,DB09232,train
drug,1,DB09238,train
drug,1,DB09241,train
drug,1,DB09242,train
drug,1,DB09244,train
drug,1,DB09245,train
drug,1,DB09257,train
drug,1,DB09267,train
drug,1,DB09268,train
drug,1,DB09272,train
drug,1,DB09273,train
drug,1,DB09274,train
drug,1,DB09275,train
drug,1,DB09276,train
drug,1,DB09278,train
drug,1,DB09280,train
drug,1,DB09282,train
drug,1,DB09283,train
drug,1,DB09285,train
drug,1,DB09286,train
drug,1,DB09288,train
drug,1,DB09289,train
drug,1,DB09293,train
drug,1,DB09295,train
drug,1,DB09297,train
drug,1,DB09300,train
drug,1,DB09320,train
drug,1,DB09321,train
drug,1,DB09322,train
drug,1,DB09323,train
drug,1,DB09324,train
drug,1,DB09330,train
drug,1,DB09343,train
drug,1,DB09345,train
drug,1,DB09352,train
drug,1,DB09414,train
drug,1,DB09449,train
drug,1,DB09477,train
drug,1,DB09488,train
drug,1,DB09516,train
drug,1,DB09536,train
drug,1,DB09555,train
drug,1,DB09561,train
drug,1,DB09570,train
drug,1,DB11079,train
drug,1,DB11093,train
drug,1,DB11106,train
drug,1,DB11121,train
drug,1,DB11135,train
drug,1,DB11136,train
drug,1,DB11148,train
drug,1,DB11156,train
drug,1,DB11235,train
drug,1,DB11239,train
drug,1,DB11254,train
drug,1,DB11256,train
drug,1,DB11268,train
drug,1,DB11315,train
drug,1,DB11342,train
drug,1,DB11348,train
drug,1,DB11362,train
drug,1,DB11363,train
drug,1,DB11560,train
drug,1,DB11581,train
drug,1,DB11586,train
drug,1,DB11596,train
drug,1,DB11609,train
drug,1,DB11610,train
drug,1,DB11614,train
drug,1,DB11619,train
drug,1,DB11633,train
drug,1,DB11641,train
drug,1,DB11660,train
drug,1,DB11691,train
drug,1,DB11730,train
drug,1,DB11817,train
drug,1,DB11921,train
drug,1,DB11943,train
drug,1,DB11989,train
drug,1,DB12001,train
drug,1,DB12026,train
drug,1,DB12278,train
drug,1,DB12332,train
drug,1,DB12364,train
drug,1,DB12483,train
drug,1,DB12532,train
drug,1,DB12598,train
drug,1,DB12924,train
drug,1,DB13139,train
drug,1,DB13142,train
drug,1,DB13146,train
drug,1,DB13153,train
drug,1,DB13158,train
drug,1,DB13179,train
drug,1,DB13231,train
drug,1,DB13450,train
drug,1,DB13595,train
drug,1,DB13747,train
drug,1,DB13783,train
drug,1,DB13872,train
drug,1,DB13873,train
drug,1,DB13874,train
drug,1,DB13878,train
drug,1,DB00104,val
drug,1,DB00140,val
drug,1,DB00150,val
drug,1,DB00152,val
drug,1,DB00153,val
drug,1,DB00166,val
drug,1,DB00178,val
drug,1,DB00196,val
drug,1,DB00212,val
drug,1,DB00226,val
drug,1,DB00232,val
drug,1,DB00240,val
drug,1,DB00242,val
drug,1,DB00252,val
drug,1,DB00267,val
drug,1,DB00270,val
drug,1,DB00285,val
drug,1,DB00287,val
drug,1,DB00292,val
drug,1,DB00301,val
drug,1,DB00322,val
drug,1,DB00327,val
drug,1,DB00333,val
drug,1,DB00337,val
drug,1,DB00338,val
drug,1,DB00351,val
drug,1,DB00357,val
drug,1,DB00370,val
drug,1,DB00374,val
drug,1,DB00392,val
drug,1,DB00435,val
drug,1,DB00443,val
drug,1,DB00457,val
drug,1,DB00476,val
drug,1,DB00482,val
drug,1,DB00485,val
drug,1,DB00488,val
drug,1,DB00490,val
drug,1,DB00492,val
drug,1,DB00502,val
drug,1,DB00520,val
drug,1,DB00521,val
drug,1,DB00527,val
drug,1,DB00530,val
drug,1,DB00544,val
drug,1,DB00545,val
drug,1,DB00549,val
drug,1,DB00550,val
drug,1,DB00551,val
drug,1,DB00556,val
drug,1,DB00568,val
drug,1,DB00598,val
drug,1,DB00601,val
drug,1,DB00603,val
drug,1,DB00609,val
drug,1,DB00618,val
drug,1,DB00620,val
drug,1,DB00621,val
drug,1,DB00625,val
drug,1,DB00637,val
drug,1,DB00657,val
drug,1,DB00658,val
drug,1,DB00665,val
drug,1,DB00677,val
drug,1,DB00701,val
drug,1,DB00708,val
drug,1,DB00713,val
drug,1,DB00731,val
drug,1,DB00734,val
drug,1,DB00735,val
drug,1,DB00736,val
drug,1,DB00737,val
drug,1,DB00746,val
drug,1,DB00747,val
drug,1,DB00748,val
drug,1,DB00750,val
drug,1,DB00752,val
drug,1,DB00761,val
drug,1,DB00762,val
drug,1,DB00766,val
drug,1,DB00769,val
drug,1,DB00773,val
drug,1,DB00782,val
drug,1,DB00794,val
drug,1,DB00804,val
drug,1,DB00805,val
drug,1,DB00808,val
drug,1,DB00837,val
drug,1,DB00845,val
drug,1,DB00849,val
drug,1,DB00853,val
drug,1,DB00891,val
drug,1,DB00892,val
drug,1,DB00903,val
drug,1,DB00909,val
drug,1,DB00914,val
drug,1,DB00918,val
drug,1,DB00933,val
drug,1,DB00934,val
drug,1,DB00939,val
drug,1,DB00940,val
drug,1,DB00955,val
drug,1,DB00964,val
drug,1,DB00968,val
drug,1,DB00969,val
drug,1,DB00973,val
drug,1,DB00976,val
drug,1,DB00978,val
drug,1,DB00985,val
drug,1,DB01004,val
drug,1,DB01005,val
drug,1,DB01014,val
drug,1,DB01024,val
drug,1,DB01028,val
drug,1,DB01029,val
drug,1,DB01034,val
drug,1,DB01035,val
drug,1,DB01041,val
drug,1,DB01042,val
drug,1,DB01047,val
drug,1,DB01050,val
drug,1,DB01072,val
drug,1,DB01076,val
drug,1,DB01085,val
drug,1,DB01091,val
drug,1,DB01105,val
drug,1,DB01106,val
drug,1,DB01110,val
drug,1,DB01121,val
drug,1,DB01135,val
drug,1,DB01150,val
drug,1,DB01153,val
drug,1,DB01166,val
drug,1,DB01227,val
drug,1,DB01233,val
drug,1,DB01236,val
drug,1,DB01238,val
drug,1,DB01255,val
drug,1,DB01289,val
drug,1,DB01299,val
drug,1,DB01320,val
drug,1,DB01325,val
drug,1,DB01330,val
drug,1,DB01332,val
drug,1,DB01340,val
drug,1,DB01349,val
drug,1,DB01362,val
drug,1,DB01365,val
drug,1,DB01390,val
drug,1,DB01394,val
drug,1,DB01414,val
drug,1,DB01418,val
drug,1,DB01423,val
drug,1,DB01426,val
drug,1,DB01440,val
drug,1,DB01559,val
drug,1,DB01577,val
drug,1,DB01578,val
drug,1,DB01580,val
drug,1,DB01581,val
drug,1,DB01587,val
drug,1,DB01589,val
drug,1,DB01597,val
drug,1,DB01610,val
drug,1,DB01611,val
drug,1,DB01614,val
drug,1,DB01619,val
drug,1,DB01708,val
drug,1,DB02187,val
drug,1,DB02300,val
drug,1,DB02701,val
drug,1,DB04841,val
drug,1,DB04948,val
drug,1,DB04953,val
drug,1,DB05219,val
drug,1,DB05239,val
drug,1,DB05271,val
drug,1,DB05521,val
drug,1,DB06016,val
drug,1,DB06145,val
drug,1,DB06153,val
drug,1,DB06202,val
drug,1,DB06204,val
drug,1,DB06228,val
drug,1,DB06262,val
drug,1,DB06267,val
drug,1,DB06274,val
drug,1,DB06335,val
drug,1,DB06589,val
drug,1,DB06603,val
drug,1,DB06616,val
drug,1,DB06689,val
drug,1,DB06696,val
drug,1,DB06699,val
drug,1,DB06700,val
drug,1,DB06706,val
drug,1,DB06709,val
drug,1,DB06715,val
drug,1,DB06739,val
drug,1,DB06772,val
drug,1,DB06777,val
drug,1,DB06816,val
drug,1,DB06819,val
drug,1,DB06825,val
drug,1,DB08801,val
drug,1,DB08802,val
drug,1,DB08806,val
drug,1,DB08815,val
drug,1,DB08819,val
drug,1,DB08883,val
drug,1,DB08901,val
drug,1,DB08903,val
drug,1,DB08970,val
drug,1,DB08991,val
drug,1,DB09021,val
drug,1,DB09026,val
drug,1,DB09047,val
drug,1,DB09049,val
drug,1,DB09065,val
drug,1,DB09070,val
drug,1,DB09091,val
drug,1,DB09094,val
drug,1,DB09101,val
drug,1,DB09128,val
drug,1,DB09130,val
drug,1,DB09137,val
drug,1,DB09143,val
drug,1,DB09146,val
drug,1,DB09147,val
drug,1,DB09161,val
drug,1,DB09198,val
drug,1,DB09223,val
drug,1,DB09235,val
drug,1,DB09256,val
drug,1,DB09262,val
drug,1,DB09265,val
drug,1,DB09270,val
drug,1,DB09279,val
drug,1,DB09290,val
drug,1,DB09291,val
drug,1,DB09292,val
drug,1,DB09296,val
drug,1,DB09338,val
drug,1,DB09342,val
drug,1,DB09462,val
drug,1,DB11126,val
drug,1,DB11574,val
drug,1,DB11613,val
drug,1,DB11636,val
drug,1,DB11699,val
drug,1,DB11994,val
drug,1,DB12070,val
drug,1,DB12161,val
drug,1,DB13323,val
drug,1,DB13925,val
drug,1,DB00006,test
drug,1,DB00035,test
drug,1,DB00091,test
drug,1,DB00130,test
drug,1,DB00169,test
drug,1,DB00180,test
drug,1,DB00189,test
drug,1,DB00201,test
drug,1,DB00208,test
drug,1,DB00210,test
drug,1,DB00214,test
drug,1,DB00231,test
drug,1,DB00235,test
drug,1,DB00238,test
drug,1,DB00247,test
drug,1,DB00256,test
drug,1,DB00260,test
drug,1,DB00275,test
drug,1,DB00279,test
drug,1,DB00281,test
drug,1,DB00284,test
drug,1,DB00288,test
drug,1,DB00291,test
drug,1,DB00308,test
drug,1,DB00313,test
drug,1,DB00332,test
drug,1,DB00340,test
drug,1,DB00347,test
drug,1,DB00355,test
drug,1,DB00358,test
drug,1,DB00364,test
drug,1,DB00368,test
drug,1,DB00373,test
drug,1,DB00378,test
drug,1,DB00384,test
drug,1,DB00405,test
drug,1,DB00411,test
drug,1,DB00413,test
drug,1,DB00417,test
drug,1,DB00425,test
drug,1,DB00428,test
drug,1,DB00434,test
drug,1,DB00436,test
drug,1,DB00440,test
drug,1,DB00442,test
drug,1,DB00444,test
drug,1,DB00469,test
drug,1,DB00486,test
drug,1,DB00489,test
drug,1,DB00498,test
drug,1,DB00499,test
drug,1,DB00512,test
drug,1,DB00528,test
drug,1,DB00540,test
drug,1,DB00546,test
drug,1,DB00562,test
drug,1,DB00565,test
drug,1,DB00567,test
drug,1,DB00569,test
drug,1,DB00582,test
drug,1,DB00591,test
drug,1,DB00593,test
drug,1,DB00613,test
drug,1,DB00614,test
drug,1,DB00633,test
drug,1,DB00643,test
drug,1,DB00650,test
drug,1,DB00652,test
drug,1,DB00656,test
drug,1,DB00660,test
drug,1,DB00674,test
drug,1,DB00687,test
drug,1,DB00703,test
drug,1,DB00704,test
drug,1,DB00709,test
drug,1,DB00710,test
drug,1,DB00715,test
drug,1,DB00718,test
drug,1,DB00722,test
drug,1,DB00724,test
drug,1,DB00751,test
drug,1,DB00770,test
drug,1,DB00809,test
drug,1,DB00819,test
drug,1,DB00822,test
drug,1,DB00826,test
drug,1,DB00843,test
drug,1,DB00859,test
drug,1,DB00864,test
drug,1,DB00883,test
drug,1,DB00885,test
drug,1,DB00888,test
drug,1,DB00890,test
drug,1,DB00894,test
drug,1,DB00898,test
drug,1,DB00900,test
drug,1,DB00920,test
drug,1,DB00924,test
drug,1,DB00929,test
drug,1,DB00935,test
drug,1,DB00937,test
drug,1,DB00949,test
drug,1,DB00950,test
drug,1,DB00958,test
drug,1,DB00970,test
drug,1,DB00986,test
drug,1,DB00987,test
drug,1,DB00996,test
drug,1,DB01000,test
drug,1,DB01001,test
drug,1,DB01020,test
drug,1,DB01022,test
drug,1,DB01032,test
drug,1,DB01051,test
drug,1,DB01057,test
drug,1,DB01066,test
drug,1,DB01071,test
drug,1,DB01078,test
drug,1,DB01081,test
drug,1,DB01082,test
drug,1,DB01088,test
drug,1,DB01089,test
drug,1,DB01094,test
drug,1,DB01095,test
drug,1,DB01097,test
drug,1,DB01098,test
drug,1,DB01115,test
drug,1,DB01118,test
drug,1,DB01136,test
drug,1,DB01141,test
drug,1,DB01154,test
drug,1,DB01161,test
drug,1,DB01169,test
drug,1,DB01171,test
drug,1,DB01172,test
drug,1,DB01181,test
drug,1,DB01186,test
drug,1,DB01202,test
drug,1,DB01205,test
drug,1,DB01210,test
drug,1,DB01213,test
drug,1,DB01224,test
drug,1,DB01240,test
drug,1,DB01241,test
drug,1,DB01252,test
drug,1,DB01256,test
drug,1,DB01260,test
drug,1,DB01264,test
drug,1,DB01275,test
drug,1,DB01321,test
drug,1,DB01324,test
drug,1,DB01329,test
drug,1,DB01331,test
drug,1,DB01336,test
drug,1,DB01338,test
drug,1,DB01359,test
drug,1,DB01366,test
drug,1,DB01399,test
drug,1,DB01413,test
drug,1,DB01416,test
drug,1,DB01421,test
drug,1,DB01422,test
drug,1,DB01463,test
drug,1,DB01563,test
drug,1,DB01579,test
drug,1,DB01583,test
drug,1,DB01586,test
drug,1,DB01598,test
drug,1,DB01603,test
drug,1,DB01605,test
drug,1,DB01613,test
drug,1,DB01620,test
drug,1,DB01627,test
drug,1,DB01764,test
drug,1,DB02513,test
drug,1,DB03585,test
drug,1,DB03615,test
drug,1,DB03796,test
drug,1,DB04743,test
drug,1,DB04842,test
drug,1,DB04854,test
drug,1,DB04876,test
drug,1,DB04878,test
drug,1,DB04896,test
drug,1,DB04938,test
drug,1,DB06144,test
drug,1,DB06150,test
drug,1,DB06211,test
drug,1,DB06213,test
drug,1,DB06263,test
drug,1,DB06264,test
drug,1,DB06402,test
drug,1,DB06414,test
drug,1,DB06663,test
drug,1,DB06691,test
drug,1,DB06712,test
drug,1,DB06730,test
drug,1,DB06738,test
drug,1,DB06782,test
drug,1,DB06786,test
drug,1,DB06792,test
drug,1,DB06820,test
drug,1,DB06824,test
drug,1,DB08814,test
drug,1,DB08864,test
drug,1,DB08867,test
drug,1,DB08868,test
drug,1,DB08873,test
drug,1,DB08875,test
drug,1,DB08889,test
drug,1,DB08895,test
drug,1,DB08909,test
drug,1,DB08913,test
drug,1,DB08918,test
drug,1,DB08964,test
drug,1,DB08971,test
drug,1,DB08994,test
drug,1,DB09009,test
drug,1,DB09017,test
drug,1,DB09027,test
drug,1,DB09030,test
drug,1,DB09039,test
drug,1,DB09053,test
drug,1,DB09072,test
drug,1,DB09075,test
drug,1,DB09076,test
drug,1,DB09078,test
drug,1,DB09079,test
drug,1,DB09095,test
drug,1,DB09096,test
drug,1,DB09102,test
drug,1,DB09117,test
drug,1,DB09124,test
drug,1,DB09135,test
drug,1,DB09185,test
drug,1,DB09224,test
drug,1,DB09236,test
drug,1,DB09269,test
drug,1,DB09277,test
drug,1,DB09281,test
drug,1,DB09389,test
drug,1,DB09396,test
drug,1,DB09499,test
drug,1,DB09543,test
drug,1,DB11231,test
drug,1,DB11575,test
drug,1,DB11737,test
drug,1,DB11793,test
drug,1,DB11828,test
drug,1,DB11915,test
drug,1,DB12267,test
drug,1,DB13025,test
drug,1,DB13145,test
drug,1,DB13167,test
drug,1,DB13879,test
drug,2,DB00014,train
drug,2,DB00035,train
drug,2,DB00091,train
drug,2,DB00104,train
drug,2,DB00115,train
drug,2,DB00122,train
drug,2,DB00130,train
drug,2,DB00134,train
drug,2,DB00140,train
drug,2,DB00142,train
drug,2,DB00150,train
drug,2,DB00152,train
drug,2,DB00153,train
drug,2,DB00158,train
drug,2,DB00162,train
drug,2,DB00163,train
drug,2,DB00166,train
drug,2,DB00169,train
drug,2,DB00175,train
drug,2,DB00179,train
drug,2,DB00180,train
drug,2,DB00181,train
drug,2,DB00185,train
drug,2,DB00186,train
drug,2,DB00188,train
drug,2,DB00189,train
drug,2,DB00190,train
drug,2,DB00193,train
drug,2,DB00196,train
drug,2,DB00198,train
drug,2,DB00199,train
drug,2,DB00201,train
drug,2,DB00202,train
drug,2,DB00203,train
drug,2,DB00205,train
drug,2,DB00206,train
drug,2,DB00207,train
drug,2,DB00208,train
drug,2,DB00209,train
drug,2,DB00210,train
drug,2,DB00212,train
drug,2,DB00213,train
drug,2,DB00215,train
drug,2,DB00218,train
drug,2,DB00220,train
drug,2,DB00221,train
drug,2,DB00222,train
drug,2,DB00223,train
drug,2,DB00224,train
drug,2,DB00227,train
drug,2,DB00228,train
drug,2,DB00229,train
drug,2,DB00230,train
drug,2,DB00231,train
drug,2,DB00233,train
drug,2,DB00234,train
drug,2,DB00235,train
drug,2,DB00236,train
drug,2,DB00237,train
drug,2,DB00238,train
drug,2,DB00239,train
drug,2,DB00240,train
drug,2,DB00242,train
drug,2,DB00243,train
drug,2,DB00245,train
drug,2,DB00246,train
drug,2,DB00247,train
drug,2,DB00248,train
drug,2,DB00250,train
drug,2,DB00251,train
drug,2,DB00252,train
drug,2,DB00253,train
drug,2,DB00254,train
drug,2,DB00256,train
drug,2,DB00258,train
drug,2,DB00259,train
drug,2,DB00260,train
drug,2,DB00261,train
drug,2,DB00262,train
drug,2,DB00266,train
drug,2,DB00267,train
drug,2,DB00270,train
drug,2,DB00271,train
drug,2,DB00275,train
drug,2,DB00276,train
drug,2,DB00277,train
drug,2,DB00278,train
drug,2,DB00279,train
drug,2,DB00280,train
drug,2,DB00281,train
drug,2,DB00284,train
drug,2,DB00285,train
drug,2,DB00288,train
drug,2,DB00289,train
drug,2,DB00291,train
drug,2,DB00292,train
drug,2,DB00294,train
drug,2,DB00296,train
drug,2,DB00297,train
drug,2,DB00300,train
drug,2,DB00301,train
drug,2,DB00302,train
drug,2,DB00303,train
drug,2,DB00305,train
drug,2,DB00307,train
drug,2,DB00308,train
drug,2,DB00309,train
drug,2,DB00313,train
drug,2,DB00314,train
drug,2,DB00316,train
drug,2,DB00317,train
drug,2,DB00318,train
drug,2,DB00320,train
drug,2,DB00321,train
drug,2,DB00322,train
drug,2,DB00323,train
drug,2,DB00324,train
drug,2,DB00326,train
drug,2,DB00328,train
drug,2,DB00334,train
drug,2,DB00335,train
drug,2,DB00338,train
drug,2,DB00339,train
drug,2,DB00341,train
drug,2,DB00344,train
drug,2,DB00345,train
drug,2,DB00346,train
drug,2,DB00349,train
drug,2,DB00350,train
drug,2,DB00351,train
drug,2,DB00352,train
drug,2,DB00353,train
drug,2,DB00354,train
drug,2,DB00355,train
drug,2,DB00356,train
drug,2,DB00357,train
drug,2,DB00358,train
drug,2,DB00359,train
drug,2,DB00360,train
drug,2,DB00361,train
drug,2,DB00362,train
drug,2,DB00363,train
drug,2,DB00364,train
drug,2,DB00366,train
drug,2,DB00367,train
drug,2,DB00368,train
drug,2,DB00369,train
drug,2,DB00370,train
drug,2,DB00371,train
drug,2,DB00373,train
drug,2,DB00377,train
drug,2,DB00378,train
drug,2,DB00379,train
drug,2,DB00380,train
drug,2,DB00381,train
drug,2,DB00384,train
drug,2,DB00385,train
drug,2,DB00387,train
drug,2,DB00388,train
drug,2,DB00389,train
drug,2,DB00391,train
drug,2,DB00392,train
drug,2,DB00394,train
drug,2,DB00395,train
drug,2,DB00396,train
drug,2,DB00399,train
drug,2,DB00400,train
drug,2,DB00401,train
drug,2,DB00402,train
drug,2,DB00405,train
drug,2,DB00408,train
drug,2,DB00411,train
drug,2,DB00413,train
drug,2,DB00415,train
drug,2,DB00417,train
drug,2,DB00418,train
drug,2,DB00419,train
drug,2,DB00420,train
drug,2,DB00421,train
drug,2,DB00422,train
drug,2,DB00423,train
drug,2,DB00425,train
drug,2,DB00426,train
drug,2,DB00427,train
drug,2,DB00428,train
drug,2,DB00430,train
drug,2,DB00432,train
drug,2,DB00434,train
drug,2,DB00435,train
drug,2,DB00437,train
drug,2,DB00438,train
drug,2,DB00440,train
drug,2,DB00442,train
drug,2,DB00444,train
drug,2,DB00445,train
drug,2,DB00448,train
drug,2,DB00449,train
drug,2,DB00450,train
drug,2,DB00451,train
drug,2,DB00452,train
drug,2,DB00453,train
drug,2,DB00454,train
drug,2,DB00456,train
drug,2,DB00457,train
drug,2,DB00458,train
drug,2,DB00460,train
drug,2,DB00461,train
drug,2,DB00465,train
drug,2,DB00467,train
drug,2,DB00470,train
drug,2,DB00471,train
drug,2,DB00472,train
drug,2,DB00474,train
drug,2,DB00475,train
drug,2,DB00479,train
drug,2,DB00482,train
drug,2,DB00483,train
drug,2,DB00484,train
drug,2,DB00485,train
drug,2,DB00486,train
drug,2,DB00491,train
drug,2,DB00492,train
drug,2,DB00493,train
drug,2,DB00495,train
drug,2,DB00496,train
drug,2,DB00499,train
drug,2,DB00500,train
drug,2,DB00501,train
drug,2,DB00502,train
drug,2,DB00503,train
drug,2,DB00504,train
drug,2,DB00511,train
drug,2,DB00512,train
drug,2,DB00513,train
drug,2,DB00514,train
drug,2,DB00515,train
drug,2,DB00519,train
drug,2,DB00520,train
drug,2,DB00523,train
drug,2,DB00526,train
drug,2,DB00527,train
drug,2,DB00537,train
drug,2,DB00539,train
drug,2,DB00541,train
drug,2,DB00543,train
drug,2,DB00544,train
drug,2,DB00545,train
drug,2,DB00546,train
drug,2,DB00547,train
drug,2,DB00548,train
drug,2,DB00549,train
drug,2,DB00550,train
drug,2,DB00552,train
drug,2,DB00553,train
drug,2,DB00554,train
drug,2,DB00555,train
drug,2,DB00556,train
drug,2,DB00557,train
drug,2,DB00559,train
drug,2,DB00561,train
drug,2,DB00562,train
drug,2,DB00563,train
drug,2,DB00564,train
drug,2,DB00565,train
drug,2,DB00567,train
drug,2,DB00568,train
drug,2,DB00570,train
drug,2,DB00571,train
drug,2,DB00572,train
drug,2,DB00575,train
drug,2,DB00576,train
drug,2,DB00578,train
drug,2,DB00581,train
drug,2,DB00582,train
drug,2,DB00583,train
drug,2,DB00584,train
drug,2,DB00585,train
drug,2,DB00586,train
drug,2,DB00588,train
drug,2,DB00589,train
drug,2,DB00590,train
drug,2,DB00592,train
drug,2,DB00593,train
drug,2,DB00594,train
drug,2,DB00595,train
drug,2,DB00596,train
drug,2,DB00599,train
drug,2,DB00601,train
drug,2,DB00602,train
drug,2,DB00603,train
drug,2,DB00604,train
drug,2,DB00605,train
drug,2,DB00607,train
drug,2,DB00609,train
drug,2,DB00611,train
drug,2,DB00612,train
drug,2,DB00613,train
drug,2,DB00615,train
drug,2,DB00618,train
drug,2,DB00619,train
drug,2,DB00622,train
drug,2,DB00624,train
drug,2,DB00625,train
drug,2,DB00626,train
drug,2,DB00628,train
drug,2,DB00630,train
drug,2,DB00631,train
drug,2,DB00634,train
drug,2,DB00635,train
drug,2,DB00637,train
drug,2,DB00640,train
drug,2,DB00642,train
drug,2,DB00643,train
drug,2,DB00645,train
drug,2,DB00646,train
drug,2,DB00647,train
drug,2,DB00649,train
drug,2,DB00650,train
drug,2,DB00653,train
drug,2,DB00655,train
drug,2,DB00656,train
drug,2,DB00661,train
drug,2,DB00662,train
drug,2,DB00663,train
drug,2,DB00664,train
drug,2,DB00665,train
drug,2,DB00666,train
drug,2,DB00668,train
drug,2,DB00669,train
drug,2,DB00670,train
drug,2,DB00671,train
drug,2,DB00673,train
drug,2,DB00674,train
drug,2,DB00675,train
drug,2,DB00677,train
drug,2,DB00678,train
drug,2,DB00679,train
drug,2,DB00680,train
drug,2,DB00681,train
drug,2,DB00683,train
drug,2,DB00684,train
drug,2,DB00685,train
drug,2,DB00687,train
drug,2,DB00688,train
drug,2,DB00690,train
drug,2,DB00691,train
drug,2,DB00692,train
drug,2,DB00694,train
drug,2,DB00696,train
drug,2,DB00697,train
drug,2,DB00698,train
drug,2,DB00699,train
drug,2,DB00700,train
drug,2,DB00701,train
drug,2,DB00703,train
drug,2,DB00704,train
drug,2,DB00705,train
drug,2,DB00706,train
drug,2,DB00708,train
drug,2,DB00709,train
drug,2,DB00710,train
drug,2,DB00711,train
drug,2,DB00712,train
drug,2,DB00713,train
drug,2,DB00714,train
drug,2,DB00715,train
drug,2,DB00719,train
drug,2,DB00720,train
drug,2,DB00722,train
drug,2,DB00723,train
drug,2,DB00728,train
drug,2,DB00730,train
drug,2,DB00731,train
drug,2,DB00732,train
drug,2,DB00735,train
drug,2,DB00737,train
drug,2,DB00738,train
drug,2,DB00740,train
drug,2,DB00743,train
drug,2,DB00745,train
drug,2,DB00747,train
drug,2,DB00748,train
drug,2,DB00749,train
drug,2,DB00751,train
drug,2,DB00752,train
drug,2,DB00754,train
drug,2,DB00755,train
drug,2,DB00757,train
drug,2,DB00758,train
drug,2,DB00759,train
drug,2,DB00761,train
drug,2,DB00762,train
drug,2,DB00763,train
drug,2,DB00764,train
drug,2,DB00765,train
drug,2,DB00766,train
drug,2,DB00768,train
drug,2,DB00769,train
drug,2,DB00771,train
drug,2,DB00773,train
drug,2,DB00774,train
drug,2,DB00775,train
drug,2,DB00776,train
drug,2,DB00778,train
drug,2,DB00780,train
drug,2,DB00781,train
drug,2,DB00782,train
drug,2,DB00783,train
drug,2,DB00784,train
drug,2,DB00787,train
drug,2,DB00788,train
drug,2,DB00790,train
drug,2,DB00791,train
drug,2,DB00792,train
drug,2,DB00793,train
drug,2,DB00794,train
drug,2,DB00795,train
drug,2,DB00796,train
drug,2,DB00797,train
drug,2,DB00799,train
drug,2,DB00800,train
drug,2,DB00801,train
drug,2,DB00804,train
drug,2,DB00805,train
drug,2,DB00807,train
drug,2,DB00808,train
drug,2,DB00809,train
drug,2,DB00810,train
drug,2,DB00811,train
drug,2,DB00812,train
drug,2,DB00813,train
drug,2,DB00814,train
drug,2,DB00817,train
drug,2,DB00818,train
drug,2,DB00819,train
drug,2,DB00821,train
drug,2,DB00822,train
drug,2,DB00823,train
drug,2,DB00826,train
drug,2,DB00827,train
drug,2,DB00829,train
drug,2,DB00831,train
drug,2,DB00833,train
drug,2,DB00834,train
drug,2,DB00836,train
drug,2,DB00838,train
drug,2,DB00839,train
drug,2,DB00841,train
drug,2,DB00842,train
drug,2,DB00845,train
drug,2,DB00849,train
drug,2,DB00850,train
drug,2,DB00851,train
drug,2,DB00852,train
drug,2,DB00854,train
drug,2,DB00855,train
drug,2,DB00856,train
drug,2,DB00857,train
drug,2,DB00859,train
drug,2,DB00860,train
drug,2,DB00862,train
drug,2,DB00864,train
drug,2,DB00865,train
drug,2,DB00867,train
drug,2,DB00869,train
drug,2,DB00870,train
drug,2,DB00871,train
drug,2,DB00875,train
drug,2,DB00877,train
drug,2,DB00879,train
drug,2,DB00880,train
drug,2,DB00881,train
drug,2,DB00883,train
drug,2,DB00884,train
drug,2,DB00885,train
drug,2,DB00888,train
drug,2,DB00891,train
drug,2,DB00897,train
drug,2,DB00898,train
drug,2,DB00899,train
drug,2,DB00900,train
drug,2,DB00903,train
drug,2,DB00904,train
drug,2,DB00909,train
drug,2,DB00910,train
drug,2,DB00911,train
drug,2,DB00918,train
drug,2,DB00921,train
drug,2,DB00922,train
drug,2,DB00923,train
drug,2,DB00924,train
drug,2,DB00925,train
drug,2,DB00928,train
drug,2,DB00929,train
drug,2,DB00933,train
drug,2,DB00934,train
drug,2,DB00935,train
drug,2,DB00936,train
drug,2,DB00937,train
drug,2,DB00939,train
drug,2,DB00946,train
drug,2,DB00947,train
drug,2,DB00949,train
drug,2,DB00950,train
drug,2,DB00951,train
drug,2,DB00952,train
drug,2,DB00953,train
drug,2,DB00954,train
drug,2,DB00955,train
drug,2,DB00956,train
drug,2,DB00957,train
drug,2,DB00958,train
drug,2,DB00959,train
drug,2,DB00960,train
drug,2,DB00962,train
drug,2,DB00963,train
drug,2,DB00968,train
drug,2,DB00969,train
drug,2,DB00970,train
drug,2,DB00972,train
drug,2,DB00973,train
drug,2,DB00974,train
drug,2,DB00975,train
drug,2,DB00976,train
drug,2,DB00977,train
drug,2,DB00978,train
drug,2,DB00979,train
drug,2,DB00980,train
drug,2,DB00981,train
drug,2,DB00982,train
drug,2,DB00983,train
drug,2,DB00986,train
drug,2,DB00987,train
drug,2,DB00988,train
drug,2,DB00989,train
drug,2,DB00991,train
drug,2,DB00996,train
drug,2,DB00997,train
drug,2,DB00998,train
drug,2,DB00999,train
drug,2,DB01001,train
drug,2,DB01002,train
drug,2,DB01005,train
drug,2,DB01006,train
drug,2,DB01007,train
drug,2,DB01008,train
drug,2,DB01009,train
drug,2,DB01010,train
drug,2,DB01011,train
drug,2,DB01012,train
drug,2,DB01015,train
drug,2,DB01016,train
drug,2,DB01017,train
drug,2,DB01018,train
drug,2,DB01019,train
drug,2,DB01020,train
drug,2,DB01021,train
drug,2,DB01022,train
drug,2,DB01024,train
drug,2,DB01026,train
drug,2,DB01028,train
drug,2,DB01029,train
drug,2,DB01034,train
drug,2,DB01035,train
drug,2,DB01037,train
drug,2,DB01039,train
drug,2,DB01041,train
drug,2,DB01043,train
drug,2,DB01046,train
drug,2,DB01047,train
drug,2,DB01048,train
drug,2,DB01050,train
drug,2,DB01051,train
drug,2,DB01053,train
drug,2,DB01054,train
drug,2,DB01057,train
drug,2,DB01058,train
drug,2,DB01060,train
drug,2,DB01061,train
drug,2,DB01063,train
drug,2,DB01065,train
drug,2,DB01066,train
drug,2,DB01067,train
drug,2,DB01070,train
drug,2,DB01071,train
drug,2,DB01072,train
drug,2,DB01073,train
drug,2,DB01074,train
drug,2,DB01076,train
drug,2,DB01077,train
drug,2,DB01078,train
drug,2,DB01080,train
drug,2,DB01082,train
drug,2,DB01083,train
drug,2,DB01085,train
drug,2,DB01086,train
drug,2,DB01087,train
drug,2,DB01088,train
drug,2,DB01092,train
drug,2,DB01093,train
drug,2,DB01094,train
drug,2,DB01095,train
drug,2,DB01096,train
drug,2,DB01098,train
drug,2,DB01099,train
drug,2,DB01100,train
drug,2,DB01101,train
drug,2,DB01103,train
drug,2,DB01105,train
drug,2,DB01107,train
drug,2,DB01108,train
drug,2,DB01110,train
drug,2,DB01113,train
drug,2,DB01114,train
drug,2,DB01115,train
drug,2,DB01116,train
drug,2,DB01117,train
drug,2,DB01119,train
drug,2,DB01120,train
drug,2,DB01124,train
drug,2,DB01126,train
drug,2,DB01128,train
drug,2,DB01129,train
drug,2,DB01130,train
drug,2,DB01131,train
drug,2,DB01132,train
drug,2,DB01133,train
drug,2,DB01137,train
drug,2,DB01138,train
drug,2,DB01139,train
drug,2,DB01140,train
drug,2,DB01142,train
drug,2,DB01143,train
drug,2,DB01144,train
drug,2,DB01147,train
drug,2,DB01149,train
drug,2,DB01150,train
drug,2,DB01151,train
drug,2,DB01153,train
drug,2,DB01158,train
drug,2,DB01159,train
drug,2,DB01160,train
drug,2,DB01161,train
drug,2,DB01164,train
drug,2,DB01165,train
drug,2,DB01166,train
drug,2,DB01168,train
drug,2,DB01169,train
drug,2,DB01170,train
drug,2,DB01171,train
drug,2,DB01172,train
drug,2,DB01174,train
drug,2,DB01175,train
drug,2,DB01176,train
drug,2,DB01177,train
drug,2,DB01179,train
drug,2,DB01180,train
drug,2,DB01181,train
drug,2,DB01182,train
drug,2,DB01183,train
drug,2,DB01184,train
drug,2,DB01185,train
drug,2,DB01190,train
drug,2,DB01191,train
drug,2,DB01194,train
drug,2,DB01195,train
drug,2,DB01198,train
drug,2,DB01199,train
drug,2,DB01200,train
drug,2,DB01201,train
drug,2,DB01202,train
drug,2,DB01204,train
drug,2,DB01207,train
drug,2,DB01208,train
drug,2,DB01209,train
drug,2,DB01210,train
drug,2,DB01211,train
drug,2,DB01214,train
drug,2,DB01215,train
drug,2,DB01216,train
drug,2,DB01217,train
drug,2,DB01220,train
drug,2,DB01221,train
drug,2,DB01222,train
drug,2,DB01223,train
drug,2,DB01227,train
drug,2,DB01228,train
drug,2,DB01234,train
drug,2,DB01235,train
drug,2,DB01236,train
drug,2,DB01238,train
drug,2,DB01241,train
drug,2,DB01242,train
drug,2,DB01244,train
drug,2,DB01246,train
drug,2,DB01247,train
drug,2,DB01248,train
drug,2,DB01249,train
drug,2,DB01250,train
drug,2,DB01251,train
drug,2,DB01252,train
drug,2,DB01254,train
drug,2,DB01255,train
drug,2,DB01256,train
drug,2,DB01262,train
drug,2,DB01264,train
drug,2,DB01267,train
drug,2,DB01268,train
drug,2,DB01273,train
drug,2,DB01275,train
drug,2,DB01280,train
drug,2,DB01282,train
drug,2,DB01283,train
drug,2,DB01288,train
drug,2,DB01294,train
drug,2,DB01295,train
drug,2,DB01297,train
drug,2,DB01301,train
drug,2,DB01303,train
drug,2,DB01320,train
drug,2,DB01321,train
drug,2,DB01324,train
drug,2,DB01325,train
drug,2,DB01326,train
drug,2,DB01327,train
drug,2,DB01328,train
drug,2,DB01329,train
drug,2,DB01331,train
drug,2,DB01332,train
drug,2,DB01336,train
drug,2,DB01337,train
drug,2,DB01339,train
drug,2,DB01345,train
drug,2,DB01353,train
drug,2,DB01355,train
drug,2,DB01359,train
drug,2,DB01364,train
drug,2,DB01365,train
drug,2,DB01366,train
drug,2,DB01367,train
drug,2,DB01369,train
drug,2,DB01370,train
drug,2,DB01377,train
drug,2,DB01378,train
drug,2,DB01380,train
drug,2,DB01392,train
drug,2,DB01393,train
drug,2,DB01394,train
drug,2,DB01396,train
drug,2,DB01399,train
drug,2,DB01400,train
drug,2,DB01401,train
drug,2,DB01406,train
drug,2,DB01408,train
drug,2,DB01409,train
drug,2,DB01411,train
drug,2,DB01412,train
drug,2,DB01413,train
drug,2,DB01414,train
drug,2,DB01415,train
drug,2,DB01416,train
drug,2,DB01420,train
drug,2,DB01421,train
drug,2,DB01422,train
drug,2,DB01424,train
drug,2,DB01426,train
drug,2,DB01429,train
drug,2,DB01431,train
drug,2,DB01433,train
drug,2,DB01435,train
drug,2,DB01436,train
drug,2,DB01440,train
drug,2,DB01463,train
drug,2,DB01489,train
drug,2,DB01501,train
drug,2,DB01511,train
drug,2,DB01544,train
drug,2,DB01551,train
drug,2,DB01553,train
drug,2,DB01558,train
drug,2,DB01559,train
drug,2,DB01563,train
drug,2,DB01567,train
drug,2,DB01575,train
drug,2,DB01576,train
drug,2,DB01577,train
drug,2,DB01578,train
drug,2,DB01580,train
drug,2,DB01581,train
drug,2,DB01582,train
drug,2,DB01583,train
drug,2,DB01586,train
drug,2,DB01587,train
drug,2,DB01588,train
drug,2,DB01589,train
drug,2,DB01591,train
drug,2,DB01595,train
drug,2,DB01597,train
drug,2,DB01598,train
drug,2,DB01600,train
drug,2,DB01602,train
drug,2,DB01603,train
drug,2,DB01604,train
drug,2,DB01605,train
drug,2,DB01606,train
drug,2,DB01608,train
drug,2,DB01610,train
drug,2,DB01611,train
drug,2,DB01612,train
drug,2,DB01613,train
drug,2,DB01619,train
drug,2,DB01620,train
drug,2,DB01622,train
drug,2,DB01623,train
drug,2,DB01624,train
drug,2,DB01656,train
drug,2,DB01708,train
drug,2,DB01764,train
drug,2,DB02513,train
drug,2,DB02546,train
drug,2,DB02659,train
drug,2,DB02703,train
drug,2,DB02709,train
drug,2,DB02959,train
drug,2,DB03128,train
drug,2,DB03585,train
drug,2,DB03615,train
drug,2,DB03754,train
drug,2,DB03756,train
drug,2,DB03793,train
drug,2,DB03796,train
drug,2,DB04398,train
drug,2,DB04570,train
drug,2,DB04572,train
drug,2,DB04573,train
drug,2,DB04574,train
drug,2,DB04576,train
drug,2,DB04711,train
drug,2,DB04743,train
drug,2,DB04786,train
drug,2,DB04794,train
drug,2,DB04839,train
drug,2,DB04840,train
drug,2,DB04844,train
drug,2,DB04845,train
drug,2,DB04861,train
drug,2,DB04865,train
drug,2,DB04868,train
drug,2,DB04876,train
drug,2,DB04898,train
drug,2,DB04908,train
drug,2,DB04911,train
drug,2,DB04918,train
drug,2,DB04920,train
drug,2,DB04930,train
drug,2,DB04938,train
drug,2,DB04946,train
drug,2,DB04948,train
drug,2,DB04951,train
drug,2,DB05015,train
drug,2,DB05039,train
drug,2,DB05109,train
drug,2,DB05219,train
drug,2,DB05239,train
drug,2,DB05246,train
drug,2,DB05260,train
drug,2,DB05266,train
drug,2,DB05271,train
drug,2,DB05294,train
drug,2,DB05316,train
drug,2,DB05351,train
drug,2,DB05521,train
drug,2,DB05528,train
drug,2,DB05676,train
drug,2,DB05990,train
drug,2,DB06144,train
drug,2,DB06147,train
drug,2,DB06148,train
drug,2,DB06150,train
drug,2,DB06152,train
drug,2,DB06153,train
drug,2,DB06154,train
drug,2,DB06155,train
drug,2,DB06176,train
drug,2,DB06193,train
drug,2,DB06196,train
drug,2,DB06204,train
drug,2,DB06206,train
drug,2,DB06207,train
drug,2,DB06209,train
drug,2,DB06210,train
drug,2,DB06212,train
drug,2,DB06213,train
drug,2,DB06216,train
drug,2,DB06217,train
drug,2,DB06218,train
drug,2,DB06243,train
drug,2,DB06262,train
drug,2,DB06263,train
drug,2,DB06264,train
drug,2,DB06267,train
drug,2,DB06268,train
drug,2,DB06274,train
drug,2,DB06282,train
drug,2,DB06288,train
drug,2,DB06292,train
drug,2,DB06335,train
drug,2,DB06401,train
drug,2,DB06402,train
drug,2,DB06403,train
drug,2,DB06410,train
drug,2,DB06412,train
drug,2,DB06413,train
drug,2,DB06414,train
drug,2,DB06594,train
drug,2,DB06603,train
drug,2,DB06605,train
drug,2,DB06616,train
drug,2,DB06626,train
drug,2,DB06637,train
drug,2,DB06654,train
drug,2,DB06684,train
drug,2,DB06689,train
drug,2,DB06695,train
drug,2,DB06696,train
drug,2,DB06698,train
drug,2,DB06699,train
drug,2,DB06702,train
drug,2,DB06707,train
drug,2,DB06709,train
drug,2,DB06711,train
drug,2,DB06712,train
drug,2,DB06713,train
drug,2,DB06715,train
drug,2,DB06716,train
drug,2,DB06717,train
drug,2,DB06723,train
drug,2,DB06730,train
drug,2,DB06738,train
drug,2,DB06769,train
drug,2,DB06770,train
drug,2,DB06771,train
drug,2,DB06772,train
drug,2,DB06777,train
drug,2,DB06781,train
drug,2,DB06782,train
drug,2,DB06786,train
drug,2,DB06788,train
drug,2,DB06789,train
drug,2,DB06795,train
drug,2,DB06799,train
drug,2,DB06802,train
drug,2,DB06803,train
drug,2,DB06804,train
drug,2,DB06810,train
drug,2,DB06813,train
drug,2,DB06816,train
drug,2,DB06817,train
drug,2,DB06819,train
drug,2,DB06820,train
drug,2,DB06826,train
drug,2,DB06827,train
drug,2,DB07615,train
drug,2,DB08439,train
drug,2,DB08795,train
drug,2,DB08796,train
drug,2,DB08797,train
drug,2,DB08798,train
drug,2,DB08799,train
drug,2,DB08800,train
drug,2,DB08804,train
drug,2,DB08808,train
drug,2,DB08811,train
drug,2,DB08816,train
drug,2,DB08819,train
drug,2,DB08820,train
drug,2,DB08826,train
drug,2,DB08827,train
drug,2,DB08828,train
drug,2,DB08860,train
drug,2,DB08864,train
drug,2,DB08867,train
drug,2,DB08869,train
drug,2,DB08871,train
drug,2,DB08872,train
drug,2,DB08873,train
drug,2,DB08874,train
drug,2,DB08875,train
drug,2,DB08877,train
drug,2,DB08881,train
drug,2,DB08882,train
drug,2,DB08883,train
drug,2,DB08887,train
drug,2,DB08889,train
drug,2,DB08893,train
drug,2,DB08895,train
drug,2,DB08896,train
drug,2,DB08897,train
drug,2,DB08906,train
drug,2,DB08907,train
drug,2,DB08908,train
drug,2,DB08909,train
drug,2,DB08911,train
drug,2,DB08916,train
drug,2,DB08918,train
drug,2,DB08922,train
drug,2,DB08930,train
drug,2,DB08931,train
drug,2,DB08932,train
drug,2,DB08933,train
drug,2,DB08934,train
drug,2,DB08941,train
drug,2,DB08943,train
drug,2,DB08947,train
drug,2,DB08954,train
drug,2,DB08957,train
drug,2,DB08958,train
drug,2,DB08964,train
drug,2,DB08967,train
drug,2,DB08970,train
drug,2,DB08971,train
drug,2,DB08974,train
drug,2,DB08976,train
drug,2,DB08981,train
drug,2,DB08984,train
drug,2,DB08991,train
drug,2,DB08992,train
drug,2,DB08994,train
drug,2,DB08996,train
drug,2,DB09000,train
drug,2,DB09008,train
drug,2,DB09009,train
drug,2,DB09014,train
drug,2,DB09018,train
drug,2,DB09020,train
drug,2,DB09021,train
drug,2,DB09027,train
drug,2,DB09030,train
drug,2,DB09031,train
drug,2,DB09038,train
drug,2,DB09040,train
drug,2,DB09041,train
drug,2,DB09042,train
drug,2,DB09047,train
drug,2,DB09048,train
drug,2,DB09049,train
drug,2,DB09053,train
drug,2,DB09054,train
drug,2,DB09055,train
drug,2,DB09060,train
drug,2,DB09061,train
drug,2,DB09065,train
drug,2,DB09067,train
drug,2,DB09068,train
drug,2,DB09069,train
drug,2,DB09071,train
drug,2,DB09072,train
drug,2,DB09075,train
drug,2,DB09076,train
drug,2,DB09078,train
drug,2,DB09079,train
drug,2,DB09080,train
drug,2,DB09082,train
drug,2,DB09083,train
drug,2,DB09085,train
drug,2,DB09087,train
drug,2,DB09090,train
drug,2,DB09093,train
drug,2,DB09094,train
drug,2,DB09097,train
drug,2,DB09101,train
drug,2,DB09102,train
drug,2,DB09112,train
drug,2,DB09119,train
drug,2,DB09123,train
drug,2,DB09124,train
drug,2,DB09125,train
drug,2,DB09130,train
drug,2,DB09135,train
drug,2,DB09137,train
drug,2,DB09138,train
drug,2,DB09147,train
drug,2,DB09153,train
drug,2,DB09154,train
drug,2,DB09156,train
drug,2,DB09162,train
drug,2,DB09166,train
drug,2,DB09183,train
drug,2,DB09204,train
drug,2,DB09209,train
drug,2,DB09210,train
drug,2,DB09212,train
drug,2,DB09214,train
drug,2,DB09215,train
drug,2,DB09216,train
drug,2,DB09218,train
drug,2,DB09221,train
drug,2,DB09223,train
drug,2,DB09230,train
drug,2,DB09231,train
drug,2,DB09232,train
drug,2,DB09235,train
drug,2,DB09238,train
drug,2,DB09242,train
drug,2,DB09262,train
drug,2,DB09268,train
drug,2,DB09269,train
drug,2,DB09273,train
drug,2,DB09276,train
drug,2,DB09282,train
drug,2,DB09283,train
drug,2,DB09288,train
drug,2,DB09290,train
drug,2,DB09291,train
drug,2,DB09292,train
drug,2,DB09296,train
drug,2,DB09300,train
drug,2,DB09320,train
drug,2,DB09321,train
drug,2,DB09322,train
drug,2,DB09324,train
drug,2,DB09342,train
drug,2,DB09343,train
drug,2,DB09345,train
drug,2,DB09352,train
drug,2,DB09396,train
drug,2,DB09414,train
drug,2,DB09449,train
drug,2,DB09462,train
drug,2,DB09477,train
drug,2,DB09516,train
drug,2,DB09543,train
drug,2,DB09555,train
drug,2,DB09570,train
drug,2,DB11079,train
drug,2,DB11093,train
drug,2,DB11126,train
drug,2,DB11135,train
drug,2,DB11136,train
drug,2,DB11148,train
drug,2,DB11156,train
drug,2,DB11231,train
drug,2,DB11235,train
drug,2,DB11239,train
drug,2,DB11342,train
drug,2,DB11348,train
drug,2,DB11362,train
drug,2,DB11363,train
drug,2,DB11560,train
drug,2,DB11575,train
drug,2,DB11581,train
drug,2,DB11586,train
drug,2,DB11596,train
drug,2,DB11609,train
drug,2,DB11613,train
drug,2,DB11619,train
drug,2,DB11633,train
drug,2,DB11636,train
drug,2,DB11641,train
drug,2,DB11660,train
drug,2,DB11691,train
drug,2,DB11699,train
drug,2,DB11730,train
drug,2,DB11817,train
drug,2,DB11915,train
drug,2,DB11943,train
drug,2,DB11989,train
drug,2,DB11994,train
drug,2,DB12001,train
drug,2,DB12026,train
drug,2,DB12070,train
drug,2,DB12161,train
drug,2,DB12278,train
drug,2,DB12332,train
drug,2,DB12364,train
drug,2,DB12532,train
drug,2,DB12598,train
drug,2,DB12924,train
drug,2,DB13025,train
drug,2,DB13139,train
drug,2,DB13142,train
drug,2,DB13145,train
drug,2,DB13146,train
drug,2,DB13153,train
drug,2,DB13158,train
drug,2,DB13167,train
drug,2,DB13179,train
drug,2,DB13231,train
drug,2,DB13450,train
drug,2,DB13595,train
drug,2,DB13747,train
drug,2,DB13783,train
drug,2,DB13872,train
drug,2,DB13873,train
drug,2,DB13874,train
drug,2,DB00120,val
drug,2,DB00136,val
drug,2,DB00146,val
drug,2,DB00165,val
drug,2,DB00187,val
drug,2,DB00204,val
drug,2,DB00211,val
drug,2,DB00214,val
drug,2,DB00216,val
drug,2,DB00217,val
drug,2,DB00219,val
drug,2,DB00232,val
drug,2,DB00244,val
drug,2,DB00268,val
drug,2,DB00273,val
drug,2,DB00282,val
drug,2,DB00293,val
drug,2,DB00295,val
drug,2,DB00298,val
drug,2,DB00310,val
drug,2,DB00312,val
drug,2,DB00333,val
drug,2,DB00336,val
drug,2,DB00337,val
drug,2,DB00340,val
drug,2,DB00343,val
drug,2,DB00347,val
drug,2,DB00374,val
drug,2,DB00390,val
drug,2,DB00393,val
drug,2,DB00397,val
drug,2,DB00398,val
drug,2,DB00404,val
drug,2,DB00409,val
drug,2,DB00410,val
drug,2,DB00412,val
drug,2,DB00433,val
drug,2,DB00436,val
drug,2,DB00441,val
drug,2,DB00455,val
drug,2,DB00459,val
drug,2,DB00468,val
drug,2,DB00476,val
drug,2,DB00480,val
drug,2,DB00489,val
drug,2,DB00498,val
drug,2,DB00508,val
drug,2,DB00517,val
drug,2,DB00518,val
drug,2,DB00525,val
drug,2,DB00528,val
drug,2,DB00530,val
drug,2,DB00531,val
drug,2,DB00535,val
drug,2,DB00560,val
drug,2,DB00569,val
drug,2,DB00577,val
drug,2,DB00598,val
drug,2,DB00608,val
drug,2,DB00610,val
drug,2,DB00617,val
drug,2,DB00623,val
drug,2,DB00627,val
drug,2,DB00633,val
drug,2,DB00636,val
drug,2,DB00639,val
drug,2,DB00641,val
drug,2,DB00648,val
drug,2,DB00652,val
drug,2,DB00654,val
drug,2,DB00657,val
drug,2,DB00658,val
drug,2,DB00660,val
drug,2,DB00672,val
drug,2,DB00682,val
drug,2,DB00689,val
drug,2,DB00721,val
drug,2,DB00726,val
drug,2,DB00727,val
drug,2,DB00736,val
drug,2,DB00741,val
drug,2,DB00742,val
drug,2,DB00746,val
drug,2,DB00760,val
drug,2,DB00770,val
drug,2,DB00772,val
drug,2,DB00779,val
drug,2,DB00798,val
drug,2,DB00803,val
drug,2,DB00806,val
drug,2,DB00820,val
drug,2,DB00828,val
drug,2,DB00830,val
drug,2,DB00843,val
drug,2,DB00844,val
drug,2,DB00863,val
drug,2,DB00866,val
drug,2,DB00876,val
drug,2,DB00887,val
drug,2,DB00894,val
drug,2,DB00896,val
drug,2,DB00907,val
drug,2,DB00915,val
drug,2,DB00916,val
drug,2,DB00917,val
drug,2,DB00920,val
drug,2,DB00927,val
drug,2,DB00931,val
drug,2,DB00932,val
drug,2,DB00938,val
drug,2,DB00943,val
drug,2,DB00945,val
drug,2,DB00948,val
drug,2,DB00964,val
drug,2,DB00967,val
drug,2,DB00985,val
drug,2,DB00990,val
drug,2,DB01004,val
drug,2,DB01013,val
drug,2,DB01032,val
drug,2,DB01044,val
drug,2,DB01059,val
drug,2,DB01064,val
drug,2,DB01068,val
drug,2,DB01084,val
drug,2,DB01090,val
drug,2,DB01091,val
drug,2,DB01104,val
drug,2,DB01112,val
drug,2,DB01121,val
drug,2,DB01122,val
drug,2,DB01127,val
drug,2,DB01141,val
drug,2,DB01154,val
drug,2,DB01162,val
drug,2,DB01167,val
drug,2,DB01178,val
drug,2,DB01196,val
drug,2,DB01206,val
drug,2,DB01213,val
drug,2,DB01218,val
drug,2,DB01219,val
drug,2,DB01229,val
drug,2,DB01239,val
drug,2,DB01243,val
drug,2,DB01253,val
drug,2,DB01259,val
drug,2,DB01260,val
drug,2,DB01261,val
drug,2,DB01263,val
drug,2,DB01284,val
drug,2,DB01289,val
drug,2,DB01291,val
drug,2,DB01330,val
drug,2,DB01340,val
drug,2,DB01348,val
drug,2,DB01351,val
drug,2,DB01356,val
drug,2,DB01384,val
drug,2,DB01407,val
drug,2,DB01437,val
drug,2,DB01466,val
drug,2,DB01545,val
drug,2,DB01579,val
drug,2,DB01599,val
drug,2,DB01614,val
drug,2,DB01615,val
drug,2,DB02187,val
drug,2,DB02300,val
drug,2,DB02638,val
drug,2,DB02701,val
drug,2,DB03619,val
drug,2,DB04339,val
drug,2,DB04575,val
drug,2,DB04835,val
drug,2,DB04841,val
drug,2,DB04842,val
drug,2,DB04854,val
drug,2,DB04871,val
drug,2,DB04953,val
drug,2,DB04967,val
drug,2,DB05245,val
drug,2,DB06145,val
drug,2,DB06203,val
drug,2,DB06211,val
drug,2,DB06237,val
drug,2,DB06287,val
drug,2,DB06663,val
drug,2,DB06691,val
drug,2,DB06697,val
drug,2,DB06706,val
drug,2,DB06708,val
drug,2,DB06724,val
drug,2,DB06725,val
drug,2,DB06729,val
drug,2,DB06736,val
drug,2,DB06742,val
drug,2,DB06774,val
drug,2,DB06791,val
drug,2,DB06824,val
drug,2,DB06825,val
drug,2,DB08806,val
drug,2,DB08814,val
drug,2,DB08824,val
drug,2,DB08865,val
drug,2,DB08868,val
drug,2,DB08880,val
drug,2,DB08899,val
drug,2,DB08903,val
drug,2,DB08905,val
drug,2,DB08912,val
drug,2,DB08913,val
drug,2,DB08938,val
drug,2,DB08987,val
drug,2,DB08993,val
drug,2,DB09017,val
drug,2,DB09026,val
drug,2,DB09039,val
drug,2,DB09063,val
drug,2,DB09084,val
drug,2,DB09091,val
drug,2,DB09095,val
drug,2,DB09104,val
drug,2,DB09128,val
drug,2,DB09143,val
drug,2,DB09167,val
drug,2,DB09198,val
drug,2,DB09211,val
drug,2,DB09220,val
drug,2,DB09224,val
drug,2,DB09227,val
drug,2,DB09256,val
drug,2,DB09257,val
drug,2,DB09267,val
drug,2,DB09270,val
drug,2,DB09272,val
drug,2,DB09275,val
drug,2,DB09278,val
drug,2,DB09293,val
drug,2,DB09295,val
drug,2,DB09330,val
drug,2,DB09389,val
drug,2,DB09488,val
drug,2,DB09499,val
drug,2,DB09536,val
drug,2,DB11268,val
drug,2,DB11315,val
drug,2,DB11574,val
drug,2,DB11737,val
drug,2,DB11828,val
drug,2,DB11921,val
drug,2,DB13323,val
drug,2,DB13878,val
drug,2,DB13879,val
drug,2,DB13925,val
drug,2,DB00006,test
drug,2,DB00027,test
drug,2,DB00080,test
drug,2,DB00126,test
drug,2,DB00170,test
drug,2,DB00176,test
drug,2,DB00177,test
drug,2,DB00178,test
drug,2,DB00182,test
drug,2,DB00184,test
drug,2,DB00191,test
drug,2,DB00195,test
drug,2,DB00226,test
drug,2,DB00241,test
drug,2,DB00255,test
drug,2,DB00257,test
drug,2,DB00263,test
drug,2,DB00264,test
drug,2,DB00274,test
drug,2,DB00283,test
drug,2,DB00287,test
drug,2,DB00290,test
drug,2,DB00304,test
drug,2,DB00315,test
drug,2,DB00319,test
drug,2,DB00325,test
drug,2,DB00327,test
drug,2,DB00330,test
drug,2,DB00331,test
drug,2,DB00332,test
drug,2,DB00376,test
drug,2,DB00424,test
drug,2,DB00429,test
drug,2,DB00443,test
drug,2,DB00446,test
drug,2,DB00462,test
drug,2,DB00469,test
drug,2,DB00477,test
drug,2,DB00481,test
drug,2,DB00487,test
drug,2,DB00488,test
drug,2,DB00490,test
drug,2,DB00494,test
drug,2,DB00497,test
drug,2,DB00521,test
drug,2,DB00524,test
drug,2,DB00529,test
drug,2,DB00540,test
drug,2,DB00542,test
drug,2,DB00551,test
drug,2,DB00573,test
drug,2,DB00591,test
drug,2,DB00606,test
drug,2,DB00614,test
drug,2,DB00620,test
drug,2,DB00621,test
drug,2,DB00629,test
drug,2,DB00651,test
drug,2,DB00686,test
drug,2,DB00695,test
drug,2,DB00717,test
drug,2,DB00718,test
drug,2,DB00724,test
drug,2,DB00734,test
drug,2,DB00744,test
drug,2,DB00750,test
drug,2,DB00753,test
drug,2,DB00802,test
drug,2,DB00816,test
drug,2,DB00832,test
drug,2,DB00835,test
drug,2,DB00837,test
drug,2,DB00846,test
drug,2,DB00847,test
drug,2,DB00853,test
drug,2,DB00861,test
drug,2,DB00872,test
drug,2,DB00873,test
drug,2,DB00882,test
drug,2,DB00889,test
drug,2,DB00890,test
drug,2,DB00892,test
drug,2,DB00905,test
drug,2,DB00906,test
drug,2,DB00908,test
drug,2,DB00912,test
drug,2,DB00914,test
drug,2,DB00919,test
drug,2,DB00940,test
drug,2,DB00944,test
drug,2,DB00961,test
drug,2,DB00966,test
drug,2,DB00992,test
drug,2,DB00993,test
drug,2,DB01000,test
drug,2,DB01014,test
drug,2,DB01023,test
drug,2,DB01030,test
drug,2,DB01033,test
drug,2,DB01036,test
drug,2,DB01042,test
drug,2,DB01045,test
drug,2,DB01062,test
drug,2,DB01069,test
drug,2,DB01075,test
drug,2,DB01081,test
drug,2,DB01089,test
drug,2,DB01097,test
drug,2,DB01102,test
drug,2,DB01106,test
drug,2,DB01111,test
drug,2,DB01118,test
drug,2,DB01135,test
drug,2,DB01136,test
drug,2,DB01155,test
drug,2,DB01156,test
drug,2,DB01157,test
drug,2,DB01173,test
drug,2,DB01186,test
drug,2,DB01188,test
drug,2,DB01189,test
drug,2,DB01192,test
drug,2,DB01193,test
drug,2,DB01197,test
drug,2,DB01203,test
drug,2,DB01205,test
drug,2,DB01212,test
drug,2,DB01224,test
drug,2,DB01226,test
drug,2,DB01232,test
drug,2,DB01233,test
drug,2,DB01240,test
drug,2,DB01245,test
drug,2,DB01274,test
drug,2,DB01296,test
drug,2,DB01298,test
drug,2,DB01299,test
drug,2,DB01319,test
drug,2,DB01333,test
drug,2,DB01338,test
drug,2,DB01349,test
drug,2,DB01357,test
drug,2,DB01362,test
drug,2,DB01390,test
drug,2,DB01395,test
drug,2,DB01397,test
drug,2,DB01403,test
drug,2,DB01410,test
drug,2,DB01418,test
drug,2,DB01423,test
drug,2,DB01427,test
drug,2,DB01438,test
drug,2,DB01452,test
drug,2,DB01590,test
drug,2,DB01592,test
drug,2,DB01601,test
drug,2,DB01607,test
drug,2,DB01609,test
drug,2,DB01618,test
drug,2,DB01621,test
drug,2,DB01626,test
drug,2,DB01627,test
drug,2,DB01628,test
drug,2,DB01685,test
drug,2,DB01878,test
drug,2,DB04272,test
drug,2,DB04552,test
drug,2,DB04571,test
drug,2,DB04846,test
drug,2,DB04855,test
drug,2,DB04878,test
drug,2,DB04894,test
drug,2,DB04896,test
drug,2,DB05265,test
drug,2,DB05381,test
drug,2,DB05541,test
drug,2,DB05630,test
drug,2,DB05812,test
drug,2,DB06016,test
drug,2,DB06201,test
drug,2,DB06202,test
drug,2,DB06228,test
drug,2,DB06261,test
drug,2,DB06290,test
drug,2,DB06441,test
drug,2,DB06480,test
drug,2,DB06589,test
drug,2,DB06595,test
drug,2,DB06636,test
drug,2,DB06690,test
drug,2,DB06694,test
drug,2,DB06700,test
drug,2,DB06701,test
drug,2,DB06704,test
drug,2,DB06710,test
drug,2,DB06718,test
drug,2,DB06737,test
drug,2,DB06739,test
drug,2,DB06764,test
drug,2,DB06766,test
drug,2,DB06767,test
drug,2,DB06792,test
drug,2,DB06794,test
drug,2,DB06800,test
drug,2,DB08801,test
drug,2,DB08802,test
drug,2,DB08807,test
drug,2,DB08815,test
drug,2,DB08822,test
drug,2,DB08884,test
drug,2,DB08901,test
drug,2,DB08910,test
drug,2,DB08965,test
drug,2,DB08983,test
drug,2,DB09015,test
drug,2,DB09034,test
drug,2,DB09070,test
drug,2,DB09073,test
drug,2,DB09074,test
drug,2,DB09096,test
drug,2,DB09099,test
drug,2,DB09117,test
drug,2,DB09118,test
drug,2,DB09120,test
drug,2,DB09134,test
drug,2,DB09146,test
drug,2,DB09161,test
drug,2,DB09185,test
drug,2,DB09225,test
drug,2,DB09236,test
drug,2,DB09241,test
drug,2,DB09244,test
drug,2,DB09245,test
drug,2,DB09265,test
drug,2,DB09274,test
drug,2,DB09277,test
drug,2,DB09279,test
drug,2,DB09280,test
drug,2,DB09281,test
drug,2,DB09285,test
drug,2,DB09286,test
drug,2,DB09289,test
drug,2,DB09297,test
drug,2,DB09323,test
drug,2,DB09338,test
drug,2,DB09561,test
drug,2,DB11106,test
drug,2,DB11121,test
drug,2,DB11254,test
drug,2,DB11256,test
drug,2,DB11610,test
drug,2,DB11614,test
drug,2,DB11793,test
drug,2,DB12267,test
drug,2,DB12483,test
drug,3,DB00014,train
drug,3,DB00027,train
drug,3,DB00091,train
drug,3,DB00120,train
drug,3,DB00122,train
drug,3,DB00130,train
drug,3,DB00134,train
drug,3,DB00140,train
drug,3,DB00142,train
drug,3,DB00146,train
drug,3,DB00150,train
drug,3,DB00152,train
drug,3,DB00163,train
drug,3,DB00165,train
drug,3,DB00166,train
drug,3,DB00170,train
drug,3,DB00175,train
drug,3,DB00179,train
drug,3,DB00181,train
drug,3,DB00184,train
drug,3,DB00187,train
drug,3,DB00188,train
drug,3,DB00189,train
drug,3,DB00190,train
drug,3,DB00191,train
drug,3,DB00193,train
drug,3,DB00196,train
drug,3,DB00199,train
drug,3,DB00201,train
drug,3,DB00202,train
drug,3,DB00203,train
drug,3,DB00204,train
drug,3,DB00205,train
drug,3,DB00206,train
drug,3,DB00207,train
drug,3,DB00208,train
drug,3,DB00209,train
drug,3,DB00210,train
drug,3,DB00211,train
drug,3,DB00212,train
drug,3,DB00213,train
drug,3,DB00214,train
drug,3,DB00216,train
drug,3,DB00217,train
drug,3,DB00218,train
drug,3,DB00219,train
drug,3,DB00220,train
drug,3,DB00223,train
drug,3,DB00224,train
drug,3,DB00227,train
drug,3,DB00228,train
drug,3,DB00229,train
drug,3,DB00230,train
drug,3,DB00232,train
drug,3,DB00233,train
drug,3,DB00234,train
drug,3,DB00235,train
drug,3,DB00236,train
drug,3,DB00238,train
drug,3,DB00239,train
drug,3,DB00240,train
drug,3,DB00242,train
drug,3,DB00243,train
drug,3,DB00244,train
drug,3,DB00245,train
drug,3,DB00246,train
drug,3,DB00247,train
drug,3,DB00250,train
drug,3,DB00251,train
drug,3,DB00253,train
drug,3,DB00256,train
drug,3,DB00257,train
drug,3,DB00258,train
drug,3,DB00259,train
drug,3,DB00261,train
drug,3,DB00263,train
drug,3,DB00264,train
drug,3,DB00266,train
drug,3,DB00267,train
drug,3,DB00271,train
drug,3,DB00275,train
drug,3,DB00277,train
drug,3,DB00280,train
drug,3,DB00281,train
drug,3,DB00283,train
drug,3,DB00284,train
drug,3,DB00285,train
drug,3,DB00288,train
drug,3,DB00291,train
drug,3,DB00292,train
drug,3,DB00293,train
drug,3,DB00294,train
drug,3,DB00296,train
drug,3,DB00298,train
drug,3,DB00300,train
drug,3,DB00301,train
drug,3,DB00302,train
drug,3,DB00303,train
drug,3,DB00305,train
drug,3,DB00307,train
drug,3,DB00308,train
drug,3,DB00310,train
drug,3,DB00313,train
drug,3,DB00315,train
drug,3,DB00316,train
drug,3,DB00317,train
drug,3,DB00318,train
drug,3,DB00319,train
drug,3,DB00320,train
drug,3,DB00321,train
drug,3,DB00322,train
drug,3,DB00324,train
drug,3,DB00325,train
drug,3,DB00326,train
drug,3,DB00327,train
drug,3,DB00328,train
drug,3,DB00331,train
drug,3,DB00332,train
drug,3,DB00333,train
drug,3,DB00334,train
drug,3,DB00335,train
drug,3,DB00337,train
drug,3,DB00338,train
drug,3,DB00339,train
drug,3,DB00340,train
drug,3,DB00341,train
drug,3,DB00343,train
drug,3,DB00344,train
drug,3,DB00346,train
drug,3,DB00347,train
drug,3,DB00350,train
drug,3,DB00352,train
drug,3,DB00353,train
drug,3,DB00355,train
drug,3,DB00356,train
drug,3,DB00357,train
drug,3,DB00358,train
drug,3,DB00360,train
drug,3,DB00361,train
drug,3,DB00363,train
drug,3,DB00366,train
drug,3,DB00367,train
drug,3,DB00368,train
drug,3,DB00369,train
drug,3,DB00370,train
drug,3,DB00376,train
drug,3,DB00377,train
drug,3,DB00378,train
drug,3,DB00379,train
drug,3,DB00384,train
drug,3,DB00388,train
drug,3,DB00389,train
drug,3,DB00392,train
drug,3,DB00393,train
drug,3,DB00394,train
drug,3,DB00395,train
drug,3,DB00396,train
drug,3,DB00397,train
drug,3,DB00398,train
drug,3,DB00400,train
drug,3,DB00401,train
drug,3,DB00402,train
drug,3,DB00409,train
drug,3,DB00410,train
drug,3,DB00413,train
drug,3,DB00415,train
drug,3,DB00417,train
drug,3,DB00418,train
drug,3,DB00419,train
drug,3,DB00420,train
drug,3,DB00422,train
drug,3,DB00424,train
drug,3,DB00425,train
drug,3,DB00427,train
drug,3,DB00429,train
drug,3,DB00430,train
drug,3,DB00432,train
drug,3,DB00433,train
drug,3,DB00434,train
drug,3,DB00435,train
drug,3,DB00436,train
drug,3,DB00437,train
drug,3,DB00441,train
drug,3,DB00442,train
drug,3,DB00443,train
drug,3,DB00444,train
drug,3,DB00445,train
drug,3,DB00446,train
drug,3,DB00448,train
drug,3,DB00449,train
drug,3,DB00450,train
drug,3,DB00452,train
drug,3,DB00453,train
drug,3,DB00454,train
drug,3,DB00455,train
drug,3,DB00457,train
drug,3,DB00459,train
drug,3,DB00460,train
drug,3,DB00461,train
drug,3,DB00462,train
drug,3,DB00465,train
drug,3,DB00467,train
drug,3,DB00468,train
drug,3,DB00469,train
drug,3,DB00471,train
drug,3,DB00472,train
drug,3,DB00474,train
drug,3,DB00475,train
drug,3,DB00476,train
drug,3,DB00481,train
drug,3,DB00483,train
drug,3,DB00486,train
drug,3,DB00487,train
drug,3,DB00488,train
drug,3,DB00489,train
drug,3,DB00490,train
drug,3,DB00491,train
drug,3,DB00492,train
drug,3,DB00493,train
drug,3,DB00497,train
drug,3,DB00500,train
drug,3,DB00501,train
drug,3,DB00502,train
drug,3,DB00504,train
drug,3,DB00508,train
drug,3,DB00511,train
drug,3,DB00513,train
drug,3,DB00514,train
drug,3,DB00515,train
drug,3,DB00518,train
drug,3,DB00519,train
drug,3,DB00520,train
drug,3,DB00523,train
drug,3,DB00524,train
drug,3,DB00525,train
drug,3,DB00526,train
drug,3,DB00527,train
drug,3,DB00529,train
drug,3,DB00530,train
drug,3,DB00531,train
drug,3,DB00535,train
drug,3,DB00537,train
drug,3,DB00539,train
drug,3,DB00540,train
drug,3,DB00541,train
drug,3,DB00543,train
drug,3,DB00544,train
drug,3,DB00545,train
drug,3,DB00546,train
drug,3,DB00549,train
drug,3,DB00551,train
drug,3,DB00552,train
drug,3,DB00553,train
drug,3,DB00555,train
drug,3,DB00557,train
drug,3,DB00559,train
drug,3,DB00561,train
drug,3,DB00563,train
drug,3,DB00564,train
drug,3,DB00565,train
drug,3,DB00568,train
drug,3,DB00569,train
drug,3,DB00573,train
drug,3,DB00576,train
drug,3,DB00577,train
drug,3,DB00578,train
drug,3,DB00581,train
drug,3,DB00582,train
drug,3,DB00583,train
drug,3,DB00584,train
drug,3,DB00585,train
drug,3,DB00586,train
drug,3,DB00588,train
drug,3,DB00589,train
drug,3,DB00592,train
drug,3,DB00593,train
drug,3,DB00594,train
drug,3,DB00596,train
drug,3,DB00599,train
drug,3,DB00603,train
drug,3,DB00604,train
drug,3,DB00605,train
drug,3,DB00606,train
drug,3,DB00608,train
drug,3,DB00610,train
drug,3,DB00613,train
drug,3,DB00617,train
drug,3,DB00618,train
drug,3,DB00619,train
drug,3,DB00620,train
drug,3,DB00622,train
drug,3,DB00623,train
drug,3,DB00625,train
drug,3,DB00626,train
drug,3,DB00628,train
drug,3,DB00630,train
drug,3,DB00635,train
drug,3,DB00636,train
drug,3,DB00637,train
drug,3,DB00639,train
drug,3,DB00640,train
drug,3,DB00641,train
drug,3,DB00642,train
drug,3,DB00643,train
drug,3,DB00645,train
drug,3,DB00646,train
drug,3,DB00647,train
drug,3,DB00648,train
drug,3,DB00649,train
drug,3,DB00650,train
drug,3,DB00651,train
drug,3,DB00652,train
drug,3,DB00653,train
drug,3,DB00656,train
drug,3,DB00658,train
drug,3,DB00660,train
drug,3,DB00661,train
drug,3,DB00662,train
drug,3,DB00665,train
drug,3,DB00666,train
drug,3,DB00670,train
drug,3,DB00672,train
drug,3,DB00673,train
drug,3,DB00674,train
drug,3,DB00675,train
drug,3,DB00678,train
drug,3,DB00679,train
drug,3,DB00680,train
drug,3,DB00681,train
drug,3,DB00682,train
drug,3,DB00683,train
drug,3,DB00684,train
drug,3,DB00685,train
drug,3,DB00686,train
drug,3,DB00687,train
drug,3,DB00688,train
drug,3,DB00689,train
drug,3,DB00690,train
drug,3,DB00691,train
drug,3,DB00692,train
drug,3,DB00695,train
drug,3,DB00698,train
drug,3,DB00699,train
drug,3,DB00700,train
drug,3,DB00703,train
drug,3,DB00704,train
drug,3,DB00705,train
drug,3,DB00706,train
drug,3,DB00708,train
drug,3,DB00709,train
drug,3,DB00711,train
drug,3,DB00713,train
drug,3,DB00714,train
drug,3,DB00715,train
drug,3,DB00717,train
drug,3,DB00720,train
drug,3,DB00721,train
drug,3,DB00722,train
drug,3,DB00724,train
drug,3,DB00726,train
drug,3,DB00727,train
drug,3,DB00728,train
drug,3,DB00730,train
drug,3,DB00731,train
drug,3,DB00732,train
drug,3,DB00734,train
drug,3,DB00735,train
drug,3,DB00736,train
drug,3,DB00737,train
drug,3,DB00738,train
drug,3,DB00741,train
drug,3,DB00742,train
drug,3,DB00743,train
drug,3,DB00744,train
drug,3,DB00746,train
drug,3,DB00747,train
drug,3,DB00748,train
drug,3,DB00755,train
drug,3,DB00758,train
drug,3,DB00761,train
drug,3,DB00762,train
drug,3,DB00763,train
drug,3,DB00764,train
drug,3,DB00765,train
drug,3,DB00766,train
drug,3,DB00769,train
drug,3,DB00773,train
drug,3,DB00774,train
drug,3,DB00775,train
drug,3,DB00778,train
drug,3,DB00779,train
drug,3,DB00780,train
drug,3,DB00782,train
drug,3,DB00783,train
drug,3,DB00787,train
drug,3,DB00788,train
drug,3,DB00792,train
drug,3,DB00793,train
drug,3,DB00796,train
drug,3,DB00797,train
drug,3,DB00798,train
drug,3,DB00799,train
drug,3,DB00800,train
drug,3,DB00801,train
drug,3,DB00802,train
drug,3,DB00803,train
drug,3,DB00805,train
drug,3,DB00806,train
drug,3,DB00807,train
drug,3,DB00808,train
drug,3,DB00810,train
drug,3,DB00812,train
drug,3,DB00818,train
drug,3,DB00819,train
drug,3,DB00820,train
drug,3,DB00826,train
drug,3,DB00829,train
drug,3,DB00830,train
drug,3,DB00833,train
drug,3,DB00835,train
drug,3,DB00837,train
drug,3,DB00839,train
drug,3,DB00841,train
drug,3,DB00842,train
drug,3,DB00843,train
drug,3,DB00844,train
drug,3,DB00845,train
drug,3,DB00846,train
drug,3,DB00849,train
drug,3,DB00850,train
drug,3,DB00851,train
drug,3,DB00852,train
drug,3,DB00853,train
drug,3,DB00854,train
drug,3,DB00855,train
drug,3,DB00856,train
drug,3,DB00860,train
drug,3,DB00862,train
drug,3,DB00863,train
drug,3,DB00864,train
drug,3,DB00865,train
drug,3,DB00866,train
drug,3,DB00867,train
drug,3,DB00869,train
drug,3,DB00870,train
drug,3,DB00872,train
drug,3,DB00873,train
drug,3,DB00879,train
drug,3,DB00881,train
drug,3,DB00882,train
drug,3,DB00883,train
drug,3,DB00884,train
drug,3,DB00885,train
drug,3,DB00887,train
drug,3,DB00888,train
drug,3,DB00890,train
drug,3,DB00891,train
drug,3,DB00892,train
drug,3,DB00896,train
drug,3,DB00900,train
drug,3,DB00903,train
drug,3,DB00904,train
drug,3,DB00906,train
drug,3,DB00908,train
drug,3,DB00909,train
drug,3,DB00910,train
drug,3,DB00911,train
drug,3,DB00912,train
drug,3,DB00914,train
drug,3,DB00915,train
drug,3,DB00917,train
drug,3,DB00918,train
drug,3,DB00921,train
drug,3,DB00922,train
drug,3,DB00923,train
drug,3,DB00924,train
drug,3,DB00928,train
drug,3,DB00932,train
drug,3,DB00934,train
drug,3,DB00935,train
drug,3,DB00936,train
drug,3,DB00940,train
drug,3,DB00943,train
drug,3,DB00945,train
drug,3,DB00946,train
drug,3,DB00947,train
drug,3,DB00950,train
drug,3,DB00951,train
drug,3,DB00952,train
drug,3,DB00953,train
drug,3,DB00954,train
drug,3,DB00955,train
drug,3,DB00956,train
drug,3,DB00957,train
drug,3,DB00958,train
drug,3,DB00959,train
drug,3,DB00960,train
drug,3,DB00961,train
drug,3,DB00963,train
drug,3,DB00966,train
drug,3,DB00969,train
drug,3,DB00970,train
drug,3,DB00973,train
drug,3,DB00974,train
drug,3,DB00975,train
drug,3,DB00976,train
drug,3,DB00979,train
drug,3,DB00980,train
drug,3,DB00981,train
drug,3,DB00982,train
drug,3,DB00983,train
drug,3,DB00985,train
drug,3,DB00986,train
drug,3,DB00987,train
drug,3,DB00988,train
drug,3,DB00989,train
drug,3,DB00990,train
drug,3,DB00991,train
drug,3,DB00992,train
drug,3,DB00993,train
drug,3,DB00996,train
drug,3,DB00997,train
drug,3,DB00998,train
drug,3,DB00999,train
drug,3,DB01002,train
drug,3,DB01004,train
drug,3,DB01005,train
drug,3,DB01006,train
drug,3,DB01008,train
drug,3,DB01009,train
drug,3,DB01010,train
drug,3,DB01011,train
drug,3,DB01012,train
drug,3,DB01013,train
drug,3,DB01014,train
drug,3,DB01015,train
drug,3,DB01016,train
drug,3,DB01017,train
drug,3,DB01018,train
drug,3,DB01019,train
drug,3,DB01020,train
drug,3,DB01022,train
drug,3,DB01023,train
drug,3,DB01024,train
drug,3,DB01026,train
drug,3,DB01029,train
drug,3,DB01032,train
drug,3,DB01033,train
drug,3,DB01034,train
drug,3,DB01035,train
drug,3,DB01036,train
drug,3,DB01037,train
drug,3,DB01039,train
drug,3,DB01041,train
drug,3,DB01042,train
drug,3,DB01043,train
drug,3,DB01044,train
drug,3,DB01045,train
drug,3,DB01046,train
drug,3,DB01048,train
drug,3,DB01050,train
drug,3,DB01053,train
drug,3,DB01054,train
drug,3,DB01057,train
drug,3,DB01061,train
drug,3,DB01062,train
drug,3,DB01063,train
drug,3,DB01064,train
drug,3,DB01065,train
drug,3,DB01066,train
drug,3,DB01067,train
drug,3,DB01068,train
drug,3,DB01069,train
drug,3,DB01070,train
drug,3,DB01071,train
drug,3,DB01073,train
drug,3,DB01074,train
drug,3,DB01077,train
drug,3,DB01078,train
drug,3,DB01080,train
drug,3,DB01081,train
drug,3,DB01083,train
drug,3,DB01085,train
drug,3,DB01086,train
drug,3,DB01087,train
drug,3,DB01088,train
drug,3,DB01089,train
drug,3,DB01090,train
drug,3,DB01091,train
drug,3,DB01092,train
drug,3,DB01094,train
drug,3,DB01095,train
drug,3,DB01096,train
drug,3,DB01097,train
drug,3,DB01098,train
drug,3,DB01099,train
drug,3,DB01100,train
drug,3,DB01101,train
drug,3,DB01102,train
drug,3,DB01103,train
drug,3,DB01105,train
drug,3,DB01106,train
drug,3,DB01107,train
drug,3,DB01112,train
drug,3,DB01113,train
drug,3,DB01115,train
drug,3,DB01116,train
drug,3,DB01117,train
drug,3,DB01119,train
drug,3,DB01121,train
drug,3,DB01124,train
drug,3,DB01128,train
drug,3,DB01131,train
drug,3,DB01132,train
drug,3,DB01133,train
drug,3,DB01136,train
drug,3,DB01137,train
drug,3,DB01140,train
drug,3,DB01141,train
drug,3,DB01142,train
drug,3,DB01143,train
drug,3,DB01153,train
drug,3,DB01155,train
drug,3,DB01156,train
drug,3,DB01158,train
drug,3,DB01160,train
drug,3,DB01161,train
drug,3,DB01162,train
drug,3,DB01165,train
drug,3,DB01166,train
drug,3,DB01167,train
drug,3,DB01168,train
drug,3,DB01169,train
drug,3,DB01170,train
drug,3,DB01171,train
drug,3,DB01172,train
drug,3,DB01173,train
drug,3,DB01175,train
drug,3,DB01177,train
drug,3,DB01178,train
drug,3,DB01179,train
drug,3,DB01181,train
drug,3,DB01182,train
drug,3,DB01183,train
drug,3,DB01188,train
drug,3,DB01193,train
drug,3,DB01194,train
drug,3,DB01197,train
drug,3,DB01199,train
drug,3,DB01200,train
drug,3,DB01201,train
drug,3,DB01202,train
drug,3,DB01205,train
drug,3,DB01207,train
drug,3,DB01208,train
drug,3,DB01209,train
drug,3,DB01210,train
drug,3,DB01211,train
drug,3,DB01215,train
drug,3,DB01216,train
drug,3,DB01217,train
drug,3,DB01218,train
drug,3,DB01220,train
drug,3,DB01221,train
drug,3,DB01222,train
drug,3,DB01223,train
drug,3,DB01224,train
drug,3,DB01226,train
drug,3,DB01228,train
drug,3,DB01233,train
drug,3,DB01234,train
drug,3,DB01235,train
drug,3,DB01236,train
drug,3,DB01238,train
drug,3,DB01239,train
drug,3,DB01242,train
drug,3,DB01246,train
drug,3,DB01247,train
drug,3,DB01249,train
drug,3,DB01251,train
drug,3,DB01252,train
drug,3,DB01253,train
drug,3,DB01255,train
drug,3,DB01260,train
drug,3,DB01262,train
drug,3,DB01264,train
drug,3,DB01267,train
drug,3,DB01268,train
drug,3,DB01273,train
drug,3,DB01274,train
drug,3,DB01280,train
drug,3,DB01283,train
drug,3,DB01288,train
drug,3,DB01289,train
drug,3,DB01291,train
drug,3,DB01294,train
drug,3,DB01295,train
drug,3,DB01297,train
drug,3,DB01298,train
drug,3,DB01299,train
drug,3,DB01301,train
drug,3,DB01320,train
drug,3,DB01321,train
drug,3,DB01324,train
drug,3,DB01326,train
drug,3,DB01328,train
drug,3,DB01331,train
drug,3,DB01333,train
drug,3,DB01336,train
drug,3,DB01337,train
drug,3,DB01338,train
drug,3,DB01339,train
drug,3,DB01340,train
drug,3,DB01348,train
drug,3,DB01349,train
drug,3,DB01351,train
drug,3,DB01353,train
drug,3,DB01355,train
drug,3,DB01356,train
drug,3,DB01357,train
drug,3,DB01364,train
drug,3,DB01366,train
drug,3,DB01367,train
drug,3,DB01377,train
drug,3,DB01378,train
drug,3,DB01384,train
drug,3,DB01390,train
drug,3,DB01393,train
drug,3,DB01394,train
drug,3,DB01395,train
drug,3,DB01397,train
drug,3,DB01400,train
drug,3,DB01407,train
drug,3,DB01408,train
drug,3,DB01409,train
drug,3,DB01410,train
drug,3,DB01412,train
drug,3,DB01414,train
drug,3,DB01415,train
drug,3,DB01416,train
drug,3,DB01418,train
drug,3,DB01420,train
drug,3,DB01421,train
drug,3,DB01423,train
drug,3,DB01429,train
drug,3,DB01431,train
drug,3,DB01433,train
drug,3,DB01435,train
drug,3,DB01436,train
drug,3,DB01437,train
drug,3,DB01438,train
drug,3,DB01452,train
drug,3,DB01463,train
drug,3,DB01489,train
drug,3,DB01511,train
drug,3,DB01544,train
drug,3,DB01545,train
drug,3,DB01551,train
drug,3,DB01553,train
drug,3,DB01558,train
drug,3,DB01559,train
drug,3,DB01563,train
drug,3,DB01567,train
drug,3,DB01575,train
drug,3,DB01576,train
drug,3,DB01578,train
drug,3,DB01580,train
drug,3,DB01583,train
drug,3,DB01586,train
drug,3,DB01587,train
drug,3,DB01588,train
drug,3,DB01591,train
drug,3,DB01595,train
drug,3,DB01597,train
drug,3,DB01598,train
drug,3,DB01599,train
drug,3,DB01600,train
drug,3,DB01603,train
drug,3,DB01604,train
drug,3,DB01605,train
drug,3,DB01607,train
drug,3,DB01608,train
drug,3,DB01609,train
drug,3,DB01610,train
drug,3,DB01612,train
drug,3,DB01613,train
drug,3,DB01614,train
drug,3,DB01615,train
drug,3,DB01619,train
drug,3,DB01620,train
drug,3,DB01621,train
drug,3,DB01622,train
drug,3,DB01623,train
drug,3,DB01624,train
drug,3,DB01626,train
drug,3,DB01627,train
drug,3,DB01628,train
drug,3,DB01708,train
drug,3,DB01878,train
drug,3,DB02187,train
drug,3,DB02300,train
drug,3,DB02513,train
drug,3,DB02546,train
drug,3,DB02638,train
drug,3,DB02659,train
drug,3,DB02701,train
drug,3,DB02703,train
drug,3,DB02709,train
drug,3,DB02959,train
drug,3,DB03128,train
drug,3,DB03615,train
drug,3,DB03619,train
drug,3,DB03754,train
drug,3,DB03756,train
drug,3,DB03793,train
drug,3,DB04339,train
drug,3,DB04398,train
drug,3,DB04570,train
drug,3,DB04572,train
drug,3,DB04573,train
drug,3,DB04574,train
drug,3,DB04575,train
drug,3,DB04576,train
drug,3,DB04743,train
drug,3,DB04786,train
drug,3,DB04794,train
drug,3,DB04839,train
drug,3,DB04840,train
drug,3,DB04841,train
drug,3,DB04844,train
drug,3,DB04854,train
drug,3,DB04855,train
drug,3,DB04861,train
drug,3,DB04865,train
drug,3,DB04868,train
drug,3,DB04878,train
drug,3,DB04894,train
drug,3,DB04896,train
drug,3,DB04898,train
drug,3,DB04908,train
drug,3,DB04911,train
drug,3,DB04918,train
drug,3,DB04920,train
drug,3,DB04938,train
drug,3,DB04946,train
drug,3,DB04948,train
drug,3,DB04951,train
drug,3,DB04953,train
drug,3,DB04967,train
drug,3,DB05109,train
drug,3,DB05219,train
drug,3,DB05239,train
drug,3,DB05245,train
drug,3,DB05246,train
drug,3,DB05260,train
drug,3,DB05265,train
drug,3,DB05266,train
drug,3,DB05294,train
drug,3,DB05316,train
drug,3,DB05528,train
drug,3,DB05812,train
drug,3,DB05990,train
drug,3,DB06016,train
drug,3,DB06144,train
drug,3,DB06145,train
drug,3,DB06148,train
drug,3,DB06150,train
drug,3,DB06152,train
drug,3,DB06153,train
drug,3,DB06154,train
drug,3,DB06176,train
drug,3,DB06193,train
drug,3,DB06196,train
drug,3,DB06201,train
drug,3,DB06202,train
drug,3,DB06203,train
drug,3,DB06204,train
drug,3,DB06206,train
drug,3,DB06207,train
drug,3,DB06209,train
drug,3,DB06210,train
drug,3,DB06211,train
drug,3,DB06212,train
drug,3,DB06217,train
drug,3,DB06228,train
drug,3,DB06237,train
drug,3,DB06261,train
drug,3,DB06262,train
drug,3,DB06264,train
drug,3,DB06274,train
drug,3,DB06287,train
drug,3,DB06288,train
drug,3,DB06290,train
drug,3,DB06335,train
drug,3,DB06403,train
drug,3,DB06413,train
drug,3,DB06414,train
drug,3,DB06441,train
drug,3,DB06480,train
drug,3,DB06589,train
drug,3,DB06595,train
drug,3,DB06603,train
drug,3,DB06605,train
drug,3,DB06616,train
drug,3,DB06626,train
drug,3,DB06636,train
drug,3,DB06637,train
drug,3,DB06663,train
drug,3,DB06684,train
drug,3,DB06689,train
drug,3,DB06690,train
drug,3,DB06691,train
drug,3,DB06695,train
drug,3,DB06696,train
drug,3,DB06701,train
drug,3,DB06702,train
drug,3,DB06706,train
drug,3,DB06707,train
drug,3,DB06708,train
drug,3,DB06712,train
drug,3,DB06713,train
drug,3,DB06715,train
drug,3,DB06717,train
drug,3,DB06718,train
drug,3,DB06724,train
drug,3,DB06730,train
drug,3,DB06737,train
drug,3,DB06738,train
drug,3,DB06742,train
drug,3,DB06764,train
drug,3,DB06766,train
drug,3,DB06767,train
drug,3,DB06769,train
drug,3,DB06770,train
drug,3,DB06771,train
drug,3,DB06772,train
drug,3,DB06774,train
drug,3,DB06781,train
drug,3,DB06782,train
drug,3,DB06786,train
drug,3,DB06789,train
drug,3,DB06791,train
drug,3,DB06794,train
drug,3,DB06795,train
drug,3,DB06799,train
drug,3,DB06803,train
drug,3,DB06804,train
drug,3,DB06810,train
drug,3,DB06816,train
drug,3,DB06817,train
drug,3,DB06820,train
drug,3,DB06824,train
drug,3,DB06825,train
drug,3,DB07615,train
drug,3,DB08439,train
drug,3,DB08795,train
drug,3,DB08796,train
drug,3,DB08797,train
drug,3,DB08799,train
drug,3,DB08801,train
drug,3,DB08802,train
drug,3,DB08804,train
drug,3,DB08807,train
drug,3,DB08808,train
drug,3,DB08811,train
drug,3,DB08815,train
drug,3,DB08816,train
drug,3,DB08819,train
drug,3,DB08822,train
drug,3,DB08824,train
drug,3,DB08828,train
drug,3,DB08860,train
drug,3,DB08864,train
drug,3,DB08865,train
drug,3,DB08867,train
drug,3,DB08868,train
drug,3,DB08869,train
drug,3,DB08871,train
drug,3,DB08872,train
drug,3,DB08877,train
drug,3,DB08881,train
drug,3,DB08883,train
drug,3,DB08884,train
drug,3,DB08887,train
drug,3,DB08889,train
drug,3,DB08893,train
drug,3,DB08896,train
drug,3,DB08905,train
drug,3,DB08906,train
drug,3,DB08907,train
drug,3,DB08908,train
drug,3,DB08909,train
drug,3,DB08911,train
drug,3,DB08912,train
drug,3,DB08922,train
drug,3,DB08930,train
drug,3,DB08933,train
drug,3,DB08938,train
drug,3,DB08941,train
drug,3,DB08943,train
drug,3,DB08947,train
drug,3,DB08957,train
drug,3,DB08958,train
drug,3,DB08964,train
drug,3,DB08965,train
drug,3,DB08967,train
drug,3,DB08970,train
drug,3,DB08971,train
drug,3,DB08981,train
drug,3,DB08983,train
drug,3,DB08987,train
drug,3,DB08991,train
drug,3,DB08992,train
drug,3,DB08994,train
drug,3,DB08996,train
drug,3,DB09000,train
drug,3,DB09008,train
drug,3,DB09014,train
drug,3,DB09015,train
drug,3,DB09017,train
drug,3,DB09018,train
drug,3,DB09021,train
drug,3,DB09026,train
drug,3,DB09027,train
drug,3,DB09030,train
drug,3,DB09031,train
drug,3,DB09034,train
drug,3,DB09039,train
drug,3,DB09040,train
drug,3,DB09042,train
drug,3,DB09048,train
drug,3,DB09049,train
drug,3,DB09053,train
drug,3,DB09054,train
drug,3,DB09061,train
drug,3,DB09065,train
drug,3,DB09067,train
drug,3,DB09069,train
drug,3,DB09070,train
drug,3,DB09071,train
drug,3,DB09073,train
drug,3,DB09074,train
drug,3,DB09078,train
drug,3,DB09079,train
drug,3,DB09080,train
drug,3,DB09082,train
drug,3,DB09083,train
drug,3,DB09085,train
drug,3,DB09087,train
drug,3,DB09090,train
drug,3,DB09091,train
drug,3,DB09093,train
drug,3,DB09094,train
drug,3,DB09095,train
drug,3,DB09096,train
drug,3,DB09097,train
drug,3,DB09099,train
drug,3,DB09101,train
drug,3,DB09102,train
drug,3,DB09104,train
drug,3,DB09112,train
drug,3,DB09117,train
drug,3,DB09119,train
drug,3,DB09123,train
drug,3,DB09124,train
drug,3,DB09125,train
drug,3,DB09128,train
drug,3,DB09134,train
drug,3,DB09135,train
drug,3,DB09137,train
drug,3,DB09138,train
drug,3,DB09143,train
drug,3,DB09147,train
drug,3,DB09153,train
drug,3,DB09154,train
drug,3,DB09156,train
drug,3,DB09161,train
drug,3,DB09166,train
drug,3,DB09167,train
drug,3,DB09183,train
drug,3,DB09198,train
drug,3,DB09204,train
drug,3,DB09209,train
drug,3,DB09210,train
drug,3,DB09211,train
drug,3,DB09214,train
drug,3,DB09216,train
drug,3,DB09218,train
drug,3,DB09221,train
drug,3,DB09225,train
drug,3,DB09227,train
drug,3,DB09230,train
drug,3,DB09232,train
drug,3,DB09235,train
drug,3,DB09238,train
drug,3,DB09241,train
drug,3,DB09244,train
drug,3,DB09245,train
drug,3,DB09256,train
drug,3,DB09257,train
drug,3,DB09262,train
drug,3,DB09265,train
drug,3,DB09267,train
drug,3,DB09268,train
drug,3,DB09270,train
drug,3,DB09272,train
drug,3,DB09273,train
drug,3,DB09274,train
drug,3,DB09276,train
drug,3,DB09277,train
drug,3,DB09278,train
drug,3,DB09288,train
drug,3,DB09291,train
drug,3,DB09292,train
drug,3,DB09293,train
drug,3,DB09295,train
drug,3,DB09296,train
drug,3,DB09300,train
drug,3,DB09321,train
drug,3,DB09323,train
drug,3,DB09324,train
drug,3,DB09330,train
drug,3,DB09342,train
drug,3,DB09343,train
drug,3,DB09345,train
drug,3,DB09352,train
drug,3,DB09389,train
drug,3,DB09396,train
drug,3,DB09449,train
drug,3,DB09462,train
drug,3,DB09488,train
drug,3,DB09536,train
drug,3,DB09561,train
drug,3,DB11079,train
drug,3,DB11106,train
drug,3,DB11121,train
drug,3,DB11126,train
drug,3,DB11135,train
drug,3,DB11156,train
drug,3,DB11231,train
drug,3,DB11235,train
drug,3,DB11239,train
drug,3,DB11254,train
drug,3,DB11256,train
drug,3,DB11268,train
drug,3,DB11315,train
drug,3,DB11342,train
drug,3,DB11348,train
drug,3,DB11363,train
drug,3,DB11560,train
drug,3,DB11575,train
drug,3,DB11581,train
drug,3,DB11586,train
drug,3,DB11596,train
drug,3,DB11609,train
drug,3,DB11610,train
drug,3,DB11613,train
drug,3,DB11619,train
drug,3,DB11633,train
drug,3,DB11636,train
drug,3,DB11660,train
drug,3,DB11691,train
drug,3,DB11699,train
drug,3,DB11730,train
drug,3,DB11737,train
drug,3,DB11793,train
drug,3,DB11817,train
drug,3,DB11828,train
drug,3,DB11915,train
drug,3,DB11921,train
drug,3,DB11943,train
drug,3,DB11989,train
drug,3,DB12001,train
drug,3,DB12161,train
drug,3,DB12267,train
drug,3,DB12364,train
drug,3,DB12483,train
drug,3,DB12532,train
drug,3,DB12598,train
drug,3,DB12924,train
drug,3,DB13025,train
drug,3,DB13142,train
drug,3,DB13145,train
drug,3,DB13153,train
drug,3,DB13167,train
drug,3,DB13179,train
drug,3,DB13231,train
drug,3,DB13323,train
drug,3,DB13595,train
drug,3,DB13783,train
drug,3,DB13872,train
drug,3,DB13873,train
drug,3,DB13878,train
drug,3,DB13879,train
drug,3,DB13925,train
drug,3,DB00126,val
drug,3,DB00136,val
drug,3,DB00158,val
drug,3,DB00169,val
drug,3,DB00176,val
drug,3,DB00178,val
drug,3,DB00180,val
drug,3,DB00182,val
drug,3,DB00186,val
drug,3,DB00215,val
drug,3,DB00221,val
drug,3,DB00226,val
drug,3,DB00241,val
drug,3,DB00254,val
drug,3,DB00270,val
drug,3,DB00274,val
drug,3,DB00276,val
drug,3,DB00279,val
drug,3,DB00287,val
drug,3,DB00289,val
drug,3,DB00297,val
drug,3,DB00304,val
drug,3,DB00309,val
drug,3,DB00312,val
drug,3,DB00323,val
drug,3,DB00345,val
drug,3,DB00349,val
drug,3,DB00351,val
drug,3,DB00354,val
drug,3,DB00364,val
drug,3,DB00371,val
drug,3,DB00374,val
drug,3,DB00380,val
drug,3,DB00381,val
drug,3,DB00404,val
drug,3,DB00405,val
drug,3,DB00408,val
drug,3,DB00411,val
drug,3,DB00421,val
drug,3,DB00428,val
drug,3,DB00456,val
drug,3,DB00470,val
drug,3,DB00477,val
drug,3,DB00479,val
drug,3,DB00482,val
drug,3,DB00484,val
drug,3,DB00496,val
drug,3,DB00499,val
drug,3,DB00512,val
drug,3,DB00517,val
drug,3,DB00521,val
drug,3,DB00528,val
drug,3,DB00542,val
drug,3,DB00547,val
drug,3,DB00548,val
drug,3,DB00554,val
drug,3,DB00562,val
drug,3,DB00572,val
drug,3,DB00590,val
drug,3,DB00591,val
drug,3,DB00595,val
drug,3,DB00611,val
drug,3,DB00612,val
drug,3,DB00615,val
drug,3,DB00621,val
drug,3,DB00624,val
drug,3,DB00627,val
drug,3,DB00629,val
drug,3,DB00631,val
drug,3,DB00634,val
drug,3,DB00654,val
drug,3,DB00657,val
drug,3,DB00664,val
drug,3,DB00668,val
drug,3,DB00669,val
drug,3,DB00677,val
drug,3,DB00694,val
drug,3,DB00696,val
drug,3,DB00697,val
drug,3,DB00701,val
drug,3,DB00718,val
drug,3,DB00723,val
drug,3,DB00740,val
drug,3,DB00745,val
drug,3,DB00750,val
drug,3,DB00751,val
drug,3,DB00768,val
drug,3,DB00770,val
drug,3,DB00772,val
drug,3,DB00776,val
drug,3,DB00791,val
drug,3,DB00795,val
drug,3,DB00809,val
drug,3,DB00811,val
drug,3,DB00813,val
drug,3,DB00816,val
drug,3,DB00823,val
drug,3,DB00827,val
drug,3,DB00828,val
drug,3,DB00832,val
drug,3,DB00838,val
drug,3,DB00859,val
drug,3,DB00861,val
drug,3,DB00876,val
drug,3,DB00889,val
drug,3,DB00894,val
drug,3,DB00897,val
drug,3,DB00905,val
drug,3,DB00907,val
drug,3,DB00916,val
drug,3,DB00919,val
drug,3,DB00920,val
drug,3,DB00931,val
drug,3,DB00933,val
drug,3,DB00937,val
drug,3,DB00938,val
drug,3,DB00939,val
drug,3,DB00968,val
drug,3,DB01007,val
drug,3,DB01021,val
drug,3,DB01028,val
drug,3,DB01047,val
drug,3,DB01058,val
drug,3,DB01059,val
drug,3,DB01060,val
drug,3,DB01072,val
drug,3,DB01084,val
drug,3,DB01093,val
drug,3,DB01114,val
drug,3,DB01118,val
drug,3,DB01127,val
drug,3,DB01129,val
drug,3,DB01138,val
drug,3,DB01144,val
drug,3,DB01154,val
drug,3,DB01157,val
drug,3,DB01164,val
drug,3,DB01174,val
drug,3,DB01176,val
drug,3,DB01185,val
drug,3,DB01186,val
drug,3,DB01189,val
drug,3,DB01190,val
drug,3,DB01203,val
drug,3,DB01204,val
drug,3,DB01206,val
drug,3,DB01227,val
drug,3,DB01240,val
drug,3,DB01241,val
drug,3,DB01245,val
drug,3,DB01250,val
drug,3,DB01254,val
drug,3,DB01259,val
drug,3,DB01261,val
drug,3,DB01263,val
drug,3,DB01275,val
drug,3,DB01325,val
drug,3,DB01327,val
drug,3,DB01332,val
drug,3,DB01362,val
drug,3,DB01365,val
drug,3,DB01369,val
drug,3,DB01380,val
drug,3,DB01392,val
drug,3,DB01396,val
drug,3,DB01401,val
drug,3,DB01403,val
drug,3,DB01406,val
drug,3,DB01424,val
drug,3,DB01427,val
drug,3,DB01440,val
drug,3,DB01501,val
drug,3,DB01577,val
drug,3,DB01579,val
drug,3,DB01581,val
drug,3,DB01582,val
drug,3,DB01592,val
drug,3,DB01601,val
drug,3,DB01602,val
drug,3,DB01606,val
drug,3,DB01611,val
drug,3,DB01618,val
drug,3,DB01685,val
drug,3,DB03796,val
drug,3,DB04571,val
drug,3,DB04835,val
drug,3,DB05015,val
drug,3,DB05351,val
drug,3,DB05381,val
drug,3,DB05521,val
drug,3,DB05541,val
drug,3,DB05630,val
drug,3,DB05676,val
drug,3,DB06147,val
drug,3,DB06267,val
drug,3,DB06282,val
drug,3,DB06292,val
drug,3,DB06402,val
drug,3,DB06412,val
drug,3,DB06694,val
drug,3,DB06697,val
drug,3,DB06710,val
drug,3,DB06711,val
drug,3,DB06716,val
drug,3,DB06729,val
drug,3,DB06788,val
drug,3,DB06802,val
drug,3,DB06826,val
drug,3,DB06827,val
drug,3,DB08800,val
drug,3,DB08820,val
drug,3,DB08873,val
drug,3,DB08875,val
drug,3,DB08880,val
drug,3,DB08882,val
drug,3,DB08899,val
drug,3,DB08901,val
drug,3,DB08910,val
drug,3,DB08918,val
drug,3,DB08931,val
drug,3,DB08954,val
drug,3,DB08974,val
drug,3,DB08976,val
drug,3,DB08984,val
drug,3,DB09020,val
drug,3,DB09047,val
drug,3,DB09055,val
drug,3,DB09068,val
drug,3,DB09075,val
drug,3,DB09076,val
drug,3,DB09162,val
drug,3,DB09185,val
drug,3,DB09212,val
drug,3,DB09215,val
drug,3,DB09220,val
drug,3,DB09223,val
drug,3,DB09224,val
drug,3,DB09231,val
drug,3,DB09236,val
drug,3,DB09269,val
drug,3,DB09275,val
drug,3,DB09279,val
drug,3,DB09280,val
drug,3,DB09282,val
drug,3,DB09283,val
drug,3,DB09290,val
drug,3,DB09320,val
drug,3,DB09322,val
drug,3,DB09414,val
drug,3,DB09516,val
drug,3,DB09555,val
drug,3,DB12070,val
drug,3,DB13146,val
drug,3,DB13450,val
drug,3,DB13874,val
drug,3,DB00006,test
drug,3,DB00035,test
drug,3,DB00080,test
drug,3,DB00104,test
drug,3,DB00115,test
drug,3,DB00153,test
drug,3,DB00162,test
drug,3,DB00177,test
drug,3,DB00185,test
drug,3,DB00195,test
drug,3,DB00198,test
drug,3,DB00222,test
drug,3,DB00231,test
drug,3,DB00237,test
drug,3,DB00248,test
drug,3,DB00252,test
drug,3,DB00255,test
drug,3,DB00260,test
drug,3,DB00262,test
drug,3,DB00268,test
drug,3,DB00273,test
drug,3,DB00278,test
drug,3,DB00282,test
drug,3,DB00290,test
drug,3,DB00295,test
drug,3,DB00314,test
drug,3,DB00330,test
drug,3,DB00336,test
drug,3,DB00359,test
drug,3,DB00362,test
drug,3,DB00373,test
drug,3,DB00385,test
drug,3,DB00387,test
drug,3,DB00390,test
drug,3,DB00391,test
drug,3,DB00399,test
drug,3,DB00412,test
drug,3,DB00423,test
drug,3,DB00426,test
drug,3,DB00438,test
drug,3,DB00440,test
drug,3,DB00451,test
drug,3,DB00458,test
drug,3,DB00480,test
drug,3,DB00485,test
drug,3,DB00494,test
drug,3,DB00495,test
drug,3,DB00498,test
drug,3,DB00503,test
drug,3,DB00550,test
drug,3,DB00556,test
drug,3,DB00560,test
drug,3,DB00567,test
drug,3,DB00570,test
drug,3,DB00571,test
drug,3,DB00575,test
drug,3,DB00598,test
drug,3,DB00601,test
drug,3,DB00602,test
drug,3,DB00607,test
drug,3,DB00609,test
drug,3,DB00614,test
drug,3,DB00633,test
drug,3,DB00655,test
drug,3,DB00663,test
drug,3,DB00671,test
drug,3,DB00710,test
drug,3,DB00712,test
drug,3,DB00719,test
drug,3,DB00749,test
drug,3,DB00752,test
drug,3,DB00753,test
drug,3,DB00754,test
drug,3,DB00757,test
drug,3,DB00759,test
drug,3,DB00760,test
drug,3,DB00771,test
drug,3,DB00781,test
drug,3,DB00784,test
drug,3,DB00790,test
drug,3,DB00794,test
drug,3,DB00804,test
drug,3,DB00814,test
drug,3,DB00817,test
drug,3,DB00821,test
drug,3,DB00822,test
drug,3,DB00831,test
drug,3,DB00834,test
drug,3,DB00836,test
drug,3,DB00847,test
drug,3,DB00857,test
drug,3,DB00871,test
drug,3,DB00875,test
drug,3,DB00877,test
drug,3,DB00880,test
drug,3,DB00898,test
drug,3,DB00899,test
drug,3,DB00925,test
drug,3,DB00927,test
drug,3,DB00929,test
drug,3,DB00944,test
drug,3,DB00948,test
drug,3,DB00949,test
drug,3,DB00962,test
drug,3,DB00964,test
drug,3,DB00967,test
drug,3,DB00972,test
drug,3,DB00977,test
drug,3,DB00978,test
drug,3,DB01000,test
drug,3,DB01001,test
drug,3,DB01030,test
drug,3,DB01051,test
drug,3,DB01075,test
drug,3,DB01076,test
drug,3,DB01082,test
drug,3,DB01104,test
drug,3,DB01108,test
drug,3,DB01110,test
drug,3,DB01111,test
drug,3,DB01120,test
drug,3,DB01122,test
drug,3,DB01126,test
drug,3,DB01130,test
drug,3,DB01135,test
drug,3,DB01139,test
drug,3,DB01147,test
drug,3,DB01149,test
drug,3,DB01150,test
drug,3,DB01151,test
drug,3,DB01159,test
drug,3,DB01180,test
drug,3,DB01184,test
drug,3,DB01191,test
drug,3,DB01192,test
drug,3,DB01195,test
drug,3,DB01196,test
drug,3,DB01198,test
drug,3,DB01212,test
drug,3,DB01213,test
drug,3,DB01214,test
drug,3,DB01219,test
drug,3,DB01229,test
drug,3,DB01232,test
drug,3,DB01243,test
drug,3,DB01244,test
drug,3,DB01248,test
drug,3,DB01256,test
drug,3,DB01282,test
drug,3,DB01284,test
drug,3,DB01296,test
drug,3,DB01303,test
drug,3,DB01319,test
drug,3,DB01329,test
drug,3,DB01330,test
drug,3,DB01345,test
drug,3,DB01359,test
drug,3,DB01370,test
drug,3,DB01399,test
drug,3,DB01411,test
drug,3,DB01413,test
drug,3,DB01422,test
drug,3,DB01426,test
drug,3,DB01466,test
drug,3,DB01589,test
drug,3,DB01590,test
drug,3,DB01656,test
drug,3,DB01764,test
drug,3,DB03585,test
drug,3,DB04272,test
drug,3,DB04552,test
drug,3,DB04711,test
drug,3,DB04842,test
drug,3,DB04845,test
drug,3,DB04846,test
drug,3,DB04871,test
drug,3,DB04876,test
drug,3,DB04930,test
drug,3,DB05039,test
drug,3,DB05271,test
drug,3,DB06155,test
drug,3,DB06213,test
drug,3,DB06216,test
drug,3,DB06218,test
drug,3,DB06243,test
drug,3,DB06263,test
drug,3,DB06268,test
drug,3,DB06401,test
drug,3,DB06410,test
drug,3,DB06594,test
drug,3,DB06654,test
drug,3,DB06698,test
drug,3,DB06699,test
drug,3,DB06700,test
drug,3,DB06704,test
drug,3,DB06709,test
drug,3,DB06723,test
drug,3,DB06725,test
drug,3,DB06736,test
drug,3,DB06739,test
drug,3,DB06777,test
drug,3,DB06792,test
drug,3,DB06800,test
drug,3,DB06813,test
drug,3,DB06819,test
drug,3,DB08798,test
drug,3,DB08806,test
drug,3,DB08814,test
drug,3,DB08826,test
drug,3,DB08827,test
drug,3,DB08874,test
drug,3,DB08895,test
drug,3,DB08897,test
drug,3,DB08903,test
drug,3,DB08913,test
drug,3,DB08916,test
drug,3,DB08932,test
drug,3,DB08934,test
drug,3,DB08993,test
drug,3,DB09009,test
drug,3,DB09038,test
drug,3,DB09041,test
drug,3,DB09060,test
drug,3,DB09063,test
drug,3,DB09072,test
drug,3,DB09084,test
drug,3,DB09118,test
drug,3,DB09120,test
drug,3,DB09130,test
drug,3,DB09146,test
drug,3,DB09242,test
drug,3,DB09281,test
drug,3,DB09285,test
drug,3,DB09286,test
drug,3,DB09289,test
drug,3,DB09297,test
drug,3,DB09338,test
drug,3,DB09477,test
drug,3,DB09499,test
drug,3,DB09543,test
drug,3,DB09570,test
drug,3,DB11093,test
drug,3,DB11136,test
drug,3,DB11148,test
drug,3,DB11362,test
drug,3,DB11574,test
drug,3,DB11614,test
drug,3,DB11641,test
drug,3,DB11994,test
drug,3,DB12026,test
drug,3,DB12278,test
drug,3,DB12332,test
drug,3,DB13139,test
drug,3,DB13158,test
drug,3,DB13747,test
drug,4,DB00006,train
drug,4,DB00014,train
drug,4,DB00027,train
drug,4,DB00080,train
drug,4,DB00091,train
drug,4,DB00115,train
drug,4,DB00122,train
drug,4,DB00126,train
drug,4,DB00130,train
drug,4,DB00134,train
drug,4,DB00140,train
drug,4,DB00142,train
drug,4,DB00146,train
drug,4,DB00152,train
drug,4,DB00163,train
drug,4,DB00165,train
drug,4,DB00169,train
drug,4,DB00175,train
drug,4,DB00176,train
drug,4,DB00178,train
drug,4,DB00179,train
drug,4,DB00180,train
drug,4,DB00181,train
drug,4,DB00182,train
drug,4,DB00186,train
drug,4,DB00187,train
drug,4,DB00188,train
drug,4,DB00189,train
drug,4,DB00190,train
drug,4,DB00191,train
drug,4,DB00195,train
drug,4,DB00198,train
drug,4,DB00199,train
drug,4,DB00203,train
drug,4,DB00204,train
drug,4,DB00205,train
drug,4,DB00206,train
drug,4,DB00208,train
drug,4,DB00209,train
drug,4,DB00211,train
drug,4,DB00212,train
drug,4,DB00213,train
drug,4,DB00214,train
drug,4,DB00215,train
drug,4,DB00216,train
drug,4,DB00219,train
drug,4,DB00220,train
drug,4,DB00221,train
drug,4,DB00222,train
drug,4,DB00223,train
drug,4,DB00227,train
drug,4,DB00228,train
drug,4,DB00229,train
drug,4,DB00231,train
drug,4,DB00232,train
drug,4,DB00233,train
drug,4,DB00235,train
drug,4,DB00238,train
drug,4,DB00239,train
drug,4,DB00240,train
drug,4,DB00244,train
drug,4,DB00246,train
drug,4,DB00247,train
drug,4,DB00248,train
drug,4,DB00250,train
drug,4,DB00253,train
drug,4,DB00254,train
drug,4,DB00255,train
drug,4,DB00256,train
drug,4,DB00257,train
drug,4,DB00258,train
drug,4,DB00259,train
drug,4,DB00260,train
drug,4,DB00262,train
drug,4,DB00264,train
drug,4,DB00266,train
drug,4,DB00271,train
drug,4,DB00273,train
drug,4,DB00274,train
drug,4,DB00275,train
drug,4,DB00276,train
drug,4,DB00278,train
drug,4,DB00279,train
drug,4,DB00281,train
drug,4,DB00282,train
drug,4,DB00283,train
drug,4,DB00284,train
drug,4,DB00285,train
drug,4,DB00287,train
drug,4,DB00288,train
drug,4,DB00289,train
drug,4,DB00290,train
drug,4,DB00292,train
drug,4,DB00293,train
drug,4,DB00294,train
drug,4,DB00295,train
drug,4,DB00296,train
drug,4,DB00297,train
drug,4,DB00298,train
drug,4,DB00300,train
drug,4,DB00301,train
drug,4,DB00302,train
drug,4,DB00303,train
drug,4,DB00304,train
drug,4,DB00305,train
drug,4,DB00307,train
drug,4,DB00308,train
drug,4,DB00309,train
drug,4,DB00310,train
drug,4,DB00313,train
drug,4,DB00314,train
drug,4,DB00315,train
drug,4,DB00316,train
drug,4,DB00317,train
drug,4,DB00318,train
drug,4,DB00319,train
drug,4,DB00320,train
drug,4,DB00321,train
drug,4,DB00322,train
drug,4,DB00323,train
drug,4,DB00324,train
drug,4,DB00325,train
drug,4,DB00327,train
drug,4,DB00328,train
drug,4,DB00330,train
drug,4,DB00331,train
drug,4,DB00333,train
drug,4,DB00334,train
drug,4,DB00336,train
drug,4,DB00337,train
drug,4,DB00338,train
drug,4,DB00341,train
drug,4,DB00343,train
drug,4,DB00345,train
drug,4,DB00347,train
drug,4,DB00350,train
drug,4,DB00351,train
drug,4,DB00352,train
drug,4,DB00356,train
drug,4,DB00358,train
drug,4,DB00359,train
drug,4,DB00360,train
drug,4,DB00361,train
drug,4,DB00362,train
drug,4,DB00363,train
drug,4,DB00364,train
drug,4,DB00366,train
drug,4,DB00367,train
drug,4,DB00370,train
drug,4,DB00373,train
drug,4,DB00374,train
drug,4,DB00376,train
drug,4,DB00381,train
drug,4,DB00387,train
drug,4,DB00388,train
drug,4,DB00391,train
drug,4,DB00392,train
drug,4,DB00394,train
drug,4,DB00395,train
drug,4,DB00396,train
drug,4,DB00397,train
drug,4,DB00399,train
drug,4,DB00401,train
drug,4,DB00404,train
drug,4,DB00405,train
drug,4,DB00408,train
drug,4,DB00409,train
drug,4,DB00410,train
drug,4,DB00411,train
drug,4,DB00419,train
drug,4,DB00420,train
drug,4,DB00421,train
drug,4,DB00422,train
drug,4,DB00423,train
drug,4,DB00425,train
drug,4,DB00430,train
drug,4,DB00432,train
drug,4,DB00433,train
drug,4,DB00435,train
drug,4,DB00436,train
drug,4,DB00440,train
drug,4,DB00441,train
drug,4,DB00442,train
drug,4,DB00443,train
drug,4,DB00445,train
drug,4,DB00446,train
drug,4,DB00448,train
drug,4,DB00454,train
drug,4,DB00455,train
drug,4,DB00457,train
drug,4,DB00458,train
drug,4,DB00460,train
drug,4,DB00465,train
drug,4,DB00467,train
drug,4,DB00468,train
drug,4,DB00469,train
drug,4,DB00470,train
drug,4,DB00471,train
drug,4,DB00474,train
drug,4,DB00475,train
drug,4,DB00477,train
drug,4,DB00479,train
drug,4,DB00480,train
drug,4,DB00482,train
drug,4,DB00483,train
drug,4,DB00485,train
drug,4,DB00486,train
drug,4,DB00487,train
drug,4,DB00488,train
drug,4,DB00489,train
drug,4,DB00491,train
drug,4,DB00492,train
drug,4,DB00493,train
drug,4,DB00494,train
drug,4,DB00496,train
drug,4,DB00497,train
drug,4,DB00498,train
drug,4,DB00499,train
drug,4,DB00501,train
drug,4,DB00502,train
drug,4,DB00503,train
drug,4,DB00504,train
drug,4,DB00508,train
drug,4,DB00511,train
drug,4,DB00512,train
drug,4,DB00513,train
drug,4,DB00514,train
drug,4,DB00518,train
drug,4,DB00519,train
drug,4,DB00520,train
drug,4,DB00521,train
drug,4,DB00524,train
drug,4,DB00525,train
drug,4,DB00527,train
drug,4,DB00528,train
drug,4,DB00530,train
drug,4,DB00531,train
drug,4,DB00535,train
drug,4,DB00539,train
drug,4,DB00540,train
drug,4,DB00541,train
drug,4,DB00542,train
drug,4,DB00543,train
drug,4,DB00544,train
drug,4,DB00546,train
drug,4,DB00548,train
drug,4,DB00550,train
drug,4,DB00551,train
drug,4,DB00552,train
drug,4,DB00556,train
drug,4,DB00557,train
drug,4,DB00560,train
drug,4,DB00561,train
drug,4,DB00562,train
drug,4,DB00563,train
drug,4,DB00564,train
drug,4,DB00567,train
drug,4,DB00568,train
drug,4,DB00569,train
drug,4,DB00570,train
drug,4,DB00572,train
drug,4,DB00573,train
drug,4,DB00575,train
drug,4,DB00576,train
drug,4,DB00578,train
drug,4,DB00581,train
drug,4,DB00582,train
drug,4,DB00583,train
drug,4,DB00585,train
drug,4,DB00589,train
drug,4,DB00590,train
drug,4,DB00591,train
drug,4,DB00592,train
drug,4,DB00593,train
drug,4,DB00594,train
drug,4,DB00596,train
drug,4,DB00598,train
drug,4,DB00599,train
drug,4,DB00601,train
drug,4,DB00602,train
drug,4,DB00603,train
drug,4,DB00605,train
drug,4,DB00606,train
drug,4,DB00607,train
drug,4,DB00608,train
drug,4,DB00609,train
drug,4,DB00610,train
drug,4,DB00611,train
drug,4,DB00612,train
drug,4,DB00613,train
drug,4,DB00615,train
drug,4,DB00617,train
drug,4,DB00618,train
drug,4,DB00619,train
drug,4,DB00621,train
drug,4,DB00622,train
drug,4,DB00623,train
drug,4,DB00624,train
drug,4,DB00625,train
drug,4,DB00626,train
drug,4,DB00627,train
drug,4,DB00629,train
drug,4,DB00630,train
drug,4,DB00631,train
drug,4,DB00633,train
drug,4,DB00634,train
drug,4,DB00635,train
drug,4,DB00636,train
drug,4,DB00637,train
drug,4,DB00639,train
drug,4,DB00641,train
drug,4,DB00642,train
drug,4,DB00643,train
drug,4,DB00645,train
drug,4,DB00646,train
drug,4,DB00647,train
drug,4,DB00648,train
drug,4,DB00649,train
drug,4,DB00650,train
drug,4,DB00651,train
drug,4,DB00652,train
drug,4,DB00653,train
drug,4,DB00656,train
drug,4,DB00657,train
drug,4,DB00658,train
drug,4,DB00660,train
drug,4,DB00661,train
drug,4,DB00662,train
drug,4,DB00663,train
drug,4,DB00665,train
drug,4,DB00666,train
drug,4,DB00668,train
drug,4,DB00669,train
drug,4,DB00671,train
drug,4,DB00672,train
drug,4,DB00673,train
drug,4,DB00674,train
drug,4,DB00675,train
drug,4,DB00677,train
drug,4,DB00678,train
drug,4,DB00679,train
drug,4,DB00680,train
drug,4,DB00681,train
drug,4,DB00683,train
drug,4,DB00684,train
drug,4,DB00688,train
drug,4,DB00690,train
drug,4,DB00691,train
drug,4,DB00692,train
drug,4,DB00694,train
drug,4,DB00695,train
drug,4,DB00696,train
drug,4,DB00698,train
drug,4,DB00699,train
drug,4,DB00700,train
drug,4,DB00701,train
drug,4,DB00703,train
drug,4,DB00704,train
drug,4,DB00705,train
drug,4,DB00706,train
drug,4,DB00708,train
drug,4,DB00710,train
drug,4,DB00711,train
drug,4,DB00712,train
drug,4,DB00715,train
drug,4,DB00717,train
drug,4,DB00718,train
drug,4,DB00719,train
drug,4,DB00723,train
drug,4,DB00724,train
drug,4,DB00727,train
drug,4,DB00730,train
drug,4,DB00732,train
drug,4,DB00734,train
drug,4,DB00740,train
drug,4,DB00743,train
drug,4,DB00744,train
drug,4,DB00746,train
drug,4,DB00747,train
drug,4,DB00749,train
drug,4,DB00750,train
drug,4,DB00751,train
drug,4,DB00752,train
drug,4,DB00753,train
drug,4,DB00755,train
drug,4,DB00757,train
drug,4,DB00758,train
drug,4,DB00759,train
drug,4,DB00762,train
drug,4,DB00763,train
drug,4,DB00765,train
drug,4,DB00766,train
drug,4,DB00768,train
drug,4,DB00770,train
drug,4,DB00771,train
drug,4,DB00773,train
drug,4,DB00775,train
drug,4,DB00776,train
drug,4,DB00778,train
drug,4,DB00779,train
drug,4,DB00781,train
drug,4,DB00782,train
drug,4,DB00783,train
drug,4,DB00784,train
drug,4,DB00788,train
drug,4,DB00790,train
drug,4,DB00792,train
drug,4,DB00793,train
drug,4,DB00794,train
drug,4,DB00795,train
drug,4,DB00796,train
drug,4,DB00797,train
drug,4,DB00799,train
drug,4,DB00800,train
drug,4,DB00801,train
drug,4,DB00802,train
drug,4,DB00804,train
drug,4,DB00806,train
drug,4,DB00810,train
drug,4,DB00811,train
drug,4,DB00813,train
drug,4,DB00816,train
drug,4,DB00819,train
drug,4,DB00820,train
drug,4,DB00823,train
drug,4,DB00827,train
drug,4,DB00829,train
drug,4,DB00830,train
drug,4,DB00831,train
drug,4,DB00832,train
drug,4,DB00833,train
drug,4,DB00834,train
drug,4,DB00836,train
drug,4,DB00838,train
drug,4,DB00841,train
drug,4,DB00843,train
drug,4,DB00844,train
drug,4,DB00845,train
drug,4,DB00846,train
drug,4,DB00847,train
drug,4,DB00849,train
drug,4,DB00852,train
drug,4,DB00853,train
drug,4,DB00854,train
drug,4,DB00857,train
drug,4,DB00859,train
drug,4,DB00860,train
drug,4,DB00861,train
drug,4,DB00862,train
drug,4,DB00863,train
drug,4,DB00864,train
drug,4,DB00865,train
drug,4,DB00867,train
drug,4,DB00869,train
drug,4,DB00870,train
drug,4,DB00872,train
drug,4,DB00873,train
drug,4,DB00875,train
drug,4,DB00876,train
drug,4,DB00877,train
drug,4,DB00879,train
drug,4,DB00881,train
drug,4,DB00882,train
drug,4,DB00883,train
drug,4,DB00884,train
drug,4,DB00885,train
drug,4,DB00887,train
drug,4,DB00888,train
drug,4,DB00890,train
drug,4,DB00891,train
drug,4,DB00892,train
drug,4,DB00894,train
drug,4,DB00896,train
drug,4,DB00898,train
drug,4,DB00899,train
drug,4,DB00900,train
drug,4,DB00904,train
drug,4,DB00905,train
drug,4,DB00906,train
drug,4,DB00908,train
drug,4,DB00910,train
drug,4,DB00911,train
drug,4,DB00912,train
drug,4,DB00914,train
drug,4,DB00915,train
drug,4,DB00916,train
drug,4,DB00919,train
drug,4,DB00920,train
drug,4,DB00923,train
drug,4,DB00924,train
drug,4,DB00925,train
drug,4,DB00927,train
drug,4,DB00928,train
drug,4,DB00929,train
drug,4,DB00931,train
drug,4,DB00933,train
drug,4,DB00934,train
drug,4,DB00935,train
drug,4,DB00936,train
drug,4,DB00939,train
drug,4,DB00940,train
drug,4,DB00943,train
drug,4,DB00944,train
drug,4,DB00946,train
drug,4,DB00947,train
drug,4,DB00948,train
drug,4,DB00949,train
drug,4,DB00951,train
drug,4,DB00952,train
drug,4,DB00954,train
drug,4,DB00955,train
drug,4,DB00957,train
drug,4,DB00958,train
drug,4,DB00959,train
drug,4,DB00960,train
drug,4,DB00962,train
drug,4,DB00964,train
drug,4,DB00966,train
drug,4,DB00967,train
drug,4,DB00969,train
drug,4,DB00970,train
drug,4,DB00973,train
drug,4,DB00974,train
drug,4,DB00976,train
drug,4,DB00977,train
drug,4,DB00978,train
drug,4,DB00980,train
drug,4,DB00981,train
drug,4,DB00982,train
drug,4,DB00986,train
drug,4,DB00987,train
drug,4,DB00988,train
drug,4,DB00990,train
drug,4,DB00992,train
drug,4,DB00996,train
drug,4,DB00999,train
drug,4,DB01001,train
drug,4,DB01002,train
drug,4,DB01004,train
drug,4,DB01005,train
drug,4,DB01006,train
drug,4,DB01007,train
drug,4,DB01008,train
drug,4,DB01009,train
drug,4,DB01010,train
drug,4,DB01012,train
drug,4,DB01013,train
drug,4,DB01016,train
drug,4,DB01017,train
drug,4,DB01019,train
drug,4,DB01021,train
drug,4,DB01026,train
drug,4,DB01029,train
drug,4,DB01030,train
drug,4,DB01032,train
drug,4,DB01033,train
drug,4,DB01034,train
drug,4,DB01035,train
drug,4,DB01037,train
drug,4,DB01041,train
drug,4,DB01043,train
drug,4,DB01045,train
drug,4,DB01047,train
drug,4,DB01048,train
drug,4,DB01053,train
drug,4,DB01057,train
drug,4,DB01058,train
drug,4,DB01059,train
drug,4,DB01060,train
drug,4,DB01061,train
drug,4,DB01062,train
drug,4,DB01063,train
drug,4,DB01065,train
drug,4,DB01066,train
drug,4,DB01067,train
drug,4,DB01069,train
drug,4,DB01070,train
drug,4,DB01071,train
drug,4,DB01072,train
drug,4,DB01077,train
drug,4,DB01078,train
drug,4,DB01082,train
drug,4,DB01083,train
drug,4,DB01086,train
drug,4,DB01087,train
drug,4,DB01088,train
drug,4,DB01089,train
drug,4,DB01090,train
drug,4,DB01091,train
drug,4,DB01092,train
drug,4,DB01093,train
drug,4,DB01096,train
drug,4,DB01098,train
drug,4,DB01099,train
drug,4,DB01100,train
drug,4,DB01101,train
drug,4,DB01102,train
drug,4,DB01104,train
drug,4,DB01105,train
drug,4,DB01106,train
drug,4,DB01110,train
drug,4,DB01113,train
drug,4,DB01115,train
drug,4,DB01116,train
drug,4,DB01117,train
drug,4,DB01118,train
drug,4,DB01122,train
drug,4,DB01126,train
drug,4,DB01128,train
drug,4,DB01129,train
drug,4,DB01130,train
drug,4,DB01131,train
drug,4,DB01132,train
drug,4,DB01135,train
drug,4,DB01136,train
drug,4,DB01137,train
drug,4,DB01140,train
drug,4,DB01141,train
drug,4,DB01142,train
drug,4,DB01143,train
drug,4,DB01147,train
drug,4,DB01149,train
drug,4,DB01150,train
drug,4,DB01151,train
drug,4,DB01153,train
drug,4,DB01154,train
drug,4,DB01155,train
drug,4,DB01156,train
drug,4,DB01157,train
drug,4,DB01158,train
drug,4,DB01160,train
drug,4,DB01162,train
drug,4,DB01164,train
drug,4,DB01165,train
drug,4,DB01166,train
drug,4,DB01168,train
drug,4,DB01169,train
drug,4,DB01170,train
drug,4,DB01173,train
drug,4,DB01174,train
drug,4,DB01176,train
drug,4,DB01177,train
drug,4,DB01180,train
drug,4,DB01181,train
drug,4,DB01182,train
drug,4,DB01184,train
drug,4,DB01185,train
drug,4,DB01190,train
drug,4,DB01191,train
drug,4,DB01192,train
drug,4,DB01193,train
drug,4,DB01195,train
drug,4,DB01196,train
drug,4,DB01198,train
drug,4,DB01200,train
drug,4,DB01201,train
drug,4,DB01202,train
drug,4,DB01205,train
drug,4,DB01206,train
drug,4,DB01207,train
drug,4,DB01208,train
drug,4,DB01209,train
drug,4,DB01210,train
drug,4,DB01212,train
drug,4,DB01214,train
drug,4,DB01215,train
drug,4,DB01216,train
drug,4,DB01218,train
drug,4,DB01219,train
drug,4,DB01220,train
drug,4,DB01221,train
drug,4,DB01222,train
drug,4,DB01223,train
drug,4,DB01224,train
drug,4,DB01227,train
drug,4,DB01229,train
drug,4,DB01232,train
drug,4,DB01233,train
drug,4,DB01235,train
drug,4,DB01236,train
drug,4,DB01238,train
drug,4,DB01240,train
drug,4,DB01242,train
drug,4,DB01243,train
drug,4,DB01244,train
drug,4,DB01247,train
drug,4,DB01248,train
drug,4,DB01249,train
drug,4,DB01250,train
drug,4,DB01251,train
drug,4,DB01252,train
drug,4,DB01254,train
drug,4,DB01255,train
drug,4,DB01259,train
drug,4,DB01260,train
drug,4,DB01261,train
drug,4,DB01263,train
drug,4,DB01264,train
drug,4,DB01273,train
drug,4,DB01274,train
drug,4,DB01280,train
drug,4,DB01294,train
drug,4,DB01295,train
drug,4,DB01297,train
drug,4,DB01298,train
drug,4,DB01299,train
drug,4,DB01301,train
drug,4,DB01303,train
drug,4,DB01320,train
drug,4,DB01321,train
drug,4,DB01324,train
drug,4,DB01325,train
drug,4,DB01326,train
drug,4,DB01328,train
drug,4,DB01329,train
drug,4,DB01330,train
drug,4,DB01331,train
drug,4,DB01332,train
drug,4,DB01333,train
drug,4,DB01336,train
drug,4,DB01337,train
drug,4,DB01338,train
drug,4,DB01340,train
drug,4,DB01348,train
drug,4,DB01351,train
drug,4,DB01355,train
drug,4,DB01357,train
drug,4,DB01359,train
drug,4,DB01362,train
drug,4,DB01364,train
drug,4,DB01366,train
drug,4,DB01367,train
drug,4,DB01369,train
drug,4,DB01370,train
drug,4,DB01377,train
drug,4,DB01378,train
drug,4,DB01380,train
drug,4,DB01384,train
drug,4,DB01390,train
drug,4,DB01392,train
drug,4,DB01393,train
drug,4,DB01394,train
drug,4,DB01395,train
drug,4,DB01396,train
drug,4,DB01401,train
drug,4,DB01403,train
drug,4,DB01407,train
drug,4,DB01408,train
drug,4,DB01410,train
drug,4,DB01412,train
drug,4,DB01413,train
drug,4,DB01414,train
drug,4,DB01415,train
drug,4,DB01416,train
drug,4,DB01420,train
drug,4,DB01421,train
drug,4,DB01424,train
drug,4,DB01427,train
drug,4,DB01429,train
drug,4,DB01433,train
drug,4,DB01435,train
drug,4,DB01436,train
drug,4,DB01437,train
drug,4,DB01438,train
drug,4,DB01466,train
drug,4,DB01489,train
drug,4,DB01501,train
drug,4,DB01511,train
drug,4,DB01551,train
drug,4,DB01553,train
drug,4,DB01558,train
drug,4,DB01563,train
drug,4,DB01577,train
drug,4,DB01578,train
drug,4,DB01579,train
drug,4,DB01580,train
drug,4,DB01581,train
drug,4,DB01582,train
drug,4,DB01586,train
drug,4,DB01590,train
drug,4,DB01591,train
drug,4,DB01597,train
drug,4,DB01598,train
drug,4,DB01600,train
drug,4,DB01601,train
drug,4,DB01603,train
drug,4,DB01604,train
drug,4,DB01605,train
drug,4,DB01607,train
drug,4,DB01609,train
drug,4,DB01611,train
drug,4,DB01612,train
drug,4,DB01613,train
drug,4,DB01615,train
drug,4,DB01618,train
drug,4,DB01620,train
drug,4,DB01622,train
drug,4,DB01623,train
drug,4,DB01624,train
drug,4,DB01626,train
drug,4,DB01628,train
drug,4,DB01656,train
drug,4,DB01685,train
drug,4,DB01708,train
drug,4,DB01764,train
drug,4,DB01878,train
drug,4,DB02187,train
drug,4,DB02300,train
drug,4,DB02513,train
drug,4,DB02546,train
drug,4,DB02659,train
drug,4,DB02701,train
drug,4,DB02709,train
drug,4,DB02959,train
drug,4,DB03615,train
drug,4,DB03619,train
drug,4,DB03754,train
drug,4,DB03793,train
drug,4,DB04339,train
drug,4,DB04552,train
drug,4,DB04571,train
drug,4,DB04574,train
drug,4,DB04575,train
drug,4,DB04576,train
drug,4,DB04711,train
drug,4,DB04839,train
drug,4,DB04840,train
drug,4,DB04841,train
drug,4,DB04845,train
drug,4,DB04854,train
drug,4,DB04855,train
drug,4,DB04861,train
drug,4,DB04865,train
drug,4,DB04868,train
drug,4,DB04871,train
drug,4,DB04876,train
drug,4,DB04878,train
drug,4,DB04894,train
drug,4,DB04896,train
drug,4,DB04898,train
drug,4,DB04911,train
drug,4,DB04918,train
drug,4,DB04920,train
drug,4,DB04938,train
drug,4,DB04946,train
drug,4,DB04948,train
drug,4,DB04951,train
drug,4,DB04953,train
drug,4,DB04967,train
drug,4,DB05039,train
drug,4,DB05109,train
drug,4,DB05219,train
drug,4,DB05239,train
drug,4,DB05260,train
drug,4,DB05265,train
drug,4,DB05266,train
drug,4,DB05271,train
drug,4,DB05294,train
drug,4,DB05316,train
drug,4,DB05351,train
drug,4,DB05528,train
drug,4,DB05541,train
drug,4,DB05630,train
drug,4,DB05676,train
drug,4,DB05812,train
drug,4,DB05990,train
drug,4,DB06016,train
drug,4,DB06144,train
drug,4,DB06148,train
drug,4,DB06152,train
drug,4,DB06154,train
drug,4,DB06155,train
drug,4,DB06176,train
drug,4,DB06193,train
drug,4,DB06202,train
drug,4,DB06204,train
drug,4,DB06206,train
drug,4,DB06207,train
drug,4,DB06210,train
drug,4,DB06211,train
drug,4,DB06212,train
drug,4,DB06213,train
drug,4,DB06216,train
drug,4,DB06218,train
drug,4,DB06237,train
drug,4,DB06243,train
drug,4,DB06262,train
drug,4,DB06264,train
drug,4,DB06267,train
drug,4,DB06268,train
drug,4,DB06282,train
drug,4,DB06287,train
drug,4,DB06288,train
drug,4,DB06290,train
drug,4,DB06292,train
drug,4,DB06335,train
drug,4,DB06410,train
drug,4,DB06412,train
drug,4,DB06413,train
drug,4,DB06414,train
drug,4,DB06441,train
drug,4,DB06589,train
drug,4,DB06594,train
drug,4,DB06603,train
drug,4,DB06605,train
drug,4,DB06626,train
drug,4,DB06637,train
drug,4,DB06654,train
drug,4,DB06663,train
drug,4,DB06691,train
drug,4,DB06694,train
drug,4,DB06695,train
drug,4,DB06696,train
drug,4,DB06697,train
drug,4,DB06698,train
drug,4,DB06699,train
drug,4,DB06700,train
drug,4,DB06701,train
drug,4,DB06702,train
drug,4,DB06704,train
drug,4,DB06708,train
drug,4,DB06709,train
drug,4,DB06710,train
drug,4,DB06711,train
drug,4,DB06712,train
drug,4,DB06713,train
drug,4,DB06716,train
drug,4,DB06717,train
drug,4,DB06736,train
drug,4,DB06737,train
drug,4,DB06738,train
drug,4,DB06739,train
drug,4,DB06742,train
drug,4,DB06764,train
drug,4,DB06767,train
drug,4,DB06770,train
drug,4,DB06771,train
drug,4,DB06772,train
drug,4,DB06774,train
drug,4,DB06777,train
drug,4,DB06781,train
drug,4,DB06786,train
drug,4,DB06788,train
drug,4,DB06791,train
drug,4,DB06795,train
drug,4,DB06799,train
drug,4,DB06800,train
drug,4,DB06802,train
drug,4,DB06804,train
drug,4,DB06813,train
drug,4,DB06817,train
drug,4,DB06819,train
drug,4,DB06820,train
drug,4,DB06824,train
drug,4,DB06825,train
drug,4,DB06826,train
drug,4,DB06827,train
drug,4,DB07615,train
drug,4,DB08439,train
drug,4,DB08795,train
drug,4,DB08796,train
drug,4,DB08797,train
drug,4,DB08798,train
drug,4,DB08800,train
drug,4,DB08801,train
drug,4,DB08802,train
drug,4,DB08804,train
drug,4,DB08806,train
drug,4,DB08807,train
drug,4,DB08811,train
drug,4,DB08814,train
drug,4,DB08815,train
drug,4,DB08816,train
drug,4,DB08819,train
drug,4,DB08820,train
drug,4,DB08822,train
drug,4,DB08824,train
drug,4,DB08827,train
drug,4,DB08860,train
drug,4,DB08864,train
drug,4,DB08865,train
drug,4,DB08867,train
drug,4,DB08868,train
drug,4,DB08869,train
drug,4,DB08871,train
drug,4,DB08873,train
drug,4,DB08875,train
drug,4,DB08877,train
drug,4,DB08880,train
drug,4,DB08881,train
drug,4,DB08882,train
drug,4,DB08883,train
drug,4,DB08887,train
drug,4,DB08893,train
drug,4,DB08896,train
drug,4,DB08899,train
drug,4,DB08903,train
drug,4,DB08905,train
drug,4,DB08907,train
drug,4,DB08908,train
drug,4,DB08909,train
drug,4,DB08910,train
drug,4,DB08911,train
drug,4,DB08912,train
drug,4,DB08913,train
drug,4,DB08916,train
drug,4,DB08918,train
drug,4,DB08922,train
drug,4,DB08931,train
drug,4,DB08932,train
drug,4,DB08933,train
drug,4,DB08934,train
drug,4,DB08938,train
drug,4,DB08947,train
drug,4,DB08954,train
drug,4,DB08958,train
drug,4,DB08964,train
drug,4,DB08967,train
drug,4,DB08970,train
drug,4,DB08971,train
drug,4,DB08974,train
drug,4,DB08981,train
drug,4,DB08983,train
drug,4,DB08987,train
drug,4,DB08991,train
drug,4,DB08993,train
drug,4,DB08994,train
drug,4,DB08996,train
drug,4,DB09000,train
drug,4,DB09008,train
drug,4,DB09018,train
drug,4,DB09020,train
drug,4,DB09021,train
drug,4,DB09026,train
drug,4,DB09027,train
drug,4,DB09030,train
drug,4,DB09031,train
drug,4,DB09039,train
drug,4,DB09040,train
drug,4,DB09047,train
drug,4,DB09049,train
drug,4,DB09053,train
drug,4,DB09054,train
drug,4,DB09055,train
drug,4,DB09061,train
drug,4,DB09068,train
drug,4,DB09069,train
drug,4,DB09070,train
drug,4,DB09071,train
drug,4,DB09072,train
drug,4,DB09073,train
drug,4,DB09074,train
drug,4,DB09075,train
drug,4,DB09076,train
drug,4,DB09078,train
drug,4,DB09079,train
drug,4,DB09080,train
drug,4,DB09082,train
drug,4,DB09083,train
drug,4,DB09084,train
drug,4,DB09085,train
drug,4,DB09094,train
drug,4,DB09096,train
drug,4,DB09097,train
drug,4,DB09099,train
drug,4,DB09101,train
drug,4,DB09102,train
drug,4,DB09104,train
drug,4,DB09118,train
drug,4,DB09119,train
drug,4,DB09120,train
drug,4,DB09124,train
drug,4,DB09130,train
drug,4,DB09134,train
drug,4,DB09135,train
drug,4,DB09143,train
drug,4,DB09146,train
drug,4,DB09147,train
drug,4,DB09153,train
drug,4,DB09154,train
drug,4,DB09162,train
drug,4,DB09166,train
drug,4,DB09167,train
drug,4,DB09183,train
drug,4,DB09185,train
drug,4,DB09209,train
drug,4,DB09211,train
drug,4,DB09212,train
drug,4,DB09214,train
drug,4,DB09215,train
drug,4,DB09216,train
drug,4,DB09218,train
drug,4,DB09221,train
drug,4,DB09223,train
drug,4,DB09227,train
drug,4,DB09231,train
drug,4,DB09232,train
drug,4,DB09238,train
drug,4,DB09241,train
drug,4,DB09244,train
drug,4,DB09245,train
drug,4,DB09256,train
drug,4,DB09262,train
drug,4,DB09265,train
drug,4,DB09269,train
drug,4,DB09270,train
drug,4,DB09272,train
drug,4,DB09273,train
drug,4,DB09274,train
drug,4,DB09276,train
drug,4,DB09278,train
drug,4,DB09279,train
drug,4,DB09280,train
drug,4,DB09281,train
drug,4,DB09283,train
drug,4,DB09289,train
drug,4,DB09290,train
drug,4,DB09291,train
drug,4,DB09293,train
drug,4,DB09296,train
drug,4,DB09300,train
drug,4,DB09321,train
drug,4,DB09322,train
drug,4,DB09324,train
drug,4,DB09330,train
drug,4,DB09338,train
drug,4,DB09389,train
drug,4,DB09396,train
drug,4,DB09449,train
drug,4,DB09462,train
drug,4,DB09477,train
drug,4,DB09536,train
drug,4,DB09543,train
drug,4,DB09555,train
drug,4,DB09561,train
drug,4,DB09570,train
drug,4,DB11093,train
drug,4,DB11106,train
drug,4,DB11121,train
drug,4,DB11126,train
drug,4,DB11136,train
drug,4,DB11148,train
drug,4,DB11231,train
drug,4,DB11235,train
drug,4,DB11254,train
drug,4,DB11256,train
drug,4,DB11268,train
drug,4,DB11315,train
drug,4,DB11342,train
drug,4,DB11348,train
drug,4,DB11362,train
drug,4,DB11363,train
drug,4,DB11574,train
drug,4,DB11575,train
drug,4,DB11581,train
drug,4,DB11586,train
drug,4,DB11596,train
drug,4,DB11609,train
drug,4,DB11613,train
drug,4,DB11614,train
drug,4,DB11619,train
drug,4,DB11633,train
drug,4,DB11636,train
drug,4,DB11641,train
drug,4,DB11660,train
drug,4,DB11691,train
drug,4,DB11699,train
drug,4,DB11730,train
drug,4,DB11793,train
drug,4,DB11817,train
drug,4,DB11828,train
drug,4,DB11915,train
drug,4,DB11921,train
drug,4,DB11943,train
drug,4,DB11989,train
drug,4,DB12001,train
drug,4,DB12070,train
drug,4,DB12161,train
drug,4,DB12267,train
drug,4,DB12364,train
drug,4,DB12598,train
drug,4,DB12924,train
drug,4,DB13025,train
drug,4,DB13145,train
drug,4,DB13146,train
drug,4,DB13153,train
drug,4,DB13158,train
drug,4,DB13179,train
drug,4,DB13231,train
drug,4,DB13323,train
drug,4,DB13595,train
drug,4,DB13783,train
drug,4,DB13874,train
drug,4,DB13879,train
drug,4,DB13925,train
drug,4,DB00035,val
drug,4,DB00120,val
drug,4,DB00153,val
drug,4,DB00162,val
drug,4,DB00166,val
drug,4,DB00177,val
drug,4,DB00184,val
drug,4,DB00196,val
drug,4,DB00202,val
drug,4,DB00210,val
drug,4,DB00217,val
drug,4,DB00230,val
drug,4,DB00234,val
drug,4,DB00241,val
drug,4,DB00243,val
drug,4,DB00261,val
drug,4,DB00263,val
drug,4,DB00270,val
drug,4,DB00291,val
drug,4,DB00312,val
drug,4,DB00326,val
drug,4,DB00332,val
drug,4,DB00340,val
drug,4,DB00349,val
drug,4,DB00353,val
drug,4,DB00354,val
drug,4,DB00355,val
drug,4,DB00357,val
drug,4,DB00371,val
drug,4,DB00377,val
drug,4,DB00384,val
drug,4,DB00385,val
drug,4,DB00389,val
drug,4,DB00390,val
drug,4,DB00393,val
drug,4,DB00398,val
drug,4,DB00400,val
drug,4,DB00412,val
drug,4,DB00415,val
drug,4,DB00424,val
drug,4,DB00426,val
drug,4,DB00427,val
drug,4,DB00434,val
drug,4,DB00449,val
drug,4,DB00450,val
drug,4,DB00451,val
drug,4,DB00452,val
drug,4,DB00459,val
drug,4,DB00476,val
drug,4,DB00484,val
drug,4,DB00495,val
drug,4,DB00517,val
drug,4,DB00526,val
drug,4,DB00529,val
drug,4,DB00565,val
drug,4,DB00571,val
drug,4,DB00584,val
drug,4,DB00586,val
drug,4,DB00588,val
drug,4,DB00614,val
drug,4,DB00620,val
drug,4,DB00655,val
drug,4,DB00697,val
drug,4,DB00709,val
drug,4,DB00714,val
drug,4,DB00721,val
drug,4,DB00731,val
drug,4,DB00742,val
drug,4,DB00745,val
drug,4,DB00754,val
drug,4,DB00760,val
drug,4,DB00761,val
drug,4,DB00764,val
drug,4,DB00769,val
drug,4,DB00772,val
drug,4,DB00774,val
drug,4,DB00780,val
drug,4,DB00787,val
drug,4,DB00803,val
drug,4,DB00805,val
drug,4,DB00808,val
drug,4,DB00809,val
drug,4,DB00814,val
drug,4,DB00817,val
drug,4,DB00818,val
drug,4,DB00837,val
drug,4,DB00839,val
drug,4,DB00842,val
drug,4,DB00855,val
drug,4,DB00880,val
drug,4,DB00889,val
drug,4,DB00897,val
drug,4,DB00907,val
drug,4,DB00909,val
drug,4,DB00917,val
drug,4,DB00937,val
drug,4,DB00938,val
drug,4,DB00953,val
drug,4,DB00963,val
drug,4,DB00972,val
drug,4,DB00975,val
drug,4,DB00983,val
drug,4,DB00985,val
drug,4,DB00989,val
drug,4,DB00993,val
drug,4,DB00997,val
drug,4,DB00998,val
drug,4,DB01011,val
drug,4,DB01014,val
drug,4,DB01015,val
drug,4,DB01020,val
drug,4,DB01022,val
drug,4,DB01039,val
drug,4,DB01044,val
drug,4,DB01046,val
drug,4,DB01054,val
drug,4,DB01075,val
drug,4,DB01076,val
drug,4,DB01080,val
drug,4,DB01095,val
drug,4,DB01103,val
drug,4,DB01107,val
drug,4,DB01108,val
drug,4,DB01111,val
drug,4,DB01112,val
drug,4,DB01114,val
drug,4,DB01119,val
drug,4,DB01120,val
drug,4,DB01127,val
drug,4,DB01133,val
drug,4,DB01139,val
drug,4,DB01144,val
drug,4,DB01167,val
drug,4,DB01171,val
drug,4,DB01175,val
drug,4,DB01179,val
drug,4,DB01183,val
drug,4,DB01188,val
drug,4,DB01204,val
drug,4,DB01211,val
drug,4,DB01226,val
drug,4,DB01253,val
drug,4,DB01262,val
drug,4,DB01267,val
drug,4,DB01283,val
drug,4,DB01284,val
drug,4,DB01288,val
drug,4,DB01289,val
drug,4,DB01327,val
drug,4,DB01345,val
drug,4,DB01356,val
drug,4,DB01418,val
drug,4,DB01422,val
drug,4,DB01426,val
drug,4,DB01452,val
drug,4,DB01463,val
drug,4,DB01544,val
drug,4,DB01545,val
drug,4,DB01567,val
drug,4,DB01576,val
drug,4,DB01588,val
drug,4,DB01592,val
drug,4,DB01595,val
drug,4,DB01599,val
drug,4,DB01602,val
drug,4,DB01608,val
drug,4,DB01627,val
drug,4,DB02703,val
drug,4,DB03756,val
drug,4,DB03796,val
drug,4,DB04272,val
drug,4,DB04570,val
drug,4,DB04572,val
drug,4,DB04743,val
drug,4,DB04786,val
drug,4,DB04844,val
drug,4,DB05015,val
drug,4,DB05245,val
drug,4,DB05246,val
drug,4,DB05521,val
drug,4,DB06145,val
drug,4,DB06201,val
drug,4,DB06217,val
drug,4,DB06263,val
drug,4,DB06274,val
drug,4,DB06480,val
drug,4,DB06595,val
drug,4,DB06636,val
drug,4,DB06689,val
drug,4,DB06706,val
drug,4,DB06707,val
drug,4,DB06715,val
drug,4,DB06718,val
drug,4,DB06723,val
drug,4,DB06724,val
drug,4,DB06725,val
drug,4,DB06766,val
drug,4,DB06792,val
drug,4,DB06794,val
drug,4,DB06803,val
drug,4,DB06810,val
drug,4,DB06816,val
drug,4,DB08826,val
drug,4,DB08828,val
drug,4,DB08884,val
drug,4,DB08889,val
drug,4,DB08895,val
drug,4,DB08906,val
drug,4,DB08930,val
drug,4,DB08941,val
drug,4,DB08943,val
drug,4,DB08957,val
drug,4,DB08965,val
drug,4,DB08976,val
drug,4,DB09009,val
drug,4,DB09017,val
drug,4,DB09041,val
drug,4,DB09042,val
drug,4,DB09048,val
drug,4,DB09065,val
drug,4,DB09087,val
drug,4,DB09123,val
drug,4,DB09125,val
drug,4,DB09156,val
drug,4,DB09161,val
drug,4,DB09198,val
drug,4,DB09210,val
drug,4,DB09224,val
drug,4,DB09235,val
drug,4,DB09257,val
drug,4,DB09268,val
drug,4,DB09275,val
drug,4,DB09277,val
drug,4,DB09282,val
drug,4,DB09286,val
drug,4,DB09288,val
drug,4,DB09297,val
drug,4,DB09320,val
drug,4,DB09323,val
drug,4,DB09342,val
drug,4,DB09343,val
drug,4,DB09345,val
drug,4,DB09352,val
drug,4,DB09414,val
drug,4,DB09516,val
drug,4,DB11135,val
drug,4,DB11737,val
drug,4,DB11994,val
drug,4,DB12026,val
drug,4,DB12278,val
drug,4,DB12532,val
drug,4,DB13142,val
drug,4,DB13450,val
drug,4,DB13747,val
drug,4,DB13872,val
drug,4,DB00104,test
drug,4,DB00136,test
drug,4,DB00150,test
drug,4,DB00158,test
drug,4,DB00170,test
drug,4,DB00185,test
drug,4,DB00193,test
drug,4,DB00201,test
drug,4,DB00207,test
drug,4,DB00218,test
drug,4,DB00224,test
drug,4,DB00226,test
drug,4,DB00236,test
drug,4,DB00237,test
drug,4,DB00242,test
drug,4,DB00245,test
drug,4,DB00251,test
drug,4,DB00252,test
drug,4,DB00267,test
drug,4,DB00268,test
drug,4,DB00277,test
drug,4,DB00280,test
drug,4,DB00335,test
drug,4,DB00339,test
drug,4,DB00344,test
drug,4,DB00346,test
drug,4,DB00368,test
drug,4,DB00369,test
drug,4,DB00378,test
drug,4,DB00379,test
drug,4,DB00380,test
drug,4,DB00402,test
drug,4,DB00413,test
drug,4,DB00417,test
drug,4,DB00418,test
drug,4,DB00428,test
drug,4,DB00429,test
drug,4,DB00437,test
drug,4,DB00438,test
drug,4,DB00444,test
drug,4,DB00453,test
drug,4,DB00456,test
drug,4,DB00461,test
drug,4,DB00462,test
drug,4,DB00472,test
drug,4,DB00481,test
drug,4,DB00490,test
drug,4,DB00500,test
drug,4,DB00515,test
drug,4,DB00523,test
drug,4,DB00537,test
drug,4,DB00545,test
drug,4,DB00547,test
drug,4,DB00549,test
drug,4,DB00553,test
drug,4,DB00554,test
drug,4,DB00555,test
drug,4,DB00559,test
drug,4,DB00577,test
drug,4,DB00595,test
drug,4,DB00604,test
drug,4,DB00628,test
drug,4,DB00640,test
drug,4,DB00654,test
drug,4,DB00664,test
drug,4,DB00670,test
drug,4,DB00682,test
drug,4,DB00685,test
drug,4,DB00686,test
drug,4,DB00687,test
drug,4,DB00689,test
drug,4,DB00713,test
drug,4,DB00720,test
drug,4,DB00722,test
drug,4,DB00726,test
drug,4,DB00728,test
drug,4,DB00735,test
drug,4,DB00736,test
drug,4,DB00737,test
drug,4,DB00738,test
drug,4,DB00741,test
drug,4,DB00748,test
drug,4,DB00791,test
drug,4,DB00798,test
drug,4,DB00807,test
drug,4,DB00812,test
drug,4,DB00821,test
drug,4,DB00822,test
drug,4,DB00826,test
drug,4,DB00828,test
drug,4,DB00835,test
drug,4,DB00850,test
drug,4,DB00851,test
drug,4,DB00856,test
drug,4,DB00866,test
drug,4,DB00871,test
drug,4,DB00903,test
drug,4,DB00918,test
drug,4,DB00921,test
drug,4,DB00922,test
drug,4,DB00932,test
drug,4,DB00945,test
drug,4,DB00950,test
drug,4,DB00956,test
drug,4,DB00961,test
drug,4,DB00968,test
drug,4,DB00979,test
drug,4,DB00991,test
drug,4,DB01000,test
drug,4,DB01018,test
drug,4,DB01023,test
drug,4,DB01024,test
drug,4,DB01028,test
drug,4,DB01036,test
drug,4,DB01042,test
drug,4,DB01050,test
drug,4,DB01051,test
drug,4,DB01064,test
drug,4,DB01068,test
drug,4,DB01073,test
drug,4,DB01074,test
drug,4,DB01081,test
drug,4,DB01084,test
drug,4,DB01085,test
drug,4,DB01094,test
drug,4,DB01097,test
drug,4,DB01121,test
drug,4,DB01124,test
drug,4,DB01138,test
drug,4,DB01159,test
drug,4,DB01161,test
drug,4,DB01172,test
drug,4,DB01178,test
drug,4,DB01186,test
drug,4,DB01189,test
drug,4,DB01194,test
drug,4,DB01197,test
drug,4,DB01199,test
drug,4,DB01203,test
drug,4,DB01213,test
drug,4,DB01217,test
drug,4,DB01228,test
drug,4,DB01234,test
drug,4,DB01239,test
drug,4,DB01241,test
drug,4,DB01245,test
drug,4,DB01246,test
drug,4,DB01256,test
drug,4,DB01268,test
drug,4,DB01275,test
drug,4,DB01282,test
drug,4,DB01291,test
drug,4,DB01296,test
drug,4,DB01319,test
drug,4,DB01339,test
drug,4,DB01349,test
drug,4,DB01353,test
drug,4,DB01365,test
drug,4,DB01397,test
drug,4,DB01399,test
drug,4,DB01400,test
drug,4,DB01406,test
drug,4,DB01409,test
drug,4,DB01411,test
drug,4,DB01423,test
drug,4,DB01431,test
drug,4,DB01440,test
drug,4,DB01559,test
drug,4,DB01575,test
drug,4,DB01583,test
drug,4,DB01587,test
drug,4,DB01589,test
drug,4,DB01606,test
drug,4,DB01610,test
drug,4,DB01614,test
drug,4,DB01619,test
drug,4,DB01621,test
drug,4,DB02638,test
drug,4,DB03128,test
drug,4,DB03585,test
drug,4,DB04398,test
drug,4,DB04573,test
drug,4,DB04794,test
drug,4,DB04835,test
drug,4,DB04842,test
drug,4,DB04846,test
drug,4,DB04908,test
drug,4,DB04930,test
drug,4,DB05381,test
drug,4,DB06147,test
drug,4,DB06150,test
drug,4,DB06153,test
drug,4,DB06196,test
drug,4,DB06203,test
drug,4,DB06209,test
drug,4,DB06228,test
drug,4,DB06261,test
drug,4,DB06401,test
drug,4,DB06402,test
drug,4,DB06403,test
drug,4,DB06616,test
drug,4,DB06684,test
drug,4,DB06690,test
drug,4,DB06729,test
drug,4,DB06730,test
drug,4,DB06769,test
drug,4,DB06782,test
drug,4,DB06789,test
drug,4,DB08799,test
drug,4,DB08808,test
drug,4,DB08872,test
drug,4,DB08874,test
drug,4,DB08897,test
drug,4,DB08901,test
drug,4,DB08984,test
drug,4,DB08992,test
drug,4,DB09014,test
drug,4,DB09015,test
drug,4,DB09034,test
drug,4,DB09038,test
drug,4,DB09060,test
drug,4,DB09063,test
drug,4,DB09067,test
drug,4,DB09090,test
drug,4,DB09091,test
drug,4,DB09093,test
drug,4,DB09095,test
drug,4,DB09112,test
drug,4,DB09117,test
drug,4,DB09128,test
drug,4,DB09137,test
drug,4,DB09138,test
drug,4,DB09204,test
drug,4,DB09220,test
drug,4,DB09225,test
drug,4,DB09230,test
drug,4,DB09236,test
drug,4,DB09242,test
drug,4,DB09267,test
drug,4,DB09285,test
drug,4,DB09292,test
drug,4,DB09295,test
drug,4,DB09488,test
drug,4,DB09499,test
drug,4,DB11079,test
drug,4,DB11156,test
drug,4,DB11239,test
drug,4,DB11560,test
drug,4,DB11610,test
drug,4,DB12332,test
drug,4,DB12483,test
drug,4,DB13139,test
drug,4,DB13167,test
drug,4,DB13873,test
drug,4,DB13878,test
scaffold,0,DB00006,train
scaffold,0,DB00014,train
scaffold,0,DB00035,train
scaffold,0,DB00080,train
scaffold,0,DB00091,train
scaffold,0,DB00104,train
scaffold,0,DB00115,train
scaffold,0,DB00120,train
scaffold,0,DB00126,train
scaffold,0,DB00130,train
scaffold,0,DB00136,train
scaffold,0,DB00142,train
scaffold,0,DB00146,train
scaffold,0,DB00152,train
scaffold,0,DB00153,train
scaffold,0,DB00158,train
scaffold,0,DB00163,train
scaffold,0,DB00166,train
scaffold,0,DB00169,train
scaffold,0,DB00170,train
scaffold,0,DB00175,train
scaffold,0,DB00176,train
scaffold,0,DB00177,train
scaffold,0,DB00179,train
scaffold,0,DB00181,train
scaffold,0,DB00182,train
scaffold,0,DB00184,train
scaffold,0,DB00186,train
scaffold,0,DB00187,train
scaffold,0,DB00188,train
scaffold,0,DB00190,train
scaffold,0,DB00191,train
scaffold,0,DB00193,train
scaffold,0,DB00196,train
scaffold,0,DB00199,train
scaffold,0,DB00201,train
scaffold,0,DB00202,train
scaffold,0,DB00204,train
scaffold,0,DB00205,train
scaffold,0,DB00209,train
scaffold,0,DB00210,train
scaffold,0,DB00211,train
scaffold,0,DB00212,train
scaffold,0,DB00216,train
scaffold,0,DB00217,train
scaffold,0,DB00218,train
scaffold,0,DB00221,train
scaffold,0,DB00222,train
scaffold,0,DB00223,train
scaffold,0,DB00224,train
scaffold,0,DB00226,train
scaffold,0,DB00228,train
scaffold,0,DB00229,train
scaffold,0,DB00230,train
scaffold,0,DB00231,train
scaffold,0,DB00233,train
scaffold,0,DB00234,train
scaffold,0,DB00235,train
scaffold,0,DB00236,train
scaffold,0,DB00237,train
scaffold,0,DB00238,train
scaffold,0,DB00239,train
scaffold,0,DB00240,train
scaffold,0,DB00241,train
scaffold,0,DB00242,train
scaffold,0,DB00244,train
scaffold,0,DB00245,train
scaffold,0,DB00246,train
scaffold,0,DB00247,train
scaffold,0,DB00248,train
scaffold,0,DB00250,train
scaffold,0,DB00251,train
scaffold,0,DB00252,train
scaffold,0,DB00253,train
scaffold,0,DB00257,train
scaffold,0,DB00258,train
scaffold,0,DB00259,train
scaffold,0,DB00260,train
scaffold,0,DB00261,train
scaffold,0,DB00262,train
scaffold,0,DB00263,train
scaffold,0,DB00264,train
scaffold,0,DB00267,train
scaffold,0,DB00271,train
scaffold,0,DB00273,train
scaffold,0,DB00274,train
scaffold,0,DB00275,train
scaffold,0,DB00277,train
scaffold,0,DB00278,train
scaffold,0,DB00279,train
scaffold,0,DB00280,train
scaffold,0,DB00281,train
scaffold,0,DB00282,train
scaffold,0,DB00283,train
scaffold,0,DB00284,train
scaffold,0,DB00287,train
scaffold,0,DB00289,train
scaffold,0,DB00290,train
scaffold,0,DB00291,train
scaffold,0,DB00292,train
scaffold,0,DB00293,train
scaffold,0,DB00294,train
scaffold,0,DB00295,train
scaffold,0,DB00296,train
scaffold,0,DB00297,train
scaffold,0,DB00298,train
scaffold,0,DB00301,train
scaffold,0,DB00302,train
scaffold,0,DB00303,train
scaffold,0,DB00305,train
scaffold,0,DB00307,train
scaffold,0,DB00308,train
scaffold,0,DB00309,train
scaffold,0,DB00310,train
scaffold,0,DB00312,train
scaffold,0,DB00313,train
scaffold,0,DB00314,train
scaffold,0,DB00315,train
scaffold,0,DB00316,train
scaffold,0,DB00317,train
scaffold,0,DB00318,train
scaffold,0,DB00319,train
scaffold,0,DB00320,train
scaffold,0,DB00322,train
scaffold,0,DB00324,train
scaffold,0,DB00325,train
scaffold,0,DB00326,train
scaffold,0,DB00327,train
scaffold,0,DB00328,train
scaffold,0,DB00330,train
scaffold,0,DB00332,train
scaffold,0,DB00333,train
scaffold,0,DB00334,train
scaffold,0,DB00335,train
scaffold,0,DB00337,train
scaffold,0,DB00340,train
scaffold,0,DB00343,train
scaffold,0,DB00345,train
scaffold,0,DB00346,train
scaffold,0,DB00347,train
scaffold,0,DB00349,train
scaffold,0,DB00350,train
scaffold,0,DB00351,train
scaffold,0,DB00352,train
scaffold,0,DB00353,train
scaffold,0,DB00354,train
scaffold,0,DB00355,train
scaffold,0,DB00356,train
scaffold,0,DB00357,train
scaffold,0,DB00358,train
scaffold,0,DB00359,train
scaffold,0,DB00360,train
scaffold,0,DB00361,train
scaffold,0,DB00362,train
scaffold,0,DB00363,train
scaffold,0,DB00364,train
scaffold,0,DB00366,train
scaffold,0,DB00368,train
scaffold,0,DB00369,train
scaffold,0,DB00370,train
scaffold,0,DB00371,train
scaffold,0,DB00373,train
scaffold,0,DB00376,train
scaffold,0,DB00377,train
scaffold,0,DB00379,train
scaffold,0,DB00380,train
scaffold,0,DB00381,train
scaffold,0,DB00384,train
scaffold,0,DB00388,train
scaffold,0,DB00389,train
scaffold,0,DB00390,train
scaffold,0,DB00393,train
scaffold,0,DB00394,train
scaffold,0,DB00395,train
scaffold,0,DB00396,train
scaffold,0,DB00397,train
scaffold,0,DB00398,train
scaffold,0,DB00400,train
scaffold,0,DB00401,train
scaffold,0,DB00404,train
scaffold,0,DB00405,train
scaffold,0,DB00409,train
scaffold,0,DB00410,train
scaffold,0,DB00411,train
scaffold,0,DB00412,train
scaffold,0,DB00413,train
scaffold,0,DB00415,train
scaffold,0,DB00417,train
scaffold,0,DB00418,train
scaffold,0,DB00422,train
scaffold,0,DB00423,train
scaffold,0,DB00424,train
scaffold,0,DB00425,train
scaffold,0,DB00428,train
scaffold,0,DB00429,train
scaffold,0,DB00430,train
scaffold,0,DB00432,train
scaffold,0,DB00433,train
scaffold,0,DB00434,train
scaffold,0,DB00435,train
scaffold,0,DB00436,train
scaffold,0,DB00437,train
scaffold,0,DB00438,train
scaffold,0,DB00440,train
scaffold,0,DB00441,train
scaffold,0,DB00442,train
scaffold,0,DB00443,train
scaffold,0,DB00446,train
scaffold,0,DB00449,train
scaffold,0,DB00450,train
scaffold,0,DB00451,train
scaffold,0,DB00452,train
scaffold,0,DB00454,train
scaffold,0,DB00456,train
scaffold,0,DB00457,train
scaffold,0,DB00459,train
scaffold,0,DB00460,train
scaffold,0,DB00461,train
scaffold,0,DB00462,train
scaffold,0,DB00465,train
scaffold,0,DB00467,train
scaffold,0,DB00468,train
scaffold,0,DB00469,train
scaffold,0,DB00472,train
scaffold,0,DB00474,train
scaffold,0,DB00475,train
scaffold,0,DB00480,train
scaffold,0,DB00481,train
scaffold,0,DB00483,train
scaffold,0,DB00484,train
scaffold,0,DB00485,train
scaffold,0,DB00486,train
scaffold,0,DB00487,train
scaffold,0,DB00488,train
scaffold,0,DB00489,train
scaffold,0,DB00490,train
scaffold,0,DB00492,train
scaffold,0,DB00494,train
scaffold,0,DB00495,train
scaffold,0,DB00496,train
scaffold,0,DB00497,train
scaffold,0,DB00498,train
scaffold,0,DB00499,train
scaffold,0,DB00500,train
scaffold,0,DB00504,train
scaffold,0,DB00511,train
scaffold,0,DB00512,train
scaffold,0,DB00513,train
scaffold,0,DB00514,train
scaffold,0,DB00517,train
scaffold,0,DB00518,train
scaffold,0,DB00519,train
scaffold,0,DB00520,train
scaffold,0,DB00521,train
scaffold,0,DB00525,train
scaffold,0,DB00526,train
scaffold,0,DB00528,train
scaffold,0,DB00529,train
scaffold,0,DB00530,train
scaffold,0,DB00531,train
scaffold,0,DB00537,train
scaffold,0,DB00539,train
scaffold,0,DB00541,train
scaffold,0,DB00542,train
scaffold,0,DB00544,train
scaffold,0,DB00545,train
scaffold,0,DB00546,train
scaffold,0,DB00547,train
scaffold,0,DB00548,train
scaffold,0,DB00549,train
scaffold,0,DB00550,train
scaffold,0,DB00551,train
scaffold,0,DB00555,train
scaffold,0,DB00556,train
scaffold,0,DB00559,train
scaffold,0,DB00561,train
scaffold,0,DB00562,train
scaffold,0,DB00564,train
scaffold,0,DB00568,train
scaffold,0,DB00569,train
scaffold,0,DB00570,train
scaffold,0,DB00571,train
scaffold,0,DB00572,train
scaffold,0,DB00573,train
scaffold,0,DB00576,train
scaffold,0,DB00577,train
scaffold,0,DB00578,train
scaffold,0,DB00581,train
scaffold,0,DB00583,train
scaffold,0,DB00588,train
scaffold,0,DB00589,train
scaffold,0,DB00591,train
scaffold,0,DB00592,train
scaffold,0,DB00593,train
scaffold,0,DB00596,train
scaffold,0,DB00598,train
scaffold,0,DB00599,train
scaffold,0,DB00601,train
scaffold,0,DB00602,train
scaffold,0,DB00603,train
scaffold,0,DB00604,train
scaffold,0,DB00605,train
scaffold,0,DB00606,train
scaffold,0,DB00610,train
scaffold,0,DB00611,train
scaffold,0,DB00612,train
scaffold,0,DB00613,train
scaffold,0,DB00614,train
scaffold,0,DB00615,train
scaffold,0,DB00617,train
scaffold,0,DB00619,train
scaffold,0,DB00620,train
scaffold,0,DB00623,train
scaffold,0,DB00624,train
scaffold,0,DB00625,train
scaffold,0,DB00626,train
scaffold,0,DB00628,train
scaffold,0,DB00629,train
scaffold,0,DB00630,train
scaffold,0,DB00631,train
scaffold,0,DB00633,train
scaffold,0,DB00634,train
scaffold,0,DB00635,train
scaffold,0,DB00636,train
scaffold,0,DB00637,train
scaffold,0,DB00640,train
scaffold,0,DB00642,train
scaffold,0,DB00646,train
scaffold,0,DB00647,train
scaffold,0,DB00648,train
scaffold,0,DB00649,train
scaffold,0,DB00651,train
scaffold,0,DB00653,train
scaffold,0,DB00654,train
scaffold,0,DB00655,train
scaffold,0,DB00656,train
scaffold,0,DB00657,train
scaffold,0,DB00658,train
scaffold,0,DB00663,train
scaffold,0,DB00664,train
scaffold,0,DB00668,train
scaffold,0,DB00670,train
scaffold,0,DB00672,train
scaffold,0,DB00673,train
scaffold,0,DB00674,train
scaffold,0,DB00675,train
scaffold,0,DB00678,train
scaffold,0,DB00679,train
scaffold,0,DB00680,train
scaffold,0,DB00681,train
scaffold,0,DB00682,train
scaffold,0,DB00683,train
scaffold,0,DB00685,train
scaffold,0,DB00686,train
scaffold,0,DB00690,train
scaffold,0,DB00691,train
scaffold,0,DB00692,train
scaffold,0,DB00695,train
scaffold,0,DB00697,train
scaffold,0,DB00698,train
scaffold,0,DB00699,train
scaffold,0,DB00700,train
scaffold,0,DB00704,train
scaffold,0,DB00706,train
scaffold,0,DB00709,train
scaffold,0,DB00710,train
scaffold,0,DB00711,train
scaffold,0,DB00713,train
scaffold,0,DB00714,train
scaffold,0,DB00720,train
scaffold,0,DB00721,train
scaffold,0,DB00723,train
scaffold,0,DB00724,train
scaffold,0,DB00727,train
scaffold,0,DB00728,train
scaffold,0,DB00734,train
scaffold,0,DB00735,train
scaffold,0,DB00736,train
scaffold,0,DB00737,train
scaffold,0,DB00738,train
scaffold,0,DB00740,train
scaffold,0,DB00741,train
scaffold,0,DB00742,train
scaffold,0,DB00743,train
scaffold,0,DB00744,train
scaffold,0,DB00745,train
scaffold,0,DB00746,train
scaffold,0,DB00748,train
scaffold,0,DB00749,train
scaffold,0,DB00750,train
scaffold,0,DB00751,train
scaffold,0,DB00752,train
scaffold,0,DB00760,train
scaffold,0,DB00763,train
scaffold,0,DB00764,train
scaffold,0,DB00765,train
scaffold,0,DB00766,train
scaffold,0,DB00769,train
scaffold,0,DB00770,train
scaffold,0,DB00771,train
scaffold,0,DB00773,train
scaffold,0,DB00775,train
scaffold,0,DB00778,train
scaffold,0,DB00779,train
scaffold,0,DB00780,train
scaffold,0,DB00783,train
scaffold,0,DB00787,train
scaffold,0,DB00788,train
scaffold,0,DB00791,train
scaffold,0,DB00793,train
scaffold,0,DB00795,train
scaffold,0,DB00796,train
scaffold,0,DB00798,train
scaffold,0,DB00799,train
scaffold,0,DB00800,train
scaffold,0,DB00801,train
scaffold,0,DB00803,train
scaffold,0,DB00804,train
scaffold,0,DB00805,train
scaffold,0,DB00806,train
scaffold,0,DB00807,train
scaffold,0,DB00808,train
scaffold,0,DB00809,train
scaffold,0,DB00813,train
scaffold,0,DB00816,train
scaffold,0,DB00817,train
scaffold,0,DB00818,train
scaffold,0,DB00819,train
scaffold,0,DB00820,train
scaffold,0,DB00822,train
scaffold,0,DB00826,train
scaffold,0,DB00827,train
scaffold,0,DB00828,train
scaffold,0,DB00829,train
scaffold,0,DB00830,train
scaffold,0,DB00831,train
scaffold,0,DB00835,train
scaffold,0,DB00838,train
scaffold,0,DB00839,train
scaffold,0,DB00841,train
scaffold,0,DB00842,train
scaffold,0,DB00843,train
scaffold,0,DB00846,train
scaffold,0,DB00847,train
scaffold,0,DB00849,train
scaffold,0,DB00850,train
scaffold,0,DB00852,train
scaffold,0,DB00853,train
scaffold,0,DB00854,train
scaffold,0,DB00855,train
scaffold,0,DB00856,train
scaffold,0,DB00857,train
scaffold,0,DB00859,train
scaffold,0,DB00860,train
scaffold,0,DB00864,train
scaffold,0,DB00866,train
scaffold,0,DB00867,train
scaffold,0,DB00869,train
scaffold,0,DB00871,train
scaffold,0,DB00872,train
scaffold,0,DB00873,train
scaffold,0,DB00875,train
scaffold,0,DB00876,train
scaffold,0,DB00879,train
scaffold,0,DB00881,train
scaffold,0,DB00882,train
scaffold,0,DB00885,train
scaffold,0,DB00887,train
scaffold,0,DB00888,train
scaffold,0,DB00889,train
scaffold,0,DB00892,train
scaffold,0,DB00896,train
scaffold,0,DB00897,train
scaffold,0,DB00898,train
scaffold,0,DB00903,train
scaffold,0,DB00904,train
scaffold,0,DB00905,train
scaffold,0,DB00906,train
scaffold,0,DB00908,train
scaffold,0,DB00910,train
scaffold,0,DB00912,train
scaffold,0,DB00914,train
scaffold,0,DB00917,train
scaffold,0,DB00918,train
scaffold,0,DB00919,train
scaffold,0,DB00920,train
scaffold,0,DB00922,train
scaffold,0,DB00923,train
scaffold,0,DB00924,train
scaffold,0,DB00925,train
scaffold,0,DB00928,train
scaffold,0,DB00929,train
scaffold,0,DB00931,train
scaffold,0,DB00932,train
scaffold,0,DB00933,train
scaffold,0,DB00934,train
scaffold,0,DB00936,train
scaffold,0,DB00937,train
scaffold,0,DB00938,train
scaffold,0,DB00943,train
scaffold,0,DB00944,train
scaffold,0,DB00945,train
scaffold,0,DB00946,train
scaffold,0,DB00947,train
scaffold,0,DB00949,train
scaffold,0,DB00950,train
scaffold,0,DB00952,train
scaffold,0,DB00953,train
scaffold,0,DB00954,train
scaffold,0,DB00955,train
scaffold,0,DB00956,train
scaffold,0,DB00958,train
scaffold,0,DB00959,train
scaffold,0,DB00961,train
scaffold,0,DB00962,train
scaffold,0,DB00968,train
scaffold,0,DB00969,train
scaffold,0,DB00970,train
scaffold,0,DB00972,train
scaffold,0,DB00973,train
scaffold,0,DB00974,train
scaffold,0,DB00975,train
scaffold,0,DB00977,train
scaffold,0,DB00978,train
scaffold,0,DB00981,train
scaffold,0,DB00983,train
scaffold,0,DB00986,train
scaffold,0,DB00987,train
scaffold,0,DB00988,train
scaffold,0,DB00989,train
scaffold,0,DB00991,train
scaffold,0,DB00992,train
scaffold,0,DB00993,train
scaffold,0,DB00996,train
scaffold,0,DB00998,train
scaffold,0,DB01001,train
scaffold,0,DB01002,train
scaffold,0,DB01005,train
scaffold,0,DB01006,train
scaffold,0,DB01010,train
scaffold,0,DB01011,train
scaffold,0,DB01013,train
scaffold,0,DB01014,train
scaffold,0,DB01015,train
scaffold,0,DB01016,train
scaffold,0,DB01018,train
scaffold,0,DB01019,train
scaffold,0,DB01022,train
scaffold,0,DB01023,train
scaffold,0,DB01029,train
scaffold,0,DB01032,train
scaffold,0,DB01033,train
scaffold,0,DB01034,train
scaffold,0,DB01035,train
scaffold,0,DB01036,train
scaffold,0,DB01037,train
scaffold,0,DB01041,train
scaffold,0,DB01042,train
scaffold,0,DB01044,train
scaffold,0,DB01045,train
scaffold,0,DB01046,train
scaffold,0,DB01047,train
scaffold,0,DB01048,train
scaffold,0,DB01050,train
scaffold,0,DB01051,train
scaffold,0,DB01053,train
scaffold,0,DB01054,train
scaffold,0,DB01057,train
scaffold,0,DB01058,train
scaffold,0,DB01059,train
scaffold,0,DB01060,train
scaffold,0,DB01063,train
scaffold,0,DB01064,train
scaffold,0,DB01066,train
scaffold,0,DB01067,train
scaffold,0,DB01068,train
scaffold,0,DB01070,train
scaffold,0,DB01072,train
scaffold,0,DB01073,train
scaffold,0,DB01074,train
scaffold,0,DB01075,train
scaffold,0,DB01076,train
scaffold,0,DB01077,train
scaffold,0,DB01080,train
scaffold,0,DB01086,train
scaffold,0,DB01088,train
scaffold,0,DB01090,train
scaffold,0,DB01092,train
scaffold,0,DB01093,train
scaffold,0,DB01095,train
scaffold,0,DB01096,train
scaffold,0,DB01098,train
scaffold,0,DB01099,train
scaffold,0,DB01100,train
scaffold,0,DB01101,train
scaffold,0,DB01103,train
scaffold,0,DB01104,train
scaffold,0,DB01105,train
scaffold,0,DB01106,train
scaffold,0,DB01108,train
scaffold,0,DB01111,train
scaffold,0,DB01112,train
scaffold,0,DB01113,train
scaffold,0,DB01114,train
scaffold,0,DB01115,train
scaffold,0,DB01116,train
scaffold,0,DB01117,train
scaffold,0,DB01118,train
scaffold,0,DB01120,train
scaffold,0,DB01121,train
scaffold,0,DB01124,train
scaffold,0,DB01126,train
scaffold,0,DB01128,train
scaffold,0,DB01130,train
scaffold,0,DB01131,train
scaffold,0,DB01132,train
scaffold,0,DB01133,train
scaffold,0,DB01135,train
scaffold,0,DB01137,train
scaffold,0,DB01138,train
scaffold,0,DB01139,train
scaffold,0,DB01141,train
scaffold,0,DB01143,train
scaffold,0,DB01144,train
scaffold,0,DB01147,train
scaffold,0,DB01149,train
scaffold,0,DB01153,train
scaffold,0,DB01154,train
scaffold,0,DB01155,train
scaffold,0,DB01156,train
scaffold,0,DB01157,train
scaffold,0,DB01158,train
scaffold,0,DB01159,train
scaffold,0,DB01160,train
scaffold,0,DB01161,train
scaffold,0,DB01162,train
scaffold,0,DB01164,train
scaffold,0,DB01165,train
scaffold,0,DB01166,train
scaffold,0,DB01167,train
scaffold,0,DB01168,train
scaffold,0,DB01169,train
scaffold,0,DB01170,train
scaffold,0,DB01171,train
scaffold,0,DB01173,train
scaffold,0,DB01174,train
scaffold,0,DB01180,train
scaffold,0,DB01181,train
scaffold,0,DB01182,train
scaffold,0,DB01183,train
scaffold,0,DB01184,train
scaffold,0,DB01186,train
scaffold,0,DB01188,train
scaffold,0,DB01189,train
scaffold,0,DB01191,train
scaffold,0,DB01192,train
scaffold,0,DB01193,train
scaffold,0,DB01195,train
scaffold,0,DB01196,train
scaffold,0,DB01198,train
scaffold,0,DB01199,train
scaffold,0,DB01200,train
scaffold,0,DB01201,train
scaffold,0,DB01203,train
scaffold,0,DB01205,train
scaffold,0,DB01206,train
scaffold,0,DB01207,train
scaffold,0,DB01208,train
scaffold,0,DB01210,train
scaffold,0,DB01211,train
scaffold,0,DB01212,train
scaffold,0,DB01214,train
scaffold,0,DB01215,train
scaffold,0,DB01216,train
scaffold,0,DB01221,train
scaffold,0,DB01223,train
scaffold,0,DB01224,train
scaffold,0,DB01226,train
scaffold,0,DB01227,train
scaffold,0,DB01228,train
scaffold,0,DB01229,train
scaffold,0,DB01232,train
scaffold,0,DB01233,train
scaffold,0,DB01234,train
scaffold,0,DB01235,train
scaffold,0,DB01239,train
scaffold,0,DB01240,train
scaffold,0,DB01241,train
scaffold,0,DB01244,train
scaffold,0,DB01247,train
scaffold,0,DB01248,train
scaffold,0,DB01249,train
scaffold,0,DB01250,train
scaffold,0,DB01252,train
scaffold,0,DB01253,train
scaffold,0,DB01255,train
scaffold,0,DB01256,train
scaffold,0,DB01259,train
scaffold,0,DB01261,train
scaffold,0,DB01262,train
scaffold,0,DB01263,train
scaffold,0,DB01264,train
scaffold,0,DB01267,train
scaffold,0,DB01273,train
scaffold,0,DB01274,train
scaffold,0,DB01280,train
scaffold,0,DB01282,train
scaffold,0,DB01284,train
scaffold,0,DB01288,train
scaffold,0,DB01295,train
scaffold,0,DB01296,train
scaffold,0,DB01297,train
scaffold,0,DB01298,train
scaffold,0,DB01303,train
scaffold,0,DB01320,train
scaffold,0,DB01321,train
scaffold,0,DB01325,train
scaffold,0,DB01326,train
scaffold,0,DB01327,train
scaffold,0,DB01328,train
scaffold,0,DB01330,train
scaffold,0,DB01331,train
scaffold,0,DB01333,train
scaffold,0,DB01336,train
scaffold,0,DB01338,train
scaffold,0,DB01345,train
scaffold,0,DB01349,train
scaffold,0,DB01351,train
scaffold,0,DB01353,train
scaffold,0,DB01355,train
scaffold,0,DB01356,train
scaffold,0,DB01357,train
scaffold,0,DB01362,train
scaffold,0,DB01364,train
scaffold,0,DB01365,train
scaffold,0,DB01366,train
scaffold,0,DB01367,train
scaffold,0,DB01369,train
scaffold,0,DB01370,train
scaffold,0,DB01377,train
scaffold,0,DB01380,train
scaffold,0,DB01384,train
scaffold,0,DB01393,train
scaffold,0,DB01394,train
scaffold,0,DB01395,train
scaffold,0,DB01396,train
scaffold,0,DB01397,train
scaffold,0,DB01399,train
scaffold,0,DB01400,train
scaffold,0,DB01407,train
scaffold,0,DB01408,train
scaffold,0,DB01409,train
scaffold,0,DB01410,train
scaffold,0,DB01411,train
scaffold,0,DB01412,train
scaffold,0,DB01413,train
scaffold,0,DB01415,train
scaffold,0,DB01418,train
scaffold,0,DB01420,train
scaffold,0,DB01421,train
scaffold,0,DB01423,train
scaffold,0,DB01424,train
scaffold,0,DB01426,train
scaffold,0,DB01427,train
scaffold,0,DB01429,train
scaffold,0,DB01433,train
scaffold,0,DB01435,train
scaffold,0,DB01436,train
scaffold,0,DB01437,train
scaffold,0,DB01438,train
scaffold,0,DB01452,train
scaffold,0,DB01463,train
scaffold,0,DB01466,train
scaffold,0,DB01489,train
scaffold,0,DB01511,train
scaffold,0,DB01544,train
scaffold,0,DB01545,train
scaffold,0,DB01551,train
scaffold,0,DB01558,train
scaffold,0,DB01559,train
scaffold,0,DB01563,train
scaffold,0,DB01567,train
scaffold,0,DB01576,train
scaffold,0,DB01577,train
scaffold,0,DB01578,train
scaffold,0,DB01579,train
scaffold,0,DB01580,train
scaffold,0,DB01581,train
scaffold,0,DB01582,train
scaffold,0,DB01583,train
scaffold,0,DB01586,train
scaffold,0,DB01587,train
scaffold,0,DB01588,train
scaffold,0,DB01591,train
scaffold,0,DB01592,train
scaffold,0,DB01595,train
scaffold,0,DB01597,train
scaffold,0,DB01598,train
scaffold,0,DB01599,train
scaffold,0,DB01601,train
scaffold,0,DB01602,train
scaffold,0,DB01603,train
scaffold,0,DB01604,train
scaffold,0,DB01606,train
scaffold,0,DB01607,train
scaffold,0,DB01608,train
scaffold,0,DB01609,train
scaffold,0,DB01610,train
scaffold,0,DB01612,train
scaffold,0,DB01619,train
scaffold,0,DB01620,train
scaffold,0,DB01621,train
scaffold,0,DB01622,train
scaffold,0,DB01623,train
scaffold,0,DB01624,train
scaffold,0,DB01626,train
scaffold,0,DB01685,train
scaffold,0,DB02187,train
scaffold,0,DB02300,train
scaffold,0,DB02513,train
scaffold,0,DB02546,train
scaffold,0,DB02638,train
scaffold,0,DB02659,train
scaffold,0,DB02709,train
scaffold,0,DB03615,train
scaffold,0,DB03619,train
scaffold,0,DB03754,train
scaffold,0,DB03756,train
scaffold,0,DB03793,train
scaffold,0,DB03796,train
scaffold,0,DB04272,train
scaffold,0,DB04398,train
scaffold,0,DB04570,train
scaffold,0,DB04573,train
scaffold,0,DB04574,train
scaffold,0,DB04575,train
scaffold,0,DB04576,train
scaffold,0,DB04743,train
scaffold,0,DB04786,train
scaffold,0,DB04835,train
scaffold,0,DB04839,train
scaffold,0,DB04842,train
scaffold,0,DB04845,train
scaffold,0,DB04846,train
scaffold,0,DB04854,train
scaffold,0,DB04855,train
scaffold,0,DB04861,train
scaffold,0,DB04871,train
scaffold,0,DB04876,train
scaffold,0,DB04878,train
scaffold,0,DB04896,train
scaffold,0,DB04898,train
scaffold,0,DB04908,train
scaffold,0,DB04918,train
scaffold,0,DB04920,train
scaffold,0,DB04938,train
scaffold,0,DB04946,train
scaffold,0,DB04948,train
scaffold,0,DB04951,train
scaffold,0,DB04953,train
scaffold,0,DB04967,train
scaffold,0,DB05015,train
scaffold,0,DB05039,train
scaffold,0,DB05219,train
scaffold,0,DB05239,train
scaffold,0,DB05245,train
scaffold,0,DB05260,train
scaffold,0,DB05265,train
scaffold,0,DB05266,train
scaffold,0,DB05271,train
scaffold,0,DB05294,train
scaffold,0,DB05351,train
scaffold,0,DB05521,train
scaffold,0,DB05528,train
scaffold,0,DB05630,train
scaffold,0,DB05676,train
scaffold,0,DB05812,train
scaffold,0,DB05990,train
scaffold,0,DB06016,train
scaffold,0,DB06144,train
scaffold,0,DB06147,train
scaffold,0,DB06148,train
scaffold,0,DB06152,train
scaffold,0,DB06153,train
scaffold,0,DB06154,train
scaffold,0,DB06155,train
scaffold,0,DB06176,train
scaffold,0,DB06202,train
scaffold,0,DB06203,train
scaffold,0,DB06204,train
scaffold,0,DB06206,train
scaffold,0,DB06209,train
scaffold,0,DB06210,train
scaffold,0,DB06211,train
scaffold,0,DB06212,train
scaffold,0,DB06213,train
scaffold,0,DB06216,train
scaffold,0,DB06217,train
scaffold,0,DB06218,train
scaffold,0,DB06228,train
scaffold,0,DB06243,train
scaffold,0,DB06261,train
scaffold,0,DB06262,train
scaffold,0,DB06268,train
scaffold,0,DB06274,train
scaffold,0,DB06290,train
scaffold,0,DB06292,train
scaffold,0,DB06335,train
scaffold,0,DB06401,train
scaffold,0,DB06402,train
scaffold,0,DB06403,train
scaffold,0,DB06410,train
scaffold,0,DB06413,train
scaffold,0,DB06441,train
scaffold,0,DB06480,train
scaffold,0,DB06594,train
scaffold,0,DB06603,train
scaffold,0,DB06605,train
scaffold,0,DB06616,train
scaffold,0,DB06626,train
scaffold,0,DB06636,train
scaffold,0,DB06654,train
scaffold,0,DB06663,train
scaffold,0,DB06684,train
scaffold,0,DB06689,train
scaffold,0,DB06695,train
scaffold,0,DB06697,train
scaffold,0,DB06699,train
scaffold,0,DB06701,train
scaffold,0,DB06702,train
scaffold,0,DB06704,train
scaffold,0,DB06707,train
scaffold,0,DB06708,train
scaffold,0,DB06709,train
scaffold,0,DB06710,train
scaffold,0,DB06711,train
scaffold,0,DB06712,train
scaffold,0,DB06715,train
scaffold,0,DB06716,train
scaffold,0,DB06718,train
scaffold,0,DB06723,train
scaffold,0,DB06724,train
scaffold,0,DB06725,train
scaffold,0,DB06729,train
scaffold,0,DB06737,train
scaffold,0,DB06738,train
scaffold,0,DB06739,train
scaffold,0,DB06742,train
scaffold,0,DB06764,train
scaffold,0,DB06767,train
scaffold,0,DB06769,train
scaffold,0,DB06770,train
scaffold,0,DB06772,train
scaffold,0,DB06774,train
scaffold,0,DB06777,train
scaffold,0,DB06781,train
scaffold,0,DB06782,train
scaffold,0,DB06788,train
scaffold,0,DB06789,train
scaffold,0,DB06791,train
scaffold,0,DB06792,train
scaffold,0,DB06794,train
scaffold,0,DB06795,train
scaffold,0,DB06799,train
scaffold,0,DB06803,train
scaffold,0,DB06804,train
scaffold,0,DB06810,train
scaffold,0,DB06813,train
scaffold,0,DB06816,train
scaffold,0,DB06817,train
scaffold,0,DB06819,train
scaffold,0,DB06824,train
scaffold,0,DB06825,train
scaffold,0,DB06826,train
scaffold,0,DB06827,train
scaffold,0,DB07615,train
scaffold,0,DB08439,train
scaffold,0,DB08795,train
scaffold,0,DB08797,train
scaffold,0,DB08798,train
scaffold,0,DB08799,train
scaffold,0,DB08806,train
scaffold,0,DB08807,train
scaffold,0,DB08808,train
scaffold,0,DB08814,train
scaffold,0,DB08815,train
scaffold,0,DB08816,train
scaffold,0,DB08819,train
scaffold,0,DB08822,train
scaffold,0,DB08824,train
scaffold,0,DB08827,train
scaffold,0,DB08860,train
scaffold,0,DB08864,train
scaffold,0,DB08865,train
scaffold,0,DB08868,train
scaffold,0,DB08869,train
scaffold,0,DB08872,train
scaffold,0,DB08873,train
scaffold,0,DB08880,train
scaffold,0,DB08883,train
scaffold,0,DB08884,train
scaffold,0,DB08893,train
scaffold,0,DB08896,train
scaffold,0,DB08899,train
scaffold,0,DB08901,train
scaffold,0,DB08903,train
scaffold,0,DB08905,train
scaffold,0,DB08907,train
scaffold,0,DB08910,train
scaffold,0,DB08912,train
scaffold,0,DB08913,train
scaffold,0,DB08916,train
scaffold,0,DB08918,train
scaffold,0,DB08930,train
scaffold,0,DB08932,train
scaffold,0,DB08934,train
scaffold,0,DB08938,train
scaffold,0,DB08941,train
scaffold,0,DB08947,train
scaffold,0,DB08957,train
scaffold,0,DB08964,train
scaffold,0,DB08970,train
scaffold,0,DB08971,train
scaffold,0,DB08976,train
scaffold,0,DB08983,train
scaffold,0,DB08987,train
scaffold,0,DB08991,train
scaffold,0,DB08994,train
scaffold,0,DB08996,train
scaffold,0,DB09009,train
scaffold,0,DB09014,train
scaffold,0,DB09015,train
scaffold,0,DB09018,train
scaffold,0,DB09020,train
scaffold,0,DB09021,train
scaffold,0,DB09026,train
scaffold,0,DB09027,train
scaffold,0,DB09030,train
scaffold,0,DB09031,train
scaffold,0,DB09034,train
scaffold,0,DB09038,train
scaffold,0,DB09039,train
scaffold,0,DB09041,train
scaffold,0,DB09042,train
scaffold,0,DB09047,train
scaffold,0,DB09048,train
scaffold,0,DB09049,train
scaffold,0,DB09053,train
scaffold,0,DB09055,train
scaffold,0,DB09061,train
scaffold,0,DB09063,train
scaffold,0,DB09065,train
scaffold,0,DB09068,train
scaffold,0,DB09071,train
scaffold,0,DB09072,train
scaffold,0,DB09074,train
scaffold,0,DB09076,train
scaffold,0,DB09078,train
scaffold,0,DB09079,train
scaffold,0,DB09080,train
scaffold,0,DB09082,train
scaffold,0,DB09083,train
scaffold,0,DB09084,train
scaffold,0,DB09085,train
scaffold,0,DB09087,train
scaffold,0,DB09091,train
scaffold,0,DB09094,train
scaffold,0,DB09095,train
scaffold,0,DB09096,train
scaffold,0,DB09097,train
scaffold,0,DB09101,train
scaffold,0,DB09104,train
scaffold,0,DB09112,train
scaffold,0,DB09117,train
scaffold,0,DB09120,train
scaffold,0,DB09124,train
scaffold,0,DB09125,train
scaffold,0,DB09128,train
scaffold,0,DB09134,train
scaffold,0,DB09135,train
scaffold,0,DB09137,train
scaffold,0,DB09138,train
scaffold,0,DB09143,train
scaffold,0,DB09146,train
scaffold,0,DB09147,train
scaffold,0,DB09153,train
scaffold,0,DB09154,train
scaffold,0,DB09156,train
scaffold,0,DB09161,train
scaffold,0,DB09167,train
scaffold,0,DB09183,train
scaffold,0,DB09204,train
scaffold,0,DB09209,train
scaffold,0,DB09211,train
scaffold,0,DB09212,train
scaffold,0,DB09215,train
scaffold,0,DB09224,train
scaffold,0,DB09225,train
scaffold,0,DB09230,train
scaffold,0,DB09235,train
scaffold,0,DB09236,train
scaffold,0,DB09238,train
scaffold,0,DB09242,train
scaffold,0,DB09244,train
scaffold,0,DB09245,train
scaffold,0,DB09256,train
scaffold,0,DB09257,train
scaffold,0,DB09265,train
scaffold,0,DB09267,train
scaffold,0,DB09268,train
scaffold,0,DB09269,train
scaffold,0,DB09272,train
scaffold,0,DB09273,train
scaffold,0,DB09274,train
scaffold,0,DB09275,train
scaffold,0,DB09276,train
scaffold,0,DB09277,train
scaffold,0,DB09278,train
scaffold,0,DB09279,train
scaffold,0,DB09280,train
scaffold,0,DB09281,train
scaffold,0,DB09282,train
scaffold,0,DB09285,train
scaffold,0,DB09286,train
scaffold,0,DB09288,train
scaffold,0,DB09291,train
scaffold,0,DB09295,train
scaffold,0,DB09296,train
scaffold,0,DB09297,train
scaffold,0,DB09320,train
scaffold,0,DB09321,train
scaffold,0,DB09322,train
scaffold,0,DB09323,train
scaffold,0,DB09324,train
scaffold,0,DB09330,train
scaffold,0,DB09338,train
scaffold,0,DB09342,train
scaffold,0,DB09345,train
scaffold,0,DB09352,train
scaffold,0,DB09389,train
scaffold,0,DB09462,train
scaffold,0,DB09499,train
scaffold,0,DB09516,train
scaffold,0,DB09536,train
scaffold,0,DB09543,train
scaffold,0,DB09555,train
scaffold,0,DB09570,train
scaffold,0,DB11079,train
scaffold,0,DB11093,train
scaffold,0,DB11106,train
scaffold,0,DB11121,train
scaffold,0,DB11126,train
scaffold,0,DB11135,train
scaffold,0,DB11136,train
scaffold,0,DB11148,train
scaffold,0,DB11156,train
scaffold,0,DB11235,train
scaffold,0,DB11239,train
scaffold,0,DB11254,train
scaffold,0,DB11256,train
scaffold,0,DB11268,train
scaffold,0,DB11342,train
scaffold,0,DB11575,train
scaffold,0,DB11581,train
scaffold,0,DB11586,train
scaffold,0,DB11596,train
scaffold,0,DB11609,train
scaffold,0,DB11610,train
scaffold,0,DB11614,train
scaffold,0,DB11619,train
scaffold,0,DB11633,train
scaffold,0,DB11636,train
scaffold,0,DB11641,train
scaffold,0,DB11660,train
scaffold,0,DB11691,train
scaffold,0,DB11730,train
scaffold,0,DB11737,train
scaffold,0,DB11793,train
scaffold,0,DB11817,train
scaffold,0,DB11828,train
scaffold,0,DB11943,train
scaffold,0,DB12026,train
scaffold,0,DB12070,train
scaffold,0,DB12267,train
scaffold,0,DB12278,train
scaffold,0,DB12332,train
scaffold,0,DB12364,train
scaffold,0,DB12483,train
scaffold,0,DB12598,train
scaffold,0,DB12924,train
scaffold,0,DB13025,train
scaffold,0,DB13139,train
scaffold,0,DB13142,train
scaffold,0,DB13145,train
scaffold,0,DB13158,train
scaffold,0,DB13167,train
scaffold,0,DB13179,train
scaffold,0,DB13450,train
scaffold,0,DB13595,train
scaffold,0,DB13783,train
scaffold,0,DB13872,train
scaffold,0,DB13874,train
scaffold,0,DB13878,train
scaffold,0,DB13879,train
scaffold,0,DB13925,train
scaffold,0,DB00027,val
scaffold,0,DB00122,val
scaffold,0,DB00134,val
scaffold,0,DB00150,val
scaffold,0,DB00162,val
scaffold,0,DB00165,val
scaffold,0,DB00189,val
scaffold,0,DB00195,val
scaffold,0,DB00198,val
scaffold,0,DB00203,val
scaffold,0,DB00207,val
scaffold,0,DB00214,val
scaffold,0,DB00219,val
scaffold,0,DB00232,val
scaffold,0,DB00268,val
scaffold,0,DB00270,val
scaffold,0,DB00285,val
scaffold,0,DB00288,val
scaffold,0,DB00300,val
scaffold,0,DB00323,val
scaffold,0,DB00331,val
scaffold,0,DB00336,val
scaffold,0,DB00339,val
scaffold,0,DB00341,val
scaffold,0,DB00374,val
scaffold,0,DB00385,val
scaffold,0,DB00387,val
scaffold,0,DB00391,val
scaffold,0,DB00392,val
scaffold,0,DB00408,val
scaffold,0,DB00420,val
scaffold,0,DB00426,val
scaffold,0,DB00445,val
scaffold,0,DB00458,val
scaffold,0,DB00471,val
scaffold,0,DB00477,val
scaffold,0,DB00479,val
scaffold,0,DB00482,val
scaffold,0,DB00493,val
scaffold,0,DB00502,val
scaffold,0,DB00503,val
scaffold,0,DB00508,val
scaffold,0,DB00523,val
scaffold,0,DB00527,val
scaffold,0,DB00535,val
scaffold,0,DB00543,val
scaffold,0,DB00553,val
scaffold,0,DB00554,val
scaffold,0,DB00557,val
scaffold,0,DB00563,val
scaffold,0,DB00565,val
scaffold,0,DB00575,val
scaffold,0,DB00584,val
scaffold,0,DB00585,val
scaffold,0,DB00586,val
scaffold,0,DB00594,val
scaffold,0,DB00607,val
scaffold,0,DB00608,val
scaffold,0,DB00609,val
scaffold,0,DB00622,val
scaffold,0,DB00627,val
scaffold,0,DB00643,val
scaffold,0,DB00650,val
scaffold,0,DB00652,val
scaffold,0,DB00660,val
scaffold,0,DB00662,val
scaffold,0,DB00669,val
scaffold,0,DB00671,val
scaffold,0,DB00684,val
scaffold,0,DB00687,val
scaffold,0,DB00694,val
scaffold,0,DB00701,val
scaffold,0,DB00703,val
scaffold,0,DB00712,val
scaffold,0,DB00715,val
scaffold,0,DB00718,val
scaffold,0,DB00722,val
scaffold,0,DB00726,val
scaffold,0,DB00731,val
scaffold,0,DB00755,val
scaffold,0,DB00761,val
scaffold,0,DB00774,val
scaffold,0,DB00776,val
scaffold,0,DB00781,val
scaffold,0,DB00784,val
scaffold,0,DB00790,val
scaffold,0,DB00792,val
scaffold,0,DB00797,val
scaffold,0,DB00811,val
scaffold,0,DB00814,val
scaffold,0,DB00821,val
scaffold,0,DB00823,val
scaffold,0,DB00834,val
scaffold,0,DB00836,val
scaffold,0,DB00861,val
scaffold,0,DB00863,val
scaffold,0,DB00884,val
scaffold,0,DB00894,val
scaffold,0,DB00899,val
scaffold,0,DB00907,val
scaffold,0,DB00909,val
scaffold,0,DB00927,val
scaffold,0,DB00935,val
scaffold,0,DB00939,val
scaffold,0,DB00951,val
scaffold,0,DB00960,val
scaffold,0,DB00963,val
scaffold,0,DB00964,val
scaffold,0,DB00980,val
scaffold,0,DB00982,val
scaffold,0,DB00985,val
scaffold,0,DB00990,val
scaffold,0,DB00997,val
scaffold,0,DB00999,val
scaffold,0,DB01007,val
scaffold,0,DB01009,val
scaffold,0,DB01021,val
scaffold,0,DB01024,val
scaffold,0,DB01026,val
scaffold,0,DB01028,val
scaffold,0,DB01030,val
scaffold,0,DB01039,val
scaffold,0,DB01062,val
scaffold,0,DB01065,val
scaffold,0,DB01069,val
scaffold,0,DB01071,val
scaffold,0,DB01081,val
scaffold,0,DB01083,val
scaffold,0,DB01085,val
scaffold,0,DB01087,val
scaffold,0,DB01091,val
scaffold,0,DB01110,val
scaffold,0,DB01122,val
scaffold,0,DB01127,val
scaffold,0,DB01151,val
scaffold,0,DB01172,val
scaffold,0,DB01176,val
scaffold,0,DB01177,val
scaffold,0,DB01178,val
scaffold,0,DB01179,val
scaffold,0,DB01185,val
scaffold,0,DB01190,val
scaffold,0,DB01194,val
scaffold,0,DB01197,val
scaffold,0,DB01202,val
scaffold,0,DB01209,val
scaffold,0,DB01213,val
scaffold,0,DB01217,val
scaffold,0,DB01219,val
scaffold,0,DB01220,val
scaffold,0,DB01242,val
scaffold,0,DB01243,val
scaffold,0,DB01245,val
scaffold,0,DB01246,val
scaffold,0,DB01251,val
scaffold,0,DB01254,val
scaffold,0,DB01275,val
scaffold,0,DB01283,val
scaffold,0,DB01291,val
scaffold,0,DB01294,val
scaffold,0,DB01319,val
scaffold,0,DB01324,val
scaffold,0,DB01329,val
scaffold,0,DB01332,val
scaffold,0,DB01337,val
scaffold,0,DB01340,val
scaffold,0,DB01392,val
scaffold,0,DB01401,val
scaffold,0,DB01403,val
scaffold,0,DB01414,val
scaffold,0,DB01416,val
scaffold,0,DB01422,val
scaffold,0,DB01431,val
scaffold,0,DB01440,val
scaffold,0,DB01501,val
scaffold,0,DB01553,val
scaffold,0,DB01605,val
scaffold,0,DB01611,val
scaffold,0,DB01614,val
scaffold,0,DB01615,val
scaffold,0,DB01627,val
scaffold,0,DB01656,val
scaffold,0,DB01708,val
scaffold,0,DB01878,val
scaffold,0,DB02701,val
scaffold,0,DB02703,val
scaffold,0,DB02959,val
scaffold,0,DB03128,val
scaffold,0,DB04552,val
scaffold,0,DB04571,val
scaffold,0,DB04711,val
scaffold,0,DB04840,val
scaffold,0,DB04844,val
scaffold,0,DB04865,val
scaffold,0,DB04868,val
scaffold,0,DB04894,val
scaffold,0,DB05109,val
scaffold,0,DB05316,val
scaffold,0,DB05541,val
scaffold,0,DB06145,val
scaffold,0,DB06193,val
scaffold,0,DB06201,val
scaffold,0,DB06207,val
scaffold,0,DB06237,val
scaffold,0,DB06263,val
scaffold,0,DB06282,val
scaffold,0,DB06288,val
scaffold,0,DB06414,val
scaffold,0,DB06637,val
scaffold,0,DB06691,val
scaffold,0,DB06694,val
scaffold,0,DB06696,val
scaffold,0,DB06698,val
scaffold,0,DB06700,val
scaffold,0,DB06736,val
scaffold,0,DB06771,val
scaffold,0,DB06800,val
scaffold,0,DB06802,val
scaffold,0,DB06820,val
scaffold,0,DB08800,val
scaffold,0,DB08811,val
scaffold,0,DB08826,val
scaffold,0,DB08867,val
scaffold,0,DB08871,val
scaffold,0,DB08874,val
scaffold,0,DB08882,val
scaffold,0,DB08887,val
scaffold,0,DB08909,val
scaffold,0,DB08931,val
scaffold,0,DB08933,val
scaffold,0,DB08943,val
scaffold,0,DB08954,val
scaffold,0,DB08958,val
scaffold,0,DB08965,val
scaffold,0,DB08967,val
scaffold,0,DB08981,val
scaffold,0,DB08984,val
scaffold,0,DB09000,val
scaffold,0,DB09060,val
scaffold,0,DB09067,val
scaffold,0,DB09070,val
scaffold,0,DB09073,val
scaffold,0,DB09075,val
scaffold,0,DB09090,val
scaffold,0,DB09099,val
scaffold,0,DB09102,val
scaffold,0,DB09119,val
scaffold,0,DB09123,val
scaffold,0,DB09162,val
scaffold,0,DB09210,val
scaffold,0,DB09214,val
scaffold,0,DB09216,val
scaffold,0,DB09218,val
scaffold,0,DB09220,val
scaffold,0,DB09221,val
scaffold,0,DB09227,val
scaffold,0,DB09262,val
scaffold,0,DB09270,val
scaffold,0,DB09283,val
scaffold,0,DB09289,val
scaffold,0,DB09292,val
scaffold,0,DB09300,val
scaffold,0,DB09343,val
scaffold,0,DB09449,val
scaffold,0,DB09477,val
scaffold,0,DB09561,val
scaffold,0,DB11315,val
scaffold,0,DB11363,val
scaffold,0,DB11574,val
scaffold,0,DB11915,val
scaffold,0,DB11989,val
scaffold,0,DB12161,val
scaffold,0,DB13146,val
scaffold,0,DB13153,val
scaffold,0,DB13323,val
scaffold,0,DB13873,val
scaffold,0,DB00140,test
scaffold,0,DB00178,test
scaffold,0,DB00180,test
scaffold,0,DB00185,test
scaffold,0,DB00206,test
scaffold,0,DB00208,test
scaffold,0,DB00213,test
scaffold,0,DB00215,test
scaffold,0,DB00220,test
scaffold,0,DB00227,test
scaffold,0,DB00243,test
scaffold,0,DB00254,test
scaffold,0,DB00255,test
scaffold,0,DB00256,test
scaffold,0,DB00266,test
scaffold,0,DB00276,test
scaffold,0,DB00304,test
scaffold,0,DB00321,test
scaffold,0,DB00338,test
scaffold,0,DB00344,test
scaffold,0,DB00367,test
scaffold,0,DB00378,test
scaffold,0,DB00399,test
scaffold,0,DB00402,test
scaffold,0,DB00419,test
scaffold,0,DB00421,test
scaffold,0,DB00427,test
scaffold,0,DB00444,test
scaffold,0,DB00448,test
scaffold,0,DB00453,test
scaffold,0,DB00455,test
scaffold,0,DB00470,test
scaffold,0,DB00476,test
scaffold,0,DB00491,test
scaffold,0,DB00501,test
scaffold,0,DB00515,test
scaffold,0,DB00524,test
scaffold,0,DB00540,test
scaffold,0,DB00552,test
scaffold,0,DB00560,test
scaffold,0,DB00567,test
scaffold,0,DB00582,test
scaffold,0,DB00590,test
scaffold,0,DB00595,test
scaffold,0,DB00618,test
scaffold,0,DB00621,test
scaffold,0,DB00639,test
scaffold,0,DB00641,test
scaffold,0,DB00645,test
scaffold,0,DB00661,test
scaffold,0,DB00665,test
scaffold,0,DB00666,test
scaffold,0,DB00677,test
scaffold,0,DB00688,test
scaffold,0,DB00689,test
scaffold,0,DB00696,test
scaffold,0,DB00705,test
scaffold,0,DB00708,test
scaffold,0,DB00717,test
scaffold,0,DB00719,test
scaffold,0,DB00730,test
scaffold,0,DB00732,test
scaffold,0,DB00747,test
scaffold,0,DB00753,test
scaffold,0,DB00754,test
scaffold,0,DB00757,test
scaffold,0,DB00758,test
scaffold,0,DB00759,test
scaffold,0,DB00762,test
scaffold,0,DB00768,test
scaffold,0,DB00772,test
scaffold,0,DB00782,test
scaffold,0,DB00794,test
scaffold,0,DB00802,test
scaffold,0,DB00810,test
scaffold,0,DB00812,test
scaffold,0,DB00832,test
scaffold,0,DB00833,test
scaffold,0,DB00837,test
scaffold,0,DB00844,test
scaffold,0,DB00845,test
scaffold,0,DB00851,test
scaffold,0,DB00862,test
scaffold,0,DB00865,test
scaffold,0,DB00870,test
scaffold,0,DB00877,test
scaffold,0,DB00880,test
scaffold,0,DB00883,test
scaffold,0,DB00890,test
scaffold,0,DB00891,test
scaffold,0,DB00900,test
scaffold,0,DB00911,test
scaffold,0,DB00915,test
scaffold,0,DB00916,test
scaffold,0,DB00921,test
scaffold,0,DB00940,test
scaffold,0,DB00948,test
scaffold,0,DB00957,test
scaffold,0,DB00966,test
scaffold,0,DB00967,test
scaffold,0,DB00976,test
scaffold,0,DB00979,test
scaffold,0,DB01000,test
scaffold,0,DB01004,test
scaffold,0,DB01008,test
scaffold,0,DB01012,test
scaffold,0,DB01017,test
scaffold,0,DB01020,test
scaffold,0,DB01043,test
scaffold,0,DB01061,test
scaffold,0,DB01078,test
scaffold,0,DB01082,test
scaffold,0,DB01084,test
scaffold,0,DB01089,test
scaffold,0,DB01094,test
scaffold,0,DB01097,test
scaffold,0,DB01102,test
scaffold,0,DB01107,test
scaffold,0,DB01119,test
scaffold,0,DB01129,test
scaffold,0,DB01136,test
scaffold,0,DB01140,test
scaffold,0,DB01142,test
scaffold,0,DB01150,test
scaffold,0,DB01175,test
scaffold,0,DB01204,test
scaffold,0,DB01218,test
scaffold,0,DB01222,test
scaffold,0,DB01236,test
scaffold,0,DB01238,test
scaffold,0,DB01260,test
scaffold,0,DB01268,test
scaffold,0,DB01289,test
scaffold,0,DB01299,test
scaffold,0,DB01301,test
scaffold,0,DB01339,test
scaffold,0,DB01348,test
scaffold,0,DB01359,test
scaffold,0,DB01378,test
scaffold,0,DB01390,test
scaffold,0,DB01406,test
scaffold,0,DB01575,test
scaffold,0,DB01589,test
scaffold,0,DB01590,test
scaffold,0,DB01600,test
scaffold,0,DB01613,test
scaffold,0,DB01618,test
scaffold,0,DB01628,test
scaffold,0,DB01764,test
scaffold,0,DB03585,test
scaffold,0,DB04339,test
scaffold,0,DB04572,test
scaffold,0,DB04794,test
scaffold,0,DB04841,test
scaffold,0,DB04911,test
scaffold,0,DB04930,test
scaffold,0,DB05246,test
scaffold,0,DB05381,test
scaffold,0,DB06150,test
scaffold,0,DB06196,test
scaffold,0,DB06264,test
scaffold,0,DB06267,test
scaffold,0,DB06287,test
scaffold,0,DB06412,test
scaffold,0,DB06589,test
scaffold,0,DB06595,test
scaffold,0,DB06690,test
scaffold,0,DB06706,test
scaffold,0,DB06713,test
scaffold,0,DB06717,test
scaffold,0,DB06730,test
scaffold,0,DB06766,test
scaffold,0,DB06786,test
scaffold,0,DB08796,test
scaffold,0,DB08801,test
scaffold,0,DB08802,test
scaffold,0,DB08804,test
scaffold,0,DB08820,test
scaffold,0,DB08828,test
scaffold,0,DB08875,test
scaffold,0,DB08877,test
scaffold,0,DB08881,test
scaffold,0,DB08889,test
scaffold,0,DB08895,test
scaffold,0,DB08897,test
scaffold,0,DB08906,test
scaffold,0,DB08908,test
scaffold,0,DB08911,test
scaffold,0,DB08922,test
scaffold,0,DB08974,test
scaffold,0,DB08992,test
scaffold,0,DB08993,test
scaffold,0,DB09008,test
scaffold,0,DB09017,test
scaffold,0,DB09040,test
scaffold,0,DB09054,test
scaffold,0,DB09069,test
scaffold,0,DB09093,test
scaffold,0,DB09118,test
scaffold,0,DB09130,test
scaffold,0,DB09166,test
scaffold,0,DB09185,test
scaffold,0,DB09198,test
scaffold,0,DB09223,test
scaffold,0,DB09231,test
scaffold,0,DB09232,test
scaffold,0,DB09241,test
scaffold,0,DB09290,test
scaffold,0,DB09293,test
scaffold,0,DB09396,test
scaffold,0,DB09414,test
scaffold,0,DB09488,test
scaffold,0,DB11231,test
scaffold,0,DB11348,test
scaffold,0,DB11362,test
scaffold,0,DB11560,test
scaffold,0,DB11613,test
scaffold,0,DB11699,test
scaffold,0,DB11921,test
scaffold,0,DB11994,test
scaffold,0,DB12001,test
scaffold,0,DB12532,test
scaffold,0,DB13231,test
scaffold,0,DB13747,test
scaffold,1,DB00014,train
scaffold,1,DB00027,train
scaffold,1,DB00035,train
scaffold,1,DB00091,train
scaffold,1,DB00115,train
scaffold,1,DB00122,train
scaffold,1,DB00126,train
scaffold,1,DB00142,train
scaffold,1,DB00152,train
scaffold,1,DB00158,train
scaffold,1,DB00162,train
scaffold,1,DB00163,train
scaffold,1,DB00165,train
scaffold,1,DB00166,train
scaffold,1,DB00170,train
scaffold,1,DB00175,train
scaffold,1,DB00177,train
scaffold,1,DB00178,train
scaffold,1,DB00185,train
scaffold,1,DB00186,train
scaffold,1,DB00188,train
scaffold,1,DB00189,train
scaffold,1,DB00196,train
scaffold,1,DB00198,train
scaffold,1,DB00201,train
scaffold,1,DB00202,train
scaffold,1,DB00203,train
scaffold,1,DB00206,train
scaffold,1,DB00208,train
scaffold,1,DB00209,train
scaffold,1,DB00210,train
scaffold,1,DB00212,train
scaffold,1,DB00213,train
scaffold,1,DB00214,train
scaffold,1,DB00215,train
scaffold,1,DB00216,train
scaffold,1,DB00218,train
scaffold,1,DB00219,train
scaffold,1,DB00220,train
scaffold,1,DB00223,train
scaffold,1,DB00224,train
scaffold,1,DB00226,train
scaffold,1,DB00227,train
scaffold,1,DB00228,train
scaffold,1,DB00229,train
scaffold,1,DB00230,train
scaffold,1,DB00231,train
scaffold,1,DB00232,train
scaffold,1,DB00234,train
scaffold,1,DB00235,train
scaffold,1,DB00236,train
scaffold,1,DB00237,train
scaffold,1,DB00238,train
scaffold,1,DB00239,train
scaffold,1,DB00240,train
scaffold,1,DB00241,train
scaffold,1,DB00243,train
scaffold,1,DB00246,train
scaffold,1,DB00247,train
scaffold,1,DB00248,train
scaffold,1,DB00251,train
scaffold,1,DB00252,train
scaffold,1,DB00254,train
scaffold,1,DB00256,train
scaffold,1,DB00258,train
scaffold,1,DB00260,train
scaffold,1,DB00261,train
scaffold,1,DB00262,train
scaffold,1,DB00263,train
scaffold,1,DB00266,train
scaffold,1,DB00267,train
scaffold,1,DB00270,train
scaffold,1,DB00273,train
scaffold,1,DB00274,train
scaffold,1,DB00275,train
scaffold,1,DB00276,train
scaffold,1,DB00277,train
scaffold,1,DB00278,train
scaffold,1,DB00282,train
scaffold,1,DB00283,train
scaffold,1,DB00284,train
scaffold,1,DB00285,train
scaffold,1,DB00287,train
scaffold,1,DB00288,train
scaffold,1,DB00292,train
scaffold,1,DB00293,train
scaffold,1,DB00294,train
scaffold,1,DB00296,train
scaffold,1,DB00297,train
scaffold,1,DB00298,train
scaffold,1,DB00300,train
scaffold,1,DB00301,train
scaffold,1,DB00302,train
scaffold,1,DB00303,train
scaffold,1,DB00304,train
scaffold,1,DB00305,train
scaffold,1,DB00307,train
scaffold,1,DB00310,train
scaffold,1,DB00312,train
scaffold,1,DB00313,train
scaffold,1,DB00315,train
scaffold,1,DB00322,train
scaffold,1,DB00323,train
scaffold,1,DB00324,train
scaffold,1,DB00330,train
scaffold,1,DB00332,train
scaffold,1,DB00333,train
scaffold,1,DB00334,train
scaffold,1,DB00336,train
scaffold,1,DB00338,train
scaffold,1,DB00339,train
scaffold,1,DB00340,train
scaffold,1,DB00343,train
scaffold,1,DB00346,train
scaffold,1,DB00349,train
scaffold,1,DB00352,train
scaffold,1,DB00353,train
scaffold,1,DB00357,train
scaffold,1,DB00358,train
scaffold,1,DB00359,train
scaffold,1,DB00360,train
scaffold,1,DB00361,train
scaffold,1,DB00362,train
scaffold,1,DB00363,train
scaffold,1,DB00364,train
scaffold,1,DB00367,train
scaffold,1,DB00370,train
scaffold,1,DB00373,train
scaffold,1,DB00374,train
scaffold,1,DB00376,train
scaffold,1,DB00380,train
scaffold,1,DB00381,train
scaffold,1,DB00384,train
scaffold,1,DB00390,train
scaffold,1,DB00393,train
scaffold,1,DB00394,train
scaffold,1,DB00395,train
scaffold,1,DB00398,train
scaffold,1,DB00400,train
scaffold,1,DB00401,train
scaffold,1,DB00402,train
scaffold,1,DB00408,train
scaffold,1,DB00409,train
scaffold,1,DB00411,train
scaffold,1,DB00412,train
scaffold,1,DB00415,train
scaffold,1,DB00418,train
scaffold,1,DB00419,train
scaffold,1,DB00421,train
scaffold,1,DB00422,train
scaffold,1,DB00424,train
scaffold,1,DB00425,train
scaffold,1,DB00426,train
scaffold,1,DB00427,train
scaffold,1,DB00429,train
scaffold,1,DB00432,train
scaffold,1,DB00433,train
scaffold,1,DB00436,train
scaffold,1,DB00437,train
scaffold,1,DB00438,train
scaffold,1,DB00440,train
scaffold,1,DB00443,train
scaffold,1,DB00444,train
scaffold,1,DB00448,train
scaffold,1,DB00450,train
scaffold,1,DB00452,train
scaffold,1,DB00453,train
scaffold,1,DB00454,train
scaffold,1,DB00455,train
scaffold,1,DB00456,train
scaffold,1,DB00462,train
scaffold,1,DB00467,train
scaffold,1,DB00468,train
scaffold,1,DB00470,train
scaffold,1,DB00471,train
scaffold,1,DB00474,train
scaffold,1,DB00480,train
scaffold,1,DB00481,train
scaffold,1,DB00482,train
scaffold,1,DB00485,train
scaffold,1,DB00486,train
scaffold,1,DB00488,train
scaffold,1,DB00490,train
scaffold,1,DB00491,train
scaffold,1,DB00492,train
scaffold,1,DB00493,train
scaffold,1,DB00495,train
scaffold,1,DB00496,train
scaffold,1,DB00497,train
scaffold,1,DB00498,train
scaffold,1,DB00500,train
scaffold,1,DB00502,train
scaffold,1,DB00503,train
scaffold,1,DB00504,train
scaffold,1,DB00511,train
scaffold,1,DB00512,train
scaffold,1,DB00514,train
scaffold,1,DB00517,train
scaffold,1,DB00518,train
scaffold,1,DB00519,train
scaffold,1,DB00520,train
scaffold,1,DB00521,train
scaffold,1,DB00523,train
scaffold,1,DB00525,train
scaffold,1,DB00526,train
scaffold,1,DB00527,train
scaffold,1,DB00528,train
scaffold,1,DB00529,train
scaffold,1,DB00530,train
scaffold,1,DB00535,train
scaffold,1,DB00537,train
scaffold,1,DB00539,train
scaffold,1,DB00541,train
scaffold,1,DB00542,train
scaffold,1,DB00543,train
scaffold,1,DB00545,train
scaffold,1,DB00547,train
scaffold,1,DB00548,train
scaffold,1,DB00549,train
scaffold,1,DB00550,train
scaffold,1,DB00551,train
scaffold,1,DB00552,train
scaffold,1,DB00555,train
scaffold,1,DB00559,train
scaffold,1,DB00560,train
scaffold,1,DB00561,train
scaffold,1,DB00562,train
scaffold,1,DB00563,train
scaffold,1,DB00564,train
scaffold,1,DB00565,train
scaffold,1,DB00567,train
scaffold,1,DB00568,train
scaffold,1,DB00572,train
scaffold,1,DB00575,train
scaffold,1,DB00576,train
scaffold,1,DB00578,train
scaffold,1,DB00581,train
scaffold,1,DB00582,train
scaffold,1,DB00583,train
scaffold,1,DB00584,train
scaffold,1,DB00585,train
scaffold,1,DB00586,train
scaffold,1,DB00588,train
scaffold,1,DB00589,train
scaffold,1,DB00592,train
scaffold,1,DB00593,train
scaffold,1,DB00594,train
scaffold,1,DB00595,train
scaffold,1,DB00596,train
scaffold,1,DB00599,train
scaffold,1,DB00602,train
scaffold,1,DB00604,train
scaffold,1,DB00605,train
scaffold,1,DB00606,train
scaffold,1,DB00607,train
scaffold,1,DB00608,train
scaffold,1,DB00609,train
scaffold,1,DB00613,train
scaffold,1,DB00614,train
scaffold,1,DB00618,train
scaffold,1,DB00619,train
scaffold,1,DB00620,train
scaffold,1,DB00622,train
scaffold,1,DB00623,train
scaffold,1,DB00625,train
scaffold,1,DB00626,train
scaffold,1,DB00627,train
scaffold,1,DB00628,train
scaffold,1,DB00633,train
scaffold,1,DB00635,train
scaffold,1,DB00637,train
scaffold,1,DB00641,train
scaffold,1,DB00642,train
scaffold,1,DB00643,train
scaffold,1,DB00645,train
scaffold,1,DB00646,train
scaffold,1,DB00647,train
scaffold,1,DB00648,train
scaffold,1,DB00651,train
scaffold,1,DB00652,train
scaffold,1,DB00653,train
scaffold,1,DB00655,train
scaffold,1,DB00656,train
scaffold,1,DB00657,train
scaffold,1,DB00658,train
scaffold,1,DB00660,train
scaffold,1,DB00662,train
scaffold,1,DB00663,train
scaffold,1,DB00664,train
scaffold,1,DB00666,train
scaffold,1,DB00670,train
scaffold,1,DB00671,train
scaffold,1,DB00675,train
scaffold,1,DB00677,train
scaffold,1,DB00678,train
scaffold,1,DB00679,train
scaffold,1,DB00682,train
scaffold,1,DB00683,train
scaffold,1,DB00689,train
scaffold,1,DB00690,train
scaffold,1,DB00692,train
scaffold,1,DB00700,train
scaffold,1,DB00703,train
scaffold,1,DB00705,train
scaffold,1,DB00708,train
scaffold,1,DB00710,train
scaffold,1,DB00711,train
scaffold,1,DB00712,train
scaffold,1,DB00713,train
scaffold,1,DB00714,train
scaffold,1,DB00715,train
scaffold,1,DB00717,train
scaffold,1,DB00718,train
scaffold,1,DB00719,train
scaffold,1,DB00720,train
scaffold,1,DB00722,train
scaffold,1,DB00727,train
scaffold,1,DB00728,train
scaffold,1,DB00730,train
scaffold,1,DB00731,train
scaffold,1,DB00734,train
scaffold,1,DB00735,train
scaffold,1,DB00736,train
scaffold,1,DB00738,train
scaffold,1,DB00742,train
scaffold,1,DB00744,train
scaffold,1,DB00745,train
scaffold,1,DB00749,train
scaffold,1,DB00751,train
scaffold,1,DB00752,train
scaffold,1,DB00754,train
scaffold,1,DB00755,train
scaffold,1,DB00757,train
scaffold,1,DB00758,train
scaffold,1,DB00759,train
scaffold,1,DB00760,train
scaffold,1,DB00762,train
scaffold,1,DB00764,train
scaffold,1,DB00766,train
scaffold,1,DB00768,train
scaffold,1,DB00771,train
scaffold,1,DB00772,train
scaffold,1,DB00773,train
scaffold,1,DB00774,train
scaffold,1,DB00775,train
scaffold,1,DB00776,train
scaffold,1,DB00778,train
scaffold,1,DB00779,train
scaffold,1,DB00781,train
scaffold,1,DB00783,train
scaffold,1,DB00784,train
scaffold,1,DB00792,train
scaffold,1,DB00795,train
scaffold,1,DB00796,train
scaffold,1,DB00797,train
scaffold,1,DB00798,train
scaffold,1,DB00799,train
scaffold,1,DB00800,train
scaffold,1,DB00801,train
scaffold,1,DB00804,train
scaffold,1,DB00805,train
scaffold,1,DB00806,train
scaffold,1,DB00809,train
scaffold,1,DB00811,train
scaffold,1,DB00813,train
scaffold,1,DB00814,train
scaffold,1,DB00817,train
scaffold,1,DB00819,train
scaffold,1,DB00821,train
scaffold,1,DB00822,train
scaffold,1,DB00823,train
scaffold,1,DB00828,train
scaffold,1,DB00829,train
scaffold,1,DB00831,train
scaffold,1,DB00833,train
scaffold,1,DB00834,train
scaffold,1,DB00836,train
scaffold,1,DB00837,train
scaffold,1,DB00838,train
scaffold,1,DB00842,train
scaffold,1,DB00843,train
scaffold,1,DB00845,train
scaffold,1,DB00846,train
scaffold,1,DB00847,train
scaffold,1,DB00850,train
scaffold,1,DB00854,train
scaffold,1,DB00855,train
scaffold,1,DB00859,train
scaffold,1,DB00860,train
scaffold,1,DB00861,train
scaffold,1,DB00862,train
scaffold,1,DB00863,train
scaffold,1,DB00867,train
scaffold,1,DB00872,train
scaffold,1,DB00873,train
scaffold,1,DB00875,train
scaffold,1,DB00876,train
scaffold,1,DB00877,train
scaffold,1,DB00880,train
scaffold,1,DB00882,train
scaffold,1,DB00884,train
scaffold,1,DB00888,train
scaffold,1,DB00890,train
scaffold,1,DB00891,train
scaffold,1,DB00894,train
scaffold,1,DB00896,train
scaffold,1,DB00898,train
scaffold,1,DB00899,train
scaffold,1,DB00900,train
scaffold,1,DB00904,train
scaffold,1,DB00906,train
scaffold,1,DB00907,train
scaffold,1,DB00908,train
scaffold,1,DB00915,train
scaffold,1,DB00918,train
scaffold,1,DB00919,train
scaffold,1,DB00920,train
scaffold,1,DB00922,train
scaffold,1,DB00923,train
scaffold,1,DB00924,train
scaffold,1,DB00927,train
scaffold,1,DB00931,train
scaffold,1,DB00932,train
scaffold,1,DB00933,train
scaffold,1,DB00935,train
scaffold,1,DB00939,train
scaffold,1,DB00944,train
scaffold,1,DB00946,train
scaffold,1,DB00947,train
scaffold,1,DB00948,train
scaffold,1,DB00951,train
scaffold,1,DB00952,train
scaffold,1,DB00953,train
scaffold,1,DB00954,train
scaffold,1,DB00955,train
scaffold,1,DB00957,train
scaffold,1,DB00958,train
scaffold,1,DB00959,train
scaffold,1,DB00961,train
scaffold,1,DB00963,train
scaffold,1,DB00964,train
scaffold,1,DB00966,train
scaffold,1,DB00967,train
scaffold,1,DB00969,train
scaffold,1,DB00972,train
scaffold,1,DB00973,train
scaffold,1,DB00974,train
scaffold,1,DB00975,train
scaffold,1,DB00977,train
scaffold,1,DB00979,train
scaffold,1,DB00981,train
scaffold,1,DB00982,train
scaffold,1,DB00983,train
scaffold,1,DB00985,train
scaffold,1,DB00986,train
scaffold,1,DB00990,train
scaffold,1,DB00991,train
scaffold,1,DB00996,train
scaffold,1,DB00998,train
scaffold,1,DB00999,train
scaffold,1,DB01000,train
scaffold,1,DB01002,train
scaffold,1,DB01004,train
scaffold,1,DB01006,train
scaffold,1,DB01007,train
scaffold,1,DB01008,train
scaffold,1,DB01009,train
scaffold,1,DB01013,train
scaffold,1,DB01016,train
scaffold,1,DB01017,train
scaffold,1,DB01019,train
scaffold,1,DB01021,train
scaffold,1,DB01022,train
scaffold,1,DB01023,train
scaffold,1,DB01024,train
scaffold,1,DB01026,train
scaffold,1,DB01028,train
scaffold,1,DB01029,train
scaffold,1,DB01033,train
scaffold,1,DB01034,train
scaffold,1,DB01036,train
scaffold,1,DB01039,train
scaffold,1,DB01041,train
scaffold,1,DB01043,train
scaffold,1,DB01044,train
scaffold,1,DB01045,train
scaffold,1,DB01046,train
scaffold,1,DB01048,train
scaffold,1,DB01053,train
scaffold,1,DB01054,train
scaffold,1,DB01057,train
scaffold,1,DB01058,train
scaffold,1,DB01060,train
scaffold,1,DB01061,train
scaffold,1,DB01062,train
scaffold,1,DB01063,train
scaffold,1,DB01066,train
scaffold,1,DB01067,train
scaffold,1,DB01068,train
scaffold,1,DB01072,train
scaffold,1,DB01074,train
scaffold,1,DB01075,train
scaffold,1,DB01076,train
scaffold,1,DB01078,train
scaffold,1,DB01081,train
scaffold,1,DB01084,train
scaffold,1,DB01087,train
scaffold,1,DB01088,train
scaffold,1,DB01089,train
scaffold,1,DB01090,train
scaffold,1,DB01091,train
scaffold,1,DB01092,train
scaffold,1,DB01093,train
scaffold,1,DB01094,train
scaffold,1,DB01096,train
scaffold,1,DB01097,train
scaffold,1,DB01098,train
scaffold,1,DB01100,train
scaffold,1,DB01103,train
scaffold,1,DB01105,train
scaffold,1,DB01106,train
scaffold,1,DB01107,train
scaffold,1,DB01110,train
scaffold,1,DB01113,train
scaffold,1,DB01115,train
scaffold,1,DB01116,train
scaffold,1,DB01117,train
scaffold,1,DB01118,train
scaffold,1,DB01119,train
scaffold,1,DB01120,train
scaffold,1,DB01122,train
scaffold,1,DB01126,train
scaffold,1,DB01127,train
scaffold,1,DB01128,train
scaffold,1,DB01129,train
scaffold,1,DB01130,train
scaffold,1,DB01136,train
scaffold,1,DB01138,train
scaffold,1,DB01139,train
scaffold,1,DB01140,train
scaffold,1,DB01141,train
scaffold,1,DB01142,train
scaffold,1,DB01147,train
scaffold,1,DB01149,train
scaffold,1,DB01150,train
scaffold,1,DB01153,train
scaffold,1,DB01154,train
scaffold,1,DB01157,train
scaffold,1,DB01159,train
scaffold,1,DB01160,train
scaffold,1,DB01162,train
scaffold,1,DB01166,train
scaffold,1,DB01167,train
scaffold,1,DB01169,train
scaffold,1,DB01173,train
scaffold,1,DB01175,train
scaffold,1,DB01179,train
scaffold,1,DB01180,train
scaffold,1,DB01182,train
scaffold,1,DB01183,train
scaffold,1,DB01186,train
scaffold,1,DB01192,train
scaffold,1,DB01194,train
scaffold,1,DB01196,train
scaffold,1,DB01198,train
scaffold,1,DB01199,train
scaffold,1,DB01200,train
scaffold,1,DB01201,train
scaffold,1,DB01203,train
scaffold,1,DB01204,train
scaffold,1,DB01205,train
scaffold,1,DB01206,train
scaffold,1,DB01208,train
scaffold,1,DB01209,train
scaffold,1,DB01210,train
scaffold,1,DB01213,train
scaffold,1,DB01216,train
scaffold,1,DB01218,train
scaffold,1,DB01219,train
scaffold,1,DB01221,train
scaffold,1,DB01224,train
scaffold,1,DB01227,train
scaffold,1,DB01228,train
scaffold,1,DB01232,train
scaffold,1,DB01234,train
scaffold,1,DB01239,train
scaffold,1,DB01240,train
scaffold,1,DB01243,train
scaffold,1,DB01244,train
scaffold,1,DB01245,train
scaffold,1,DB01247,train
scaffold,1,DB01251,train
scaffold,1,DB01252,train
scaffold,1,DB01253,train
scaffold,1,DB01254,train
scaffold,1,DB01256,train
scaffold,1,DB01259,train
scaffold,1,DB01261,train
scaffold,1,DB01263,train
scaffold,1,DB01264,train
scaffold,1,DB01267,train
scaffold,1,DB01268,train
scaffold,1,DB01273,train
scaffold,1,DB01274,train
scaffold,1,DB01275,train
scaffold,1,DB01282,train
scaffold,1,DB01283,train
scaffold,1,DB01284,train
scaffold,1,DB01288,train
scaffold,1,DB01291,train
scaffold,1,DB01295,train
scaffold,1,DB01298,train
scaffold,1,DB01301,train
scaffold,1,DB01303,train
scaffold,1,DB01320,train
scaffold,1,DB01321,train
scaffold,1,DB01324,train
scaffold,1,DB01326,train
scaffold,1,DB01327,train
scaffold,1,DB01328,train
scaffold,1,DB01330,train
scaffold,1,DB01331,train
scaffold,1,DB01332,train
scaffold,1,DB01333,train
scaffold,1,DB01336,train
scaffold,1,DB01337,train
scaffold,1,DB01338,train
scaffold,1,DB01339,train
scaffold,1,DB01340,train
scaffold,1,DB01348,train
scaffold,1,DB01351,train
scaffold,1,DB01353,train
scaffold,1,DB01355,train
scaffold,1,DB01356,train
scaffold,1,DB01357,train
scaffold,1,DB01359,train
scaffold,1,DB01367,train
scaffold,1,DB01369,train
scaffold,1,DB01370,train
scaffold,1,DB01378,train
scaffold,1,DB01384,train
scaffold,1,DB01392,train
scaffold,1,DB01394,train
scaffold,1,DB01395,train
scaffold,1,DB01396,train
scaffold,1,DB01399,train
scaffold,1,DB01401,train
scaffold,1,DB01406,train
scaffold,1,DB01410,train
scaffold,1,DB01411,train
scaffold,1,DB01412,train
scaffold,1,DB01413,train
scaffold,1,DB01415,train
scaffold,1,DB01416,train
scaffold,1,DB01418,train
scaffold,1,DB01421,train
scaffold,1,DB01422,train
scaffold,1,DB01423,train
scaffold,1,DB01424,train
scaffold,1,DB01426,train
scaffold,1,DB01427,train
scaffold,1,DB01429,train
scaffold,1,DB01431,train
scaffold,1,DB01433,train
scaffold,1,DB01435,train
scaffold,1,DB01437,train
scaffold,1,DB01438,train
scaffold,1,DB01440,train
scaffold,1,DB01489,train
scaffold,1,DB01501,train
scaffold,1,DB01511,train
scaffold,1,DB01544,train
scaffold,1,DB01545,train
scaffold,1,DB01553,train
scaffold,1,DB01558,train
scaffold,1,DB01559,train
scaffold,1,DB01563,train
scaffold,1,DB01567,train
scaffold,1,DB01575,train
scaffold,1,DB01579,train
scaffold,1,DB01581,train
scaffold,1,DB01582,train
scaffold,1,DB01586,train
scaffold,1,DB01587,train
scaffold,1,DB01589,train
scaffold,1,DB01590,train
scaffold,1,DB01595,train
scaffold,1,DB01597,train
scaffold,1,DB01598,train
scaffold,1,DB01599,train
scaffold,1,DB01601,train
scaffold,1,DB01602,train
scaffold,1,DB01603,train
scaffold,1,DB01604,train
scaffold,1,DB01605,train
scaffold,1,DB01606,train
scaffold,1,DB01607,train
scaffold,1,DB01608,train
scaffold,1,DB01611,train
scaffold,1,DB01613,train
scaffold,1,DB01618,train
scaffold,1,DB01621,train
scaffold,1,DB01622,train
scaffold,1,DB01623,train
scaffold,1,DB01624,train
scaffold,1,DB01628,train
scaffold,1,DB01656,train
scaffold,1,DB01708,train
scaffold,1,DB01764,train
scaffold,1,DB01878,train
scaffold,1,DB02300,train
scaffold,1,DB02638,train
scaffold,1,DB02659,train
scaffold,1,DB02701,train
scaffold,1,DB02703,train
scaffold,1,DB02709,train
scaffold,1,DB03128,train
scaffold,1,DB03619,train
scaffold,1,DB03756,train
scaffold,1,DB04339,train
scaffold,1,DB04398,train
scaffold,1,DB04552,train
scaffold,1,DB04570,train
scaffold,1,DB04572,train
scaffold,1,DB04573,train
scaffold,1,DB04574,train
scaffold,1,DB04575,train
scaffold,1,DB04711,train
scaffold,1,DB04786,train
scaffold,1,DB04794,train
scaffold,1,DB04835,train
scaffold,1,DB04839,train
scaffold,1,DB04840,train
scaffold,1,DB04841,train
scaffold,1,DB04844,train
scaffold,1,DB04845,train
scaffold,1,DB04855,train
scaffold,1,DB04861,train
scaffold,1,DB04865,train
scaffold,1,DB04868,train
scaffold,1,DB04871,train
scaffold,1,DB04876,train
scaffold,1,DB04878,train
scaffold,1,DB04894,train
scaffold,1,DB04896,train
scaffold,1,DB04898,train
scaffold,1,DB04908,train
scaffold,1,DB04920,train
scaffold,1,DB04930,train
scaffold,1,DB04938,train
scaffold,1,DB04946,train
scaffold,1,DB04948,train
scaffold,1,DB04951,train
scaffold,1,DB04953,train
scaffold,1,DB05015,train
scaffold,1,DB05039,train
scaffold,1,DB05109,train
scaffold,1,DB05219,train
scaffold,1,DB05239,train
scaffold,1,DB05245,train
scaffold,1,DB05265,train
scaffold,1,DB05266,train
scaffold,1,DB05271,train
scaffold,1,DB05316,train
scaffold,1,DB05351,train
scaffold,1,DB05521,train
scaffold,1,DB05630,train
scaffold,1,DB05812,train
scaffold,1,DB05990,train
scaffold,1,DB06016,train
scaffold,1,DB06144,train
scaffold,1,DB06145,train
scaffold,1,DB06147,train
scaffold,1,DB06148,train
scaffold,1,DB06153,train
scaffold,1,DB06154,train
scaffold,1,DB06155,train
scaffold,1,DB06176,train
scaffold,1,DB06193,train
scaffold,1,DB06196,train
scaffold,1,DB06201,train
scaffold,1,DB06202,train
scaffold,1,DB06203,train
scaffold,1,DB06206,train
scaffold,1,DB06209,train
scaffold,1,DB06210,train
scaffold,1,DB06211,train
scaffold,1,DB06212,train
scaffold,1,DB06213,train
scaffold,1,DB06216,train
scaffold,1,DB06228,train
scaffold,1,DB06237,train
scaffold,1,DB06243,train
scaffold,1,DB06264,train
scaffold,1,DB06287,train
scaffold,1,DB06292,train
scaffold,1,DB06335,train
scaffold,1,DB06401,train
scaffold,1,DB06402,train
scaffold,1,DB06403,train
scaffold,1,DB06412,train
scaffold,1,DB06413,train
scaffold,1,DB06414,train
scaffold,1,DB06480,train
scaffold,1,DB06589,train
scaffold,1,DB06603,train
scaffold,1,DB06605,train
scaffold,1,DB06616,train
scaffold,1,DB06636,train
scaffold,1,DB06637,train
scaffold,1,DB06684,train
scaffold,1,DB06689,train
scaffold,1,DB06690,train
scaffold,1,DB06691,train
scaffold,1,DB06694,train
scaffold,1,DB06695,train
scaffold,1,DB06697,train
scaffold,1,DB06698,train
scaffold,1,DB06699,train
scaffold,1,DB06700,train
scaffold,1,DB06701,train
scaffold,1,DB06702,train
scaffold,1,DB06706,train
scaffold,1,DB06709,train
scaffold,1,DB06711,train
scaffold,1,DB06712,train
scaffold,1,DB06713,train
scaffold,1,DB06715,train
scaffold,1,DB06736,train
scaffold,1,DB06737,train
scaffold,1,DB06738,train
scaffold,1,DB06742,train
scaffold,1,DB06767,train
scaffold,1,DB06769,train
scaffold,1,DB06771,train
scaffold,1,DB06777,train
scaffold,1,DB06781,train
scaffold,1,DB06782,train
scaffold,1,DB06786,train
scaffold,1,DB06788,train
scaffold,1,DB06791,train
scaffold,1,DB06802,train
scaffold,1,DB06810,train
scaffold,1,DB06816,train
scaffold,1,DB06826,train
scaffold,1,DB06827,train
scaffold,1,DB07615,train
scaffold,1,DB08795,train
scaffold,1,DB08796,train
scaffold,1,DB08799,train
scaffold,1,DB08800,train
scaffold,1,DB08802,train
scaffold,1,DB08804,train
scaffold,1,DB08807,train
scaffold,1,DB08811,train
scaffold,1,DB08815,train
scaffold,1,DB08819,train
scaffold,1,DB08820,train
scaffold,1,DB08822,train
scaffold,1,DB08826,train
scaffold,1,DB08827,train
scaffold,1,DB08860,train
scaffold,1,DB08865,train
scaffold,1,DB08867,train
scaffold,1,DB08872,train
scaffold,1,DB08873,train
scaffold,1,DB08874,train
scaffold,1,DB08875,train
scaffold,1,DB08877,train
scaffold,1,DB08881,train
scaffold,1,DB08883,train
scaffold,1,DB08887,train
scaffold,1,DB08893,train
scaffold,1,DB08895,train
scaffold,1,DB08896,train
scaffold,1,DB08897,train
scaffold,1,DB08901,train
scaffold,1,DB08903,train
scaffold,1,DB08905,train
scaffold,1,DB08906,train
scaffold,1,DB08909,train
scaffold,1,DB08910,train
scaffold,1,DB08911,train
scaffold,1,DB08912,train
scaffold,1,DB08913,train
scaffold,1,DB08916,train
scaffold,1,DB08918,train
scaffold,1,DB08922,train
scaffold,1,DB08930,train
scaffold,1,DB08931,train
scaffold,1,DB08932,train
scaffold,1,DB08933,train
scaffold,1,DB08934,train
scaffold,1,DB08938,train
scaffold,1,DB08943,train
scaffold,1,DB08954,train
scaffold,1,DB08957,train
scaffold,1,DB08958,train
scaffold,1,DB08965,train
scaffold,1,DB08970,train
scaffold,1,DB08971,train
scaffold,1,DB08974,train
scaffold,1,DB08976,train
scaffold,1,DB08981,train
scaffold,1,DB08983,train
scaffold,1,DB08984,train
scaffold,1,DB08991,train
scaffold,1,DB08992,train
scaffold,1,DB08993,train
scaffold,1,DB08994,train
scaffold,1,DB09008,train
scaffold,1,DB09009,train
scaffold,1,DB09014,train
scaffold,1,DB09017,train
scaffold,1,DB09020,train
scaffold,1,DB09027,train
scaffold,1,DB09030,train
scaffold,1,DB09031,train
scaffold,1,DB09034,train
scaffold,1,DB09038,train
scaffold,1,DB09039,train
scaffold,1,DB09041,train
scaffold,1,DB09042,train
scaffold,1,DB09047,train
scaffold,1,DB09049,train
scaffold,1,DB09055,train
scaffold,1,DB09061,train
scaffold,1,DB09067,train
scaffold,1,DB09068,train
scaffold,1,DB09070,train
scaffold,1,DB09071,train
scaffold,1,DB09072,train
scaffold,1,DB09074,train
scaffold,1,DB09078,train
scaffold,1,DB09079,train
scaffold,1,DB09080,train
scaffold,1,DB09082,train
scaffold,1,DB09083,train
scaffold,1,DB09084,train
scaffold,1,DB09093,train
scaffold,1,DB09094,train
scaffold,1,DB09095,train
scaffold,1,DB09096,train
scaffold,1,DB09097,train
scaffold,1,DB09099,train
scaffold,1,DB09101,train
scaffold,1,DB09102,train
scaffold,1,DB09104,train
scaffold,1,DB09117,train
scaffold,1,DB09118,train
scaffold,1,DB09123,train
scaffold,1,DB09125,train
scaffold,1,DB09128,train
scaffold,1,DB09130,train
scaffold,1,DB09138,train
scaffold,1,DB09143,train
scaffold,1,DB09146,train
scaffold,1,DB09147,train
scaffold,1,DB09153,train
scaffold,1,DB09154,train
scaffold,1,DB09162,train
scaffold,1,DB09166,train
scaffold,1,DB09167,train
scaffold,1,DB09185,train
scaffold,1,DB09198,train
scaffold,1,DB09204,train
scaffold,1,DB09209,train
scaffold,1,DB09214,train
scaffold,1,DB09215,train
scaffold,1,DB09216,train
scaffold,1,DB09218,train
scaffold,1,DB09220,train
scaffold,1,DB09223,train
scaffold,1,DB09224,train
scaffold,1,DB09225,train
scaffold,1,DB09227,train
scaffold,1,DB09230,train
scaffold,1,DB09231,train
scaffold,1,DB09236,train
scaffold,1,DB09238,train
scaffold,1,DB09242,train
scaffold,1,DB09244,train
scaffold,1,DB09245,train
scaffold,1,DB09257,train
scaffold,1,DB09262,train
scaffold,1,DB09267,train
scaffold,1,DB09268,train
scaffold,1,DB09270,train
scaffold,1,DB09272,train
scaffold,1,DB09273,train
scaffold,1,DB09274,train
scaffold,1,DB09275,train
scaffold,1,DB09277,train
scaffold,1,DB09278,train
scaffold,1,DB09279,train
scaffold,1,DB09280,train
scaffold,1,DB09282,train
scaffold,1,DB09283,train
scaffold,1,DB09285,train
scaffold,1,DB09286,train
scaffold,1,DB09289,train
scaffold,1,DB09291,train
scaffold,1,DB09292,train
scaffold,1,DB09293,train
scaffold,1,DB09295,train
scaffold,1,DB09297,train
scaffold,1,DB09300,train
scaffold,1,DB09320,train
scaffold,1,DB09321,train
scaffold,1,DB09323,train
scaffold,1,DB09324,train
scaffold,1,DB09343,train
scaffold,1,DB09345,train
scaffold,1,DB09389,train
scaffold,1,DB09396,train
scaffold,1,DB09449,train
scaffold,1,DB09462,train
scaffold,1,DB09477,train
scaffold,1,DB09488,train
scaffold,1,DB09499,train
scaffold,1,DB09536,train
scaffold,1,DB11093,train
scaffold,1,DB11106,train
scaffold,1,DB11135,train
scaffold,1,DB11156,train
scaffold,1,DB11231,train
scaffold,1,DB11235,train
scaffold,1,DB11239,train
scaffold,1,DB11256,train
scaffold,1,DB11315,train
scaffold,1,DB11342,train
scaffold,1,DB11363,train
scaffold,1,DB11581,train
scaffold,1,DB11586,train
scaffold,1,DB11596,train
scaffold,1,DB11609,train
scaffold,1,DB11613,train
scaffold,1,DB11614,train
scaffold,1,DB11619,train
scaffold,1,DB11636,train
scaffold,1,DB11641,train
scaffold,1,DB11691,train
scaffold,1,DB11699,train
scaffold,1,DB11730,train
scaffold,1,DB11737,train
scaffold,1,DB11793,train
scaffold,1,DB11915,train
scaffold,1,DB11921,train
scaffold,1,DB11994,train
scaffold,1,DB12001,train
scaffold,1,DB12070,train
scaffold,1,DB12161,train
scaffold,1,DB12267,train
scaffold,1,DB12278,train
scaffold,1,DB12332,train
scaffold,1,DB12364,train
scaffold,1,DB12532,train
scaffold,1,DB12598,train
scaffold,1,DB12924,train
scaffold,1,DB13146,train
scaffold,1,DB13153,train
scaffold,1,DB13158,train
scaffold,1,DB13179,train
scaffold,1,DB13231,train
scaffold,1,DB13323,train
scaffold,1,DB13450,train
scaffold,1,DB13595,train
scaffold,1,DB13747,train
scaffold,1,DB13872,train
scaffold,1,DB13873,train
scaffold,1,DB13874,train
scaffold,1,DB00120,val
scaffold,1,DB00150,val
scaffold,1,DB00176,val
scaffold,1,DB00179,val
scaffold,1,DB00180,val
scaffold,1,DB00181,val
scaffold,1,DB00182,val
scaffold,1,DB00187,val
scaffold,1,DB00190,val
scaffold,1,DB00191,val
scaffold,1,DB00193,val
scaffold,1,DB00199,val
scaffold,1,DB00204,val
scaffold,1,DB00207,val
scaffold,1,DB00211,val
scaffold,1,DB00217,val
scaffold,1,DB00221,val
scaffold,1,DB00233,val
scaffold,1,DB00244,val
scaffold,1,DB00245,val
scaffold,1,DB00253,val
scaffold,1,DB00257,val
scaffold,1,DB00259,val
scaffold,1,DB00264,val
scaffold,1,DB00268,val
scaffold,1,DB00271,val
scaffold,1,DB00280,val
scaffold,1,DB00281,val
scaffold,1,DB00290,val
scaffold,1,DB00291,val
scaffold,1,DB00295,val
scaffold,1,DB00308,val
scaffold,1,DB00309,val
scaffold,1,DB00316,val
scaffold,1,DB00318,val
scaffold,1,DB00319,val
scaffold,1,DB00321,val
scaffold,1,DB00335,val
scaffold,1,DB00337,val
scaffold,1,DB00341,val
scaffold,1,DB00345,val
scaffold,1,DB00354,val
scaffold,1,DB00355,val
scaffold,1,DB00356,val
scaffold,1,DB00366,val
scaffold,1,DB00368,val
scaffold,1,DB00369,val
scaffold,1,DB00371,val
scaffold,1,DB00379,val
scaffold,1,DB00385,val
scaffold,1,DB00388,val
scaffold,1,DB00391,val
scaffold,1,DB00396,val
scaffold,1,DB00397,val
scaffold,1,DB00404,val
scaffold,1,DB00405,val
scaffold,1,DB00410,val
scaffold,1,DB00423,val
scaffold,1,DB00430,val
scaffold,1,DB00434,val
scaffold,1,DB00435,val
scaffold,1,DB00442,val
scaffold,1,DB00445,val
scaffold,1,DB00446,val
scaffold,1,DB00449,val
scaffold,1,DB00458,val
scaffold,1,DB00459,val
scaffold,1,DB00460,val
scaffold,1,DB00469,val
scaffold,1,DB00475,val
scaffold,1,DB00476,val
scaffold,1,DB00483,val
scaffold,1,DB00489,val
scaffold,1,DB00494,val
scaffold,1,DB00499,val
scaffold,1,DB00513,val
scaffold,1,DB00531,val
scaffold,1,DB00540,val
scaffold,1,DB00544,val
scaffold,1,DB00546,val
scaffold,1,DB00556,val
scaffold,1,DB00557,val
scaffold,1,DB00570,val
scaffold,1,DB00577,val
scaffold,1,DB00591,val
scaffold,1,DB00601,val
scaffold,1,DB00603,val
scaffold,1,DB00610,val
scaffold,1,DB00612,val
scaffold,1,DB00615,val
scaffold,1,DB00624,val
scaffold,1,DB00629,val
scaffold,1,DB00634,val
scaffold,1,DB00636,val
scaffold,1,DB00649,val
scaffold,1,DB00654,val
scaffold,1,DB00665,val
scaffold,1,DB00668,val
scaffold,1,DB00669,val
scaffold,1,DB00672,val
scaffold,1,DB00673,val
scaffold,1,DB00681,val
scaffold,1,DB00685,val
scaffold,1,DB00687,val
scaffold,1,DB00688,val
scaffold,1,DB00694,val
scaffold,1,DB00695,val
scaffold,1,DB00698,val
scaffold,1,DB00699,val
scaffold,1,DB00704,val
scaffold,1,DB00706,val
scaffold,1,DB00709,val
scaffold,1,DB00721,val
scaffold,1,DB00723,val
scaffold,1,DB00724,val
scaffold,1,DB00726,val
scaffold,1,DB00732,val
scaffold,1,DB00737,val
scaffold,1,DB00740,val
scaffold,1,DB00741,val
scaffold,1,DB00743,val
scaffold,1,DB00746,val
scaffold,1,DB00748,val
scaffold,1,DB00750,val
scaffold,1,DB00753,val
scaffold,1,DB00765,val
scaffold,1,DB00769,val
scaffold,1,DB00780,val
scaffold,1,DB00782,val
scaffold,1,DB00787,val
scaffold,1,DB00791,val
scaffold,1,DB00793,val
scaffold,1,DB00794,val
scaffold,1,DB00802,val
scaffold,1,DB00807,val
scaffold,1,DB00808,val
scaffold,1,DB00812,val
scaffold,1,DB00816,val
scaffold,1,DB00818,val
scaffold,1,DB00820,val
scaffold,1,DB00827,val
scaffold,1,DB00835,val
scaffold,1,DB00844,val
scaffold,1,DB00849,val
scaffold,1,DB00852,val
scaffold,1,DB00856,val
scaffold,1,DB00864,val
scaffold,1,DB00866,val
scaffold,1,DB00869,val
scaffold,1,DB00870,val
scaffold,1,DB00871,val
scaffold,1,DB00879,val
scaffold,1,DB00885,val
scaffold,1,DB00889,val
scaffold,1,DB00892,val
scaffold,1,DB00897,val
scaffold,1,DB00903,val
scaffold,1,DB00905,val
scaffold,1,DB00912,val
scaffold,1,DB00914,val
scaffold,1,DB00934,val
scaffold,1,DB00936,val
scaffold,1,DB00937,val
scaffold,1,DB00938,val
scaffold,1,DB00940,val
scaffold,1,DB00945,val
scaffold,1,DB00949,val
scaffold,1,DB00960,val
scaffold,1,DB00962,val
scaffold,1,DB00968,val
scaffold,1,DB00970,val
scaffold,1,DB00988,val
scaffold,1,DB00989,val
scaffold,1,DB00997,val
scaffold,1,DB01001,val
scaffold,1,DB01010,val
scaffold,1,DB01011,val
scaffold,1,DB01014,val
scaffold,1,DB01018,val
scaffold,1,DB01032,val
scaffold,1,DB01035,val
scaffold,1,DB01037,val
scaffold,1,DB01042,val
scaffold,1,DB01047,val
scaffold,1,DB01050,val
scaffold,1,DB01051,val
scaffold,1,DB01064,val
scaffold,1,DB01065,val
scaffold,1,DB01083,val
scaffold,1,DB01086,val
scaffold,1,DB01095,val
scaffold,1,DB01099,val
scaffold,1,DB01104,val
scaffold,1,DB01108,val
scaffold,1,DB01114,val
scaffold,1,DB01121,val
scaffold,1,DB01124,val
scaffold,1,DB01131,val
scaffold,1,DB01132,val
scaffold,1,DB01133,val
scaffold,1,DB01137,val
scaffold,1,DB01144,val
scaffold,1,DB01151,val
scaffold,1,DB01156,val
scaffold,1,DB01158,val
scaffold,1,DB01161,val
scaffold,1,DB01164,val
scaffold,1,DB01165,val
scaffold,1,DB01168,val
scaffold,1,DB01170,val
scaffold,1,DB01174,val
scaffold,1,DB01176,val
scaffold,1,DB01177,val
scaffold,1,DB01181,val
scaffold,1,DB01185,val
scaffold,1,DB01188,val
scaffold,1,DB01191,val
scaffold,1,DB01193,val
scaffold,1,DB01195,val
scaffold,1,DB01197,val
scaffold,1,DB01211,val
scaffold,1,DB01214,val
scaffold,1,DB01215,val
scaffold,1,DB01217,val
scaffold,1,DB01222,val
scaffold,1,DB01223,val
scaffold,1,DB01226,val
scaffold,1,DB01233,val
scaffold,1,DB01235,val
scaffold,1,DB01236,val
scaffold,1,DB01238,val
scaffold,1,DB01241,val
scaffold,1,DB01242,val
scaffold,1,DB01248,val
scaffold,1,DB01250,val
scaffold,1,DB01255,val
scaffold,1,DB01260,val
scaffold,1,DB01297,val
scaffold,1,DB01299,val
scaffold,1,DB01325,val
scaffold,1,DB01345,val
scaffold,1,DB01349,val
scaffold,1,DB01362,val
scaffold,1,DB01364,val
scaffold,1,DB01365,val
scaffold,1,DB01377,val
scaffold,1,DB01380,val
scaffold,1,DB01393,val
scaffold,1,DB01400,val
scaffold,1,DB01407,val
scaffold,1,DB01408,val
scaffold,1,DB01409,val
scaffold,1,DB01414,val
scaffold,1,DB01420,val
scaffold,1,DB01452,val
scaffold,1,DB01463,val
scaffold,1,DB01466,val
scaffold,1,DB01551,val
scaffold,1,DB01576,val
scaffold,1,DB01577,val
scaffold,1,DB01578,val
scaffold,1,DB01580,val
scaffold,1,DB01600,val
scaffold,1,DB01609,val
scaffold,1,DB01610,val
scaffold,1,DB01612,val
scaffold,1,DB01619,val
scaffold,1,DB01620,val
scaffold,1,DB01626,val
scaffold,1,DB01685,val
scaffold,1,DB02187,val
scaffold,1,DB02513,val
scaffold,1,DB02546,val
scaffold,1,DB02959,val
scaffold,1,DB03585,val
scaffold,1,DB03615,val
scaffold,1,DB03793,val
scaffold,1,DB03796,val
scaffold,1,DB04842,val
scaffold,1,DB04846,val
scaffold,1,DB04911,val
scaffold,1,DB04967,val
scaffold,1,DB05294,val
scaffold,1,DB05528,val
scaffold,1,DB06150,val
scaffold,1,DB06204,val
scaffold,1,DB06218,val
scaffold,1,DB06262,val
scaffold,1,DB06263,val
scaffold,1,DB06274,val
scaffold,1,DB06282,val
scaffold,1,DB06288,val
scaffold,1,DB06290,val
scaffold,1,DB06595,val
scaffold,1,DB06663,val
scaffold,1,DB06704,val
scaffold,1,DB06707,val
scaffold,1,DB06708,val
scaffold,1,DB06710,val
scaffold,1,DB06716,val
scaffold,1,DB06718,val
scaffold,1,DB06723,val
scaffold,1,DB06724,val
scaffold,1,DB06725,val
scaffold,1,DB06770,val
scaffold,1,DB06772,val
scaffold,1,DB06774,val
scaffold,1,DB06789,val
scaffold,1,DB06794,val
scaffold,1,DB06795,val
scaffold,1,DB06804,val
scaffold,1,DB06813,val
scaffold,1,DB06817,val
scaffold,1,DB06819,val
scaffold,1,DB06820,val
scaffold,1,DB08439,val
scaffold,1,DB08797,val
scaffold,1,DB08798,val
scaffold,1,DB08801,val
scaffold,1,DB08806,val
scaffold,1,DB08808,val
scaffold,1,DB08814,val
scaffold,1,DB08816,val
scaffold,1,DB08824,val
scaffold,1,DB08828,val
scaffold,1,DB08864,val
scaffold,1,DB08868,val
scaffold,1,DB08869,val
scaffold,1,DB08880,val
scaffold,1,DB08882,val
scaffold,1,DB08884,val
scaffold,1,DB08889,val
scaffold,1,DB08899,val
scaffold,1,DB08907,val
scaffold,1,DB08941,val
scaffold,1,DB08947,val
scaffold,1,DB08987,val
scaffold,1,DB08996,val
scaffold,1,DB09018,val
scaffold,1,DB09021,val
scaffold,1,DB09026,val
scaffold,1,DB09040,val
scaffold,1,DB09048,val
scaffold,1,DB09065,val
scaffold,1,DB09085,val
scaffold,1,DB09087,val
scaffold,1,DB09090,val
scaffold,1,DB09091,val
scaffold,1,DB09119,val
scaffold,1,DB09120,val
scaffold,1,DB09134,val
scaffold,1,DB09135,val
scaffold,1,DB09137,val
scaffold,1,DB09156,val
scaffold,1,DB09212,val
scaffold,1,DB09235,val
scaffold,1,DB09241,val
scaffold,1,DB09269,val
scaffold,1,DB09281,val
scaffold,1,DB09288,val
scaffold,1,DB09330,val
scaffold,1,DB09338,val
scaffold,1,DB09342,val
scaffold,1,DB09352,val
scaffold,1,DB09414,val
scaffold,1,DB09516,val
scaffold,1,DB09543,val
scaffold,1,DB09555,val
scaffold,1,DB09570,val
scaffold,1,DB11079,val
scaffold,1,DB11121,val
scaffold,1,DB11126,val
scaffold,1,DB11136,val
scaffold,1,DB11148,val
scaffold,1,DB11254,val
scaffold,1,DB11268,val
scaffold,1,DB11348,val
scaffold,1,DB11362,val
scaffold,1,DB11574,val
scaffold,1,DB11610,val
scaffold,1,DB11633,val
scaffold,1,DB11660,val
scaffold,1,DB11828,val
scaffold,1,DB11943,val
scaffold,1,DB11989,val
scaffold,1,DB13025,val
scaffold,1,DB13139,val
scaffold,1,DB13167,val
scaffold,1,DB13879,val
scaffold,1,DB13925,val
scaffold,1,DB00006,test
scaffold,1,DB00080,test
scaffold,1,DB00104,test
scaffold,1,DB00130,test
scaffold,1,DB00134,test
scaffold,1,DB00136,test
scaffold,1,DB00140,test
scaffold,1,DB00146,test
scaffold,1,DB00153,test
scaffold,1,DB00169,test
scaffold,1,DB00184,test
scaffold,1,DB00195,test
scaffold,1,DB00205,test
scaffold,1,DB00222,test
scaffold,1,DB00242,test
scaffold,1,DB00250,test
scaffold,1,DB00255,test
scaffold,1,DB00279,test
scaffold,1,DB00289,test
scaffold,1,DB00314,test
scaffold,1,DB00317,test
scaffold,1,DB00320,test
scaffold,1,DB00325,test
scaffold,1,DB00326,test
scaffold,1,DB00327,test
scaffold,1,DB00328,test
scaffold,1,DB00331,test
scaffold,1,DB00344,test
scaffold,1,DB00347,test
scaffold,1,DB00350,test
scaffold,1,DB00351,test
scaffold,1,DB00377,test
scaffold,1,DB00378,test
scaffold,1,DB00387,test
scaffold,1,DB00389,test
scaffold,1,DB00392,test
scaffold,1,DB00399,test
scaffold,1,DB00413,test
scaffold,1,DB00417,test
scaffold,1,DB00420,test
scaffold,1,DB00428,test
scaffold,1,DB00441,test
scaffold,1,DB00451,test
scaffold,1,DB00457,test
scaffold,1,DB00461,test
scaffold,1,DB00465,test
scaffold,1,DB00472,test
scaffold,1,DB00477,test
scaffold,1,DB00479,test
scaffold,1,DB00484,test
scaffold,1,DB00487,test
scaffold,1,DB00501,test
scaffold,1,DB00508,test
scaffold,1,DB00515,test
scaffold,1,DB00524,test
scaffold,1,DB00553,test
scaffold,1,DB00554,test
scaffold,1,DB00569,test
scaffold,1,DB00571,test
scaffold,1,DB00573,test
scaffold,1,DB00590,test
scaffold,1,DB00598,test
scaffold,1,DB00611,test
scaffold,1,DB00617,test
scaffold,1,DB00621,test
scaffold,1,DB00630,test
scaffold,1,DB00631,test
scaffold,1,DB00639,test
scaffold,1,DB00640,test
scaffold,1,DB00650,test
scaffold,1,DB00661,test
scaffold,1,DB00674,test
scaffold,1,DB00680,test
scaffold,1,DB00684,test
scaffold,1,DB00686,test
scaffold,1,DB00691,test
scaffold,1,DB00696,test
scaffold,1,DB00697,test
scaffold,1,DB00701,test
scaffold,1,DB00747,test
scaffold,1,DB00761,test
scaffold,1,DB00763,test
scaffold,1,DB00770,test
scaffold,1,DB00788,test
scaffold,1,DB00790,test
scaffold,1,DB00803,test
scaffold,1,DB00810,test
scaffold,1,DB00826,test
scaffold,1,DB00830,test
scaffold,1,DB00832,test
scaffold,1,DB00839,test
scaffold,1,DB00841,test
scaffold,1,DB00851,test
scaffold,1,DB00853,test
scaffold,1,DB00857,test
scaffold,1,DB00865,test
scaffold,1,DB00881,test
scaffold,1,DB00883,test
scaffold,1,DB00887,test
scaffold,1,DB00909,test
scaffold,1,DB00910,test
scaffold,1,DB00911,test
scaffold,1,DB00916,test
scaffold,1,DB00917,test
scaffold,1,DB00921,test
scaffold,1,DB00925,test
scaffold,1,DB00928,test
scaffold,1,DB00929,test
scaffold,1,DB00943,test
scaffold,1,DB00950,test
scaffold,1,DB00956,test
scaffold,1,DB00976,test
scaffold,1,DB00978,test
scaffold,1,DB00980,test
scaffold,1,DB00987,test
scaffold,1,DB00992,test
scaffold,1,DB00993,test
scaffold,1,DB01005,test
scaffold,1,DB01012,test
scaffold,1,DB01015,test
scaffold,1,DB01020,test
scaffold,1,DB01030,test
scaffold,1,DB01059,test
scaffold,1,DB01069,test
scaffold,1,DB01070,test
scaffold,1,DB01071,test
scaffold,1,DB01073,test
scaffold,1,DB01077,test
scaffold,1,DB01080,test
scaffold,1,DB01082,test
scaffold,1,DB01085,test
scaffold,1,DB01101,test
scaffold,1,DB01102,test
scaffold,1,DB01111,test
scaffold,1,DB01112,test
scaffold,1,DB01135,test
scaffold,1,DB01143,test
scaffold,1,DB01155,test
scaffold,1,DB01171,test
scaffold,1,DB01172,test
scaffold,1,DB01178,test
scaffold,1,DB01184,test
scaffold,1,DB01189,test
scaffold,1,DB01190,test
scaffold,1,DB01202,test
scaffold,1,DB01207,test
scaffold,1,DB01212,test
scaffold,1,DB01220,test
scaffold,1,DB01229,test
scaffold,1,DB01246,test
scaffold,1,DB01249,test
scaffold,1,DB01262,test
scaffold,1,DB01280,test
scaffold,1,DB01289,test
scaffold,1,DB01294,test
scaffold,1,DB01296,test
scaffold,1,DB01319,test
scaffold,1,DB01329,test
scaffold,1,DB01366,test
scaffold,1,DB01390,test
scaffold,1,DB01397,test
scaffold,1,DB01403,test
scaffold,1,DB01436,test
scaffold,1,DB01583,test
scaffold,1,DB01588,test
scaffold,1,DB01591,test
scaffold,1,DB01592,test
scaffold,1,DB01614,test
scaffold,1,DB01615,test
scaffold,1,DB01627,test
scaffold,1,DB03754,test
scaffold,1,DB04272,test
scaffold,1,DB04571,test
scaffold,1,DB04576,test
scaffold,1,DB04743,test
scaffold,1,DB04854,test
scaffold,1,DB04918,test
scaffold,1,DB05246,test
scaffold,1,DB05260,test
scaffold,1,DB05381,test
scaffold,1,DB05541,test
scaffold,1,DB05676,test
scaffold,1,DB06152,test
scaffold,1,DB06207,test
scaffold,1,DB06217,test
scaffold,1,DB06261,test
scaffold,1,DB06267,test
scaffold,1,DB06268,test
scaffold,1,DB06410,test
scaffold,1,DB06441,test
scaffold,1,DB06594,test
scaffold,1,DB06626,test
scaffold,1,DB06654,test
scaffold,1,DB06696,test
scaffold,1,DB06717,test
scaffold,1,DB06729,test
scaffold,1,DB06730,test
scaffold,1,DB06739,test
scaffold,1,DB06764,test
scaffold,1,DB06766,test
scaffold,1,DB06792,test
scaffold,1,DB06799,test
scaffold,1,DB06800,test
scaffold,1,DB06803,test
scaffold,1,DB06824,test
scaffold,1,DB06825,test
scaffold,1,DB08871,test
scaffold,1,DB08908,test
scaffold,1,DB08964,test
scaffold,1,DB08967,test
scaffold,1,DB09000,test
scaffold,1,DB09015,test
scaffold,1,DB09053,test
scaffold,1,DB09054,test
scaffold,1,DB09060,test
scaffold,1,DB09063,test
scaffold,1,DB09069,test
scaffold,1,DB09073,test
scaffold,1,DB09075,test
scaffold,1,DB09076,test
scaffold,1,DB09112,test
scaffold,1,DB09124,test
scaffold,1,DB09161,test
scaffold,1,DB09183,test
scaffold,1,DB09210,test
scaffold,1,DB09211,test
scaffold,1,DB09221,test
scaffold,1,DB09232,test
scaffold,1,DB09256,test
scaffold,1,DB09265,test
scaffold,1,DB09276,test
scaffold,1,DB09290,test
scaffold,1,DB09296,test
scaffold,1,DB09322,test
scaffold,1,DB09561,test
scaffold,1,DB11560,test
scaffold,1,DB11575,test
scaffold,1,DB11817,test
scaffold,1,DB12026,test
scaffold,1,DB12483,test
scaffold,1,DB13142,test
scaffold,1,DB13145,test
scaffold,1,DB13783,test
scaffold,1,DB13878,test
scaffold,2,DB00006,train
scaffold,2,DB00027,train
scaffold,2,DB00035,train
scaffold,2,DB00080,train
scaffold,2,DB00091,train
scaffold,2,DB00104,train
scaffold,2,DB00115,train
scaffold,2,DB00120,train
scaffold,2,DB00122,train
scaffold,2,DB00126,train
scaffold,2,DB00130,train
scaffold,2,DB00134,train
scaffold,2,DB00136,train
scaffold,2,DB00140,train
scaffold,2,DB00146,train
scaffold,2,DB00150,train
scaffold,2,DB00152,train
scaffold,2,DB00153,train
scaffold,2,DB00158,train
scaffold,2,DB00162,train
scaffold,2,DB00163,train
scaffold,2,DB00165,train
scaffold,2,DB00166,train
scaffold,2,DB00169,train
scaffold,2,DB00175,train
scaffold,2,DB00176,train
scaffold,2,DB00177,train
scaffold,2,DB00178,train
scaffold,2,DB00179,train
scaffold,2,DB00180,train
scaffold,2,DB00181,train
scaffold,2,DB00182,train
scaffold,2,DB00184,train
scaffold,2,DB00186,train
scaffold,2,DB00187,train
scaffold,2,DB00188,train
scaffold,2,DB00189,train
scaffold,2,DB00190,train
scaffold,2,DB00191,train
scaffold,2,DB00193,train
scaffold,2,DB00196,train
scaffold,2,DB00198,train
scaffold,2,DB00199,train
scaffold,2,DB00201,train
scaffold,2,DB00202,train
scaffold,2,DB00203,train
scaffold,2,DB00204,train
scaffold,2,DB00205,train
scaffold,2,DB00206,train
scaffold,2,DB00207,train
scaffold,2,DB00208,train
scaffold,2,DB00210,train
scaffold,2,DB00211,train
scaffold,2,DB00212,train
scaffold,2,DB00215,train
scaffold,2,DB00217,train
scaffold,2,DB00218,train
scaffold,2,DB00219,train
scaffold,2,DB00220,train
scaffold,2,DB00221,train
scaffold,2,DB00222,train
scaffold,2,DB00223,train
scaffold,2,DB00224,train
scaffold,2,DB00226,train
scaffold,2,DB00227,train
scaffold,2,DB00229,train
scaffold,2,DB00230,train
scaffold,2,DB00231,train
scaffold,2,DB00232,train
scaffold,2,DB00233,train
scaffold,2,DB00234,train
scaffold,2,DB00235,train
scaffold,2,DB00236,train
scaffold,2,DB00237,train
scaffold,2,DB00239,train
scaffold,2,DB00240,train
scaffold,2,DB00241,train
scaffold,2,DB00242,train
scaffold,2,DB00243,train
scaffold,2,DB00244,train
scaffold,2,DB00245,train
scaffold,2,DB00246,train
scaffold,2,DB00247,train
scaffold,2,DB00248,train
scaffold,2,DB00250,train
scaffold,2,DB00252,train
scaffold,2,DB00253,train
scaffold,2,DB00254,train
scaffold,2,DB00256,train
scaffold,2,DB00259,train
scaffold,2,DB00260,train
scaffold,2,DB00261,train
scaffold,2,DB00262,train
scaffold,2,DB00264,train
scaffold,2,DB00268,train
scaffold,2,DB00270,train
scaffold,2,DB00271,train
scaffold,2,DB00273,train
scaffold,2,DB00274,train
scaffold,2,DB00275,train
scaffold,2,DB00276,train
scaffold,2,DB00277,train
scaffold,2,DB00278,train
scaffold,2,DB00279,train
scaffold,2,DB00280,train
scaffold,2,DB00281,train
scaffold,2,DB00282,train
scaffold,2,DB00283,train
scaffold,2,DB00284,train
scaffold,2,DB00285,train
scaffold,2,DB00289,train
scaffold,2,DB00290,train
scaffold,2,DB00291,train
scaffold,2,DB00292,train
scaffold,2,DB00293,train
scaffold,2,DB00294,train
scaffold,2,DB00295,train
scaffold,2,DB00296,train
scaffold,2,DB00297,train
scaffold,2,DB00298,train
scaffold,2,DB00303,train
scaffold,2,DB00305,train
scaffold,2,DB00307,train
scaffold,2,DB00308,train
scaffold,2,DB00309,train
scaffold,2,DB00310,train
scaffold,2,DB00312,train
scaffold,2,DB00313,train
scaffold,2,DB00314,train
scaffold,2,DB00315,train
scaffold,2,DB00316,train
scaffold,2,DB00318,train
scaffold,2,DB00320,train
scaffold,2,DB00321,train
scaffold,2,DB00323,train
scaffold,2,DB00324,train
scaffold,2,DB00326,train
scaffold,2,DB00327,train
scaffold,2,DB00328,train
scaffold,2,DB00330,train
scaffold,2,DB00332,train
scaffold,2,DB00333,train
scaffold,2,DB00334,train
scaffold,2,DB00335,train
scaffold,2,DB00336,train
scaffold,2,DB00339,train
scaffold,2,DB00340,train
scaffold,2,DB00341,train
scaffold,2,DB00343,train
scaffold,2,DB00344,train
scaffold,2,DB00345,train
scaffold,2,DB00347,train
scaffold,2,DB00349,train
scaffold,2,DB00350,train
scaffold,2,DB00352,train
scaffold,2,DB00353,train
scaffold,2,DB00354,train
scaffold,2,DB00358,train
scaffold,2,DB00360,train
scaffold,2,DB00361,train
scaffold,2,DB00366,train
scaffold,2,DB00368,train
scaffold,2,DB00369,train
scaffold,2,DB00371,train
scaffold,2,DB00377,train
scaffold,2,DB00378,train
scaffold,2,DB00379,train
scaffold,2,DB00380,train
scaffold,2,DB00384,train
scaffold,2,DB00385,train
scaffold,2,DB00387,train
scaffold,2,DB00388,train
scaffold,2,DB00390,train
scaffold,2,DB00394,train
scaffold,2,DB00395,train
scaffold,2,DB00396,train
scaffold,2,DB00397,train
scaffold,2,DB00398,train
scaffold,2,DB00405,train
scaffold,2,DB00409,train
scaffold,2,DB00410,train
scaffold,2,DB00411,train
scaffold,2,DB00413,train
scaffold,2,DB00415,train
scaffold,2,DB00418,train
scaffold,2,DB00421,train
scaffold,2,DB00422,train
scaffold,2,DB00423,train
scaffold,2,DB00424,train
scaffold,2,DB00425,train
scaffold,2,DB00427,train
scaffold,2,DB00428,train
scaffold,2,DB00429,train
scaffold,2,DB00434,train
scaffold,2,DB00435,train
scaffold,2,DB00436,train
scaffold,2,DB00437,train
scaffold,2,DB00438,train
scaffold,2,DB00441,train
scaffold,2,DB00442,train
scaffold,2,DB00443,train
scaffold,2,DB00444,train
scaffold,2,DB00445,train
scaffold,2,DB00446,train
scaffold,2,DB00449,train
scaffold,2,DB00450,train
scaffold,2,DB00451,train
scaffold,2,DB00452,train
scaffold,2,DB00453,train
scaffold,2,DB00456,train
scaffold,2,DB00458,train
scaffold,2,DB00459,train
scaffold,2,DB00460,train
scaffold,2,DB00461,train
scaffold,2,DB00462,train
scaffold,2,DB00465,train
scaffold,2,DB00467,train
scaffold,2,DB00469,train
scaffold,2,DB00471,train
scaffold,2,DB00472,train
scaffold,2,DB00474,train
scaffold,2,DB00476,train
scaffold,2,DB00480,train
scaffold,2,DB00481,train
scaffold,2,DB00483,train
scaffold,2,DB00486,train
scaffold,2,DB00487,train
scaffold,2,DB00488,train
scaffold,2,DB00489,train
scaffold,2,DB00493,train
scaffold,2,DB00494,train
scaffold,2,DB00497,train
scaffold,2,DB00498,train
scaffold,2,DB00499,train
scaffold,2,DB00500,train
scaffold,2,DB00502,train
scaffold,2,DB00503,train
scaffold,2,DB00504,train
scaffold,2,DB00511,train
scaffold,2,DB00512,train
scaffold,2,DB00513,train
scaffold,2,DB00514,train
scaffold,2,DB00517,train
scaffold,2,DB00520,train
scaffold,2,DB00521,train
scaffold,2,DB00523,train
scaffold,2,DB00524,train
scaffold,2,DB00525,train
scaffold,2,DB00526,train
scaffold,2,DB00527,train
scaffold,2,DB00528,train
scaffold,2,DB00529,train
scaffold,2,DB00530,train
scaffold,2,DB00531,train
scaffold,2,DB00535,train
scaffold,2,DB00539,train
scaffold,2,DB00540,train
scaffold,2,DB00541,train
scaffold,2,DB00542,train
scaffold,2,DB00544,train
scaffold,2,DB00547,train
scaffold,2,DB00548,train
scaffold,2,DB00550,train
scaffold,2,DB00553,train
scaffold,2,DB00555,train
scaffold,2,DB00557,train
scaffold,2,DB00559,train
scaffold,2,DB00560,train
scaffold,2,DB00561,train
scaffold,2,DB00562,train
scaffold,2,DB00563,train
scaffold,2,DB00564,train
scaffold,2,DB00565,train
scaffold,2,DB00568,train
scaffold,2,DB00569,train
scaffold,2,DB00570,train
scaffold,2,DB00571,train
scaffold,2,DB00572,train
scaffold,2,DB00573,train
scaffold,2,DB00576,train
scaffold,2,DB00578,train
scaffold,2,DB00581,train
scaffold,2,DB00583,train
scaffold,2,DB00585,train
scaffold,2,DB00588,train
scaffold,2,DB00589,train
scaffold,2,DB00590,train
scaffold,2,DB00591,train
scaffold,2,DB00592,train
scaffold,2,DB00594,train
scaffold,2,DB00595,train
scaffold,2,DB00596,train
scaffold,2,DB00598,train
scaffold,2,DB00601,train
scaffold,2,DB00602,train
scaffold,2,DB00603,train
scaffold,2,DB00604,train
scaffold,2,DB00606,train
scaffold,2,DB00608,train
scaffold,2,DB00609,train
scaffold,2,DB00610,train
scaffold,2,DB00611,train
scaffold,2,DB00612,train
scaffold,2,DB00613,train
scaffold,2,DB00615,train
scaffold,2,DB00617,train
scaffold,2,DB00618,train
scaffold,2,DB00619,train
scaffold,2,DB00620,train
scaffold,2,DB00621,train
scaffold,2,DB00622,train
scaffold,2,DB00624,train
scaffold,2,DB00625,train
scaffold,2,DB00626,train
scaffold,2,DB00627,train
scaffold,2,DB00628,train
scaffold,2,DB00629,train
scaffold,2,DB00630,train
scaffold,2,DB00631,train
scaffold,2,DB00633,train
scaffold,2,DB00634,train
scaffold,2,DB00636,train
scaffold,2,DB00637,train
scaffold,2,DB00639,train
scaffold,2,DB00640,train
scaffold,2,DB00641,train
scaffold,2,DB00643,train
scaffold,2,DB00645,train
scaffold,2,DB00646,train
scaffold,2,DB00647,train
scaffold,2,DB00648,train
scaffold,2,DB00649,train
scaffold,2,DB00651,train
scaffold,2,DB00652,train
scaffold,2,DB00653,train
scaffold,2,DB00654,train
scaffold,2,DB00657,train
scaffold,2,DB00658,train
scaffold,2,DB00660,train
scaffold,2,DB00662,train
scaffold,2,DB00663,train
scaffold,2,DB00664,train
scaffold,2,DB00665,train
scaffold,2,DB00666,train
scaffold,2,DB00668,train
scaffold,2,DB00669,train
scaffold,2,DB00671,train
scaffold,2,DB00672,train
scaffold,2,DB00674,train
scaffold,2,DB00675,train
scaffold,2,DB00677,train
scaffold,2,DB00678,train
scaffold,2,DB00679,train
scaffold,2,DB00680,train
scaffold,2,DB00683,train
scaffold,2,DB00685,train
scaffold,2,DB00687,train
scaffold,2,DB00688,train
scaffold,2,DB00690,train
scaffold,2,DB00691,train
scaffold,2,DB00692,train
scaffold,2,DB00694,train
scaffold,2,DB00696,train
scaffold,2,DB00697,train
scaffold,2,DB00698,train
scaffold,2,DB00700,train
scaffold,2,DB00705,train
scaffold,2,DB00706,train
scaffold,2,DB00708,train
scaffold,2,DB00709,train
scaffold,2,DB00710,train
scaffold,2,DB00711,train
scaffold,2,DB00712,train
scaffold,2,DB00714,train
scaffold,2,DB00720,train
scaffold,2,DB00721,train
scaffold,2,DB00723,train
scaffold,2,DB00724,train
scaffold,2,DB00726,train
scaffold,2,DB00731,train
scaffold,2,DB00732,train
scaffold,2,DB00734,train
scaffold,2,DB00735,train
scaffold,2,DB00736,train
scaffold,2,DB00737,train
scaffold,2,DB00738,train
scaffold,2,DB00740,train
scaffold,2,DB00741,train
scaffold,2,DB00742,train
scaffold,2,DB00743,train
scaffold,2,DB00744,train
scaffold,2,DB00745,train
scaffold,2,DB00746,train
scaffold,2,DB00747,train
scaffold,2,DB00748,train
scaffold,2,DB00750,train
scaffold,2,DB00754,train
scaffold,2,DB00755,train
scaffold,2,DB00757,train
scaffold,2,DB00758,train
scaffold,2,DB00759,train
scaffold,2,DB00760,train
scaffold,2,DB00761,train
scaffold,2,DB00762,train
scaffold,2,DB00764,train
scaffold,2,DB00765,train
scaffold,2,DB00766,train
scaffold,2,DB00769,train
scaffold,2,DB00771,train
scaffold,2,DB00773,train
scaffold,2,DB00774,train
scaffold,2,DB00775,train
scaffold,2,DB00776,train
scaffold,2,DB00779,train
scaffold,2,DB00780,train
scaffold,2,DB00781,train
scaffold,2,DB00782,train
scaffold,2,DB00783,train
scaffold,2,DB00788,train
scaffold,2,DB00791,train
scaffold,2,DB00792,train
scaffold,2,DB00793,train
scaffold,2,DB00794,train
scaffold,2,DB00797,train
scaffold,2,DB00798,train
scaffold,2,DB00799,train
scaffold,2,DB00800,train
scaffold,2,DB00801,train
scaffold,2,DB00803,train
scaffold,2,DB00804,train
scaffold,2,DB00806,train
scaffold,2,DB00807,train
scaffold,2,DB00808,train
scaffold,2,DB00810,train
scaffold,2,DB00811,train
scaffold,2,DB00812,train
scaffold,2,DB00813,train
scaffold,2,DB00814,train
scaffold,2,DB00816,train
scaffold,2,DB00817,train
scaffold,2,DB00818,train
scaffold,2,DB00819,train
scaffold,2,DB00821,train
scaffold,2,DB00823,train
scaffold,2,DB00828,train
scaffold,2,DB00829,train
scaffold,2,DB00835,train
scaffold,2,DB00836,train
scaffold,2,DB00838,train
scaffold,2,DB00841,train
scaffold,2,DB00842,train
scaffold,2,DB00843,train
scaffold,2,DB00844,train
scaffold,2,DB00846,train
scaffold,2,DB00847,train
scaffold,2,DB00852,train
scaffold,2,DB00854,train
scaffold,2,DB00855,train
scaffold,2,DB00856,train
scaffold,2,DB00857,train
scaffold,2,DB00860,train
scaffold,2,DB00861,train
scaffold,2,DB00863,train
scaffold,2,DB00865,train
scaffold,2,DB00866,train
scaffold,2,DB00867,train
scaffold,2,DB00869,train
scaffold,2,DB00871,train
scaffold,2,DB00872,train
scaffold,2,DB00873,train
scaffold,2,DB00875,train
scaffold,2,DB00877,train
scaffold,2,DB00879,train
scaffold,2,DB00880,train
scaffold,2,DB00881,train
scaffold,2,DB00882,train
scaffold,2,DB00883,train
scaffold,2,DB00884,train
scaffold,2,DB00887,train
scaffold,2,DB00888,train
scaffold,2,DB00890,train
scaffold,2,DB00891,train
scaffold,2,DB00892,train
scaffold,2,DB00896,train
scaffold,2,DB00898,train
scaffold,2,DB00899,train
scaffold,2,DB00900,train
scaffold,2,DB00903,train
scaffold,2,DB00905,train
scaffold,2,DB00907,train
scaffold,2,DB00908,train
scaffold,2,DB00912,train
scaffold,2,DB00914,train
scaffold,2,DB00918,train
scaffold,2,DB00919,train
scaffold,2,DB00920,train
scaffold,2,DB00921,train
scaffold,2,DB00922,train
scaffold,2,DB00923,train
scaffold,2,DB00924,train
scaffold,2,DB00927,train
scaffold,2,DB00931,train
scaffold,2,DB00932,train
scaffold,2,DB00933,train
scaffold,2,DB00934,train
scaffold,2,DB00935,train
scaffold,2,DB00936,train
scaffold,2,DB00937,train
scaffold,2,DB00940,train
scaffold,2,DB00943,train
scaffold,2,DB00944,train
scaffold,2,DB00945,train
scaffold,2,DB00947,train
scaffold,2,DB00948,train
scaffold,2,DB00949,train
scaffold,2,DB00951,train
scaffold,2,DB00953,train
scaffold,2,DB00954,train
scaffold,2,DB00955,train
scaffold,2,DB00956,train
scaffold,2,DB00957,train
scaffold,2,DB00959,train
scaffold,2,DB00960,train
scaffold,2,DB00961,train
scaffold,2,DB00962,train
scaffold,2,DB00963,train
scaffold,2,DB00966,train
scaffold,2,DB00968,train
scaffold,2,DB00972,train
scaffold,2,DB00973,train
scaffold,2,DB00974,train
scaffold,2,DB00975,train
scaffold,2,DB00977,train
scaffold,2,DB00978,train
scaffold,2,DB00979,train
scaffold,2,DB00980,train
scaffold,2,DB00981,train
scaffold,2,DB00982,train
scaffold,2,DB00983,train
scaffold,2,DB00987,train
scaffold,2,DB00988,train
scaffold,2,DB00989,train
scaffold,2,DB00991,train
scaffold,2,DB00993,train
scaffold,2,DB00997,train
scaffold,2,DB00998,train
scaffold,2,DB00999,train
scaffold,2,DB01000,train
scaffold,2,DB01001,train
scaffold,2,DB01002,train
scaffold,2,DB01005,train
scaffold,2,DB01006,train
scaffold,2,DB01009,train
scaffold,2,DB01010,train
scaffold,2,DB01011,train
scaffold,2,DB01012,train
scaffold,2,DB01013,train
scaffold,2,DB01015,train
scaffold,2,DB01016,train
scaffold,2,DB01017,train
scaffold,2,DB01018,train
scaffold,2,DB01019,train
scaffold,2,DB01020,train
scaffold,2,DB01021,train
scaffold,2,DB01024,train
scaffold,2,DB01028,train
scaffold,2,DB01029,train
scaffold,2,DB01030,train
scaffold,2,DB01032,train
scaffold,2,DB01033,train
scaffold,2,DB01034,train
scaffold,2,DB01035,train
scaffold,2,DB01036,train
scaffold,2,DB01037,train
scaffold,2,DB01039,train
scaffold,2,DB01042,train
scaffold,2,DB01045,train
scaffold,2,DB01046,train
scaffold,2,DB01047,train
scaffold,2,DB01048,train
scaffold,2,DB01050,train
scaffold,2,DB01053,train
scaffold,2,DB01057,train
scaffold,2,DB01058,train
scaffold,2,DB01059,train
scaffold,2,DB01060,train
scaffold,2,DB01061,train
scaffold,2,DB01062,train
scaffold,2,DB01064,train
scaffold,2,DB01065,train
scaffold,2,DB01066,train
scaffold,2,DB01067,train
scaffold,2,DB01068,train
scaffold,2,DB01071,train
scaffold,2,DB01072,train
scaffold,2,DB01073,train
scaffold,2,DB01074,train
scaffold,2,DB01075,train
scaffold,2,DB01076,train
scaffold,2,DB01078,train
scaffold,2,DB01080,train
scaffold,2,DB01081,train
scaffold,2,DB01084,train
scaffold,2,DB01085,train
scaffold,2,DB01086,train
scaffold,2,DB01087,train
scaffold,2,DB01089,train
scaffold,2,DB01090,train
scaffold,2,DB01092,train
scaffold,2,DB01093,train
scaffold,2,DB01094,train
scaffold,2,DB01095,train
scaffold,2,DB01097,train
scaffold,2,DB01098,train
scaffold,2,DB01099,train
scaffold,2,DB01100,train
scaffold,2,DB01101,train
scaffold,2,DB01103,train
scaffold,2,DB01106,train
scaffold,2,DB01107,train
scaffold,2,DB01111,train
scaffold,2,DB01112,train
scaffold,2,DB01114,train
scaffold,2,DB01116,train
scaffold,2,DB01117,train
scaffold,2,DB01118,train
scaffold,2,DB01119,train
scaffold,2,DB01121,train
scaffold,2,DB01122,train
scaffold,2,DB01124,train
scaffold,2,DB01126,train
scaffold,2,DB01130,train
scaffold,2,DB01131,train
scaffold,2,DB01132,train
scaffold,2,DB01133,train
scaffold,2,DB01136,train
scaffold,2,DB01137,train
scaffold,2,DB01138,train
scaffold,2,DB01139,train
scaffold,2,DB01143,train
scaffold,2,DB01144,train
scaffold,2,DB01151,train
scaffold,2,DB01153,train
scaffold,2,DB01156,train
scaffold,2,DB01158,train
scaffold,2,DB01160,train
scaffold,2,DB01161,train
scaffold,2,DB01162,train
scaffold,2,DB01164,train
scaffold,2,DB01165,train
scaffold,2,DB01166,train
scaffold,2,DB01168,train
scaffold,2,DB01170,train
scaffold,2,DB01171,train
scaffold,2,DB01173,train
scaffold,2,DB01175,train
scaffold,2,DB01176,train
scaffold,2,DB01177,train
scaffold,2,DB01179,train
scaffold,2,DB01180,train
scaffold,2,DB01181,train
scaffold,2,DB01182,train
scaffold,2,DB01183,train
scaffold,2,DB01184,train
scaffold,2,DB01185,train
scaffold,2,DB01186,train
scaffold,2,DB01188,train
scaffold,2,DB01189,train
scaffold,2,DB01190,train
scaffold,2,DB01191,train
scaffold,2,DB01192,train
scaffold,2,DB01193,train
scaffold,2,DB01196,train
scaffold,2,DB01197,train
scaffold,2,DB01198,train
scaffold,2,DB01199,train
scaffold,2,DB01200,train
scaffold,2,DB01201,train
scaffold,2,DB01202,train
scaffold,2,DB01203,train
scaffold,2,DB01209,train
scaffold,2,DB01210,train
scaffold,2,DB01211,train
scaffold,2,DB01212,train
scaffold,2,DB01213,train
scaffold,2,DB01214,train
scaffold,2,DB01218,train
scaffold,2,DB01219,train
scaffold,2,DB01220,train
scaffold,2,DB01221,train
scaffold,2,DB01222,train
scaffold,2,DB01223,train
scaffold,2,DB01224,train
scaffold,2,DB01226,train
scaffold,2,DB01227,train
scaffold,2,DB01232,train
scaffold,2,DB01233,train
scaffold,2,DB01234,train
scaffold,2,DB01235,train
scaffold,2,DB01238,train
scaffold,2,DB01241,train
scaffold,2,DB01242,train
scaffold,2,DB01243,train
scaffold,2,DB01244,train
scaffold,2,DB01247,train
scaffold,2,DB01248,train
scaffold,2,DB01249,train
scaffold,2,DB01252,train
scaffold,2,DB01253,train
scaffold,2,DB01254,train
scaffold,2,DB01255,train
scaffold,2,DB01256,train
scaffold,2,DB01259,train
scaffold,2,DB01260,train
scaffold,2,DB01261,train
scaffold,2,DB01263,train
scaffold,2,DB01267,train
scaffold,2,DB01268,train
scaffold,2,DB01273,train
scaffold,2,DB01274,train
scaffold,2,DB01275,train
scaffold,2,DB01280,train
scaffold,2,DB01282,train
scaffold,2,DB01284,train
scaffold,2,DB01288,train
scaffold,2,DB01289,train
scaffold,2,DB01291,train
scaffold,2,DB01295,train
scaffold,2,DB01296,train
scaffold,2,DB01297,train
scaffold,2,DB01298,train
scaffold,2,DB01299,train
scaffold,2,DB01303,train
scaffold,2,DB01320,train
scaffold,2,DB01321,train
scaffold,2,DB01324,train
scaffold,2,DB01325,train
scaffold,2,DB01326,train
scaffold,2,DB01328,train
scaffold,2,DB01329,train
scaffold,2,DB01330,train
scaffold,2,DB01331,train
scaffold,2,DB01332,train
scaffold,2,DB01333,train
scaffold,2,DB01336,train
scaffold,2,DB01337,train
scaffold,2,DB01338,train
scaffold,2,DB01339,train
scaffold,2,DB01340,train
scaffold,2,DB01348,train
scaffold,2,DB01349,train
scaffold,2,DB01351,train
scaffold,2,DB01353,train
scaffold,2,DB01355,train
scaffold,2,DB01357,train
scaffold,2,DB01362,train
scaffold,2,DB01364,train
scaffold,2,DB01365,train
scaffold,2,DB01366,train
scaffold,2,DB01367,train
scaffold,2,DB01369,train
scaffold,2,DB01380,train
scaffold,2,DB01384,train
scaffold,2,DB01392,train
scaffold,2,DB01393,train
scaffold,2,DB01394,train
scaffold,2,DB01395,train
scaffold,2,DB01396,train
scaffold,2,DB01397,train
scaffold,2,DB01400,train
scaffold,2,DB01401,train
scaffold,2,DB01406,train
scaffold,2,DB01407,train
scaffold,2,DB01408,train
scaffold,2,DB01412,train
scaffold,2,DB01413,train
scaffold,2,DB01414,train
scaffold,2,DB01416,train
scaffold,2,DB01420,train
scaffold,2,DB01421,train
scaffold,2,DB01422,train
scaffold,2,DB01424,train
scaffold,2,DB01426,train
scaffold,2,DB01427,train
scaffold,2,DB01431,train
scaffold,2,DB01433,train
scaffold,2,DB01435,train
scaffold,2,DB01436,train
scaffold,2,DB01438,train
scaffold,2,DB01452,train
scaffold,2,DB01463,train
scaffold,2,DB01466,train
scaffold,2,DB01489,train
scaffold,2,DB01501,train
scaffold,2,DB01511,train
scaffold,2,DB01544,train
scaffold,2,DB01545,train
scaffold,2,DB01551,train
scaffold,2,DB01563,train
scaffold,2,DB01567,train
scaffold,2,DB01576,train
scaffold,2,DB01577,train
scaffold,2,DB01578,train
scaffold,2,DB01579,train
scaffold,2,DB01580,train
scaffold,2,DB01586,train
scaffold,2,DB01587,train
scaffold,2,DB01590,train
scaffold,2,DB01591,train
scaffold,2,DB01592,train
scaffold,2,DB01595,train
scaffold,2,DB01597,train
scaffold,2,DB01598,train
scaffold,2,DB01599,train
scaffold,2,DB01601,train
scaffold,2,DB01602,train
scaffold,2,DB01603,train
scaffold,2,DB01604,train
scaffold,2,DB01605,train
scaffold,2,DB01606,train
scaffold,2,DB01608,train
scaffold,2,DB01609,train
scaffold,2,DB01611,train
scaffold,2,DB01612,train
scaffold,2,DB01613,train
scaffold,2,DB01618,train
scaffold,2,DB01620,train
scaffold,2,DB01621,train
scaffold,2,DB01623,train
scaffold,2,DB01624,train
scaffold,2,DB01626,train
scaffold,2,DB01627,train
scaffold,2,DB01656,train
scaffold,2,DB01685,train
scaffold,2,DB01764,train
scaffold,2,DB01878,train
scaffold,2,DB02300,train
scaffold,2,DB02513,train
scaffold,2,DB02546,train
scaffold,2,DB02638,train
scaffold,2,DB02659,train
scaffold,2,DB02701,train
scaffold,2,DB02703,train
scaffold,2,DB02709,train
scaffold,2,DB02959,train
scaffold,2,DB03128,train
scaffold,2,DB03585,train
scaffold,2,DB03615,train
scaffold,2,DB03619,train
scaffold,2,DB03754,train
scaffold,2,DB03756,train
scaffold,2,DB03793,train
scaffold,2,DB03796,train
scaffold,2,DB04272,train
scaffold,2,DB04339,train
scaffold,2,DB04398,train
scaffold,2,DB04570,train
scaffold,2,DB04571,train
scaffold,2,DB04573,train
scaffold,2,DB04576,train
scaffold,2,DB04743,train
scaffold,2,DB04786,train
scaffold,2,DB04794,train
scaffold,2,DB04835,train
scaffold,2,DB04840,train
scaffold,2,DB04841,train
scaffold,2,DB04842,train
scaffold,2,DB04846,train
scaffold,2,DB04855,train
scaffold,2,DB04861,train
scaffold,2,DB04865,train
scaffold,2,DB04868,train
scaffold,2,DB04876,train
scaffold,2,DB04898,train
scaffold,2,DB04908,train
scaffold,2,DB04911,train
scaffold,2,DB04938,train
scaffold,2,DB04951,train
scaffold,2,DB04953,train
scaffold,2,DB05015,train
scaffold,2,DB05039,train
scaffold,2,DB05109,train
scaffold,2,DB05245,train
scaffold,2,DB05260,train
scaffold,2,DB05271,train
scaffold,2,DB05316,train
scaffold,2,DB05351,train
scaffold,2,DB05528,train
scaffold,2,DB05541,train
scaffold,2,DB05630,train
scaffold,2,DB05676,train
scaffold,2,DB05812,train
scaffold,2,DB05990,train
scaffold,2,DB06016,train
scaffold,2,DB06144,train
scaffold,2,DB06145,train
scaffold,2,DB06147,train
scaffold,2,DB06148,train
scaffold,2,DB06150,train
scaffold,2,DB06152,train
scaffold,2,DB06153,train
scaffold,2,DB06154,train
scaffold,2,DB06155,train
scaffold,2,DB06176,train
scaffold,2,DB06196,train
scaffold,2,DB06201,train
scaffold,2,DB06202,train
scaffold,2,DB06203,train
scaffold,2,DB06204,train
scaffold,2,DB06206,train
scaffold,2,DB06207,train
scaffold,2,DB06209,train
scaffold,2,DB06210,train
scaffold,2,DB06211,train
scaffold,2,DB06213,train
scaffold,2,DB06216,train
scaffold,2,DB06218,train
scaffold,2,DB06237,train
scaffold,2,DB06243,train
scaffold,2,DB06261,train
scaffold,2,DB06262,train
scaffold,2,DB06263,train
scaffold,2,DB06264,train
scaffold,2,DB06268,train
scaffold,2,DB06274,train
scaffold,2,DB06282,train
scaffold,2,DB06287,train
scaffold,2,DB06292,train
scaffold,2,DB06335,train
scaffold,2,DB06401,train
scaffold,2,DB06402,train
scaffold,2,DB06403,train
scaffold,2,DB06410,train
scaffold,2,DB06412,train
scaffold,2,DB06413,train
scaffold,2,DB06414,train
scaffold,2,DB06441,train
scaffold,2,DB06589,train
scaffold,2,DB06594,train
scaffold,2,DB06595,train
scaffold,2,DB06603,train
scaffold,2,DB06605,train
scaffold,2,DB06616,train
scaffold,2,DB06626,train
scaffold,2,DB06636,train
scaffold,2,DB06637,train
scaffold,2,DB06654,train
scaffold,2,DB06663,train
scaffold,2,DB06684,train
scaffold,2,DB06689,train
scaffold,2,DB06691,train
scaffold,2,DB06694,train
scaffold,2,DB06697,train
scaffold,2,DB06698,train
scaffold,2,DB06700,train
scaffold,2,DB06702,train
scaffold,2,DB06704,train
scaffold,2,DB06706,train
scaffold,2,DB06707,train
scaffold,2,DB06708,train
scaffold,2,DB06709,train
scaffold,2,DB06710,train
scaffold,2,DB06713,train
scaffold,2,DB06715,train
scaffold,2,DB06716,train
scaffold,2,DB06718,train
scaffold,2,DB06723,train
scaffold,2,DB06724,train
scaffold,2,DB06725,train
scaffold,2,DB06729,train
scaffold,2,DB06730,train
scaffold,2,DB06739,train
scaffold,2,DB06742,train
scaffold,2,DB06766,train
scaffold,2,DB06767,train
scaffold,2,DB06770,train
scaffold,2,DB06772,train
scaffold,2,DB06774,train
scaffold,2,DB06777,train
scaffold,2,DB06781,train
scaffold,2,DB06782,train
scaffold,2,DB06788,train
scaffold,2,DB06789,train
scaffold,2,DB06791,train
scaffold,2,DB06792,train
scaffold,2,DB06794,train
scaffold,2,DB06795,train
scaffold,2,DB06800,train
scaffold,2,DB06802,train
scaffold,2,DB06804,train
scaffold,2,DB06810,train
scaffold,2,DB06813,train
scaffold,2,DB06816,train
scaffold,2,DB06817,train
scaffold,2,DB06819,train
scaffold,2,DB06824,train
scaffold,2,DB06825,train
scaffold,2,DB06826,train
scaffold,2,DB07615,train
scaffold,2,DB08439,train
scaffold,2,DB08795,train
scaffold,2,DB08796,train
scaffold,2,DB08797,train
scaffold,2,DB08798,train
scaffold,2,DB08799,train
scaffold,2,DB08800,train
scaffold,2,DB08802,train
scaffold,2,DB08806,train
scaffold,2,DB08808,train
scaffold,2,DB08811,train
scaffold,2,DB08814,train
scaffold,2,DB08815,train
scaffold,2,DB08816,train
scaffold,2,DB08820,train
scaffold,2,DB08822,train
scaffold,2,DB08824,train
scaffold,2,DB08826,train
scaffold,2,DB08828,train
scaffold,2,DB08860,train
scaffold,2,DB08865,train
scaffold,2,DB08868,train
scaffold,2,DB08869,train
scaffold,2,DB08871,train
scaffold,2,DB08873,train
scaffold,2,DB08874,train
scaffold,2,DB08877,train
scaffold,2,DB08880,train
scaffold,2,DB08882,train
scaffold,2,DB08883,train
scaffold,2,DB08884,train
scaffold,2,DB08889,train
scaffold,2,DB08893,train
scaffold,2,DB08895,train
scaffold,2,DB08896,train
scaffold,2,DB08899,train
scaffold,2,DB08901,train
scaffold,2,DB08906,train
scaffold,2,DB08908,train
scaffold,2,DB08909,train
scaffold,2,DB08911,train
scaffold,2,DB08912,train
scaffold,2,DB08913,train
scaffold,2,DB08916,train
scaffold,2,DB08931,train
scaffold,2,DB08932,train
scaffold,2,DB08933,train
scaffold,2,DB08934,train
scaffold,2,DB08938,train
scaffold,2,DB08941,train
scaffold,2,DB08947,train
scaffold,2,DB08954,train
scaffold,2,DB08958,train
scaffold,2,DB08971,train
scaffold,2,DB08976,train
scaffold,2,DB08981,train
scaffold,2,DB08987,train
scaffold,2,DB08991,train
scaffold,2,DB08992,train
scaffold,2,DB08994,train
scaffold,2,DB09008,train
scaffold,2,DB09014,train
scaffold,2,DB09017,train
scaffold,2,DB09018,train
scaffold,2,DB09020,train
scaffold,2,DB09021,train
scaffold,2,DB09026,train
scaffold,2,DB09030,train
scaffold,2,DB09031,train
scaffold,2,DB09034,train
scaffold,2,DB09038,train
scaffold,2,DB09039,train
scaffold,2,DB09041,train
scaffold,2,DB09042,train
scaffold,2,DB09047,train
scaffold,2,DB09048,train
scaffold,2,DB09049,train
scaffold,2,DB09053,train
scaffold,2,DB09060,train
scaffold,2,DB09063,train
scaffold,2,DB09065,train
scaffold,2,DB09067,train
scaffold,2,DB09068,train
scaffold,2,DB09070,train
scaffold,2,DB09071,train
scaffold,2,DB09072,train
scaffold,2,DB09074,train
scaffold,2,DB09076,train
scaffold,2,DB09078,train
scaffold,2,DB09079,train
scaffold,2,DB09080,train
scaffold,2,DB09082,train
scaffold,2,DB09083,train
scaffold,2,DB09085,train
scaffold,2,DB09090,train
scaffold,2,DB09091,train
scaffold,2,DB09093,train
scaffold,2,DB09094,train
scaffold,2,DB09095,train
scaffold,2,DB09099,train
scaffold,2,DB09101,train
scaffold,2,DB09102,train
scaffold,2,DB09112,train
scaffold,2,DB09118,train
scaffold,2,DB09119,train
scaffold,2,DB09120,train
scaffold,2,DB09123,train
scaffold,2,DB09128,train
scaffold,2,DB09130,train
scaffold,2,DB09134,train
scaffold,2,DB09135,train
scaffold,2,DB09137,train
scaffold,2,DB09138,train
scaffold,2,DB09143,train
scaffold,2,DB09147,train
scaffold,2,DB09153,train
scaffold,2,DB09156,train
scaffold,2,DB09161,train
scaffold,2,DB09166,train
scaffold,2,DB09183,train
scaffold,2,DB09185,train
scaffold,2,DB09198,train
scaffold,2,DB09204,train
scaffold,2,DB09209,train
scaffold,2,DB09210,train
scaffold,2,DB09212,train
scaffold,2,DB09214,train
scaffold,2,DB09215,train
scaffold,2,DB09220,train
scaffold,2,DB09221,train
scaffold,2,DB09223,train
scaffold,2,DB09224,train
scaffold,2,DB09225,train
scaffold,2,DB09227,train
scaffold,2,DB09230,train
scaffold,2,DB09231,train
scaffold,2,DB09232,train
scaffold,2,DB09235,train
scaffold,2,DB09238,train
scaffold,2,DB09241,train
scaffold,2,DB09242,train
scaffold,2,DB09244,train
scaffold,2,DB09257,train
scaffold,2,DB09265,train
scaffold,2,DB09268,train
scaffold,2,DB09269,train
scaffold,2,DB09270,train
scaffold,2,DB09272,train
scaffold,2,DB09273,train
scaffold,2,DB09274,train
scaffold,2,DB09275,train
scaffold,2,DB09278,train
scaffold,2,DB09279,train
scaffold,2,DB09281,train
scaffold,2,DB09282,train
scaffold,2,DB09285,train
scaffold,2,DB09286,train
scaffold,2,DB09288,train
scaffold,2,DB09291,train
scaffold,2,DB09292,train
scaffold,2,DB09293,train
scaffold,2,DB09297,train
scaffold,2,DB09300,train
scaffold,2,DB09320,train
scaffold,2,DB09322,train
scaffold,2,DB09323,train
scaffold,2,DB09330,train
scaffold,2,DB09338,train
scaffold,2,DB09342,train
scaffold,2,DB09343,train
scaffold,2,DB09345,train
scaffold,2,DB09352,train
scaffold,2,DB09389,train
scaffold,2,DB09396,train
scaffold,2,DB09462,train
scaffold,2,DB09488,train
scaffold,2,DB09499,train
scaffold,2,DB09516,train
scaffold,2,DB09543,train
scaffold,2,DB09555,train
scaffold,2,DB09561,train
scaffold,2,DB09570,train
scaffold,2,DB11079,train
scaffold,2,DB11093,train
scaffold,2,DB11106,train
scaffold,2,DB11121,train
scaffold,2,DB11148,train
scaffold,2,DB11156,train
scaffold,2,DB11231,train
scaffold,2,DB11239,train
scaffold,2,DB11254,train
scaffold,2,DB11256,train
scaffold,2,DB11268,train
scaffold,2,DB11315,train
scaffold,2,DB11342,train
scaffold,2,DB11362,train
scaffold,2,DB11363,train
scaffold,2,DB11574,train
scaffold,2,DB11575,train
scaffold,2,DB11586,train
scaffold,2,DB11596,train
scaffold,2,DB11609,train
scaffold,2,DB11610,train
scaffold,2,DB11614,train
scaffold,2,DB11619,train
scaffold,2,DB11633,train
scaffold,2,DB11636,train
scaffold,2,DB11641,train
scaffold,2,DB11660,train
scaffold,2,DB11691,train
scaffold,2,DB11699,train
scaffold,2,DB11730,train
scaffold,2,DB11737,train
scaffold,2,DB11793,train
scaffold,2,DB11817,train
scaffold,2,DB11828,train
scaffold,2,DB11915,train
scaffold,2,DB11989,train
scaffold,2,DB12001,train
scaffold,2,DB12026,train
scaffold,2,DB12070,train
scaffold,2,DB12161,train
scaffold,2,DB12267,train
scaffold,2,DB12278,train
scaffold,2,DB12332,train
scaffold,2,DB12364,train
scaffold,2,DB12483,train
scaffold,2,DB12532,train
scaffold,2,DB12598,train
scaffold,2,DB12924,train
scaffold,2,DB13025,train
scaffold,2,DB13139,train
scaffold,2,DB13142,train
scaffold,2,DB13146,train
scaffold,2,DB13153,train
scaffold,2,DB13158,train
scaffold,2,DB13167,train
scaffold,2,DB13179,train
scaffold,2,DB13231,train
scaffold,2,DB13323,train
scaffold,2,DB13450,train
scaffold,2,DB13783,train
scaffold,2,DB13872,train
scaffold,2,DB13873,train
scaffold,2,DB13874,train
scaffold,2,DB13878,train
scaffold,2,DB13879,train
scaffold,2,DB13925,train
scaffold,2,DB00142,val
scaffold,2,DB00170,val
scaffold,2,DB00195,val
scaffold,2,DB00213,val
scaffold,2,DB00214,val
scaffold,2,DB00216,val
scaffold,2,DB00228,val
scaffold,2,DB00238,val
scaffold,2,DB00251,val
scaffold,2,DB00255,val
scaffold,2,DB00257,val
scaffold,2,DB00258,val
scaffold,2,DB00263,val
scaffold,2,DB00267,val
scaffold,2,DB00301,val
scaffold,2,DB00304,val
scaffold,2,DB00322,val
scaffold,2,DB00331,val
scaffold,2,DB00337,val
scaffold,2,DB00338,val
scaffold,2,DB00346,val
scaffold,2,DB00364,val
scaffold,2,DB00373,val
scaffold,2,DB00374,val
scaffold,2,DB00376,val
scaffold,2,DB00381,val
scaffold,2,DB00391,val
scaffold,2,DB00393,val
scaffold,2,DB00399,val
scaffold,2,DB00401,val
scaffold,2,DB00402,val
scaffold,2,DB00404,val
scaffold,2,DB00408,val
scaffold,2,DB00417,val
scaffold,2,DB00432,val
scaffold,2,DB00440,val
scaffold,2,DB00448,val
scaffold,2,DB00454,val
scaffold,2,DB00457,val
scaffold,2,DB00468,val
scaffold,2,DB00479,val
scaffold,2,DB00482,val
scaffold,2,DB00484,val
scaffold,2,DB00485,val
scaffold,2,DB00492,val
scaffold,2,DB00495,val
scaffold,2,DB00496,val
scaffold,2,DB00501,val
scaffold,2,DB00543,val
scaffold,2,DB00546,val
scaffold,2,DB00549,val
scaffold,2,DB00552,val
scaffold,2,DB00556,val
scaffold,2,DB00567,val
scaffold,2,DB00575,val
scaffold,2,DB00582,val
scaffold,2,DB00586,val
scaffold,2,DB00599,val
scaffold,2,DB00605,val
scaffold,2,DB00607,val
scaffold,2,DB00642,val
scaffold,2,DB00655,val
scaffold,2,DB00656,val
scaffold,2,DB00661,val
scaffold,2,DB00673,val
scaffold,2,DB00684,val
scaffold,2,DB00689,val
scaffold,2,DB00699,val
scaffold,2,DB00713,val
scaffold,2,DB00751,val
scaffold,2,DB00770,val
scaffold,2,DB00784,val
scaffold,2,DB00790,val
scaffold,2,DB00796,val
scaffold,2,DB00805,val
scaffold,2,DB00809,val
scaffold,2,DB00822,val
scaffold,2,DB00826,val
scaffold,2,DB00832,val
scaffold,2,DB00833,val
scaffold,2,DB00839,val
scaffold,2,DB00845,val
scaffold,2,DB00849,val
scaffold,2,DB00851,val
scaffold,2,DB00862,val
scaffold,2,DB00864,val
scaffold,2,DB00870,val
scaffold,2,DB00876,val
scaffold,2,DB00885,val
scaffold,2,DB00889,val
scaffold,2,DB00897,val
scaffold,2,DB00904,val
scaffold,2,DB00906,val
scaffold,2,DB00910,val
scaffold,2,DB00911,val
scaffold,2,DB00915,val
scaffold,2,DB00916,val
scaffold,2,DB00917,val
scaffold,2,DB00925,val
scaffold,2,DB00929,val
scaffold,2,DB00939,val
scaffold,2,DB00950,val
scaffold,2,DB00952,val
scaffold,2,DB00964,val
scaffold,2,DB00970,val
scaffold,2,DB00986,val
scaffold,2,DB00990,val
scaffold,2,DB01004,val
scaffold,2,DB01014,val
scaffold,2,DB01022,val
scaffold,2,DB01023,val
scaffold,2,DB01041,val
scaffold,2,DB01043,val
scaffold,2,DB01054,val
scaffold,2,DB01070,val
scaffold,2,DB01082,val
scaffold,2,DB01088,val
scaffold,2,DB01091,val
scaffold,2,DB01096,val
scaffold,2,DB01102,val
scaffold,2,DB01104,val
scaffold,2,DB01110,val
scaffold,2,DB01113,val
scaffold,2,DB01115,val
scaffold,2,DB01120,val
scaffold,2,DB01127,val
scaffold,2,DB01129,val
scaffold,2,DB01140,val
scaffold,2,DB01147,val
scaffold,2,DB01149,val
scaffold,2,DB01150,val
scaffold,2,DB01154,val
scaffold,2,DB01155,val
scaffold,2,DB01157,val
scaffold,2,DB01172,val
scaffold,2,DB01174,val
scaffold,2,DB01178,val
scaffold,2,DB01194,val
scaffold,2,DB01204,val
scaffold,2,DB01215,val
scaffold,2,DB01217,val
scaffold,2,DB01229,val
scaffold,2,DB01239,val
scaffold,2,DB01240,val
scaffold,2,DB01245,val
scaffold,2,DB01250,val
scaffold,2,DB01283,val
scaffold,2,DB01294,val
scaffold,2,DB01301,val
scaffold,2,DB01327,val
scaffold,2,DB01356,val
scaffold,2,DB01359,val
scaffold,2,DB01370,val
scaffold,2,DB01411,val
scaffold,2,DB01415,val
scaffold,2,DB01423,val
scaffold,2,DB01429,val
scaffold,2,DB01553,val
scaffold,2,DB01575,val
scaffold,2,DB01600,val
scaffold,2,DB01607,val
scaffold,2,DB01619,val
scaffold,2,DB01628,val
scaffold,2,DB01708,val
scaffold,2,DB04574,val
scaffold,2,DB04711,val
scaffold,2,DB04839,val
scaffold,2,DB04844,val
scaffold,2,DB04845,val
scaffold,2,DB04854,val
scaffold,2,DB04871,val
scaffold,2,DB04918,val
scaffold,2,DB04920,val
scaffold,2,DB04946,val
scaffold,2,DB04948,val
scaffold,2,DB05219,val
scaffold,2,DB05239,val
scaffold,2,DB05246,val
scaffold,2,DB05294,val
scaffold,2,DB05381,val
scaffold,2,DB06217,val
scaffold,2,DB06267,val
scaffold,2,DB06288,val
scaffold,2,DB06480,val
scaffold,2,DB06695,val
scaffold,2,DB06696,val
scaffold,2,DB06711,val
scaffold,2,DB06712,val
scaffold,2,DB06736,val
scaffold,2,DB06737,val
scaffold,2,DB06738,val
scaffold,2,DB06786,val
scaffold,2,DB06820,val
scaffold,2,DB08801,val
scaffold,2,DB08827,val
scaffold,2,DB08864,val
scaffold,2,DB08875,val
scaffold,2,DB08897,val
scaffold,2,DB08910,val
scaffold,2,DB08922,val
scaffold,2,DB08943,val
scaffold,2,DB08957,val
scaffold,2,DB08964,val
scaffold,2,DB08965,val
scaffold,2,DB08970,val
scaffold,2,DB08984,val
scaffold,2,DB08993,val
scaffold,2,DB09009,val
scaffold,2,DB09040,val
scaffold,2,DB09055,val
scaffold,2,DB09069,val
scaffold,2,DB09073,val
scaffold,2,DB09084,val
scaffold,2,DB09087,val
scaffold,2,DB09104,val
scaffold,2,DB09146,val
scaffold,2,DB09154,val
scaffold,2,DB09162,val
scaffold,2,DB09167,val
scaffold,2,DB09211,val
scaffold,2,DB09216,val
scaffold,2,DB09236,val
scaffold,2,DB09245,val
scaffold,2,DB09256,val
scaffold,2,DB09267,val
scaffold,2,DB09277,val
scaffold,2,DB09280,val
scaffold,2,DB09283,val
scaffold,2,DB09295,val
scaffold,2,DB09321,val
scaffold,2,DB09324,val
scaffold,2,DB11348,val
scaffold,2,DB11581,val
scaffold,2,DB11943,val
scaffold,2,DB11994,val
scaffold,2,DB13747,val
scaffold,2,DB00014,test
scaffold,2,DB00185,test
scaffold,2,DB00209,test
scaffold,2,DB00266,test
scaffold,2,DB00287,test
scaffold,2,DB00288,test
scaffold,2,DB00300,test
scaffold,2,DB00302,test
scaffold,2,DB00317,test
scaffold,2,DB00319,test
scaffold,2,DB00325,test
scaffold,2,DB00351,test
scaffold,2,DB00355,test
scaffold,2,DB00356,test
scaffold,2,DB00357,test
scaffold,2,DB00359,test
scaffold,2,DB00362,test
scaffold,2,DB00363,test
scaffold,2,DB00367,test
scaffold,2,DB00370,test
scaffold,2,DB00389,test
scaffold,2,DB00392,test
scaffold,2,DB00400,test
scaffold,2,DB00412,test
scaffold,2,DB00419,test
scaffold,2,DB00420,test
scaffold,2,DB00426,test
scaffold,2,DB00430,test
scaffold,2,DB00433,test
scaffold,2,DB00455,test
scaffold,2,DB00470,test
scaffold,2,DB00475,test
scaffold,2,DB00477,test
scaffold,2,DB00490,test
scaffold,2,DB00491,test
scaffold,2,DB00508,test
scaffold,2,DB00515,test
scaffold,2,DB00518,test
scaffold,2,DB00519,test
scaffold,2,DB00537,test
scaffold,2,DB00545,test
scaffold,2,DB00551,test
scaffold,2,DB00554,test
scaffold,2,DB00577,test
scaffold,2,DB00584,test
scaffold,2,DB00593,test
scaffold,2,DB00614,test
scaffold,2,DB00623,test
scaffold,2,DB00635,test
scaffold,2,DB00650,test
scaffold,2,DB00670,test
scaffold,2,DB00681,test
scaffold,2,DB00682,test
scaffold,2,DB00686,test
scaffold,2,DB00695,test
scaffold,2,DB00701,test
scaffold,2,DB00703,test
scaffold,2,DB00704,test
scaffold,2,DB00715,test
scaffold,2,DB00717,test
scaffold,2,DB00718,test
scaffold,2,DB00719,test
scaffold,2,DB00722,test
scaffold,2,DB00727,test
scaffold,2,DB00728,test
scaffold,2,DB00730,test
scaffold,2,DB00749,test
scaffold,2,DB00752,test
scaffold,2,DB00753,test
scaffold,2,DB00763,test
scaffold,2,DB00768,test
scaffold,2,DB00772,test
scaffold,2,DB00778,test
scaffold,2,DB00787,test
scaffold,2,DB00795,test
scaffold,2,DB00802,test
scaffold,2,DB00820,test
scaffold,2,DB00827,test
scaffold,2,DB00830,test
scaffold,2,DB00831,test
scaffold,2,DB00834,test
scaffold,2,DB00837,test
scaffold,2,DB00850,test
scaffold,2,DB00853,test
scaffold,2,DB00859,test
scaffold,2,DB00894,test
scaffold,2,DB00909,test
scaffold,2,DB00928,test
scaffold,2,DB00938,test
scaffold,2,DB00946,test
scaffold,2,DB00958,test
scaffold,2,DB00967,test
scaffold,2,DB00969,test
scaffold,2,DB00976,test
scaffold,2,DB00985,test
scaffold,2,DB00992,test
scaffold,2,DB00996,test
scaffold,2,DB01007,test
scaffold,2,DB01008,test
scaffold,2,DB01026,test
scaffold,2,DB01044,test
scaffold,2,DB01051,test
scaffold,2,DB01063,test
scaffold,2,DB01069,test
scaffold,2,DB01077,test
scaffold,2,DB01083,test
scaffold,2,DB01105,test
scaffold,2,DB01108,test
scaffold,2,DB01128,test
scaffold,2,DB01135,test
scaffold,2,DB01141,test
scaffold,2,DB01142,test
scaffold,2,DB01159,test
scaffold,2,DB01167,test
scaffold,2,DB01169,test
scaffold,2,DB01195,test
scaffold,2,DB01205,test
scaffold,2,DB01206,test
scaffold,2,DB01207,test
scaffold,2,DB01208,test
scaffold,2,DB01216,test
scaffold,2,DB01228,test
scaffold,2,DB01236,test
scaffold,2,DB01246,test
scaffold,2,DB01251,test
scaffold,2,DB01262,test
scaffold,2,DB01264,test
scaffold,2,DB01319,test
scaffold,2,DB01345,test
scaffold,2,DB01377,test
scaffold,2,DB01378,test
scaffold,2,DB01390,test
scaffold,2,DB01399,test
scaffold,2,DB01403,test
scaffold,2,DB01409,test
scaffold,2,DB01410,test
scaffold,2,DB01418,test
scaffold,2,DB01437,test
scaffold,2,DB01440,test
scaffold,2,DB01558,test
scaffold,2,DB01559,test
scaffold,2,DB01581,test
scaffold,2,DB01582,test
scaffold,2,DB01583,test
scaffold,2,DB01588,test
scaffold,2,DB01589,test
scaffold,2,DB01610,test
scaffold,2,DB01614,test
scaffold,2,DB01615,test
scaffold,2,DB01622,test
scaffold,2,DB02187,test
scaffold,2,DB04552,test
scaffold,2,DB04572,test
scaffold,2,DB04575,test
scaffold,2,DB04878,test
scaffold,2,DB04894,test
scaffold,2,DB04896,test
scaffold,2,DB04930,test
scaffold,2,DB04967,test
scaffold,2,DB05265,test
scaffold,2,DB05266,test
scaffold,2,DB05521,test
scaffold,2,DB06193,test
scaffold,2,DB06212,test
scaffold,2,DB06228,test
scaffold,2,DB06290,test
scaffold,2,DB06690,test
scaffold,2,DB06699,test
scaffold,2,DB06701,test
scaffold,2,DB06717,test
scaffold,2,DB06764,test
scaffold,2,DB06769,test
scaffold,2,DB06771,test
scaffold,2,DB06799,test
scaffold,2,DB06803,test
scaffold,2,DB06827,test
scaffold,2,DB08804,test
scaffold,2,DB08807,test
scaffold,2,DB08819,test
scaffold,2,DB08867,test
scaffold,2,DB08872,test
scaffold,2,DB08881,test
scaffold,2,DB08887,test
scaffold,2,DB08903,test
scaffold,2,DB08905,test
scaffold,2,DB08907,test
scaffold,2,DB08918,test
scaffold,2,DB08930,test
scaffold,2,DB08967,test
scaffold,2,DB08974,test
scaffold,2,DB08983,test
scaffold,2,DB08996,test
scaffold,2,DB09000,test
scaffold,2,DB09015,test
scaffold,2,DB09027,test
scaffold,2,DB09054,test
scaffold,2,DB09061,test
scaffold,2,DB09075,test
scaffold,2,DB09096,test
scaffold,2,DB09097,test
scaffold,2,DB09117,test
scaffold,2,DB09124,test
scaffold,2,DB09125,test
scaffold,2,DB09218,test
scaffold,2,DB09262,test
scaffold,2,DB09276,test
scaffold,2,DB09289,test
scaffold,2,DB09290,test
scaffold,2,DB09296,test
scaffold,2,DB09414,test
scaffold,2,DB09449,test
scaffold,2,DB09477,test
scaffold,2,DB09536,test
scaffold,2,DB11126,test
scaffold,2,DB11135,test
scaffold,2,DB11136,test
scaffold,2,DB11235,test
scaffold,2,DB11560,test
scaffold,2,DB11613,test
scaffold,2,DB11921,test
scaffold,2,DB13145,test
scaffold,2,DB13595,test
scaffold,3,DB00006,train
scaffold,3,DB00035,train
scaffold,3,DB00080,train
scaffold,3,DB00091,train
scaffold,3,DB00115,train
scaffold,3,DB00120,train
scaffold,3,DB00122,train
scaffold,3,DB00126,train
scaffold,3,DB00134,train
scaffold,3,DB00136,train
scaffold,3,DB00140,train
scaffold,3,DB00146,train
scaffold,3,DB00150,train
scaffold,3,DB00152,train
scaffold,3,DB00153,train
scaffold,3,DB00158,train
scaffold,3,DB00162,train
scaffold,3,DB00163,train
scaffold,3,DB00169,train
scaffold,3,DB00170,train
scaffold,3,DB00175,train
scaffold,3,DB00176,train
scaffold,3,DB00177,train
scaffold,3,DB00179,train
scaffold,3,DB00180,train
scaffold,3,DB00181,train
scaffold,3,DB00182,train
scaffold,3,DB00184,train
scaffold,3,DB00185,train
scaffold,3,DB00186,train
scaffold,3,DB00187,train
scaffold,3,DB00188,train
scaffold,3,DB00189,train
scaffold,3,DB00190,train
scaffold,3,DB00191,train
scaffold,3,DB00193,train
scaffold,3,DB00198,train
scaffold,3,DB00202,train
scaffold,3,DB00203,train
scaffold,3,DB00205,train
scaffold,3,DB00207,train
scaffold,3,DB00208,train
scaffold,3,DB00209,train
scaffold,3,DB00210,train
scaffold,3,DB00211,train
scaffold,3,DB00212,train
scaffold,3,DB00213,train
scaffold,3,DB00215,train
scaffold,3,DB00217,train
scaffold,3,DB00219,train
scaffold,3,DB00221,train
scaffold,3,DB00222,train
scaffold,3,DB00223,train
scaffold,3,DB00224,train
scaffold,3,DB00226,train
scaffold,3,DB00227,train
scaffold,3,DB00229,train
scaffold,3,DB00231,train
scaffold,3,DB00232,train
scaffold,3,DB00233,train
scaffold,3,DB00235,train
scaffold,3,DB00236,train
scaffold,3,DB00237,train
scaffold,3,DB00238,train
scaffold,3,DB00239,train
scaffold,3,DB00240,train
scaffold,3,DB00241,train
scaffold,3,DB00242,train
scaffold,3,DB00243,train
scaffold,3,DB00244,train
scaffold,3,DB00251,train
scaffold,3,DB00255,train
scaffold,3,DB00257,train
scaffold,3,DB00259,train
scaffold,3,DB00260,train
scaffold,3,DB00261,train
scaffold,3,DB00263,train
scaffold,3,DB00264,train
scaffold,3,DB00266,train
scaffold,3,DB00267,train
scaffold,3,DB00268,train
scaffold,3,DB00270,train
scaffold,3,DB00271,train
scaffold,3,DB00273,train
scaffold,3,DB00274,train
scaffold,3,DB00276,train
scaffold,3,DB00278,train
scaffold,3,DB00279,train
scaffold,3,DB00280,train
scaffold,3,DB00281,train
scaffold,3,DB00285,train
scaffold,3,DB00288,train
scaffold,3,DB00289,train
scaffold,3,DB00290,train
scaffold,3,DB00291,train
scaffold,3,DB00292,train
scaffold,3,DB00293,train
scaffold,3,DB00294,train
scaffold,3,DB00295,train
scaffold,3,DB00298,train
scaffold,3,DB00300,train
scaffold,3,DB00301,train
scaffold,3,DB00302,train
scaffold,3,DB00303,train
scaffold,3,DB00304,train
scaffold,3,DB00307,train
scaffold,3,DB00308,train
scaffold,3,DB00310,train
scaffold,3,DB00312,train
scaffold,3,DB00314,train
scaffold,3,DB00316,train
scaffold,3,DB00318,train
scaffold,3,DB00319,train
scaffold,3,DB00322,train
scaffold,3,DB00323,train
scaffold,3,DB00324,train
scaffold,3,DB00325,train
scaffold,3,DB00326,train
scaffold,3,DB00331,train
scaffold,3,DB00332,train
scaffold,3,DB00333,train
scaffold,3,DB00334,train
scaffold,3,DB00335,train
scaffold,3,DB00336,train
scaffold,3,DB00337,train
scaffold,3,DB00338,train
scaffold,3,DB00344,train
scaffold,3,DB00345,train
scaffold,3,DB00346,train
scaffold,3,DB00347,train
scaffold,3,DB00349,train
scaffold,3,DB00350,train
scaffold,3,DB00352,train
scaffold,3,DB00354,train
scaffold,3,DB00355,train
scaffold,3,DB00357,train
scaffold,3,DB00358,train
scaffold,3,DB00360,train
scaffold,3,DB00361,train
scaffold,3,DB00362,train
scaffold,3,DB00363,train
scaffold,3,DB00364,train
scaffold,3,DB00366,train
scaffold,3,DB00367,train
scaffold,3,DB00368,train
scaffold,3,DB00369,train
scaffold,3,DB00370,train
scaffold,3,DB00371,train
scaffold,3,DB00373,train
scaffold,3,DB00374,train
scaffold,3,DB00376,train
scaffold,3,DB00377,train
scaffold,3,DB00379,train
scaffold,3,DB00380,train
scaffold,3,DB00384,train
scaffold,3,DB00385,train
scaffold,3,DB00387,train
scaffold,3,DB00388,train
scaffold,3,DB00389,train
scaffold,3,DB00390,train
scaffold,3,DB00391,train
scaffold,3,DB00392,train
scaffold,3,DB00394,train
scaffold,3,DB00395,train
scaffold,3,DB00397,train
scaffold,3,DB00399,train
scaffold,3,DB00402,train
scaffold,3,DB00404,train
scaffold,3,DB00405,train
scaffold,3,DB00408,train
scaffold,3,DB00409,train
scaffold,3,DB00411,train
scaffold,3,DB00415,train
scaffold,3,DB00418,train
scaffold,3,DB00419,train
scaffold,3,DB00420,train
scaffold,3,DB00421,train
scaffold,3,DB00422,train
scaffold,3,DB00423,train
scaffold,3,DB00424,train
scaffold,3,DB00425,train
scaffold,3,DB00426,train
scaffold,3,DB00428,train
scaffold,3,DB00430,train
scaffold,3,DB00432,train
scaffold,3,DB00433,train
scaffold,3,DB00434,train
scaffold,3,DB00437,train
scaffold,3,DB00438,train
scaffold,3,DB00440,train
scaffold,3,DB00441,train
scaffold,3,DB00442,train
scaffold,3,DB00443,train
scaffold,3,DB00445,train
scaffold,3,DB00446,train
scaffold,3,DB00448,train
scaffold,3,DB00449,train
scaffold,3,DB00450,train
scaffold,3,DB00451,train
scaffold,3,DB00452,train
scaffold,3,DB00454,train
scaffold,3,DB00457,train
scaffold,3,DB00458,train
scaffold,3,DB00459,train
scaffold,3,DB00460,train
scaffold,3,DB00461,train
scaffold,3,DB00462,train
scaffold,3,DB00465,train
scaffold,3,DB00467,train
scaffold,3,DB00468,train
scaffold,3,DB00469,train
scaffold,3,DB00470,train
scaffold,3,DB00471,train
scaffold,3,DB00472,train
scaffold,3,DB00474,train
scaffold,3,DB00475,train
scaffold,3,DB00477,train
scaffold,3,DB00479,train
scaffold,3,DB00480,train
scaffold,3,DB00481,train
scaffold,3,DB00482,train
scaffold,3,DB00483,train
scaffold,3,DB00484,train
scaffold,3,DB00485,train
scaffold,3,DB00487,train
scaffold,3,DB00488,train
scaffold,3,DB00489,train
scaffold,3,DB00490,train
scaffold,3,DB00491,train
scaffold,3,DB00494,train
scaffold,3,DB00495,train
scaffold,3,DB00497,train
scaffold,3,DB00498,train
scaffold,3,DB00499,train
scaffold,3,DB00500,train
scaffold,3,DB00501,train
scaffold,3,DB00502,train
scaffold,3,DB00503,train
scaffold,3,DB00504,train
scaffold,3,DB00508,train
scaffold,3,DB00511,train
scaffold,3,DB00512,train
scaffold,3,DB00513,train
scaffold,3,DB00514,train
scaffold,3,DB00515,train
scaffold,3,DB00518,train
scaffold,3,DB00519,train
scaffold,3,DB00520,train
scaffold,3,DB00521,train
scaffold,3,DB00523,train
scaffold,3,DB00524,train
scaffold,3,DB00525,train
scaffold,3,DB00526,train
scaffold,3,DB00527,train
scaffold,3,DB00528,train
scaffold,3,DB00529,train
scaffold,3,DB00530,train
scaffold,3,DB00537,train
scaffold,3,DB00541,train
scaffold,3,DB00542,train
scaffold,3,DB00543,train
scaffold,3,DB00545,train
scaffold,3,DB00546,train
scaffold,3,DB00547,train
scaffold,3,DB00549,train
scaffold,3,DB00551,train
scaffold,3,DB00552,train
scaffold,3,DB00553,train
scaffold,3,DB00554,train
scaffold,3,DB00556,train
scaffold,3,DB00561,train
scaffold,3,DB00562,train
scaffold,3,DB00563,train
scaffold,3,DB00564,train
scaffold,3,DB00565,train
scaffold,3,DB00568,train
scaffold,3,DB00569,train
scaffold,3,DB00571,train
scaffold,3,DB00572,train
scaffold,3,DB00573,train
scaffold,3,DB00575,train
scaffold,3,DB00576,train
scaffold,3,DB00578,train
scaffold,3,DB00581,train
scaffold,3,DB00582,train
scaffold,3,DB00583,train
scaffold,3,DB00584,train
scaffold,3,DB00588,train
scaffold,3,DB00590,train
scaffold,3,DB00592,train
scaffold,3,DB00593,train
scaffold,3,DB00596,train
scaffold,3,DB00601,train
scaffold,3,DB00602,train
scaffold,3,DB00605,train
scaffold,3,DB00607,train
scaffold,3,DB00608,train
scaffold,3,DB00610,train
scaffold,3,DB00611,train
scaffold,3,DB00612,train
scaffold,3,DB00613,train
scaffold,3,DB00617,train
scaffold,3,DB00620,train
scaffold,3,DB00622,train
scaffold,3,DB00623,train
scaffold,3,DB00626,train
scaffold,3,DB00628,train
scaffold,3,DB00629,train
scaffold,3,DB00631,train
scaffold,3,DB00633,train
scaffold,3,DB00634,train
scaffold,3,DB00635,train
scaffold,3,DB00636,train
scaffold,3,DB00637,train
scaffold,3,DB00640,train
scaffold,3,DB00641,train
scaffold,3,DB00642,train
scaffold,3,DB00643,train
scaffold,3,DB00645,train
scaffold,3,DB00647,train
scaffold,3,DB00648,train
scaffold,3,DB00649,train
scaffold,3,DB00650,train
scaffold,3,DB00652,train
scaffold,3,DB00654,train
scaffold,3,DB00655,train
scaffold,3,DB00657,train
scaffold,3,DB00658,train
scaffold,3,DB00660,train
scaffold,3,DB00661,train
scaffold,3,DB00662,train
scaffold,3,DB00663,train
scaffold,3,DB00665,train
scaffold,3,DB00666,train
scaffold,3,DB00668,train
scaffold,3,DB00669,train
scaffold,3,DB00670,train
scaffold,3,DB00672,train
scaffold,3,DB00673,train
scaffold,3,DB00674,train
scaffold,3,DB00677,train
scaffold,3,DB00678,train
scaffold,3,DB00679,train
scaffold,3,DB00680,train
scaffold,3,DB00681,train
scaffold,3,DB00682,train
scaffold,3,DB00683,train
scaffold,3,DB00684,train
scaffold,3,DB00686,train
scaffold,3,DB00687,train
scaffold,3,DB00688,train
scaffold,3,DB00690,train
scaffold,3,DB00691,train
scaffold,3,DB00692,train
scaffold,3,DB00694,train
scaffold,3,DB00696,train
scaffold,3,DB00699,train
scaffold,3,DB00701,train
scaffold,3,DB00703,train
scaffold,3,DB00704,train
scaffold,3,DB00705,train
scaffold,3,DB00708,train
scaffold,3,DB00709,train
scaffold,3,DB00711,train
scaffold,3,DB00712,train
scaffold,3,DB00713,train
scaffold,3,DB00717,train
scaffold,3,DB00718,train
scaffold,3,DB00720,train
scaffold,3,DB00721,train
scaffold,3,DB00722,train
scaffold,3,DB00723,train
scaffold,3,DB00724,train
scaffold,3,DB00726,train
scaffold,3,DB00731,train
scaffold,3,DB00732,train
scaffold,3,DB00734,train
scaffold,3,DB00735,train
scaffold,3,DB00737,train
scaffold,3,DB00738,train
scaffold,3,DB00740,train
scaffold,3,DB00742,train
scaffold,3,DB00743,train
scaffold,3,DB00744,train
scaffold,3,DB00745,train
scaffold,3,DB00746,train
scaffold,3,DB00747,train
scaffold,3,DB00748,train
scaffold,3,DB00749,train
scaffold,3,DB00750,train
scaffold,3,DB00751,train
scaffold,3,DB00752,train
scaffold,3,DB00754,train
scaffold,3,DB00755,train
scaffold,3,DB00757,train
scaffold,3,DB00758,train
scaffold,3,DB00760,train
scaffold,3,DB00761,train
scaffold,3,DB00763,train
scaffold,3,DB00764,train
scaffold,3,DB00765,train
scaffold,3,DB00766,train
scaffold,3,DB00768,train
scaffold,3,DB00770,train
scaffold,3,DB00771,train
scaffold,3,DB00772,train
scaffold,3,DB00773,train
scaffold,3,DB00774,train
scaffold,3,DB00775,train
scaffold,3,DB00776,train
scaffold,3,DB00778,train
scaffold,3,DB00779,train
scaffold,3,DB00780,train
scaffold,3,DB00781,train
scaffold,3,DB00782,train
scaffold,3,DB00783,train
scaffold,3,DB00788,train
scaffold,3,DB00790,train
scaffold,3,DB00792,train
scaffold,3,DB00793,train
scaffold,3,DB00794,train
scaffold,3,DB00795,train
scaffold,3,DB00798,train
scaffold,3,DB00800,train
scaffold,3,DB00801,train
scaffold,3,DB00802,train
scaffold,3,DB00803,train
scaffold,3,DB00804,train
scaffold,3,DB00807,train
scaffold,3,DB00809,train
scaffold,3,DB00810,train
scaffold,3,DB00811,train
scaffold,3,DB00812,train
scaffold,3,DB00813,train
scaffold,3,DB00816,train
scaffold,3,DB00817,train
scaffold,3,DB00818,train
scaffold,3,DB00819,train
scaffold,3,DB00820,train
scaffold,3,DB00821,train
scaffold,3,DB00822,train
scaffold,3,DB00823,train
scaffold,3,DB00826,train
scaffold,3,DB00828,train
scaffold,3,DB00829,train
scaffold,3,DB00831,train
scaffold,3,DB00832,train
scaffold,3,DB00834,train
scaffold,3,DB00835,train
scaffold,3,DB00837,train
scaffold,3,DB00838,train
scaffold,3,DB00839,train
scaffold,3,DB00842,train
scaffold,3,DB00844,train
scaffold,3,DB00845,train
scaffold,3,DB00846,train
scaffold,3,DB00847,train
scaffold,3,DB00850,train
scaffold,3,DB00851,train
scaffold,3,DB00852,train
scaffold,3,DB00853,train
scaffold,3,DB00854,train
scaffold,3,DB00855,train
scaffold,3,DB00856,train
scaffold,3,DB00857,train
scaffold,3,DB00859,train
scaffold,3,DB00860,train
scaffold,3,DB00861,train
scaffold,3,DB00862,train
scaffold,3,DB00863,train
scaffold,3,DB00864,train
scaffold,3,DB00865,train
scaffold,3,DB00866,train
scaffold,3,DB00867,train
scaffold,3,DB00869,train
scaffold,3,DB00870,train
scaffold,3,DB00871,train
scaffold,3,DB00872,train
scaffold,3,DB00873,train
scaffold,3,DB00875,train
scaffold,3,DB00877,train
scaffold,3,DB00879,train
scaffold,3,DB00881,train
scaffold,3,DB00885,train
scaffold,3,DB00887,train
scaffold,3,DB00888,train
scaffold,3,DB00890,train
scaffold,3,DB00891,train
scaffold,3,DB00892,train
scaffold,3,DB00894,train
scaffold,3,DB00896,train
scaffold,3,DB00897,train
scaffold,3,DB00898,train
scaffold,3,DB00899,train
scaffold,3,DB00900,train
scaffold,3,DB00903,train
scaffold,3,DB00904,train
scaffold,3,DB00905,train
scaffold,3,DB00907,train
scaffold,3,DB00908,train
scaffold,3,DB00909,train
scaffold,3,DB00910,train
scaffold,3,DB00911,train
scaffold,3,DB00914,train
scaffold,3,DB00915,train
scaffold,3,DB00916,train
scaffold,3,DB00917,train
scaffold,3,DB00918,train
scaffold,3,DB00922,train
scaffold,3,DB00924,train
scaffold,3,DB00925,train
scaffold,3,DB00928,train
scaffold,3,DB00929,train
scaffold,3,DB00932,train
scaffold,3,DB00933,train
scaffold,3,DB00936,train
scaffold,3,DB00937,train
scaffold,3,DB00938,train
scaffold,3,DB00940,train
scaffold,3,DB00943,train
scaffold,3,DB00945,train
scaffold,3,DB00946,train
scaffold,3,DB00947,train
scaffold,3,DB00948,train
scaffold,3,DB00949,train
scaffold,3,DB00952,train
scaffold,3,DB00954,train
scaffold,3,DB00955,train
scaffold,3,DB00957,train
scaffold,3,DB00958,train
scaffold,3,DB00959,train
scaffold,3,DB00960,train
scaffold,3,DB00963,train
scaffold,3,DB00964,train
scaffold,3,DB00966,train
scaffold,3,DB00968,train
scaffold,3,DB00970,train
scaffold,3,DB00972,train
scaffold,3,DB00973,train
scaffold,3,DB00974,train
scaffold,3,DB00975,train
scaffold,3,DB00976,train
scaffold,3,DB00977,train
scaffold,3,DB00978,train
scaffold,3,DB00981,train
scaffold,3,DB00982,train
scaffold,3,DB00983,train
scaffold,3,DB00985,train
scaffold,3,DB00986,train
scaffold,3,DB00987,train
scaffold,3,DB00988,train
scaffold,3,DB00989,train
scaffold,3,DB00990,train
scaffold,3,DB00992,train
scaffold,3,DB00996,train
scaffold,3,DB00997,train
scaffold,3,DB00998,train
scaffold,3,DB00999,train
scaffold,3,DB01000,train
scaffold,3,DB01001,train
scaffold,3,DB01004,train
scaffold,3,DB01006,train
scaffold,3,DB01007,train
scaffold,3,DB01009,train
scaffold,3,DB01010,train
scaffold,3,DB01011,train
scaffold,3,DB01012,train
scaffold,3,DB01013,train
scaffold,3,DB01014,train
scaffold,3,DB01015,train
scaffold,3,DB01016,train
scaffold,3,DB01018,train
scaffold,3,DB01019,train
scaffold,3,DB01021,train
scaffold,3,DB01022,train
scaffold,3,DB01026,train
scaffold,3,DB01028,train
scaffold,3,DB01032,train
scaffold,3,DB01033,train
scaffold,3,DB01034,train
scaffold,3,DB01035,train
scaffold,3,DB01036,train
scaffold,3,DB01037,train
scaffold,3,DB01039,train
scaffold,3,DB01041,train
scaffold,3,DB01042,train
scaffold,3,DB01043,train
scaffold,3,DB01044,train
scaffold,3,DB01045,train
scaffold,3,DB01046,train
scaffold,3,DB01048,train
scaffold,3,DB01050,train
scaffold,3,DB01051,train
scaffold,3,DB01053,train
scaffold,3,DB01058,train
scaffold,3,DB01059,train
scaffold,3,DB01060,train
scaffold,3,DB01061,train
scaffold,3,DB01062,train
scaffold,3,DB01063,train
scaffold,3,DB01064,train
scaffold,3,DB01065,train
scaffold,3,DB01067,train
scaffold,3,DB01068,train
scaffold,3,DB01069,train
scaffold,3,DB01070,train
scaffold,3,DB01072,train
scaffold,3,DB01073,train
scaffold,3,DB01075,train
scaffold,3,DB01076,train
scaffold,3,DB01077,train
scaffold,3,DB01078,train
scaffold,3,DB01080,train
scaffold,3,DB01083,train
scaffold,3,DB01084,train
scaffold,3,DB01086,train
scaffold,3,DB01087,train
scaffold,3,DB01088,train
scaffold,3,DB01090,train
scaffold,3,DB01091,train
scaffold,3,DB01092,train
scaffold,3,DB01094,train
scaffold,3,DB01095,train
scaffold,3,DB01096,train
scaffold,3,DB01097,train
scaffold,3,DB01098,train
scaffold,3,DB01099,train
scaffold,3,DB01101,train
scaffold,3,DB01102,train
scaffold,3,DB01103,train
scaffold,3,DB01105,train
scaffold,3,DB01106,train
scaffold,3,DB01108,train
scaffold,3,DB01110,train
scaffold,3,DB01111,train
scaffold,3,DB01112,train
scaffold,3,DB01113,train
scaffold,3,DB01114,train
scaffold,3,DB01116,train
scaffold,3,DB01117,train
scaffold,3,DB01118,train
scaffold,3,DB01120,train
scaffold,3,DB01121,train
scaffold,3,DB01122,train
scaffold,3,DB01124,train
scaffold,3,DB01126,train
scaffold,3,DB01127,train
scaffold,3,DB01129,train
scaffold,3,DB01130,train
scaffold,3,DB01131,train
scaffold,3,DB01132,train
scaffold,3,DB01133,train
scaffold,3,DB01136,train
scaffold,3,DB01137,train
scaffold,3,DB01139,train
scaffold,3,DB01141,train
scaffold,3,DB01142,train
scaffold,3,DB01143,train
scaffold,3,DB01144,train
scaffold,3,DB01147,train
scaffold,3,DB01151,train
scaffold,3,DB01153,train
scaffold,3,DB01155,train
scaffold,3,DB01156,train
scaffold,3,DB01157,train
scaffold,3,DB01158,train
scaffold,3,DB01159,train
scaffold,3,DB01161,train
scaffold,3,DB01162,train
scaffold,3,DB01164,train
scaffold,3,DB01165,train
scaffold,3,DB01167,train
scaffold,3,DB01168,train
scaffold,3,DB01170,train
scaffold,3,DB01172,train
scaffold,3,DB01173,train
scaffold,3,DB01175,train
scaffold,3,DB01177,train
scaffold,3,DB01178,train
scaffold,3,DB01179,train
scaffold,3,DB01182,train
scaffold,3,DB01183,train
scaffold,3,DB01184,train
scaffold,3,DB01185,train
scaffold,3,DB01189,train
scaffold,3,DB01190,train
scaffold,3,DB01191,train
scaffold,3,DB01192,train
scaffold,3,DB01193,train
scaffold,3,DB01194,train
scaffold,3,DB01195,train
scaffold,3,DB01196,train
scaffold,3,DB01198,train
scaffold,3,DB01199,train
scaffold,3,DB01200,train
scaffold,3,DB01202,train
scaffold,3,DB01203,train
scaffold,3,DB01205,train
scaffold,3,DB01206,train
scaffold,3,DB01207,train
scaffold,3,DB01208,train
scaffold,3,DB01209,train
scaffold,3,DB01212,train
scaffold,3,DB01213,train
scaffold,3,DB01214,train
scaffold,3,DB01215,train
scaffold,3,DB01216,train
scaffold,3,DB01217,train
scaffold,3,DB01219,train
scaffold,3,DB01222,train
scaffold,3,DB01223,train
scaffold,3,DB01226,train
scaffold,3,DB01227,train
scaffold,3,DB01228,train
scaffold,3,DB01232,train
scaffold,3,DB01233,train
scaffold,3,DB01234,train
scaffold,3,DB01235,train
scaffold,3,DB01236,train
scaffold,3,DB01238,train
scaffold,3,DB01239,train
scaffold,3,DB01240,train
scaffold,3,DB01241,train
scaffold,3,DB01242,train
scaffold,3,DB01243,train
scaffold,3,DB01244,train
scaffold,3,DB01245,train
scaffold,3,DB01246,train
scaffold,3,DB01247,train
scaffold,3,DB01248,train
scaffold,3,DB01250,train
scaffold,3,DB01251,train
scaffold,3,DB01255,train
scaffold,3,DB01259,train
scaffold,3,DB01260,train
scaffold,3,DB01262,train
scaffold,3,DB01263,train
scaffold,3,DB01267,train
scaffold,3,DB01268,train
scaffold,3,DB01273,train
scaffold,3,DB01274,train
scaffold,3,DB01275,train
scaffold,3,DB01280,train
scaffold,3,DB01282,train
scaffold,3,DB01284,train
scaffold,3,DB01288,train
scaffold,3,DB01295,train
scaffold,3,DB01296,train
scaffold,3,DB01297,train
scaffold,3,DB01299,train
scaffold,3,DB01301,train
scaffold,3,DB01303,train
scaffold,3,DB01319,train
scaffold,3,DB01321,train
scaffold,3,DB01324,train
scaffold,3,DB01331,train
scaffold,3,DB01336,train
scaffold,3,DB01338,train
scaffold,3,DB01339,train
scaffold,3,DB01340,train
scaffold,3,DB01348,train
scaffold,3,DB01351,train
scaffold,3,DB01353,train
scaffold,3,DB01355,train
scaffold,3,DB01357,train
scaffold,3,DB01359,train
scaffold,3,DB01362,train
scaffold,3,DB01364,train
scaffold,3,DB01365,train
scaffold,3,DB01366,train
scaffold,3,DB01369,train
scaffold,3,DB01370,train
scaffold,3,DB01377,train
scaffold,3,DB01380,train
scaffold,3,DB01384,train
scaffold,3,DB01390,train
scaffold,3,DB01392,train
scaffold,3,DB01394,train
scaffold,3,DB01396,train
scaffold,3,DB01397,train
scaffold,3,DB01400,train
scaffold,3,DB01401,train
scaffold,3,DB01403,train
scaffold,3,DB01406,train
scaffold,3,DB01407,train
scaffold,3,DB01408,train
scaffold,3,DB01409,train
scaffold,3,DB01410,train
scaffold,3,DB01411,train
scaffold,3,DB01413,train
scaffold,3,DB01414,train
scaffold,3,DB01415,train
scaffold,3,DB01418,train
scaffold,3,DB01421,train
scaffold,3,DB01422,train
scaffold,3,DB01424,train
scaffold,3,DB01426,train
scaffold,3,DB01427,train
scaffold,3,DB01431,train
scaffold,3,DB01433,train
scaffold,3,DB01435,train
scaffold,3,DB01436,train
scaffold,3,DB01437,train
scaffold,3,DB01452,train
scaffold,3,DB01466,train
scaffold,3,DB01489,train
scaffold,3,DB01511,train
scaffold,3,DB01544,train
scaffold,3,DB01545,train
scaffold,3,DB01551,train
scaffold,3,DB01553,train
scaffold,3,DB01558,train
scaffold,3,DB01563,train
scaffold,3,DB01567,train
scaffold,3,DB01575,train
scaffold,3,DB01576,train
scaffold,3,DB01577,train
scaffold,3,DB01578,train
scaffold,3,DB01579,train
scaffold,3,DB01580,train
scaffold,3,DB01583,train
scaffold,3,DB01586,train
scaffold,3,DB01588,train
scaffold,3,DB01589,train
scaffold,3,DB01590,train
scaffold,3,DB01595,train
scaffold,3,DB01597,train
scaffold,3,DB01599,train
scaffold,3,DB01600,train
scaffold,3,DB01602,train
scaffold,3,DB01603,train
scaffold,3,DB01604,train
scaffold,3,DB01605,train
scaffold,3,DB01607,train
scaffold,3,DB01611,train
scaffold,3,DB01613,train
scaffold,3,DB01614,train
scaffold,3,DB01615,train
scaffold,3,DB01619,train
scaffold,3,DB01620,train
scaffold,3,DB01622,train
scaffold,3,DB01623,train
scaffold,3,DB01624,train
scaffold,3,DB01626,train
scaffold,3,DB01627,train
scaffold,3,DB01628,train
scaffold,3,DB01685,train
scaffold,3,DB01708,train
scaffold,3,DB01878,train
scaffold,3,DB02300,train
scaffold,3,DB02513,train
scaffold,3,DB02546,train
scaffold,3,DB02638,train
scaffold,3,DB02659,train
scaffold,3,DB02709,train
scaffold,3,DB02959,train
scaffold,3,DB03128,train
scaffold,3,DB03585,train
scaffold,3,DB03615,train
scaffold,3,DB03619,train
scaffold,3,DB03754,train
scaffold,3,DB03793,train
scaffold,3,DB03796,train
scaffold,3,DB04272,train
scaffold,3,DB04398,train
scaffold,3,DB04571,train
scaffold,3,DB04572,train
scaffold,3,DB04573,train
scaffold,3,DB04574,train
scaffold,3,DB04576,train
scaffold,3,DB04711,train
scaffold,3,DB04743,train
scaffold,3,DB04786,train
scaffold,3,DB04835,train
scaffold,3,DB04839,train
scaffold,3,DB04841,train
scaffold,3,DB04844,train
scaffold,3,DB04845,train
scaffold,3,DB04846,train
scaffold,3,DB04854,train
scaffold,3,DB04855,train
scaffold,3,DB04861,train
scaffold,3,DB04865,train
scaffold,3,DB04868,train
scaffold,3,DB04871,train
scaffold,3,DB04876,train
scaffold,3,DB04878,train
scaffold,3,DB04896,train
scaffold,3,DB04898,train
scaffold,3,DB04908,train
scaffold,3,DB04911,train
scaffold,3,DB04918,train
scaffold,3,DB04930,train
scaffold,3,DB04946,train
scaffold,3,DB04948,train
scaffold,3,DB04951,train
scaffold,3,DB04953,train
scaffold,3,DB04967,train
scaffold,3,DB05015,train
scaffold,3,DB05039,train
scaffold,3,DB05109,train
scaffold,3,DB05219,train
scaffold,3,DB05245,train
scaffold,3,DB05246,train
scaffold,3,DB05271,train
scaffold,3,DB05294,train
scaffold,3,DB05316,train
scaffold,3,DB05351,train
scaffold,3,DB05381,train
scaffold,3,DB05521,train
scaffold,3,DB05528,train
scaffold,3,DB05541,train
scaffold,3,DB05676,train
scaffold,3,DB05990,train
scaffold,3,DB06016,train
scaffold,3,DB06144,train
scaffold,3,DB06148,train
scaffold,3,DB06150,train
scaffold,3,DB06153,train
scaffold,3,DB06155,train
scaffold,3,DB06176,train
scaffold,3,DB06193,train
scaffold,3,DB06196,train
scaffold,3,DB06204,train
scaffold,3,DB06206,train
scaffold,3,DB06207,train
scaffold,3,DB06209,train
scaffold,3,DB06210,train
scaffold,3,DB06211,train
scaffold,3,DB06212,train
scaffold,3,DB06216,train
scaffold,3,DB06217,train
scaffold,3,DB06218,train
scaffold,3,DB06228,train
scaffold,3,DB06243,train
scaffold,3,DB06261,train
scaffold,3,DB06262,train
scaffold,3,DB06263,train
scaffold,3,DB06264,train
scaffold,3,DB06267,train
scaffold,3,DB06274,train
scaffold,3,DB06287,train
scaffold,3,DB06288,train
scaffold,3,DB06290,train
scaffold,3,DB06292,train
scaffold,3,DB06335,train
scaffold,3,DB06401,train
scaffold,3,DB06402,train
scaffold,3,DB06403,train
scaffold,3,DB06410,train
scaffold,3,DB06412,train
scaffold,3,DB06413,train
scaffold,3,DB06441,train
scaffold,3,DB06480,train
scaffold,3,DB06594,train
scaffold,3,DB06595,train
scaffold,3,DB06605,train
scaffold,3,DB06616,train
scaffold,3,DB06636,train
scaffold,3,DB06654,train
scaffold,3,DB06663,train
scaffold,3,DB06684,train
scaffold,3,DB06690,train
scaffold,3,DB06691,train
scaffold,3,DB06695,train
scaffold,3,DB06696,train
scaffold,3,DB06697,train
scaffold,3,DB06700,train
scaffold,3,DB06701,train
scaffold,3,DB06702,train
scaffold,3,DB06704,train
scaffold,3,DB06706,train
scaffold,3,DB06707,train
scaffold,3,DB06708,train
scaffold,3,DB06709,train
scaffold,3,DB06711,train
scaffold,3,DB06713,train
scaffold,3,DB06716,train
scaffold,3,DB06717,train
scaffold,3,DB06718,train
scaffold,3,DB06723,train
scaffold,3,DB06725,train
scaffold,3,DB06729,train
scaffold,3,DB06737,train
scaffold,3,DB06738,train
scaffold,3,DB06767,train
scaffold,3,DB06769,train
scaffold,3,DB06770,train
scaffold,3,DB06771,train
scaffold,3,DB06772,train
scaffold,3,DB06774,train
scaffold,3,DB06777,train
scaffold,3,DB06781,train
scaffold,3,DB06782,train
scaffold,3,DB06786,train
scaffold,3,DB06788,train
scaffold,3,DB06791,train
scaffold,3,DB06794,train
scaffold,3,DB06795,train
scaffold,3,DB06799,train
scaffold,3,DB06802,train
scaffold,3,DB06804,train
scaffold,3,DB06817,train
scaffold,3,DB06819,train
scaffold,3,DB06820,train
scaffold,3,DB06824,train
scaffold,3,DB06827,train
scaffold,3,DB07615,train
scaffold,3,DB08439,train
scaffold,3,DB08795,train
scaffold,3,DB08797,train
scaffold,3,DB08800,train
scaffold,3,DB08802,train
scaffold,3,DB08804,train
scaffold,3,DB08806,train
scaffold,3,DB08808,train
scaffold,3,DB08811,train
scaffold,3,DB08814,train
scaffold,3,DB08815,train
scaffold,3,DB08816,train
scaffold,3,DB08820,train
scaffold,3,DB08824,train
scaffold,3,DB08827,train
scaffold,3,DB08828,train
scaffold,3,DB08864,train
scaffold,3,DB08865,train
scaffold,3,DB08867,train
scaffold,3,DB08868,train
scaffold,3,DB08872,train
scaffold,3,DB08873,train
scaffold,3,DB08874,train
scaffold,3,DB08875,train
scaffold,3,DB08877,train
scaffold,3,DB08880,train
scaffold,3,DB08881,train
scaffold,3,DB08882,train
scaffold,3,DB08883,train
scaffold,3,DB08884,train
scaffold,3,DB08889,train
scaffold,3,DB08893,train
scaffold,3,DB08901,train
scaffold,3,DB08905,train
scaffold,3,DB08906,train
scaffold,3,DB08907,train
scaffold,3,DB08909,train
scaffold,3,DB08910,train
scaffold,3,DB08911,train
scaffold,3,DB08912,train
scaffold,3,DB08916,train
scaffold,3,DB08918,train
scaffold,3,DB08922,train
scaffold,3,DB08931,train
scaffold,3,DB08932,train
scaffold,3,DB08933,train
scaffold,3,DB08934,train
scaffold,3,DB08938,train
scaffold,3,DB08943,train
scaffold,3,DB08947,train
scaffold,3,DB08954,train
scaffold,3,DB08957,train
scaffold,3,DB08964,train
scaffold,3,DB08965,train
scaffold,3,DB08967,train
scaffold,3,DB08970,train
scaffold,3,DB08971,train
scaffold,3,DB08974,train
scaffold,3,DB08976,train
scaffold,3,DB08981,train
scaffold,3,DB08987,train
scaffold,3,DB08992,train
scaffold,3,DB08993,train
scaffold,3,DB09000,train
scaffold,3,DB09014,train
scaffold,3,DB09018,train
scaffold,3,DB09020,train
scaffold,3,DB09026,train
scaffold,3,DB09027,train
scaffold,3,DB09030,train
scaffold,3,DB09031,train
scaffold,3,DB09034,train
scaffold,3,DB09038,train
scaffold,3,DB09042,train
scaffold,3,DB09047,train
scaffold,3,DB09048,train
scaffold,3,DB09054,train
scaffold,3,DB09055,train
scaffold,3,DB09061,train
scaffold,3,DB09063,train
scaffold,3,DB09065,train
scaffold,3,DB09067,train
scaffold,3,DB09068,train
scaffold,3,DB09069,train
scaffold,3,DB09070,train
scaffold,3,DB09072,train
scaffold,3,DB09073,train
scaffold,3,DB09074,train
scaffold,3,DB09075,train
scaffold,3,DB09080,train
scaffold,3,DB09082,train
scaffold,3,DB09083,train
scaffold,3,DB09084,train
scaffold,3,DB09085,train
scaffold,3,DB09087,train
scaffold,3,DB09095,train
scaffold,3,DB09096,train
scaffold,3,DB09097,train
scaffold,3,DB09099,train
scaffold,3,DB09101,train
scaffold,3,DB09102,train
scaffold,3,DB09104,train
scaffold,3,DB09112,train
scaffold,3,DB09118,train
scaffold,3,DB09119,train
scaffold,3,DB09120,train
scaffold,3,DB09123,train
scaffold,3,DB09128,train
scaffold,3,DB09134,train
scaffold,3,DB09135,train
scaffold,3,DB09137,train
scaffold,3,DB09143,train
scaffold,3,DB09146,train
scaffold,3,DB09147,train
scaffold,3,DB09153,train
scaffold,3,DB09156,train
scaffold,3,DB09161,train
scaffold,3,DB09162,train
scaffold,3,DB09167,train
scaffold,3,DB09183,train
scaffold,3,DB09185,train
scaffold,3,DB09198,train
scaffold,3,DB09204,train
scaffold,3,DB09209,train
scaffold,3,DB09210,train
scaffold,3,DB09211,train
scaffold,3,DB09212,train
scaffold,3,DB09214,train
scaffold,3,DB09215,train
scaffold,3,DB09221,train
scaffold,3,DB09224,train
scaffold,3,DB09225,train
scaffold,3,DB09227,train
scaffold,3,DB09231,train
scaffold,3,DB09232,train
scaffold,3,DB09235,train
scaffold,3,DB09241,train
scaffold,3,DB09242,train
scaffold,3,DB09244,train
scaffold,3,DB09245,train
scaffold,3,DB09257,train
scaffold,3,DB09265,train
scaffold,3,DB09268,train
scaffold,3,DB09269,train
scaffold,3,DB09270,train
scaffold,3,DB09272,train
scaffold,3,DB09274,train
scaffold,3,DB09276,train
scaffold,3,DB09277,train
scaffold,3,DB09278,train
scaffold,3,DB09279,train
scaffold,3,DB09281,train
scaffold,3,DB09285,train
scaffold,3,DB09288,train
scaffold,3,DB09289,train
scaffold,3,DB09290,train
scaffold,3,DB09291,train
scaffold,3,DB09292,train
scaffold,3,DB09293,train
scaffold,3,DB09296,train
scaffold,3,DB09297,train
scaffold,3,DB09300,train
scaffold,3,DB09320,train
scaffold,3,DB09324,train
scaffold,3,DB09330,train
scaffold,3,DB09338,train
scaffold,3,DB09342,train
scaffold,3,DB09343,train
scaffold,3,DB09345,train
scaffold,3,DB09352,train
scaffold,3,DB09396,train
scaffold,3,DB09414,train
scaffold,3,DB09449,train
scaffold,3,DB09477,train
scaffold,3,DB09499,train
scaffold,3,DB09516,train
scaffold,3,DB09536,train
scaffold,3,DB09543,train
scaffold,3,DB09555,train
scaffold,3,DB09570,train
scaffold,3,DB11079,train
scaffold,3,DB11093,train
scaffold,3,DB11121,train
scaffold,3,DB11126,train
scaffold,3,DB11136,train
scaffold,3,DB11148,train
scaffold,3,DB11156,train
scaffold,3,DB11231,train
scaffold,3,DB11235,train
scaffold,3,DB11239,train
scaffold,3,DB11254,train
scaffold,3,DB11256,train
scaffold,3,DB11268,train
scaffold,3,DB11315,train
scaffold,3,DB11342,train
scaffold,3,DB11348,train
scaffold,3,DB11363,train
scaffold,3,DB11560,train
scaffold,3,DB11575,train
scaffold,3,DB11581,train
scaffold,3,DB11596,train
scaffold,3,DB11609,train
scaffold,3,DB11610,train
scaffold,3,DB11614,train
scaffold,3,DB11619,train
scaffold,3,DB11633,train
scaffold,3,DB11636,train
scaffold,3,DB11641,train
scaffold,3,DB11660,train
scaffold,3,DB11691,train
scaffold,3,DB11699,train
scaffold,3,DB11817,train
scaffold,3,DB11915,train
scaffold,3,DB11943,train
scaffold,3,DB11989,train
scaffold,3,DB12001,train
scaffold,3,DB12026,train
scaffold,3,DB12070,train
scaffold,3,DB12161,train
scaffold,3,DB12278,train
scaffold,3,DB12332,train
scaffold,3,DB12364,train
scaffold,3,DB12483,train
scaffold,3,DB12532,train
scaffold,3,DB12598,train
scaffold,3,DB12924,train
scaffold,3,DB13025,train
scaffold,3,DB13139,train
scaffold,3,DB13142,train
scaffold,3,DB13145,train
scaffold,3,DB13146,train
scaffold,3,DB13153,train
scaffold,3,DB13167,train
scaffold,3,DB13231,train
scaffold,3,DB13323,train
scaffold,3,DB13747,train
scaffold,3,DB13872,train
scaffold,3,DB13873,train
scaffold,3,DB13874,train
scaffold,3,DB00027,val
scaffold,3,DB00130,val
scaffold,3,DB00166,val
scaffold,3,DB00195,val
scaffold,3,DB00196,val
scaffold,3,DB00201,val
scaffold,3,DB00204,val
scaffold,3,DB00206,val
scaffold,3,DB00216,val
scaffold,3,DB00218,val
scaffold,3,DB00220,val
scaffold,3,DB00230,val
scaffold,3,DB00247,val
scaffold,3,DB00248,val
scaffold,3,DB00253,val
scaffold,3,DB00258,val
scaffold,3,DB00277,val
scaffold,3,DB00283,val
scaffold,3,DB00287,val
scaffold,3,DB00297,val
scaffold,3,DB00309,val
scaffold,3,DB00313,val
scaffold,3,DB00320,val
scaffold,3,DB00327,val
scaffold,3,DB00330,val
scaffold,3,DB00339,val
scaffold,3,DB00353,val
scaffold,3,DB00356,val
scaffold,3,DB00378,val
scaffold,3,DB00396,val
scaffold,3,DB00410,val
scaffold,3,DB00412,val
scaffold,3,DB00427,val
scaffold,3,DB00436,val
scaffold,3,DB00455,val
scaffold,3,DB00476,val
scaffold,3,DB00492,val
scaffold,3,DB00548,val
scaffold,3,DB00567,val
scaffold,3,DB00570,val
scaffold,3,DB00577,val
scaffold,3,DB00585,val
scaffold,3,DB00586,val
scaffold,3,DB00589,val
scaffold,3,DB00594,val
scaffold,3,DB00598,val
scaffold,3,DB00603,val
scaffold,3,DB00624,val
scaffold,3,DB00625,val
scaffold,3,DB00630,val
scaffold,3,DB00639,val
scaffold,3,DB00651,val
scaffold,3,DB00664,val
scaffold,3,DB00685,val
scaffold,3,DB00689,val
scaffold,3,DB00697,val
scaffold,3,DB00698,val
scaffold,3,DB00700,val
scaffold,3,DB00706,val
scaffold,3,DB00714,val
scaffold,3,DB00715,val
scaffold,3,DB00719,val
scaffold,3,DB00727,val
scaffold,3,DB00730,val
scaffold,3,DB00741,val
scaffold,3,DB00753,val
scaffold,3,DB00762,val
scaffold,3,DB00769,val
scaffold,3,DB00784,val
scaffold,3,DB00787,val
scaffold,3,DB00806,val
scaffold,3,DB00827,val
scaffold,3,DB00833,val
scaffold,3,DB00836,val
scaffold,3,DB00841,val
scaffold,3,DB00843,val
scaffold,3,DB00906,val
scaffold,3,DB00912,val
scaffold,3,DB00920,val
scaffold,3,DB00923,val
scaffold,3,DB00927,val
scaffold,3,DB00931,val
scaffold,3,DB00939,val
scaffold,3,DB00953,val
scaffold,3,DB00956,val
scaffold,3,DB00961,val
scaffold,3,DB00967,val
scaffold,3,DB00969,val
scaffold,3,DB00993,val
scaffold,3,DB01005,val
scaffold,3,DB01029,val
scaffold,3,DB01030,val
scaffold,3,DB01066,val
scaffold,3,DB01081,val
scaffold,3,DB01089,val
scaffold,3,DB01100,val
scaffold,3,DB01104,val
scaffold,3,DB01138,val
scaffold,3,DB01140,val
scaffold,3,DB01149,val
scaffold,3,DB01150,val
scaffold,3,DB01169,val
scaffold,3,DB01171,val
scaffold,3,DB01186,val
scaffold,3,DB01197,val
scaffold,3,DB01204,val
scaffold,3,DB01210,val
scaffold,3,DB01221,val
scaffold,3,DB01252,val
scaffold,3,DB01253,val
scaffold,3,DB01254,val
scaffold,3,DB01256,val
scaffold,3,DB01261,val
scaffold,3,DB01264,val
scaffold,3,DB01283,val
scaffold,3,DB01289,val
scaffold,3,DB01294,val
scaffold,3,DB01298,val
scaffold,3,DB01325,val
scaffold,3,DB01326,val
scaffold,3,DB01327,val
scaffold,3,DB01328,val
scaffold,3,DB01330,val
scaffold,3,DB01337,val
scaffold,3,DB01393,val
scaffold,3,DB01395,val
scaffold,3,DB01399,val
scaffold,3,DB01412,val
scaffold,3,DB01420,val
scaffold,3,DB01438,val
scaffold,3,DB01440,val
scaffold,3,DB01501,val
scaffold,3,DB01559,val
scaffold,3,DB01587,val
scaffold,3,DB01591,val
scaffold,3,DB01609,val
scaffold,3,DB01610,val
scaffold,3,DB01612,val
scaffold,3,DB01618,val
scaffold,3,DB02187,val
scaffold,3,DB02703,val
scaffold,3,DB03756,val
scaffold,3,DB04552,val
scaffold,3,DB04575,val
scaffold,3,DB04842,val
scaffold,3,DB05239,val
scaffold,3,DB05265,val
scaffold,3,DB05266,val
scaffold,3,DB05812,val
scaffold,3,DB06145,val
scaffold,3,DB06152,val
scaffold,3,DB06201,val
scaffold,3,DB06213,val
scaffold,3,DB06237,val
scaffold,3,DB06414,val
scaffold,3,DB06589,val
scaffold,3,DB06603,val
scaffold,3,DB06626,val
scaffold,3,DB06699,val
scaffold,3,DB06710,val
scaffold,3,DB06715,val
scaffold,3,DB06730,val
scaffold,3,DB06736,val
scaffold,3,DB06766,val
scaffold,3,DB06789,val
scaffold,3,DB06803,val
scaffold,3,DB06810,val
scaffold,3,DB06813,val
scaffold,3,DB06816,val
scaffold,3,DB06825,val
scaffold,3,DB08796,val
scaffold,3,DB08798,val
scaffold,3,DB08807,val
scaffold,3,DB08819,val
scaffold,3,DB08822,val
scaffold,3,DB08826,val
scaffold,3,DB08869,val
scaffold,3,DB08871,val
scaffold,3,DB08895,val
scaffold,3,DB08897,val
scaffold,3,DB08908,val
scaffold,3,DB08941,val
scaffold,3,DB08958,val
scaffold,3,DB08984,val
scaffold,3,DB08991,val
scaffold,3,DB09008,val
scaffold,3,DB09039,val
scaffold,3,DB09040,val
scaffold,3,DB09053,val
scaffold,3,DB09090,val
scaffold,3,DB09091,val
scaffold,3,DB09094,val
scaffold,3,DB09117,val
scaffold,3,DB09125,val
scaffold,3,DB09130,val
scaffold,3,DB09216,val
scaffold,3,DB09218,val
scaffold,3,DB09230,val
scaffold,3,DB09238,val
scaffold,3,DB09256,val
scaffold,3,DB09273,val
scaffold,3,DB09275,val
scaffold,3,DB09283,val
scaffold,3,DB09286,val
scaffold,3,DB09295,val
scaffold,3,DB09321,val
scaffold,3,DB09323,val
scaffold,3,DB09389,val
scaffold,3,DB09462,val
scaffold,3,DB09488,val
scaffold,3,DB09561,val
scaffold,3,DB11106,val
scaffold,3,DB11574,val
scaffold,3,DB11586,val
scaffold,3,DB11737,val
scaffold,3,DB11921,val
scaffold,3,DB11994,val
scaffold,3,DB13158,val
scaffold,3,DB13179,val
scaffold,3,DB13595,val
scaffold,3,DB13878,val
scaffold,3,DB13879,val
scaffold,3,DB13925,val
scaffold,3,DB00014,test
scaffold,3,DB00104,test
scaffold,3,DB00142,test
scaffold,3,DB00165,test
scaffold,3,DB00178,test
scaffold,3,DB00199,test
scaffold,3,DB00214,test
scaffold,3,DB00228,test
scaffold,3,DB00234,test
scaffold,3,DB00245,test
scaffold,3,DB00246,test
scaffold,3,DB00250,test
scaffold,3,DB00252,test
scaffold,3,DB00254,test
scaffold,3,DB00256,test
scaffold,3,DB00262,test
scaffold,3,DB00275,test
scaffold,3,DB00282,test
scaffold,3,DB00284,test
scaffold,3,DB00296,test
scaffold,3,DB00305,test
scaffold,3,DB00315,test
scaffold,3,DB00317,test
scaffold,3,DB00321,test
scaffold,3,DB00328,test
scaffold,3,DB00340,test
scaffold,3,DB00341,test
scaffold,3,DB00343,test
scaffold,3,DB00351,test
scaffold,3,DB00359,test
scaffold,3,DB00381,test
scaffold,3,DB00393,test
scaffold,3,DB00398,test
scaffold,3,DB00400,test
scaffold,3,DB00401,test
scaffold,3,DB00413,test
scaffold,3,DB00417,test
scaffold,3,DB00429,test
scaffold,3,DB00435,test
scaffold,3,DB00444,test
scaffold,3,DB00453,test
scaffold,3,DB00456,test
scaffold,3,DB00486,test
scaffold,3,DB00493,test
scaffold,3,DB00496,test
scaffold,3,DB00517,test
scaffold,3,DB00531,test
scaffold,3,DB00535,test
scaffold,3,DB00539,test
scaffold,3,DB00540,test
scaffold,3,DB00544,test
scaffold,3,DB00550,test
scaffold,3,DB00555,test
scaffold,3,DB00557,test
scaffold,3,DB00559,test
scaffold,3,DB00560,test
scaffold,3,DB00591,test
scaffold,3,DB00595,test
scaffold,3,DB00599,test
scaffold,3,DB00604,test
scaffold,3,DB00606,test
scaffold,3,DB00609,test
scaffold,3,DB00614,test
scaffold,3,DB00615,test
scaffold,3,DB00618,test
scaffold,3,DB00619,test
scaffold,3,DB00621,test
scaffold,3,DB00627,test
scaffold,3,DB00646,test
scaffold,3,DB00653,test
scaffold,3,DB00656,test
scaffold,3,DB00671,test
scaffold,3,DB00675,test
scaffold,3,DB00695,test
scaffold,3,DB00710,test
scaffold,3,DB00728,test
scaffold,3,DB00736,test
scaffold,3,DB00759,test
scaffold,3,DB00791,test
scaffold,3,DB00796,test
scaffold,3,DB00797,test
scaffold,3,DB00799,test
scaffold,3,DB00805,test
scaffold,3,DB00808,test
scaffold,3,DB00814,test
scaffold,3,DB00830,test
scaffold,3,DB00849,test
scaffold,3,DB00876,test
scaffold,3,DB00880,test
scaffold,3,DB00882,test
scaffold,3,DB00883,test
scaffold,3,DB00884,test
scaffold,3,DB00889,test
scaffold,3,DB00919,test
scaffold,3,DB00921,test
scaffold,3,DB00934,test
scaffold,3,DB00935,test
scaffold,3,DB00944,test
scaffold,3,DB00950,test
scaffold,3,DB00951,test
scaffold,3,DB00962,test
scaffold,3,DB00979,test
scaffold,3,DB00980,test
scaffold,3,DB00991,test
scaffold,3,DB01002,test
scaffold,3,DB01008,test
scaffold,3,DB01017,test
scaffold,3,DB01020,test
scaffold,3,DB01023,test
scaffold,3,DB01024,test
scaffold,3,DB01047,test
scaffold,3,DB01054,test
scaffold,3,DB01057,test
scaffold,3,DB01071,test
scaffold,3,DB01074,test
scaffold,3,DB01082,test
scaffold,3,DB01085,test
scaffold,3,DB01093,test
scaffold,3,DB01107,test
scaffold,3,DB01115,test
scaffold,3,DB01119,test
scaffold,3,DB01128,test
scaffold,3,DB01135,test
scaffold,3,DB01154,test
scaffold,3,DB01160,test
scaffold,3,DB01166,test
scaffold,3,DB01174,test
scaffold,3,DB01176,test
scaffold,3,DB01180,test
scaffold,3,DB01181,test
scaffold,3,DB01188,test
scaffold,3,DB01201,test
scaffold,3,DB01211,test
scaffold,3,DB01218,test
scaffold,3,DB01220,test
scaffold,3,DB01224,test
scaffold,3,DB01229,test
scaffold,3,DB01249,test
scaffold,3,DB01291,test
scaffold,3,DB01320,test
scaffold,3,DB01329,test
scaffold,3,DB01332,test
scaffold,3,DB01333,test
scaffold,3,DB01345,test
scaffold,3,DB01349,test
scaffold,3,DB01356,test
scaffold,3,DB01367,test
scaffold,3,DB01378,test
scaffold,3,DB01416,test
scaffold,3,DB01423,test
scaffold,3,DB01429,test
scaffold,3,DB01463,test
scaffold,3,DB01581,test
scaffold,3,DB01582,test
scaffold,3,DB01592,test
scaffold,3,DB01598,test
scaffold,3,DB01601,test
scaffold,3,DB01606,test
scaffold,3,DB01608,test
scaffold,3,DB01621,test
scaffold,3,DB01656,test
scaffold,3,DB01764,test
scaffold,3,DB02701,test
scaffold,3,DB04339,test
scaffold,3,DB04570,test
scaffold,3,DB04794,test
scaffold,3,DB04840,test
scaffold,3,DB04894,test
scaffold,3,DB04920,test
scaffold,3,DB04938,test
scaffold,3,DB05260,test
scaffold,3,DB05630,test
scaffold,3,DB06147,test
scaffold,3,DB06154,test
scaffold,3,DB06202,test
scaffold,3,DB06203,test
scaffold,3,DB06268,test
scaffold,3,DB06282,test
scaffold,3,DB06637,test
scaffold,3,DB06689,test
scaffold,3,DB06694,test
scaffold,3,DB06698,test
scaffold,3,DB06712,test
scaffold,3,DB06724,test
scaffold,3,DB06739,test
scaffold,3,DB06742,test
scaffold,3,DB06764,test
scaffold,3,DB06792,test
scaffold,3,DB06800,test
scaffold,3,DB06826,test
scaffold,3,DB08799,test
scaffold,3,DB08801,test
scaffold,3,DB08860,test
scaffold,3,DB08887,test
scaffold,3,DB08896,test
scaffold,3,DB08899,test
scaffold,3,DB08903,test
scaffold,3,DB08913,test
scaffold,3,DB08930,test
scaffold,3,DB08983,test
scaffold,3,DB08994,test
scaffold,3,DB08996,test
scaffold,3,DB09009,test
scaffold,3,DB09015,test
scaffold,3,DB09017,test
scaffold,3,DB09021,test
scaffold,3,DB09041,test
scaffold,3,DB09049,test
scaffold,3,DB09060,test
scaffold,3,DB09071,test
scaffold,3,DB09076,test
scaffold,3,DB09078,test
scaffold,3,DB09079,test
scaffold,3,DB09093,test
scaffold,3,DB09124,test
scaffold,3,DB09138,test
scaffold,3,DB09154,test
scaffold,3,DB09166,test
scaffold,3,DB09220,test
scaffold,3,DB09223,test
scaffold,3,DB09236,test
scaffold,3,DB09262,test
scaffold,3,DB09267,test
scaffold,3,DB09280,test
scaffold,3,DB09282,test
scaffold,3,DB09322,test
scaffold,3,DB11135,test
scaffold,3,DB11362,test
scaffold,3,DB11613,test
scaffold,3,DB11730,test
scaffold,3,DB11793,test
scaffold,3,DB11828,test
scaffold,3,DB12267,test
scaffold,3,DB13450,test
scaffold,3,DB13783,test
scaffold,4,DB00006,train
scaffold,4,DB00014,train
scaffold,4,DB00027,train
scaffold,4,DB00080,train
scaffold,4,DB00091,train
scaffold,4,DB00115,train
scaffold,4,DB00122,train
scaffold,4,DB00130,train
scaffold,4,DB00134,train
scaffold,4,DB00136,train
scaffold,4,DB00140,train
scaffold,4,DB00142,train
scaffold,4,DB00146,train
scaffold,4,DB00150,train
scaffold,4,DB00152,train
scaffold,4,DB00153,train
scaffold,4,DB00158,train
scaffold,4,DB00162,train
scaffold,4,DB00165,train
scaffold,4,DB00166,train
scaffold,4,DB00169,train
scaffold,4,DB00170,train
scaffold,4,DB00178,train
scaffold,4,DB00179,train
scaffold,4,DB00180,train
scaffold,4,DB00184,train
scaffold,4,DB00188,train
scaffold,4,DB00189,train
scaffold,4,DB00195,train
scaffold,4,DB00196,train
scaffold,4,DB00198,train
scaffold,4,DB00203,train
scaffold,4,DB00205,train
scaffold,4,DB00206,train
scaffold,4,DB00207,train
scaffold,4,DB00208,train
scaffold,4,DB00209,train
scaffold,4,DB00210,train
scaffold,4,DB00212,train
scaffold,4,DB00213,train
scaffold,4,DB00214,train
scaffold,4,DB00215,train
scaffold,4,DB00216,train
scaffold,4,DB00218,train
scaffold,4,DB00219,train
scaffold,4,DB00220,train
scaffold,4,DB00222,train
scaffold,4,DB00227,train
scaffold,4,DB00229,train
scaffold,4,DB00230,train
scaffold,4,DB00234,train
scaffold,4,DB00235,train
scaffold,4,DB00238,train
scaffold,4,DB00239,train
scaffold,4,DB00240,train
scaffold,4,DB00242,train
scaffold,4,DB00243,train
scaffold,4,DB00246,train
scaffold,4,DB00248,train
scaffold,4,DB00250,train
scaffold,4,DB00251,train
scaffold,4,DB00252,train
scaffold,4,DB00253,train
scaffold,4,DB00255,train
scaffold,4,DB00257,train
scaffold,4,DB00258,train
scaffold,4,DB00260,train
scaffold,4,DB00261,train
scaffold,4,DB00263,train
scaffold,4,DB00266,train
scaffold,4,DB00267,train
scaffold,4,DB00270,train
scaffold,4,DB00274,train
scaffold,4,DB00276,train
scaffold,4,DB00279,train
scaffold,4,DB00280,train
scaffold,4,DB00282,train
scaffold,4,DB00283,train
scaffold,4,DB00284,train
scaffold,4,DB00285,train
scaffold,4,DB00287,train
scaffold,4,DB00289,train
scaffold,4,DB00290,train
scaffold,4,DB00292,train
scaffold,4,DB00293,train
scaffold,4,DB00297,train
scaffold,4,DB00298,train
scaffold,4,DB00302,train
scaffold,4,DB00303,train
scaffold,4,DB00305,train
scaffold,4,DB00307,train
scaffold,4,DB00309,train
scaffold,4,DB00310,train
scaffold,4,DB00313,train
scaffold,4,DB00314,train
scaffold,4,DB00315,train
scaffold,4,DB00317,train
scaffold,4,DB00320,train
scaffold,4,DB00321,train
scaffold,4,DB00322,train
scaffold,4,DB00323,train
scaffold,4,DB00325,train
scaffold,4,DB00326,train
scaffold,4,DB00327,train
scaffold,4,DB00328,train
scaffold,4,DB00330,train
scaffold,4,DB00331,train
scaffold,4,DB00332,train
scaffold,4,DB00336,train
scaffold,4,DB00337,train
scaffold,4,DB00338,train
scaffold,4,DB00339,train
scaffold,4,DB00340,train
scaffold,4,DB00341,train
scaffold,4,DB00343,train
scaffold,4,DB00344,train
scaffold,4,DB00351,train
scaffold,4,DB00352,train
scaffold,4,DB00354,train
scaffold,4,DB00355,train
scaffold,4,DB00356,train
scaffold,4,DB00357,train
scaffold,4,DB00358,train
scaffold,4,DB00359,train
scaffold,4,DB00360,train
scaffold,4,DB00361,train
scaffold,4,DB00364,train
scaffold,4,DB00366,train
scaffold,4,DB00367,train
scaffold,4,DB00369,train
scaffold,4,DB00370,train
scaffold,4,DB00378,train
scaffold,4,DB00380,train
scaffold,4,DB00381,train
scaffold,4,DB00387,train
scaffold,4,DB00389,train
scaffold,4,DB00390,train
scaffold,4,DB00391,train
scaffold,4,DB00393,train
scaffold,4,DB00395,train
scaffold,4,DB00396,train
scaffold,4,DB00398,train
scaffold,4,DB00399,train
scaffold,4,DB00400,train
scaffold,4,DB00401,train
scaffold,4,DB00402,train
scaffold,4,DB00404,train
scaffold,4,DB00405,train
scaffold,4,DB00409,train
scaffold,4,DB00410,train
scaffold,4,DB00411,train
scaffold,4,DB00413,train
scaffold,4,DB00415,train
scaffold,4,DB00424,train
scaffold,4,DB00425,train
scaffold,4,DB00427,train
scaffold,4,DB00428,train
scaffold,4,DB00429,train
scaffold,4,DB00432,train
scaffold,4,DB00433,train
scaffold,4,DB00434,train
scaffold,4,DB00435,train
scaffold,4,DB00441,train
scaffold,4,DB00442,train
scaffold,4,DB00444,train
scaffold,4,DB00448,train
scaffold,4,DB00450,train
scaffold,4,DB00451,train
scaffold,4,DB00452,train
scaffold,4,DB00454,train
scaffold,4,DB00455,train
scaffold,4,DB00458,train
scaffold,4,DB00461,train
scaffold,4,DB00462,train
scaffold,4,DB00465,train
scaffold,4,DB00467,train
scaffold,4,DB00469,train
scaffold,4,DB00470,train
scaffold,4,DB00471,train
scaffold,4,DB00472,train
scaffold,4,DB00475,train
scaffold,4,DB00480,train
scaffold,4,DB00481,train
scaffold,4,DB00484,train
scaffold,4,DB00486,train
scaffold,4,DB00487,train
scaffold,4,DB00488,train
scaffold,4,DB00490,train
scaffold,4,DB00492,train
scaffold,4,DB00493,train
scaffold,4,DB00495,train
scaffold,4,DB00496,train
scaffold,4,DB00497,train
scaffold,4,DB00498,train
scaffold,4,DB00501,train
scaffold,4,DB00503,train
scaffold,4,DB00504,train
scaffold,4,DB00511,train
scaffold,4,DB00512,train
scaffold,4,DB00514,train
scaffold,4,DB00515,train
scaffold,4,DB00517,train
scaffold,4,DB00518,train
scaffold,4,DB00520,train
scaffold,4,DB00521,train
scaffold,4,DB00523,train
scaffold,4,DB00524,train
scaffold,4,DB00526,train
scaffold,4,DB00527,train
scaffold,4,DB00529,train
scaffold,4,DB00530,train
scaffold,4,DB00531,train
scaffold,4,DB00535,train
scaffold,4,DB00537,train
scaffold,4,DB00539,train
scaffold,4,DB00540,train
scaffold,4,DB00541,train
scaffold,4,DB00546,train
scaffold,4,DB00548,train
scaffold,4,DB00549,train
scaffold,4,DB00551,train
scaffold,4,DB00552,train
scaffold,4,DB00555,train
scaffold,4,DB00557,train
scaffold,4,DB00562,train
scaffold,4,DB00563,train
scaffold,4,DB00564,train
scaffold,4,DB00565,train
scaffold,4,DB00567,train
scaffold,4,DB00570,train
scaffold,4,DB00571,train
scaffold,4,DB00572,train
scaffold,4,DB00573,train
scaffold,4,DB00575,train
scaffold,4,DB00576,train
scaffold,4,DB00577,train
scaffold,4,DB00578,train
scaffold,4,DB00582,train
scaffold,4,DB00584,train
scaffold,4,DB00585,train
scaffold,4,DB00586,train
scaffold,4,DB00590,train
scaffold,4,DB00591,train
scaffold,4,DB00593,train
scaffold,4,DB00594,train
scaffold,4,DB00598,train
scaffold,4,DB00599,train
scaffold,4,DB00601,train
scaffold,4,DB00602,train
scaffold,4,DB00603,train
scaffold,4,DB00604,train
scaffold,4,DB00605,train
scaffold,4,DB00606,train
scaffold,4,DB00607,train
scaffold,4,DB00608,train
scaffold,4,DB00609,train
scaffold,4,DB00614,train
scaffold,4,DB00622,train
scaffold,4,DB00623,train
scaffold,4,DB00624,train
scaffold,4,DB00626,train
scaffold,4,DB00627,train
scaffold,4,DB00631,train
scaffold,4,DB00633,train
scaffold,4,DB00635,train
scaffold,4,DB00639,train
scaffold,4,DB00640,train
scaffold,4,DB00641,train
scaffold,4,DB00642,train
scaffold,4,DB00645,train
scaffold,4,DB00647,train
scaffold,4,DB00650,train
scaffold,4,DB00652,train
scaffold,4,DB00653,train
scaffold,4,DB00654,train
scaffold,4,DB00656,train
scaffold,4,DB00657,train
scaffold,4,DB00660,train
scaffold,4,DB00661,train
scaffold,4,DB00664,train
scaffold,4,DB00666,train
scaffold,4,DB00669,train
scaffold,4,DB00670,train
scaffold,4,DB00671,train
scaffold,4,DB00673,train
scaffold,4,DB00674,train
scaffold,4,DB00675,train
scaffold,4,DB00679,train
scaffold,4,DB00682,train
scaffold,4,DB00687,train
scaffold,4,DB00688,train
scaffold,4,DB00689,train
scaffold,4,DB00691,train
scaffold,4,DB00692,train
scaffold,4,DB00697,train
scaffold,4,DB00698,train
scaffold,4,DB00699,train
scaffold,4,DB00700,train
scaffold,4,DB00703,train
scaffold,4,DB00704,train
scaffold,4,DB00705,train
scaffold,4,DB00708,train
scaffold,4,DB00709,train
scaffold,4,DB00710,train
scaffold,4,DB00712,train
scaffold,4,DB00717,train
scaffold,4,DB00719,train
scaffold,4,DB00720,train
scaffold,4,DB00722,train
scaffold,4,DB00724,train
scaffold,4,DB00726,train
scaffold,4,DB00727,train
scaffold,4,DB00730,train
scaffold,4,DB00732,train
scaffold,4,DB00735,train
scaffold,4,DB00736,train
scaffold,4,DB00737,train
scaffold,4,DB00738,train
scaffold,4,DB00740,train
scaffold,4,DB00741,train
scaffold,4,DB00742,train
scaffold,4,DB00744,train
scaffold,4,DB00746,train
scaffold,4,DB00748,train
scaffold,4,DB00751,train
scaffold,4,DB00753,train
scaffold,4,DB00755,train
scaffold,4,DB00758,train
scaffold,4,DB00760,train
scaffold,4,DB00762,train
scaffold,4,DB00763,train
scaffold,4,DB00769,train
scaffold,4,DB00770,train
scaffold,4,DB00773,train
scaffold,4,DB00775,train
scaffold,4,DB00776,train
scaffold,4,DB00779,train
scaffold,4,DB00782,train
scaffold,4,DB00783,train
scaffold,4,DB00784,train
scaffold,4,DB00787,train
scaffold,4,DB00788,train
scaffold,4,DB00792,train
scaffold,4,DB00794,train
scaffold,4,DB00795,train
scaffold,4,DB00796,train
scaffold,4,DB00797,train
scaffold,4,DB00798,train
scaffold,4,DB00802,train
scaffold,4,DB00803,train
scaffold,4,DB00804,train
scaffold,4,DB00808,train
scaffold,4,DB00809,train
scaffold,4,DB00810,train
scaffold,4,DB00811,train
scaffold,4,DB00812,train
scaffold,4,DB00814,train
scaffold,4,DB00817,train
scaffold,4,DB00819,train
scaffold,4,DB00820,train
scaffold,4,DB00821,train
scaffold,4,DB00822,train
scaffold,4,DB00823,train
scaffold,4,DB00826,train
scaffold,4,DB00827,train
scaffold,4,DB00830,train
scaffold,4,DB00831,train
scaffold,4,DB00832,train
scaffold,4,DB00833,train
scaffold,4,DB00834,train
scaffold,4,DB00835,train
scaffold,4,DB00836,train
scaffold,4,DB00837,train
scaffold,4,DB00841,train
scaffold,4,DB00843,train
scaffold,4,DB00844,train
scaffold,4,DB00845,train
scaffold,4,DB00850,train
scaffold,4,DB00851,train
scaffold,4,DB00854,train
scaffold,4,DB00855,train
scaffold,4,DB00857,train
scaffold,4,DB00860,train
scaffold,4,DB00861,train
scaffold,4,DB00862,train
scaffold,4,DB00863,train
scaffold,4,DB00864,train
scaffold,4,DB00865,train
scaffold,4,DB00867,train
scaffold,4,DB00869,train
scaffold,4,DB00870,train
scaffold,4,DB00872,train
scaffold,4,DB00873,train
scaffold,4,DB00875,train
scaffold,4,DB00876,train
scaffold,4,DB00877,train
scaffold,4,DB00879,train
scaffold,4,DB00881,train
scaffold,4,DB00882,train
scaffold,4,DB00884,train
scaffold,4,DB00887,train
scaffold,4,DB00888,train
scaffold,4,DB00889,train
scaffold,4,DB00890,train
scaffold,4,DB00894,train
scaffold,4,DB00896,train
scaffold,4,DB00897,train
scaffold,4,DB00898,train
scaffold,4,DB00904,train
scaffold,4,DB00907,train
scaffold,4,DB00908,train
scaffold,4,DB00909,train
scaffold,4,DB00910,train
scaffold,4,DB00911,train
scaffold,4,DB00912,train
scaffold,4,DB00916,train
scaffold,4,DB00917,train
scaffold,4,DB00918,train
scaffold,4,DB00919,train
scaffold,4,DB00920,train
scaffold,4,DB00921,train
scaffold,4,DB00922,train
scaffold,4,DB00923,train
scaffold,4,DB00924,train
scaffold,4,DB00927,train
scaffold,4,DB00928,train
scaffold,4,DB00929,train
scaffold,4,DB00932,train
scaffold,4,DB00933,train
scaffold,4,DB00934,train
scaffold,4,DB00935,train
scaffold,4,DB00938,train
scaffold,4,DB00939,train
scaffold,4,DB00940,train
scaffold,4,DB00943,train
scaffold,4,DB00944,train
scaffold,4,DB00946,train
scaffold,4,DB00947,train
scaffold,4,DB00948,train
scaffold,4,DB00950,train
scaffold,4,DB00951,train
scaffold,4,DB00952,train
scaffold,4,DB00953,train
scaffold,4,DB00954,train
scaffold,4,DB00956,train
scaffold,4,DB00958,train
scaffold,4,DB00959,train
scaffold,4,DB00960,train
scaffold,4,DB00961,train
scaffold,4,DB00962,train
scaffold,4,DB00963,train
scaffold,4,DB00964,train
scaffold,4,DB00966,train
scaffold,4,DB00967,train
scaffold,4,DB00969,train
scaffold,4,DB00970,train
scaffold,4,DB00973,train
scaffold,4,DB00976,train
scaffold,4,DB00977,train
scaffold,4,DB00978,train
scaffold,4,DB00979,train
scaffold,4,DB00982,train
scaffold,4,DB00983,train
scaffold,4,DB00985,train
scaffold,4,DB00986,train
scaffold,4,DB00987,train
scaffold,4,DB00990,train
scaffold,4,DB00996,train
scaffold,4,DB00998,train
scaffold,4,DB01000,train
scaffold,4,DB01004,train
scaffold,4,DB01005,train
scaffold,4,DB01006,train
scaffold,4,DB01008,train
scaffold,4,DB01009,train
scaffold,4,DB01011,train
scaffold,4,DB01012,train
scaffold,4,DB01014,train
scaffold,4,DB01015,train
scaffold,4,DB01016,train
scaffold,4,DB01019,train
scaffold,4,DB01022,train
scaffold,4,DB01023,train
scaffold,4,DB01024,train
scaffold,4,DB01026,train
scaffold,4,DB01028,train
scaffold,4,DB01029,train
scaffold,4,DB01030,train
scaffold,4,DB01033,train
scaffold,4,DB01039,train
scaffold,4,DB01041,train
scaffold,4,DB01044,train
scaffold,4,DB01045,train
scaffold,4,DB01046,train
scaffold,4,DB01047,train
scaffold,4,DB01048,train
scaffold,4,DB01053,train
scaffold,4,DB01054,train
scaffold,4,DB01057,train
scaffold,4,DB01058,train
scaffold,4,DB01059,train
scaffold,4,DB01060,train
scaffold,4,DB01061,train
scaffold,4,DB01062,train
scaffold,4,DB01063,train
scaffold,4,DB01065,train
scaffold,4,DB01066,train
scaffold,4,DB01067,train
scaffold,4,DB01070,train
scaffold,4,DB01071,train
scaffold,4,DB01072,train
scaffold,4,DB01073,train
scaffold,4,DB01077,train
scaffold,4,DB01078,train
scaffold,4,DB01080,train
scaffold,4,DB01081,train
scaffold,4,DB01082,train
scaffold,4,DB01083,train
scaffold,4,DB01084,train
scaffold,4,DB01085,train
scaffold,4,DB01087,train
scaffold,4,DB01088,train
scaffold,4,DB01089,train
scaffold,4,DB01090,train
scaffold,4,DB01091,train
scaffold,4,DB01092,train
scaffold,4,DB01093,train
scaffold,4,DB01096,train
scaffold,4,DB01097,train
scaffold,4,DB01099,train
scaffold,4,DB01101,train
scaffold,4,DB01102,train
scaffold,4,DB01103,train
scaffold,4,DB01104,train
scaffold,4,DB01106,train
scaffold,4,DB01107,train
scaffold,4,DB01110,train
scaffold,4,DB01111,train
scaffold,4,DB01112,train
scaffold,4,DB01114,train
scaffold,4,DB01115,train
scaffold,4,DB01116,train
scaffold,4,DB01117,train
scaffold,4,DB01120,train
scaffold,4,DB01127,train
scaffold,4,DB01128,train
scaffold,4,DB01129,train
scaffold,4,DB01130,train
scaffold,4,DB01135,train
scaffold,4,DB01138,train
scaffold,4,DB01139,train
scaffold,4,DB01140,train
scaffold,4,DB01141,train
scaffold,4,DB01143,train
scaffold,4,DB01149,train
scaffold,4,DB01150,train
scaffold,4,DB01151,train
scaffold,4,DB01154,train
scaffold,4,DB01155,train
scaffold,4,DB01157,train
scaffold,4,DB01159,train
scaffold,4,DB01160,train
scaffold,4,DB01166,train
scaffold,4,DB01169,train
scaffold,4,DB01170,train
scaffold,4,DB01175,train
scaffold,4,DB01176,train
scaffold,4,DB01178,train
scaffold,4,DB01179,train
scaffold,4,DB01180,train
scaffold,4,DB01181,train
scaffold,4,DB01182,train
scaffold,4,DB01183,train
scaffold,4,DB01184,train
scaffold,4,DB01185,train
scaffold,4,DB01186,train
scaffold,4,DB01188,train
scaffold,4,DB01190,train
scaffold,4,DB01192,train
scaffold,4,DB01194,train
scaffold,4,DB01196,train
scaffold,4,DB01197,train
scaffold,4,DB01198,train
scaffold,4,DB01202,train
scaffold,4,DB01203,train
scaffold,4,DB01204,train
scaffold,4,DB01205,train
scaffold,4,DB01206,train
scaffold,4,DB01207,train
scaffold,4,DB01208,train
scaffold,4,DB01212,train
scaffold,4,DB01213,train
scaffold,4,DB01215,train
scaffold,4,DB01216,train
scaffold,4,DB01217,train
scaffold,4,DB01218,train
scaffold,4,DB01219,train
scaffold,4,DB01220,train
scaffold,4,DB01222,train
scaffold,4,DB01223,train
scaffold,4,DB01226,train
scaffold,4,DB01228,train
scaffold,4,DB01232,train
scaffold,4,DB01239,train
scaffold,4,DB01242,train
scaffold,4,DB01243,train
scaffold,4,DB01244,train
scaffold,4,DB01248,train
scaffold,4,DB01249,train
scaffold,4,DB01250,train
scaffold,4,DB01252,train
scaffold,4,DB01254,train
scaffold,4,DB01259,train
scaffold,4,DB01260,train
scaffold,4,DB01261,train
scaffold,4,DB01262,train
scaffold,4,DB01264,train
scaffold,4,DB01268,train
scaffold,4,DB01273,train
scaffold,4,DB01274,train
scaffold,4,DB01280,train
scaffold,4,DB01283,train
scaffold,4,DB01284,train
scaffold,4,DB01288,train
scaffold,4,DB01289,train
scaffold,4,DB01291,train
scaffold,4,DB01294,train
scaffold,4,DB01295,train
scaffold,4,DB01296,train
scaffold,4,DB01298,train
scaffold,4,DB01299,train
scaffold,4,DB01303,train
scaffold,4,DB01320,train
scaffold,4,DB01321,train
scaffold,4,DB01325,train
scaffold,4,DB01326,train
scaffold,4,DB01328,train
scaffold,4,DB01329,train
scaffold,4,DB01332,train
scaffold,4,DB01333,train
scaffold,4,DB01336,train
scaffold,4,DB01337,train
scaffold,4,DB01338,train
scaffold,4,DB01339,train
scaffold,4,DB01340,train
scaffold,4,DB01345,train
scaffold,4,DB01348,train
scaffold,4,DB01349,train
scaffold,4,DB01355,train
scaffold,4,DB01356,train
scaffold,4,DB01357,train
scaffold,4,DB01366,train
scaffold,4,DB01367,train
scaffold,4,DB01369,train
scaffold,4,DB01370,train
scaffold,4,DB01377,train
scaffold,4,DB01378,train
scaffold,4,DB01380,train
scaffold,4,DB01384,train
scaffold,4,DB01392,train
scaffold,4,DB01394,train
scaffold,4,DB01395,train
scaffold,4,DB01396,train
scaffold,4,DB01399,train
scaffold,4,DB01406,train
scaffold,4,DB01409,train
scaffold,4,DB01411,train
scaffold,4,DB01413,train
scaffold,4,DB01414,train
scaffold,4,DB01415,train
scaffold,4,DB01416,train
scaffold,4,DB01418,train
scaffold,4,DB01420,train
scaffold,4,DB01421,train
scaffold,4,DB01422,train
scaffold,4,DB01423,train
scaffold,4,DB01426,train
scaffold,4,DB01427,train
scaffold,4,DB01429,train
scaffold,4,DB01431,train
scaffold,4,DB01436,train
scaffold,4,DB01437,train
scaffold,4,DB01440,train
scaffold,4,DB01463,train
scaffold,4,DB01501,train
scaffold,4,DB01551,train
scaffold,4,DB01553,train
scaffold,4,DB01558,train
scaffold,4,DB01559,train
scaffold,4,DB01563,train
scaffold,4,DB01575,train
scaffold,4,DB01581,train
scaffold,4,DB01582,train
scaffold,4,DB01583,train
scaffold,4,DB01586,train
scaffold,4,DB01588,train
scaffold,4,DB01589,train
scaffold,4,DB01590,train
scaffold,4,DB01591,train
scaffold,4,DB01592,train
scaffold,4,DB01597,train
scaffold,4,DB01598,train
scaffold,4,DB01599,train
scaffold,4,DB01600,train
scaffold,4,DB01601,train
scaffold,4,DB01602,train
scaffold,4,DB01604,train
scaffold,4,DB01606,train
scaffold,4,DB01608,train
scaffold,4,DB01610,train
scaffold,4,DB01611,train
scaffold,4,DB01612,train
scaffold,4,DB01613,train
scaffold,4,DB01618,train
scaffold,4,DB01619,train
scaffold,4,DB01620,train
scaffold,4,DB01621,train
scaffold,4,DB01622,train
scaffold,4,DB01623,train
scaffold,4,DB01624,train
scaffold,4,DB01627,train
scaffold,4,DB01628,train
scaffold,4,DB01656,train
scaffold,4,DB01685,train
scaffold,4,DB01708,train
scaffold,4,DB01878,train
scaffold,4,DB02187,train
scaffold,4,DB02300,train
scaffold,4,DB02659,train
scaffold,4,DB02701,train
scaffold,4,DB02959,train
scaffold,4,DB03128,train
scaffold,4,DB03585,train
scaffold,4,DB03615,train
scaffold,4,DB03619,train
scaffold,4,DB03754,train
scaffold,4,DB03756,train
scaffold,4,DB03796,train
scaffold,4,DB04272,train
scaffold,4,DB04339,train
scaffold,4,DB04398,train
scaffold,4,DB04572,train
scaffold,4,DB04573,train
scaffold,4,DB04575,train
scaffold,4,DB04576,train
scaffold,4,DB04743,train
scaffold,4,DB04786,train
scaffold,4,DB04794,train
scaffold,4,DB04835,train
scaffold,4,DB04839,train
scaffold,4,DB04840,train
scaffold,4,DB04841,train
scaffold,4,DB04842,train
scaffold,4,DB04854,train
scaffold,4,DB04861,train
scaffold,4,DB04868,train
scaffold,4,DB04871,train
scaffold,4,DB04878,train
scaffold,4,DB04894,train
scaffold,4,DB04898,train
scaffold,4,DB04908,train
scaffold,4,DB04911,train
scaffold,4,DB04918,train
scaffold,4,DB04920,train
scaffold,4,DB04930,train
scaffold,4,DB04938,train
scaffold,4,DB04948,train
scaffold,4,DB04967,train
scaffold,4,DB05039,train
scaffold,4,DB05109,train
scaffold,4,DB05219,train
scaffold,4,DB05239,train
scaffold,4,DB05246,train
scaffold,4,DB05260,train
scaffold,4,DB05265,train
scaffold,4,DB05266,train
scaffold,4,DB05294,train
scaffold,4,DB05316,train
scaffold,4,DB05381,train
scaffold,4,DB05541,train
scaffold,4,DB05676,train
scaffold,4,DB05812,train
scaffold,4,DB05990,train
scaffold,4,DB06016,train
scaffold,4,DB06147,train
scaffold,4,DB06148,train
scaffold,4,DB06150,train
scaffold,4,DB06152,train
scaffold,4,DB06154,train
scaffold,4,DB06155,train
scaffold,4,DB06176,train
scaffold,4,DB06193,train
scaffold,4,DB06196,train
scaffold,4,DB06201,train
scaffold,4,DB06202,train
scaffold,4,DB06206,train
scaffold,4,DB06207,train
scaffold,4,DB06209,train
scaffold,4,DB06210,train
scaffold,4,DB06211,train
scaffold,4,DB06213,train
scaffold,4,DB06216,train
scaffold,4,DB06217,train
scaffold,4,DB06237,train
scaffold,4,DB06261,train
scaffold,4,DB06264,train
scaffold,4,DB06267,train
scaffold,4,DB06268,train
scaffold,4,DB06274,train
scaffold,4,DB06282,train
scaffold,4,DB06287,train
scaffold,4,DB06288,train
scaffold,4,DB06290,train
scaffold,4,DB06292,train
scaffold,4,DB06335,train
scaffold,4,DB06401,train
scaffold,4,DB06402,train
scaffold,4,DB06403,train
scaffold,4,DB06410,train
scaffold,4,DB06412,train
scaffold,4,DB06414,train
scaffold,4,DB06441,train
scaffold,4,DB06589,train
scaffold,4,DB06594,train
scaffold,4,DB06595,train
scaffold,4,DB06603,train
scaffold,4,DB06616,train
scaffold,4,DB06626,train
scaffold,4,DB06636,train
scaffold,4,DB06637,train
scaffold,4,DB06654,train
scaffold,4,DB06663,train
scaffold,4,DB06684,train
scaffold,4,DB06689,train
scaffold,4,DB06690,train
scaffold,4,DB06691,train
scaffold,4,DB06694,train
scaffold,4,DB06695,train
scaffold,4,DB06697,train
scaffold,4,DB06698,train
scaffold,4,DB06699,train
scaffold,4,DB06700,train
scaffold,4,DB06708,train
scaffold,4,DB06710,train
scaffold,4,DB06711,train
scaffold,4,DB06712,train
scaffold,4,DB06715,train
scaffold,4,DB06717,train
scaffold,4,DB06718,train
scaffold,4,DB06724,train
scaffold,4,DB06725,train
scaffold,4,DB06729,train
scaffold,4,DB06730,train
scaffold,4,DB06736,train
scaffold,4,DB06738,train
scaffold,4,DB06742,train
scaffold,4,DB06766,train
scaffold,4,DB06767,train
scaffold,4,DB06769,train
scaffold,4,DB06771,train
scaffold,4,DB06772,train
scaffold,4,DB06777,train
scaffold,4,DB06786,train
scaffold,4,DB06788,train
scaffold,4,DB06789,train
scaffold,4,DB06791,train
scaffold,4,DB06799,train
scaffold,4,DB06802,train
scaffold,4,DB06803,train
scaffold,4,DB06813,train
scaffold,4,DB06817,train
scaffold,4,DB06820,train
scaffold,4,DB06824,train
scaffold,4,DB06826,train
scaffold,4,DB07615,train
scaffold,4,DB08795,train
scaffold,4,DB08799,train
scaffold,4,DB08800,train
scaffold,4,DB08801,train
scaffold,4,DB08804,train
scaffold,4,DB08807,train
scaffold,4,DB08811,train
scaffold,4,DB08816,train
scaffold,4,DB08819,train
scaffold,4,DB08822,train
scaffold,4,DB08824,train
scaffold,4,DB08827,train
scaffold,4,DB08860,train
scaffold,4,DB08864,train
scaffold,4,DB08867,train
scaffold,4,DB08869,train
scaffold,4,DB08871,train
scaffold,4,DB08872,train
scaffold,4,DB08873,train
scaffold,4,DB08874,train
scaffold,4,DB08882,train
scaffold,4,DB08887,train
scaffold,4,DB08895,train
scaffold,4,DB08896,train
scaffold,4,DB08897,train
scaffold,4,DB08901,train
scaffold,4,DB08906,train
scaffold,4,DB08907,train
scaffold,4,DB08909,train
scaffold,4,DB08910,train
scaffold,4,DB08911,train
scaffold,4,DB08913,train
scaffold,4,DB08922,train
scaffold,4,DB08930,train
scaffold,4,DB08931,train
scaffold,4,DB08932,train
scaffold,4,DB08933,train
scaffold,4,DB08938,train
scaffold,4,DB08943,train
scaffold,4,DB08954,train
scaffold,4,DB08957,train
scaffold,4,DB08964,train
scaffold,4,DB08970,train
scaffold,4,DB08971,train
scaffold,4,DB08974,train
scaffold,4,DB08981,train
scaffold,4,DB08984,train
scaffold,4,DB08991,train
scaffold,4,DB08992,train
scaffold,4,DB08993,train
scaffold,4,DB09008,train
scaffold,4,DB09009,train
scaffold,4,DB09015,train
scaffold,4,DB09017,train
scaffold,4,DB09020,train
scaffold,4,DB09021,train
scaffold,4,DB09027,train
scaffold,4,DB09030,train
scaffold,4,DB09034,train
scaffold,4,DB09038,train
scaffold,4,DB09039,train
scaffold,4,DB09040,train
scaffold,4,DB09041,train
scaffold,4,DB09042,train
scaffold,4,DB09047,train
scaffold,4,DB09049,train
scaffold,4,DB09053,train
scaffold,4,DB09060,train
scaffold,4,DB09063,train
scaffold,4,DB09067,train
scaffold,4,DB09069,train
scaffold,4,DB09070,train
scaffold,4,DB09072,train
scaffold,4,DB09073,train
scaffold,4,DB09074,train
scaffold,4,DB09075,train
scaffold,4,DB09076,train
scaffold,4,DB09078,train
scaffold,4,DB09079,train
scaffold,4,DB09082,train
scaffold,4,DB09083,train
scaffold,4,DB09084,train
scaffold,4,DB09087,train
scaffold,4,DB09090,train
scaffold,4,DB09091,train
scaffold,4,DB09094,train
scaffold,4,DB09096,train
scaffold,4,DB09097,train
scaffold,4,DB09099,train
scaffold,4,DB09101,train
scaffold,4,DB09102,train
scaffold,4,DB09104,train
scaffold,4,DB09112,train
scaffold,4,DB09117,train
scaffold,4,DB09118,train
scaffold,4,DB09119,train
scaffold,4,DB09123,train
scaffold,4,DB09124,train
scaffold,4,DB09125,train
scaffold,4,DB09128,train
scaffold,4,DB09138,train
scaffold,4,DB09146,train
scaffold,4,DB09147,train
scaffold,4,DB09153,train
scaffold,4,DB09154,train
scaffold,4,DB09162,train
scaffold,4,DB09166,train
scaffold,4,DB09167,train
scaffold,4,DB09183,train
scaffold,4,DB09185,train
scaffold,4,DB09204,train
scaffold,4,DB09209,train
scaffold,4,DB09210,train
scaffold,4,DB09211,train
scaffold,4,DB09214,train
scaffold,4,DB09215,train
scaffold,4,DB09216,train
scaffold,4,DB09220,train
scaffold,4,DB09223,train
scaffold,4,DB09224,train
scaffold,4,DB09227,train
scaffold,4,DB09230,train
scaffold,4,DB09231,train
scaffold,4,DB09232,train
scaffold,4,DB09235,train
scaffold,4,DB09236,train
scaffold,4,DB09238,train
scaffold,4,DB09241,train
scaffold,4,DB09242,train
scaffold,4,DB09256,train
scaffold,4,DB09262,train
scaffold,4,DB09265,train
scaffold,4,DB09267,train
scaffold,4,DB09268,train
scaffold,4,DB09274,train
scaffold,4,DB09278,train
scaffold,4,DB09280,train
scaffold,4,DB09281,train
scaffold,4,DB09285,train
scaffold,4,DB09286,train
scaffold,4,DB09289,train
scaffold,4,DB09290,train
scaffold,4,DB09292,train
scaffold,4,DB09296,train
scaffold,4,DB09297,train
scaffold,4,DB09320,train
scaffold,4,DB09322,train
scaffold,4,DB09323,train
scaffold,4,DB09330,train
scaffold,4,DB09345,train
scaffold,4,DB09389,train
scaffold,4,DB09414,train
scaffold,4,DB09449,train
scaffold,4,DB09462,train
scaffold,4,DB09477,train
scaffold,4,DB09488,train
scaffold,4,DB09499,train
scaffold,4,DB09536,train
scaffold,4,DB09555,train
scaffold,4,DB09561,train
scaffold,4,DB11093,train
scaffold,4,DB11136,train
scaffold,4,DB11156,train
scaffold,4,DB11231,train
scaffold,4,DB11235,train
scaffold,4,DB11239,train
scaffold,4,DB11256,train
scaffold,4,DB11342,train
scaffold,4,DB11348,train
scaffold,4,DB11362,train
scaffold,4,DB11363,train
scaffold,4,DB11560,train
scaffold,4,DB11575,train
scaffold,4,DB11581,train
scaffold,4,DB11586,train
scaffold,4,DB11596,train
scaffold,4,DB11633,train
scaffold,4,DB11636,train
scaffold,4,DB11660,train
scaffold,4,DB11691,train
scaffold,4,DB11699,train
scaffold,4,DB11730,train
scaffold,4,DB11793,train
scaffold,4,DB11817,train
scaffold,4,DB11828,train
scaffold,4,DB11921,train
scaffold,4,DB11989,train
scaffold,4,DB11994,train
scaffold,4,DB12001,train
scaffold,4,DB12026,train
scaffold,4,DB12070,train
scaffold,4,DB12267,train
scaffold,4,DB12332,train
scaffold,4,DB12364,train
scaffold,4,DB12483,train
scaffold,4,DB12532,train
scaffold,4,DB12598,train
scaffold,4,DB12924,train
scaffold,4,DB13142,train
scaffold,4,DB13146,train
scaffold,4,DB13153,train
scaffold,4,DB13231,train
scaffold,4,DB13323,train
scaffold,4,DB13450,train
scaffold,4,DB13595,train
scaffold,4,DB13747,train
scaffold,4,DB13783,train
scaffold,4,DB13873,train
scaffold,4,DB13878,train
scaffold,4,DB13879,train
scaffold,4,DB13925,train
scaffold,4,DB00104,val
scaffold,4,DB00126,val
scaffold,4,DB00163,val
scaffold,4,DB00177,val
scaffold,4,DB00185,val
scaffold,4,DB00186,val
scaffold,4,DB00193,val
scaffold,4,DB00204,val
scaffold,4,DB00223,val
scaffold,4,DB00224,val
scaffold,4,DB00231,val
scaffold,4,DB00232,val
scaffold,4,DB00236,val
scaffold,4,DB00245,val
scaffold,4,DB00247,val
scaffold,4,DB00254,val
scaffold,4,DB00256,val
scaffold,4,DB00273,val
scaffold,4,DB00294,val
scaffold,4,DB00296,val
scaffold,4,DB00300,val
scaffold,4,DB00301,val
scaffold,4,DB00319,val
scaffold,4,DB00324,val
scaffold,4,DB00333,val
scaffold,4,DB00334,val
scaffold,4,DB00347,val
scaffold,4,DB00350,val
scaffold,4,DB00353,val
scaffold,4,DB00363,val
scaffold,4,DB00374,val
scaffold,4,DB00376,val
scaffold,4,DB00377,val
scaffold,4,DB00384,val
scaffold,4,DB00385,val
scaffold,4,DB00392,val
scaffold,4,DB00394,val
scaffold,4,DB00408,val
scaffold,4,DB00412,val
scaffold,4,DB00417,val
scaffold,4,DB00419,val
scaffold,4,DB00420,val
scaffold,4,DB00421,val
scaffold,4,DB00422,val
scaffold,4,DB00426,val
scaffold,4,DB00436,val
scaffold,4,DB00438,val
scaffold,4,DB00440,val
scaffold,4,DB00443,val
scaffold,4,DB00445,val
scaffold,4,DB00453,val
scaffold,4,DB00457,val
scaffold,4,DB00468,val
scaffold,4,DB00477,val
scaffold,4,DB00482,val
scaffold,4,DB00485,val
scaffold,4,DB00491,val
scaffold,4,DB00508,val
scaffold,4,DB00513,val
scaffold,4,DB00519,val
scaffold,4,DB00542,val
scaffold,4,DB00543,val
scaffold,4,DB00545,val
scaffold,4,DB00547,val
scaffold,4,DB00550,val
scaffold,4,DB00553,val
scaffold,4,DB00554,val
scaffold,4,DB00556,val
scaffold,4,DB00559,val
scaffold,4,DB00560,val
scaffold,4,DB00568,val
scaffold,4,DB00569,val
scaffold,4,DB00588,val
scaffold,4,DB00589,val
scaffold,4,DB00592,val
scaffold,4,DB00595,val
scaffold,4,DB00596,val
scaffold,4,DB00613,val
scaffold,4,DB00617,val
scaffold,4,DB00618,val
scaffold,4,DB00619,val
scaffold,4,DB00620,val
scaffold,4,DB00628,val
scaffold,4,DB00630,val
scaffold,4,DB00637,val
scaffold,4,DB00646,val
scaffold,4,DB00648,val
scaffold,4,DB00649,val
scaffold,4,DB00658,val
scaffold,4,DB00663,val
scaffold,4,DB00683,val
scaffold,4,DB00685,val
scaffold,4,DB00686,val
scaffold,4,DB00690,val
scaffold,4,DB00694,val
scaffold,4,DB00706,val
scaffold,4,DB00711,val
scaffold,4,DB00713,val
scaffold,4,DB00714,val
scaffold,4,DB00718,val
scaffold,4,DB00734,val
scaffold,4,DB00745,val
scaffold,4,DB00752,val
scaffold,4,DB00759,val
scaffold,4,DB00764,val
scaffold,4,DB00774,val
scaffold,4,DB00781,val
scaffold,4,DB00799,val
scaffold,4,DB00800,val
scaffold,4,DB00801,val
scaffold,4,DB00828,val
scaffold,4,DB00829,val
scaffold,4,DB00838,val
scaffold,4,DB00839,val
scaffold,4,DB00842,val
scaffold,4,DB00849,val
scaffold,4,DB00880,val
scaffold,4,DB00883,val
scaffold,4,DB00885,val
scaffold,4,DB00900,val
scaffold,4,DB00906,val
scaffold,4,DB00925,val
scaffold,4,DB00957,val
scaffold,4,DB00972,val
scaffold,4,DB00974,val
scaffold,4,DB00975,val
scaffold,4,DB00980,val
scaffold,4,DB00991,val
scaffold,4,DB00997,val
scaffold,4,DB00999,val
scaffold,4,DB01002,val
scaffold,4,DB01007,val
scaffold,4,DB01013,val
scaffold,4,DB01017,val
scaffold,4,DB01020,val
scaffold,4,DB01021,val
scaffold,4,DB01034,val
scaffold,4,DB01036,val
scaffold,4,DB01068,val
scaffold,4,DB01069,val
scaffold,4,DB01075,val
scaffold,4,DB01076,val
scaffold,4,DB01095,val
scaffold,4,DB01098,val
scaffold,4,DB01105,val
scaffold,4,DB01108,val
scaffold,4,DB01113,val
scaffold,4,DB01119,val
scaffold,4,DB01132,val
scaffold,4,DB01136,val
scaffold,4,DB01137,val
scaffold,4,DB01147,val
scaffold,4,DB01164,val
scaffold,4,DB01165,val
scaffold,4,DB01167,val
scaffold,4,DB01171,val
scaffold,4,DB01173,val
scaffold,4,DB01174,val
scaffold,4,DB01177,val
scaffold,4,DB01200,val
scaffold,4,DB01201,val
scaffold,4,DB01209,val
scaffold,4,DB01227,val
scaffold,4,DB01234,val
scaffold,4,DB01238,val
scaffold,4,DB01240,val
scaffold,4,DB01245,val
scaffold,4,DB01246,val
scaffold,4,DB01253,val
scaffold,4,DB01263,val
scaffold,4,DB01267,val
scaffold,4,DB01282,val
scaffold,4,DB01301,val
scaffold,4,DB01324,val
scaffold,4,DB01327,val
scaffold,4,DB01331,val
scaffold,4,DB01359,val
scaffold,4,DB01390,val
scaffold,4,DB01401,val
scaffold,4,DB01403,val
scaffold,4,DB01433,val
scaffold,4,DB01438,val
scaffold,4,DB01489,val
scaffold,4,DB01511,val
scaffold,4,DB01544,val
scaffold,4,DB01545,val
scaffold,4,DB01567,val
scaffold,4,DB01579,val
scaffold,4,DB01587,val
scaffold,4,DB01595,val
scaffold,4,DB01607,val
scaffold,4,DB01609,val
scaffold,4,DB01614,val
scaffold,4,DB01615,val
scaffold,4,DB01764,val
scaffold,4,DB04570,val
scaffold,4,DB04571,val
scaffold,4,DB04844,val
scaffold,4,DB04865,val
scaffold,4,DB04896,val
scaffold,4,DB04946,val
scaffold,4,DB04951,val
scaffold,4,DB05245,val
scaffold,4,DB05521,val
scaffold,4,DB05630,val
scaffold,4,DB06145,val
scaffold,4,DB06212,val
scaffold,4,DB06243,val
scaffold,4,DB06263,val
scaffold,4,DB06413,val
scaffold,4,DB06605,val
scaffold,4,DB06702,val
scaffold,4,DB06713,val
scaffold,4,DB06723,val
scaffold,4,DB06739,val
scaffold,4,DB06781,val
scaffold,4,DB06800,val
scaffold,4,DB06816,val
scaffold,4,DB06825,val
scaffold,4,DB06827,val
scaffold,4,DB08796,val
scaffold,4,DB08806,val
scaffold,4,DB08815,val
scaffold,4,DB08828,val
scaffold,4,DB08865,val
scaffold,4,DB08875,val
scaffold,4,DB08877,val
scaffold,4,DB08881,val
scaffold,4,DB08883,val
scaffold,4,DB08893,val
scaffold,4,DB08905,val
scaffold,4,DB08912,val
scaffold,4,DB08918,val
scaffold,4,DB08934,val
scaffold,4,DB08941,val
scaffold,4,DB08965,val
scaffold,4,DB08967,val
scaffold,4,DB08976,val
scaffold,4,DB08994,val
scaffold,4,DB08996,val
scaffold,4,DB09000,val
scaffold,4,DB09014,val
scaffold,4,DB09054,val
scaffold,4,DB09065,val
scaffold,4,DB09071,val
scaffold,4,DB09093,val
scaffold,4,DB09095,val
scaffold,4,DB09143,val
scaffold,4,DB09198,val
scaffold,4,DB09212,val
scaffold,4,DB09221,val
scaffold,4,DB09257,val
scaffold,4,DB09270,val
scaffold,4,DB09279,val
scaffold,4,DB09282,val
scaffold,4,DB09283,val
scaffold,4,DB09324,val
scaffold,4,DB09396,val
scaffold,4,DB11126,val
scaffold,4,DB11135,val
scaffold,4,DB11609,val
scaffold,4,DB11641,val
scaffold,4,DB11737,val
scaffold,4,DB11915,val
scaffold,4,DB12278,val
scaffold,4,DB13179,val
scaffold,4,DB13872,val
scaffold,4,DB13874,val
scaffold,4,DB00035,test
scaffold,4,DB00120,test
scaffold,4,DB00175,test
scaffold,4,DB00176,test
scaffold,4,DB00181,test
scaffold,4,DB00182,test
scaffold,4,DB00187,test
scaffold,4,DB00190,test
scaffold,4,DB00191,test
scaffold,4,DB00199,test
scaffold,4,DB00201,test
scaffold,4,DB00202,test
scaffold,4,DB00211,test
scaffold,4,DB00217,test
scaffold,4,DB00221,test
scaffold,4,DB00226,test
scaffold,4,DB00228,test
scaffold,4,DB00233,test
scaffold,4,DB00237,test
scaffold,4,DB00241,test
scaffold,4,DB00244,test
scaffold,4,DB00259,test
scaffold,4,DB00262,test
scaffold,4,DB00264,test
scaffold,4,DB00268,test
scaffold,4,DB00271,test
scaffold,4,DB00275,test
scaffold,4,DB00277,test
scaffold,4,DB00278,test
scaffold,4,DB00281,test
scaffold,4,DB00288,test
scaffold,4,DB00291,test
scaffold,4,DB00295,test
scaffold,4,DB00304,test
scaffold,4,DB00308,test
scaffold,4,DB00312,test
scaffold,4,DB00316,test
scaffold,4,DB00318,test
scaffold,4,DB00335,test
scaffold,4,DB00345,test
scaffold,4,DB00346,test
scaffold,4,DB00349,test
scaffold,4,DB00362,test
scaffold,4,DB00368,test
scaffold,4,DB00371,test
scaffold,4,DB00373,test
scaffold,4,DB00379,test
scaffold,4,DB00388,test
scaffold,4,DB00397,test
scaffold,4,DB00418,test
scaffold,4,DB00423,test
scaffold,4,DB00430,test
scaffold,4,DB00437,test
scaffold,4,DB00446,test
scaffold,4,DB00449,test
scaffold,4,DB00456,test
scaffold,4,DB00459,test
scaffold,4,DB00460,test
scaffold,4,DB00474,test
scaffold,4,DB00476,test
scaffold,4,DB00479,test
scaffold,4,DB00483,test
scaffold,4,DB00489,test
scaffold,4,DB00494,test
scaffold,4,DB00499,test
scaffold,4,DB00500,test
scaffold,4,DB00502,test
scaffold,4,DB00525,test
scaffold,4,DB00528,test
scaffold,4,DB00544,test
scaffold,4,DB00561,test
scaffold,4,DB00581,test
scaffold,4,DB00583,test
scaffold,4,DB00610,test
scaffold,4,DB00611,test
scaffold,4,DB00612,test
scaffold,4,DB00615,test
scaffold,4,DB00621,test
scaffold,4,DB00625,test
scaffold,4,DB00629,test
scaffold,4,DB00634,test
scaffold,4,DB00636,test
scaffold,4,DB00643,test
scaffold,4,DB00651,test
scaffold,4,DB00655,test
scaffold,4,DB00662,test
scaffold,4,DB00665,test
scaffold,4,DB00668,test
scaffold,4,DB00672,test
scaffold,4,DB00677,test
scaffold,4,DB00678,test
scaffold,4,DB00680,test
scaffold,4,DB00681,test
scaffold,4,DB00684,test
scaffold,4,DB00695,test
scaffold,4,DB00696,test
scaffold,4,DB00701,test
scaffold,4,DB00715,test
scaffold,4,DB00721,test
scaffold,4,DB00723,test
scaffold,4,DB00728,test
scaffold,4,DB00731,test
scaffold,4,DB00743,test
scaffold,4,DB00747,test
scaffold,4,DB00749,test
scaffold,4,DB00750,test
scaffold,4,DB00754,test
scaffold,4,DB00757,test
scaffold,4,DB00761,test
scaffold,4,DB00765,test
scaffold,4,DB00766,test
scaffold,4,DB00768,test
scaffold,4,DB00771,test
scaffold,4,DB00772,test
scaffold,4,DB00778,test
scaffold,4,DB00780,test
scaffold,4,DB00790,test
scaffold,4,DB00791,test
scaffold,4,DB00793,test
scaffold,4,DB00805,test
scaffold,4,DB00806,test
scaffold,4,DB00807,test
scaffold,4,DB00813,test
scaffold,4,DB00816,test
scaffold,4,DB00818,test
scaffold,4,DB00846,test
scaffold,4,DB00847,test
scaffold,4,DB00852,test
scaffold,4,DB00853,test
scaffold,4,DB00856,test
scaffold,4,DB00859,test
scaffold,4,DB00866,test
scaffold,4,DB00871,test
scaffold,4,DB00891,test
scaffold,4,DB00892,test
scaffold,4,DB00899,test
scaffold,4,DB00903,test
scaffold,4,DB00905,test
scaffold,4,DB00914,test
scaffold,4,DB00915,test
scaffold,4,DB00931,test
scaffold,4,DB00936,test
scaffold,4,DB00937,test
scaffold,4,DB00945,test
scaffold,4,DB00949,test
scaffold,4,DB00955,test
scaffold,4,DB00968,test
scaffold,4,DB00981,test
scaffold,4,DB00988,test
scaffold,4,DB00989,test
scaffold,4,DB00992,test
scaffold,4,DB00993,test
scaffold,4,DB01001,test
scaffold,4,DB01010,test
scaffold,4,DB01018,test
scaffold,4,DB01032,test
scaffold,4,DB01035,test
scaffold,4,DB01037,test
scaffold,4,DB01042,test
scaffold,4,DB01043,test
scaffold,4,DB01050,test
scaffold,4,DB01051,test
scaffold,4,DB01064,test
scaffold,4,DB01074,test
scaffold,4,DB01086,test
scaffold,4,DB01094,test
scaffold,4,DB01100,test
scaffold,4,DB01118,test
scaffold,4,DB01121,test
scaffold,4,DB01122,test
scaffold,4,DB01124,test
scaffold,4,DB01126,test
scaffold,4,DB01131,test
scaffold,4,DB01133,test
scaffold,4,DB01142,test
scaffold,4,DB01144,test
scaffold,4,DB01153,test
scaffold,4,DB01156,test
scaffold,4,DB01158,test
scaffold,4,DB01161,test
scaffold,4,DB01162,test
scaffold,4,DB01168,test
scaffold,4,DB01172,test
scaffold,4,DB01189,test
scaffold,4,DB01191,test
scaffold,4,DB01193,test
scaffold,4,DB01195,test
scaffold,4,DB01199,test
scaffold,4,DB01210,test
scaffold,4,DB01211,test
scaffold,4,DB01214,test
scaffold,4,DB01221,test
scaffold,4,DB01224,test
scaffold,4,DB01229,test
scaffold,4,DB01233,test
scaffold,4,DB01235,test
scaffold,4,DB01236,test
scaffold,4,DB01241,test
scaffold,4,DB01247,test
scaffold,4,DB01251,test
scaffold,4,DB01255,test
scaffold,4,DB01256,test
scaffold,4,DB01275,test
scaffold,4,DB01297,test
scaffold,4,DB01319,test
scaffold,4,DB01330,test
scaffold,4,DB01351,test
scaffold,4,DB01353,test
scaffold,4,DB01362,test
scaffold,4,DB01364,test
scaffold,4,DB01365,test
scaffold,4,DB01393,test
scaffold,4,DB01397,test
scaffold,4,DB01400,test
scaffold,4,DB01407,test
scaffold,4,DB01408,test
scaffold,4,DB01410,test
scaffold,4,DB01412,test
scaffold,4,DB01424,test
scaffold,4,DB01435,test
scaffold,4,DB01452,test
scaffold,4,DB01466,test
scaffold,4,DB01576,test
scaffold,4,DB01577,test
scaffold,4,DB01578,test
scaffold,4,DB01580,test
scaffold,4,DB01603,test
scaffold,4,DB01605,test
scaffold,4,DB01626,test
scaffold,4,DB02513,test
scaffold,4,DB02546,test
scaffold,4,DB02638,test
scaffold,4,DB02703,test
scaffold,4,DB02709,test
scaffold,4,DB03793,test
scaffold,4,DB04552,test
scaffold,4,DB04574,test
scaffold,4,DB04711,test
scaffold,4,DB04845,test
scaffold,4,DB04846,test
scaffold,4,DB04855,test
scaffold,4,DB04876,test
scaffold,4,DB04953,test
scaffold,4,DB05015,test
scaffold,4,DB05271,test
scaffold,4,DB05351,test
scaffold,4,DB05528,test
scaffold,4,DB06144,test
scaffold,4,DB06153,test
scaffold,4,DB06203,test
scaffold,4,DB06204,test
scaffold,4,DB06218,test
scaffold,4,DB06228,test
scaffold,4,DB06262,test
scaffold,4,DB06480,test
scaffold,4,DB06696,test
scaffold,4,DB06701,test
scaffold,4,DB06704,test
scaffold,4,DB06706,test
scaffold,4,DB06707,test
scaffold,4,DB06709,test
scaffold,4,DB06716,test
scaffold,4,DB06737,test
scaffold,4,DB06764,test
scaffold,4,DB06770,test
scaffold,4,DB06774,test
scaffold,4,DB06782,test
scaffold,4,DB06792,test
scaffold,4,DB06794,test
scaffold,4,DB06795,test
scaffold,4,DB06804,test
scaffold,4,DB06810,test
scaffold,4,DB06819,test
scaffold,4,DB08439,test
scaffold,4,DB08797,test
scaffold,4,DB08798,test
scaffold,4,DB08802,test
scaffold,4,DB08808,test
scaffold,4,DB08814,test
scaffold,4,DB08820,test
scaffold,4,DB08826,test
scaffold,4,DB08868,test
scaffold,4,DB08880,test
scaffold,4,DB08884,test
scaffold,4,DB08889,test
scaffold,4,DB08899,test
scaffold,4,DB08903,test
scaffold,4,DB08908,test
scaffold,4,DB08916,test
scaffold,4,DB08947,test
scaffold,4,DB08958,test
scaffold,4,DB08983,test
scaffold,4,DB08987,test
scaffold,4,DB09018,test
scaffold,4,DB09026,test
scaffold,4,DB09031,test
scaffold,4,DB09048,test
scaffold,4,DB09055,test
scaffold,4,DB09061,test
scaffold,4,DB09068,test
scaffold,4,DB09080,test
scaffold,4,DB09085,test
scaffold,4,DB09120,test
scaffold,4,DB09130,test
scaffold,4,DB09134,test
scaffold,4,DB09135,test
scaffold,4,DB09137,test
scaffold,4,DB09156,test
scaffold,4,DB09161,test
scaffold,4,DB09218,test
scaffold,4,DB09225,test
scaffold,4,DB09244,test
scaffold,4,DB09245,test
scaffold,4,DB09269,test
scaffold,4,DB09272,test
scaffold,4,DB09273,test
scaffold,4,DB09275,test
scaffold,4,DB09276,test
scaffold,4,DB09277,test
scaffold,4,DB09288,test
scaffold,4,DB09291,test
scaffold,4,DB09293,test
scaffold,4,DB09295,test
scaffold,4,DB09300,test
scaffold,4,DB09321,test
scaffold,4,DB09338,test
scaffold,4,DB09342,test
scaffold,4,DB09343,test
scaffold,4,DB09352,test
scaffold,4,DB09516,test
scaffold,4,DB09543,test
scaffold,4,DB09570,test
scaffold,4,DB11079,test
scaffold,4,DB11106,test
scaffold,4,DB11121,test
scaffold,4,DB11148,test
scaffold,4,DB11254,test
scaffold,4,DB11268,test
scaffold,4,DB11315,test
scaffold,4,DB11574,test
scaffold,4,DB11610,test
scaffold,4,DB11613,test
scaffold,4,DB11614,test
scaffold,4,DB11619,test
scaffold,4,DB11943,test
scaffold,4,DB12161,test
scaffold,4,DB13025,test
scaffold,4,DB13139,test
scaffold,4,DB13145,test
scaffold,4,DB13158,test
scaffold,4,DB13167,test
